study,series,point,sop,slice,jpeg_row,jpeg_col,native_row,native_col,x_mm,y_mm,z_mm,side,side_from,side_tagged,side_from_click,lat_end,side_agrees,skipped,annotator
1.2.826.0.1.3680043.8.498.26351577824204863242390892891061594387,1.2.826.0.1.3680043.8.498.96674860996504773679186944112298381801,lat_centre,1.2.826.0.1.3680043.8.498.87746668526401399707065621145472697550,7,416.35,291.79,659.966,454.744,107.485,-44.009,-10.145,L,DICOM Laterality tag,L,L,first,True,False,raw-mathys-2026-09-29
1.2.826.0.1.3680043.8.498.50248717336781045512984550029203786086,1.2.826.0.1.3680043.8.498.71531823989276758165331987858551456913,lat_centre,1.2.826.0.1.3680043.8.498.11681573083097898049898915418429215266,8,318.98,306.02,447.633,430.033,105.544,-32.258,-17.58,L,DICOM Laterality tag,L,L,first,True,False,raw-mathys-2026-09-29
1.2.826.0.1.3680043.8.498.47925688677871325890380893763458019552,1.2.826.0.1.3680043.8.498.50184111248572597456516210989163877486,lat_centre,1.2.826.0.1.3680043.8.498.13201995092468180944039235530651184760,9,327.83,302.86,186.553,169.907,136.178,-35.898,-4.441,L,DICOM Laterality tag,L,L,first,True,False,raw-mathys-2026-09-29
1.2.826.0.1.3680043.8.498.10143536655047216390592811329604738314,1.2.826.0.1.3680043.8.498.11409940927618962354373278521471165954,lat_centre,1.2.826.0.1.3680043.8.498.14967611707864848527356905089170674458,22,351.54,304.44,319.54,272.44,-100.716,-7.811,-27.12,R,DICOM Laterality tag,R,R,last,True,False,raw-mathys-2026-09-29
1.2.826.0.1.3680043.8.498.83509478059288902959149676250911654986,1.2.826.0.1.3680043.8.498.89116126151068379633097459199866156428,lat_centre,1.2.826.0.1.3680043.8.498.80293486931387940531046557749159818485,23,315.98,324.99,256.351,264.031,-107.869,4.131,-8.17,R,DICOM Laterality tag,R,R,last,True,False,raw-mathys-2026-09-29
1.2.826.0.1.3680043.8.498.56385473079196655120993854770623075553,1.2.826.0.1.3680043.8.498.11611380071666893601563322094429653848,lat_centre,1.2.826.0.1.3680043.8.498.17971946799674424753665272727252207532,9,346.8,310.76,236.1,209.07,106.003,-17.352,3.985,L,DICOM Laterality tag,L,L,first,True,False,raw-mathys-2026-09-29
1.2.826.0.1.3680043.8.498.58346459085553680879151588730895136332,1.2.826.0.1.3680043.8.498.64845052358433086149120315521738084627,lat_centre,1.2.826.0.1.3680043.8.498.26081322133150342605448642743098668439,21,347.59,322.62,559.714,513.112,-97.001,-41.851,-19.504,R,DICOM Laterality tag,R,R,last,True,False,raw-mathys-2026-09-29
1.2.826.0.1.3680043.8.498.10432568348356281020515782178064869805,1.2.826.0.1.3680043.8.498.12862771526670808608904605078864426170,lat_centre,1.2.826.0.1.3680043.8.498.43306794694548720204317394310323822920,6,375.25,306.02,268.164,214.078,143.364,-53.824,15.432,L,DICOM Laterality tag,L,L,first,True,False,raw-mathys-2026-09-29
1.2.826.0.1.3680043.8.498.18092766733837308394607532608319746043,1.2.826.0.1.3680043.8.498.12634367675822811374273849655485884755,lat_centre,1.2.826.0.1.3680043.8.498.12980872694062442834417732727476738582,21,367.35,262.55,248.568,174.517,-131.919,-23.536,0.082,R,DICOM Laterality tag,R,R,last,True,False,raw-mathys-2026-09-29
1.2.826.0.1.3680043.8.498.23703817737293327679300330167234268929,1.2.826.0.1.3680043.8.498.72244206582468511055201973555490859607,lat_centre,1.2.826.0.1.3680043.8.498.81234620998662517013821896380715090272,26,312.03,350.28,493.348,564.734,-73.914,14.704,33.863,R,DICOM Laterality tag,R,R,last,True,False,raw-mathys-2026-09-29
1.2.826.0.1.3680043.8.498.12987428318535758055829100395092244687,1.2.826.0.1.3680043.8.498.10719311413560785992590737290801120809,lat_centre,1.2.826.0.1.3680043.8.498.82107443824004512503056986837164932385,8,336.53,263.34,228.397,173.505,105.056,-28.263,14.407,L,DICOM Laterality tag,L,L,first,True,False,raw-mathys-2026-09-29
1.2.826.0.1.3680043.8.498.59426134288436219215525445839849588348,1.2.826.0.1.3680043.8.498.12128341906874561271843580355215208028,lat_centre,1.2.826.0.1.3680043.8.498.12034262357213967431399036572823326014,9,304.91,295.75,480.059,462.964,115.014,-37.981,-44.559,L,DICOM Laterality tag,L,L,first,True,False,raw-mathys-2026-09-29
1.2.826.0.1.3680043.8.498.46700895961751940291334058396794206479,1.2.826.0.1.3680043.8.498.94778906892265843768218055788860870259,lat_centre,1.2.826.0.1.3680043.8.498.10538230036323988316093484916653106928,22,325.46,309.18,271.217,257.65,-101.532,66.28,-52.752,R,DICOM Laterality tag,R,R,last,True,False,raw-mathys-2026-09-29
1.2.826.0.1.3680043.8.498.12765434812409174436720333864278447770,1.2.826.0.1.3680043.8.498.11901673435198341845898956964320977795,lat_centre,1.2.826.0.1.3680043.8.498.10477939616636758600405447202412587502,10,315.19,333.68,176.994,188.55,104.987,-5.122,-14.723,L,DICOM Laterality tag,L,L,first,True,False,raw-mathys-2026-09-29
1.2.826.0.1.3680043.8.498.31482725509752510642857072190147133461,1.2.826.0.1.3680043.8.498.45564313869439111113290360368037245527,lat_centre,1.2.826.0.1.3680043.8.498.98251548346355814273097443265127327190,9,328.62,312.34,222.465,210.255,113.868,-21.799,15.016,L,DICOM Laterality tag,L,L,first,True,False,raw-mathys-2026-09-29
1.2.826.0.1.3680043.8.498.67284681623851829916403311739987186159,1.2.826.0.1.3680043.8.498.15423333056365846753634300181023910407,lat_centre,1.2.826.0.1.3680043.8.498.60559629980268260727649303740619307610,8,382.37,321.04,383.217,316.138,131.447,-44.383,-12.972,L,DICOM Laterality tag,L,L,first,True,False,raw-mathys-2026-09-29
1.2.826.0.1.3680043.8.498.41587640208769641326416798167574152049,1.2.826.0.1.3680043.8.498.47158657277873538940752615960387390178,lat_centre,1.2.826.0.1.3680043.8.498.13020759299138009623640049901664051117,21,341.27,311.55,386.587,349.438,-107.83,4.4,-18.691,R,DICOM Laterality tag,R,R,last,True,False,raw-mathys-2026-09-29
1.2.826.0.1.3680043.8.498.53025489296610571044246428509154950855,1.2.826.0.1.3680043.8.498.95214721646826708158720693660974583961,lat_centre,1.2.826.0.1.3680043.8.498.99646232296915247863482728120098113124,23,385.53,291.79,265.147,194.843,-102.166,-5.138,-15.81,R,DICOM Laterality tag,R,R,last,True,False,raw-mathys-2026-09-29
1.2.826.0.1.3680043.8.498.74714018385278253151175853998945654373,1.2.826.0.1.3680043.8.498.53211051985426633949463280825085920960,lat_centre,1.2.826.0.1.3680043.8.498.49079308629143130745792386698314631687,6,313.61,320.25,220.008,225.195,148.195,-44.345,-16.887,L,DICOM Laterality tag,L,L,first,True,False,raw-mathys-2026-09-29
1.2.826.0.1.3680043.8.498.68304853223764870957854101604223809218,1.2.826.0.1.3680043.8.498.10691364585849580554421330988389048401,lat_centre,1.2.826.0.1.3680043.8.498.33755895550332086331857369930434344983,17,330.99,272.04,224.243,180.03,-98.543,-28.711,0.389,R,DICOM Laterality tag,R,R,last,True,False,raw-mathys-2026-09-29
1.2.826.0.1.3680043.8.498.27184343589256623289925252380526385858,1.2.826.0.1.3680043.8.498.70188212361538589785223436171200278071,lat_centre,1.2.826.0.1.3680043.8.498.10894982418305158676631777185662957134,7,383.16,321.83,212.867,178.794,94.186,15.494,-46.295,L,DICOM Laterality tag,L,L,first,True,False,raw-mathys-2026-09-29
1.2.826.0.1.3680043.8.498.99813269006669714758887909212386431934,1.2.826.0.1.3680043.8.498.55075381196663522697202704870355310884,lat_centre,1.2.826.0.1.3680043.8.498.84910638803162590290291668588347235033,6,384.74,325.78,275.578,229.516,145.471,-36.33,-31.566,L,DICOM Laterality tag,L,L,first,True,False,raw-mathys-2026-09-29
1.2.826.0.1.3680043.8.498.64752580249608101443758975861213065048,1.2.826.0.1.3680043.8.498.85425071758173895031556449522651678168,lat_centre,1.2.826.0.1.3680043.8.498.40170341754747040912427859606579575948,23,383.16,306.81,554.6,431.35,-105.356,-25.157,-45.039,R,DICOM Laterality tag,R,R,last,True,False,raw-mathys-2026-09-29
1.2.826.0.1.3680043.8.498.55061039227197546099231336400032878562,1.2.826.0.1.3680043.8.498.27880980106461599712562949123367235748,lat_centre,1.2.826.0.1.3680043.8.498.20912522060820438257535323317534352413,23,380.79,272.04,211.55,151.133,-110.792,-7.975,-28.997,R,DICOM Laterality tag,R,R,last,True,False,raw-mathys-2026-09-29
1.2.826.0.1.3680043.8.498.11382021393803389951964005983002209238,1.2.826.0.1.3680043.8.498.91903627435354016135777336404933338336,lat_centre,1.2.826.0.1.3680043.8.498.33650545102761502962903095672279747741,8,340.48,315.5,385.6,354.375,94.957,-19.291,7.408,L,DICOM Laterality tag,L,L,first,True,False,raw-mathys-2026-09-29
1.2.826.0.1.3680043.8.498.67498362978754615554767658151787188674,1.2.826.0.1.3680043.8.498.12556389596317049931980418068213540723,lat_centre,1.2.826.0.1.3680043.8.498.11896423204148624537581863585239153104,24,306.49,304.44,247.491,245.829,-103.822,-26.671,21.64,R,DICOM Laterality tag,R,R,last,True,False,raw-mathys-2026-09-29
1.2.826.0.1.3680043.8.498.65977711270942843864266358352913175672,1.2.826.0.1.3680043.8.498.11845701396401829270308980769058514482,lat_centre,1.2.826.0.1.3680043.8.498.90370717992349509583003998777630710179,18,300.96,292.58,294.175,285.009,-123.899,-68.862,-31.76,R,DICOM Laterality tag,R,R,last,True,False,raw-mathys-2026-09-29
1.2.826.0.1.3680043.8.498.38981318408220047366318316620365040799,1.2.826.0.1.3680043.8.498.11388328869194382821102584221214456275,lat_centre,1.2.826.0.1.3680043.8.498.97265683065205552436875808365929442701,6,362.61,294.95,201.45,163.861,114.373,15.134,-31.241,L,DICOM Laterality tag,L,L,first,True,False,raw-mathys-2026-09-29
1.2.826.0.1.3680043.8.498.89423600201830685256510321877396547497,1.2.826.0.1.3680043.8.498.11244404913868331637421697086402685108,lat_centre,1.2.826.0.1.3680043.8.498.81266488427868810162568590470882281395,22,330.2,284.68,458.611,395.389,-132.129,-44.731,11.423,R,DICOM Laterality tag,R,R,last,True,False,raw-mathys-2026-09-29
1.2.826.0.1.3680043.8.498.68504220056564878621959394439671931747,1.2.826.0.1.3680043.8.498.73540242461191250812646859309355703332,lat_centre,1.2.826.0.1.3680043.8.498.48730343473637116502244266169163510675,10,346.8,307.6,236.1,206.7,105.255,-8.277,-22.564,L,DICOM Laterality tag,L,L,first,True,False,raw-mathys-2026-09-29
1.2.826.0.1.3680043.8.498.18389676218363070462526838642303976332,1.2.826.0.1.3680043.8.498.11534431000967639894324482743361512739,lat_centre,1.2.826.0.1.3680043.8.498.54092389118482041176326595663246224295,10,342.85,309.97,233.138,208.478,106.635,-5.175,-6.962,L,DICOM Laterality tag,L,L,first,True,False,raw-mathys-2026-09-29
1.2.826.0.1.3680043.8.498.13173050135651736408720687361834045815,1.2.826.0.1.3680043.8.498.26888972423610830962426547991122357124,lat_centre,1.2.826.0.1.3680043.8.498.31410942571477383286216396475835745936,9,336.53,336.05,190.331,190.031,99.469,-18.267,-22.978,L,DICOM Laterality tag,L,L,first,True,False,raw-mathys-2026-09-29
1.2.826.0.1.3680043.8.498.24555528844026121007453886375651403314,1.2.826.0.1.3680043.8.498.11236109009719282400843886712346073372,lat_centre,1.2.826.0.1.3680043.8.498.20162980980217457102839382452324719923,6,387.9,291.79,562.5,406.317,112.919,-34.818,-54.77,L,DICOM Laterality tag,L,L,first,True,False,raw-mathys-2026-09-29
1.2.826.0.1.3680043.8.498.61956863718716027369068406125965902569,1.2.826.0.1.3680043.8.498.19032935397356062721572728429462433090,lat_centre,1.2.826.0.1.3680043.8.498.70847115386364770500797343085426549199,24,296.22,263.34,164.567,146.3,-88.375,-6.593,18.46,R,DICOM Laterality tag,R,R,last,True,False,raw-mathys-2026-09-29
1.2.826.0.1.3680043.8.498.88753415430913291809543943690942744997,1.2.826.0.1.3680043.8.498.68693625313866118434356556638774004302,lat_centre,1.2.826.0.1.3680043.8.498.84845809064665095836245221264371005074,9,306.49,327.36,478.964,513.348,119.753,-50.998,-25.688,L,DICOM Laterality tag,L,L,first,True,False,raw-mathys-2026-09-29
1.2.826.0.1.3680043.8.498.65855247249608663104822603172047250057,1.2.826.0.1.3680043.8.498.10434437183731503926318092924693084202,lat_centre,1.2.826.0.1.3680043.8.498.99299032521135479023511127714552578414,22,330.99,322.62,459.708,448.083,-121.445,-43.218,6.157,R,DICOM Laterality tag,R,R,last,True,False,raw-mathys-2026-09-29
1.2.826.0.1.3680043.8.498.85416107585703628549041626609272707431,1.2.826.0.1.3680043.8.498.83220999489977215221294519339762508279,lat_centre,1.2.826.0.1.3680043.8.498.92466442615750965982593620099725146925,25,299.38,320.25,159.711,172.936,-107.912,-45.976,6.113,R,DICOM Laterality tag,R,R,last,True,False,raw-mathys-2026-09-29
1.2.826.0.1.3680043.8.498.76538737802277241976971950690663079376,1.2.826.0.1.3680043.8.498.13119020158544897993659688688817326204,lat_centre,1.2.826.0.1.3680043.8.498.27416059019341216942930616830631906933,6,337.32,306.02,187.4,170.011,99.97,-2.798,24.5,L,DICOM Laterality tag,L,L,first,True,False,raw-mathys-2026-09-29
1.2.826.0.1.3680043.8.498.10829579914809383212986717269028170263,1.2.826.0.1.3680043.8.498.24206883750835725474267122972011106945,lat_centre,1.2.826.0.1.3680043.8.498.86579160007885696880211582579638210567,8,314.4,339.21,179.337,197.04,95.712,15.541,-7.498,L,DICOM Laterality tag,L,L,first,True,False,raw-mathys-2026-09-29
1.2.826.0.1.3680043.8.498.74872419726042767543822107291861307866,1.2.826.0.1.3680043.8.498.77579609804677320689204666751079543657,lat_centre,1.2.826.0.1.3680043.8.498.97769053657615207504233868195786173374,24,361.82,311.55,502.528,432.708,-129.251,-37.791,-30.856,R,DICOM Laterality tag,R,R,last,True,False,raw-mathys-2026-09-29
1.2.826.0.1.3680043.8.498.46825768767498441994570613185981335949,1.2.826.0.1.3680043.8.498.26168529167492981747184752024253723144,lat_centre,1.2.826.0.1.3680043.8.498.23194290100108290385508814591138809104,24,382.37,281.52,583.509,404.772,-109.58,-42.661,-29.359,R,DICOM Laterality tag,R,R,last,True,False,raw-mathys-2026-09-29
1.2.826.0.1.3680043.8.498.11723286647024326363349453996818420374,1.2.826.0.1.3680043.8.498.46404640525097166232488759105882449606,lat_centre,1.2.826.0.1.3680043.8.498.10979105647518988893522363364199737086,9,328.62,317.08,222.465,213.81,99.241,-13.825,-16.717,L,DICOM Laterality tag,L,L,first,True,False,raw-mathys-2026-09-29
1.2.826.0.1.3680043.8.498.60473167624534682552272469123806503959,1.2.826.0.1.3680043.8.498.39343940764939597791653233042185906809,lat_centre,1.2.826.0.1.3680043.8.498.11083144839742134310028561375340405070,22,285.15,313.92,158.417,174.4,-76.137,5.136,-22.35,R,DICOM Laterality tag,R,R,last,True,False,raw-mathys-2026-09-29
1.2.826.0.1.3680043.8.498.68969263295435881669720950631709959471,1.2.826.0.1.3680043.8.498.11337729390209490819525006507805453550,lat_centre,1.2.826.0.1.3680043.8.498.77173108248865195368529599977234718228,25,362.61,324.2,247.957,219.15,-104.063,-1.007,-59.04,R,DICOM Laterality tag,R,R,last,True,False,raw-mathys-2026-09-29
1.2.826.0.1.3680043.8.498.68328371080087298795966933114044350359,1.2.826.0.1.3680043.8.498.12162807264830476201820384084829011924,lat_centre,1.2.826.0.1.3680043.8.498.91827089202871327757410193841170882121,6,346.8,295.75,154.133,131.444,100.784,8.345,-36.815,L,DICOM Laterality tag,L,L,first,True,False,raw-mathys-2026-09-29
1.2.826.0.1.3680043.8.498.49481811111224238761880576486796603139,1.2.826.0.1.3680043.8.498.66423208355433230860832897014234953799,lat_centre,1.2.826.0.1.3680043.8.498.47400801068741007176662369915086471390,26,330.2,331.31,186.375,187.069,-91.516,-8.359,-13.923,R,DICOM Laterality tag,R,R,last,True,False,raw-mathys-2026-09-29
1.2.826.0.1.3680043.8.498.12824438254096860470348581093672563751,1.2.826.0.1.3680043.8.498.22423481667587071732768233817141384558,lat_centre,1.2.826.0.1.3680043.8.498.68162361236111834179904509551074695767,9,342.85,291.79,271.994,227.316,96.077,-4.363,-21.695,L,DICOM Laterality tag,L,L,first,True,False,raw-mathys-2026-09-29
1.2.826.0.1.3680043.8.498.13042847643086819857036458569632034999,1.2.826.0.1.3680043.8.498.88024536087331137445546377833764880721,lat_centre,1.2.826.0.1.3680043.8.498.13043431994714064049814079945983546629,21,365.77,306.81,417.212,343.512,-112.418,-10.726,-42.843,R,DICOM Laterality tag,R,R,last,True,False,raw-mathys-2026-09-29
1.2.826.0.1.3680043.8.498.79565393323323007178523850093527250842,1.2.826.0.1.3680043.8.498.24370456519764002841561390995439205373,lat_centre,1.2.826.0.1.3680043.8.498.22806631417856517675923460676342296732,5,356.29,276.78,509.817,381.3,111.454,-54.055,-8.084,L,DICOM Laterality tag,L,L,first,True,False,raw-mathys-2026-09-29
1.2.826.0.1.3680043.8.498.90227414485305096825508911050013279704,1.2.826.0.1.3680043.8.498.25683286594782661132291696701214661713,lat_centre,1.2.826.0.1.3680043.8.498.12590024875612377605652927517671778360,5,342.85,294.95,318.85,270.95,147.184,-33.08,-21.926,L,DICOM Laterality tag,L,L,first,True,False,raw-mathys-2026-09-29
1.2.826.0.1.3680043.8.498.89935384074170571164295050203650829722,1.2.826.0.1.3680043.8.498.13386579724675773020342929098138893284,lat_centre,1.2.826.0.1.3680043.8.498.12468450923545211942240224387919427397,22,390.27,269.66,268.702,178.245,-99.85,7.027,-34.633,R,DICOM Laterality tag,R,R,last,True,False,raw-mathys-2026-09-29
1.2.826.0.1.3680043.8.498.45072896942121803896760563154385918032,1.2.826.0.1.3680043.8.498.45377129434639142257390125991722644142,lat_centre,1.2.826.0.1.3680043.8.498.33383714888687864743827108919786549454,6,352.33,289.42,430.849,353.74,142.737,-53.539,0.405,L,DICOM Laterality tag,L,L,first,True,False,raw-mathys-2026-09-29
1.2.826.0.1.3680043.8.498.23043120269252616884307662769766701449,1.2.826.0.1.3680043.8.498.86012814429464121056174275143820312401,lat_centre,1.2.826.0.1.3680043.8.498.28393361595096560573023667170078775787,8,356.29,300.49,205.527,168.327,136.444,-39.101,-6.619,L,DICOM Laterality tag,L,L,first,True,False,raw-mathys-2026-09-29
1.2.826.0.1.3680043.8.498.79267465462008228906382361587050826784,1.2.826.0.1.3680043.8.498.48337862714240178292811025027436824962,lat_centre,1.2.826.0.1.3680043.8.498.10512700776379492427652236618859544118,24,346.01,309.18,235.507,207.885,-133.481,-3.422,-5.58,R,DICOM Laterality tag,R,R,last,True,False,raw-mathys-2026-09-29
1.2.826.0.1.3680043.8.498.59954207362160100069708115719895503197,1.2.826.0.1.3680043.8.498.10062461076000933362424628266183945811,lat_centre,1.2.826.0.1.3680043.8.498.75364544109330252873299399524607722008,8,338.11,294.95,455.228,394.31,94.857,0.154,-25.186,L,DICOM Laterality tag,L,L,first,True,False,raw-mathys-2026-09-29
1.2.826.0.1.3680043.8.498.93728117237268000947508816107096388086,1.2.826.0.1.3680043.8.498.21019285569066037405691124338811870024,lat_centre,1.2.826.0.1.3680043.8.498.12078189342384010753664161522513239600,22,353.12,319.46,570.035,507.214,-101.664,-43.896,-20.408,R,DICOM Laterality tag,R,R,last,True,False,raw-mathys-2026-09-29
1.2.826.0.1.3680043.8.498.45968957856865486437256472516713628614,1.2.826.0.1.3680043.8.498.32757549991898480192262510893769798869,lat_centre,1.2.826.0.1.3680043.8.498.32838142503621531278587646040699362072,22,286.74,344.75,446.424,542.0,-113.622,-50.225,15.967,R,DICOM Laterality tag,R,R,last,True,False,raw-mathys-2026-09-29
1.2.826.0.1.3680043.8.498.12553010776519233077752150342664160826,1.2.826.0.1.3680043.8.498.46993622175764294061913442689518216662,lat_centre,1.2.826.0.1.3680043.8.498.13369912425135886182162339239559637803,21,340.48,301.28,289.2,252.45,-137.13,-27.861,-32.475,R,DICOM Laterality tag,R,R,last,True,False,raw-mathys-2026-09-29
1.2.826.0.1.3680043.8.498.36131369236532190338276701919104598475,1.2.826.0.1.3680043.8.498.13156006894964793586674452905449295705,lat_centre,1.2.826.0.1.3680043.8.498.12459811081377374628231780059906304538,7,324.67,306.02,365.838,342.525,82.876,-14.736,-26.288,L,DICOM Laterality tag,L,L,first,True,False,raw-mathys-2026-09-29
1.2.826.0.1.3680043.8.498.87560916423885591029120178291827033868,1.2.826.0.1.3680043.8.498.11943900250842666704550057813255762090,lat_centre,1.2.826.0.1.3680043.8.498.69014087284745148542565001704690303809,4,378.41,327.36,352.375,297.957,24.594,24.237,-61.466,L,DICOM Laterality tag,L,L,first,True,False,raw-mathys-2026-09-29
1.2.826.0.1.3680043.8.498.11506642732332295874076832453198901115,1.2.826.0.1.3680043.8.498.23012285169187003454581778719951147121,lat_centre,1.2.826.0.1.3680043.8.498.12061066223250699383294211202410341682,31,387.11,312.34,301.086,242.931,-111.902,-31.53,-51.501,R,DICOM Laterality tag,R,R,last,True,False,raw-mathys-2026-09-29
1.2.826.0.1.3680043.8.498.43967752580489865323542041346927244370,1.2.826.0.1.3680043.8.498.11250269653635349864572039008259600900,lat_centre,1.2.826.0.1.3680043.8.498.85963363939386317763861425607276303378,23,293.85,317.08,237.487,257.289,-104.933,0.82,-51.449,R,DICOM Laterality tag,R,R,last,True,False,raw-mathys-2026-09-29
1.2.826.0.1.3680043.8.498.78574437345603052437892513165832297960,1.2.826.0.1.3680043.8.498.12984100461844299299126160979121635428,lat_centre,1.2.826.0.1.3680043.8.498.74954231749511483312082711267961483268,8,385.53,290.21,522.16,387.619,90.012,5.775,-56.722,L,DICOM Laterality tag,L,L,first,True,False,raw-mathys-2026-09-29
1.2.826.0.1.3680043.8.498.35526385429946467546636621603749416429,1.2.826.0.1.3680043.8.498.46272407953527446422420930984860569492,lat_centre,1.2.826.0.1.3680043.8.498.14424958517860831623346584920085902338,18,307.28,285.47,206.46,190.103,-102.322,-25.641,-29.391,R,DICOM Laterality tag,R,R,last,True,False,raw-mathys-2026-09-29
1.2.826.0.1.3680043.8.498.90764713690393618577990540005126771712,1.2.826.0.1.3680043.8.498.55699851854079148212842906508381094797,lat_centre,1.2.826.0.1.3680043.8.498.58425956821103446299590994559605554661,7,330.2,336.05,188.133,192.033,125.157,0.343,-13.59,L,DICOM Laterality tag,L,L,first,True,False,raw-mathys-2026-09-29
1.2.826.0.1.3680043.8.498.37833587429731221455928642963031995680,1.2.826.0.1.3680043.8.498.24027939485299249865408996288050986555,lat_centre,1.2.826.0.1.3680043.8.498.15649914908609705674438211031355574377,24,308.86,317.87,224.949,232.269,-124.344,-24.983,3.822,R,DICOM Laterality tag,R,R,last,True,False,raw-mathys-2026-09-29
1.2.826.0.1.3680043.8.498.73194579460722181989151410198309642266,1.2.826.0.1.3680043.8.498.41456013457932567959085421191712998624,lat_centre,1.2.826.0.1.3680043.8.498.13348484002840115977553439146583972546,24,293.85,301.28,459.418,473.285,-115.765,-57.635,-26.943,R,DICOM Laterality tag,R,R,last,True,False,raw-mathys-2026-09-29
1.2.826.0.1.3680043.8.498.51426696939581135481763379246368970360,1.2.826.0.1.3680043.8.498.11893732387470280974464876066930374509,lat_centre,1.2.826.0.1.3680043.8.498.57039814839695337677616371881418723391,24,372.88,320.25,255.66,216.188,-103.162,-9.811,-2.646,R,DICOM Laterality tag,R,R,last,True,False,raw-mathys-2026-09-29
1.2.826.0.1.3680043.8.498.34206043272866138622475050809785944941,1.2.826.0.1.3680043.8.498.29448313663492694744412304610626305465,lat_centre,1.2.826.0.1.3680043.8.498.11686201960224587860659522305317142444,6,334.16,260.18,185.644,144.544,130.024,3.613,-32.786,L,DICOM Laterality tag,L,L,first,True,False,raw-mathys-2026-09-29
1.2.826.0.1.3680043.8.498.74688733778107958348746767768064374883,1.2.826.0.1.3680043.8.498.30922608911708960383802926414132141395,lat_centre,1.2.826.0.1.3680043.8.498.99419509855199176632130428170405707535,7,338.9,309.18,383.625,346.475,94.914,-8.087,-17.198,L,DICOM Laterality tag,L,L,first,True,False,raw-mathys-2026-09-29
1.2.826.0.1.3680043.8.498.54030363830629950591221870797594277092,1.2.826.0.1.3680043.8.498.82366608131282271044299469149685051883,lat_centre,1.2.826.0.1.3680043.8.498.77982123009896938036392420005899852327,7,312.82,309.97,219.391,217.164,142.131,-36.76,-20.992,L,DICOM Laterality tag,L,L,first,True,False,raw-mathys-2026-09-29
1.2.826.0.1.3680043.8.498.56893426177755960410197244250599230068,1.2.826.0.1.3680043.8.498.12803798876611443537134123459680989921,lat_centre,1.2.826.0.1.3680043.8.498.45591791859984868471599058882170704667,7,349.96,334.47,325.96,310.47,138.435,-35.917,-11.96,L,DICOM Laterality tag,L,L,first,True,False,raw-mathys-2026-09-29
1.2.826.0.1.3680043.8.498.18518393141873346710197645305647124682,1.2.826.0.1.3680043.8.498.68410686088458089786488118354041073133,lat_centre,1.2.826.0.1.3680043.8.498.50928315207751263584247756613521822595,8,304.12,347.12,246.241,282.896,102.339,-7.317,34.838,L,DICOM Laterality tag,L,L,first,True,False,raw-mathys-2026-09-29
1.2.826.0.1.3680043.8.498.13068696303639759696458130704554709416,1.2.826.0.1.3680043.8.498.35887929426892981666010445863504137695,lat_centre,1.2.826.0.1.3680043.8.498.25684484639131407441320453036898696152,23,293.85,334.47,237.487,272.112,-104.235,2.051,-54.975,R,DICOM Laterality tag,R,R,last,True,False,raw-mathys-2026-09-29
1.2.826.0.1.3680043.8.498.11604138460812393624691789275263090511,1.2.826.0.1.3680043.8.498.12977043085895407399669296659191222802,lat_centre,1.2.826.0.1.3680043.8.498.82495183382887595745850071527148991285,26,346.8,311.55,236.1,209.663,-113.316,-10.427,-32.304,R,DICOM Laterality tag,R,R,last,True,False,raw-mathys-2026-09-29
1.2.826.0.1.3680043.8.498.62693151030819598514729637644804213983,1.2.826.0.1.3680043.8.498.13028465092536707248894452561135886108,lat_centre,1.2.826.0.1.3680043.8.498.44996892193107548445828718869896712436,27,315.98,296.54,423.993,396.554,-101.678,-0.924,5.874,R,DICOM Laterality tag,R,R,last,True,False,raw-mathys-2026-09-29
1.2.826.0.1.3680043.8.498.13054766954092919774634499780241210835,1.2.826.0.1.3680043.8.498.11809880785037741727076940023068911522,lat_centre,1.2.826.0.1.3680043.8.498.13248126130745030260554572093362231074,5,325.46,290.21,187.229,162.077,110.446,6.907,-41.78,L,DICOM Laterality tag,L,L,first,True,False,raw-mathys-2026-09-29
1.2.826.0.1.3680043.8.498.71084400653875583977681616665093993652,1.2.826.0.1.3680043.8.498.65027240114429236388834400575683429276,lat_centre,1.2.826.0.1.3680043.8.498.12744079699642625600687960523131868156,8,278.83,310.76,431.386,490.977,115.577,-56.405,7.044,L,DICOM Laterality tag,L,L,first,True,False,raw-mathys-2026-09-29
1.2.826.0.1.3680043.8.498.81031057654953109295788159826841315360,1.2.826.0.1.3680043.8.498.73276210989115985431949558876171649881,lat_centre,1.2.826.0.1.3680043.8.498.41929833668803117806037822811015780619,9,356.29,295.75,509.817,412.917,114.081,-41.357,-27.466,L,DICOM Laterality tag,L,L,first,True,False,raw-mathys-2026-09-29
1.2.826.0.1.3680043.8.498.36470828078108352859868482351276699300,1.2.826.0.1.3680043.8.498.89252997423388045143398863865069719380,lat_centre,1.2.826.0.1.3680043.8.498.53113416544131008533886085350910976799,10,354.7,313.92,572.984,496.875,130.152,-36.438,-9.089,L,DICOM Laterality tag,L,L,first,True,False,raw-mathys-2026-09-29
1.2.826.0.1.3680043.8.498.11052720536194493057619720620119095739,1.2.826.0.1.3680043.8.498.70011032679948221644257986251535029294,lat_centre,1.2.826.0.1.3680043.8.498.12463491174258931131251716400438084345,21,317.56,331.31,214.17,224.483,-113.618,-11.403,-24.03,R,DICOM Laterality tag,R,R,last,True,False,raw-mathys-2026-09-29
1.2.826.0.1.3680043.8.498.97107472223824971578324157203273471706,1.2.826.0.1.3680043.8.498.12315475229150265212576423408888578018,lat_centre,1.2.826.0.1.3680043.8.498.10348885971670688321955640529198575297,10,326.25,309.97,239.078,225.851,101.216,-7.617,-43.574,L,DICOM Laterality tag,L,L,first,True,False,raw-mathys-2026-09-29
1.2.826.0.1.3680043.8.498.20266523169651039493799975212435349766,1.2.826.0.1.3680043.8.498.50647908153013537700151417449987949262,lat_centre,1.2.826.0.1.3680043.8.498.10440149097669212754950592139463596004,6,373.67,296.54,256.252,198.405,106.126,-2.599,-35.254,L,DICOM Laterality tag,L,L,first,True,False,raw-mathys-2026-09-29
1.2.826.0.1.3680043.8.498.58381033890285289577066078050126251787,1.2.826.0.1.3680043.8.498.42989814437207837546707479511850861608,lat_centre,1.2.826.0.1.3680043.8.498.12460049768156726389756918943275451265,9,319.14,310.76,499.805,485.999,110.699,-54.305,-20.259,L,DICOM Laterality tag,L,L,first,True,False,raw-mathys-2026-09-29
1.2.826.0.1.3680043.8.498.89720428711655200442262503508409163392,1.2.826.0.1.3680043.8.498.50888617151315847228192334012755793236,lat_centre,1.2.826.0.1.3680043.8.498.68491331034783496130137819942169817570,20,359.45,304.44,581.849,479.182,-103.031,-46.023,-29.487,R,DICOM Laterality tag,R,R,last,True,False,raw-mathys-2026-09-29
1.2.826.0.1.3680043.8.498.98143909986671737130865120569673002676,1.2.826.0.1.3680043.8.498.40449769170768949325318643683678731262,lat_centre,1.2.826.0.1.3680043.8.498.27311555147084165804209913479837665117,19,368.93,300.49,368.517,293.661,-144.77,-56.839,-49.298,R,DICOM Laterality tag,R,R,last,True,False,raw-mathys-2026-09-29
1.2.826.0.1.3680043.8.498.13088550794087945662322609097092458487,1.2.826.0.1.3680043.8.498.11074249433466093812155625661119382994,lat_centre,1.2.826.0.1.3680043.8.498.86891868788727918138692668390115232714,9,358.66,298.91,199.256,166.061,105.455,20.124,-41.418,L,DICOM Laterality tag,L,L,first,True,False,raw-mathys-2026-09-29
1.2.826.0.1.3680043.8.498.10485026284343436524865922231113748546,1.2.826.0.1.3680043.8.498.44474234556055905840290144794875358005,lat_centre,1.2.826.0.1.3680043.8.498.73627621081845397942863762757551408800,8,321.51,308.39,180.944,172.744,120.296,-8.146,-3.733,L,DICOM Laterality tag,L,L,first,True,False,raw-mathys-2026-09-29
1.2.826.0.1.3680043.8.498.51379389400506715529323532959275254794,1.2.826.0.1.3680043.8.498.12586060336129580978184404652291508740,lat_centre,1.2.826.0.1.3680043.8.498.59438505919115827916810162519882864322,10,299.38,301.28,166.322,167.378,86.509,27.927,-2.395,L,DICOM Laterality tag,L,L,first,True,False,raw-mathys-2026-09-29
1.2.826.0.1.3680043.8.498.49583348226932515919984811293816232513,1.2.826.0.1.3680043.8.498.67623103161440943482632370016484869100,lat_centre,1.2.826.0.1.3680043.8.498.68511011635923285973684594765278865196,21,326.25,309.97,453.125,430.514,-109.984,-55.097,28.198,R,DICOM Laterality tag,R,R,last,True,False,raw-mathys-2026-09-29
1.2.826.0.1.3680043.8.498.99493257395588095270208592176887619190,1.2.826.0.1.3680043.8.498.30586916288184089949364224280112178476,lat_centre,1.2.826.0.1.3680043.8.498.20880161855704792916611133734072987684,24,359.45,325.78,519.083,518.967,-137.615,-51.85,-26.458,R,DICOM Laterality tag,R,R,last,True,False,raw-mathys-2026-09-29
1.2.826.0.1.3680043.8.498.27737101979486411869208236811885597351,1.2.826.0.1.3680043.8.498.10517009190595642577653292741718010192,lat_centre,1.2.826.0.1.3680043.8.498.11598890319463959945922676648926715892,21,330.2,299.7,372.75,334.625,-102.451,-7.98,6.313,R,DICOM Laterality tag,R,R,last,True,False,raw-mathys-2026-09-29
1.2.826.0.1.3680043.8.498.69141410772327587821159027820329185006,1.2.826.0.1.3680043.8.498.43388316874692092214590338416994212300,lat_centre,1.2.826.0.1.3680043.8.498.58296721911373315772873170786506387935,8,307.28,310.76,484.483,490.977,100.404,-39.845,-26.322,L,DICOM Laterality tag,L,L,first,True,False,raw-mathys-2026-09-29
1.2.826.0.1.3680043.8.498.27324284859290040148888098857880927353,1.2.826.0.1.3680043.8.498.63971202124729391516261039039782889861,lat_centre,1.2.826.0.1.3680043.8.498.55501746400408634800041371611691516212,20,322.3,336.05,268.583,280.042,-137.119,-21.63,-4.397,R,DICOM Laterality tag,R,R,last,True,False,raw-mathys-2026-09-29
1.2.826.0.1.3680043.8.498.60661676782543347731000874708337132276,1.2.826.0.1.3680043.8.498.79440727097090710561312035866280336824,lat_centre,1.2.826.0.1.3680043.8.498.54673419415394637154808006783645705865,8,335.74,277.57,379.675,306.962,92.484,-44.085,5.76,L,DICOM Laterality tag,L,L,first,True,False,raw-mathys-2026-09-29
1.2.826.0.1.3680043.8.498.70691305452244378255646875206864340458,1.2.826.0.1.3680043.8.498.43077138775719195355134064277352537333,lat_centre,1.2.826.0.1.3680043.8.498.87345013724497725093317143042426546129,11,319.14,271.24,251.248,209.335,95.78,-18.668,-1.458,L,DICOM Laterality tag,L,L,first,True,False,raw-mathys-2026-09-29
1.2.826.0.1.3680043.8.498.12305733049746414359748178404911549573,1.2.826.0.1.3680043.8.498.63325345005266608168681716085332282519,lat_centre,1.2.826.0.1.3680043.8.498.12750440262040194045580222297198138631,16,330.99,271.24,327.02,261.669,-126.957,-76.677,11.001,R,DICOM Laterality tag,R,R,last,True,False,raw-mathys-2026-09-29
1.2.826.0.1.3680043.8.498.12559687473583953266143897736224215680,1.2.826.0.1.3680043.8.498.80403581402260561238459876130882112678,lat_centre,1.2.826.0.1.3680043.8.498.59889572016714453625879707163400458064,9,368.93,275.99,498.729,367.548,83.284,-0.576,-44.77,L,DICOM Laterality tag,L,L,first,True,False,raw-mathys-2026-09-29
1.2.826.0.1.3680043.8.498.80726797831040227285328789648680519664,1.2.826.0.1.3680043.8.498.44324972524014279490754731266472011904,lat_centre,1.2.826.0.1.3680043.8.498.47459472701880269102225535794189921235,25,331.78,308.39,224.835,207.292,-102.939,-16.198,-18.241,R,DICOM Laterality tag,R,R,last,True,False,raw-mathys-2026-09-29
1.2.826.0.1.3680043.8.498.33215387283623093392227819856970670071,1.2.826.0.1.3680043.8.498.22055759302623008432187044533870433667,lat_centre,1.2.826.0.1.3680043.8.498.14021473341489968470913755474828416687,6,318.35,300.49,402.68,377.564,136.059,-44.31,-30.468,L,DICOM Laterality tag,L,L,first,True,False,raw-mathys-2026-09-29
1.2.826.0.1.3680043.8.498.11812607848520072826145426247813670653,1.2.826.0.1.3680043.8.498.12959227419893920309267551214050222054,lat_centre,1.2.826.0.1.3680043.8.498.10997069407089695638768440453501870597,26,331.78,304.44,276.483,253.7,-102.343,52.947,-26.552,R,DICOM Laterality tag,R,R,last,True,False,raw-mathys-2026-09-29
1.2.826.0.1.3680043.8.498.68442883836038453562548037358230921748,1.2.826.0.1.3680043.8.498.89141834960996043733885708436424739792,lat_centre,1.2.826.0.1.3680043.8.498.10012400012255646195274637279741587537,6,371.3,334.47,206.278,185.817,124.023,-7.767,-72.9,L,DICOM Laterality tag,L,L,first,True,False,raw-mathys-2026-09-29
1.2.826.0.1.3680043.8.498.50183004658202912273462671442829139110,1.2.826.0.1.3680043.8.498.15794031711526027912087848836970939229,lat_centre,1.2.826.0.1.3680043.8.498.28984320935133442732423704493959348131,24,292.27,303.65,455.535,474.284,-110.127,-54.225,-12.497,R,DICOM Laterality tag,R,R,last,True,False,raw-mathys-2026-09-29
1.2.826.0.1.3680043.8.498.64325734401816269429960464734504322970,1.2.826.0.1.3680043.8.498.10664393847034029110537303841908286361,lat_centre,1.2.826.0.1.3680043.8.498.10101994673461186823840650202590304417,21,357.08,302.86,243.81,203.145,-113.28,-11.216,-17.97,R,DICOM Laterality tag,R,R,last,True,False,raw-mathys-2026-09-29
1.2.826.0.1.3680043.8.498.13136392756016978765204420377500607545,1.2.826.0.1.3680043.8.498.11750428867198073970737667410261445943,lat_centre,1.2.826.0.1.3680043.8.498.42853474016927514536982563772597984332,9,323.88,299.7,228.031,209.141,121.328,-57.511,-4.22,L,DICOM Laterality tag,L,L,first,True,False,raw-mathys-2026-09-29
1.2.826.0.1.3680043.8.498.45033326048521572717771708818514772861,1.2.826.0.1.3680043.8.498.44176471797293319902682057832146935480,lat_centre,1.2.826.0.1.3680043.8.498.28909340736473970324545073217278894945,23,305.7,327.36,173.13,188.585,-92.393,1.924,-8.772,R,DICOM Laterality tag,R,R,last,True,False,raw-mathys-2026-09-29
1.2.826.0.1.3680043.8.498.74222284584657051737421776919599206132,1.2.826.0.1.3680043.8.498.96244790624462197907089717829240493928,lat_centre,1.2.826.0.1.3680043.8.498.19823095173753036027397692510660989614,4,353.91,328.15,252.875,229.083,92.024,-67.582,-20.3,L,DICOM Laterality tag,L,L,first,True,False,raw-mathys-2026-09-29
1.2.826.0.1.3680043.8.498.11923218013055841952315996726408812182,1.2.826.0.1.3680043.8.498.27705902325198695933899006046225854552,lat_centre,1.2.826.0.1.3680043.8.498.14841917829372708418611048776372257131,25,352.33,284.68,240.248,189.51,-99.556,1.048,-16.238,R,DICOM Laterality tag,R,R,last,True,False,raw-mathys-2026-09-29
1.2.826.0.1.3680043.8.498.74282280145383357786409764912398881272,1.2.826.0.1.3680043.8.498.10852820295431225056280652462069348730,lat_centre,1.2.826.0.1.3680043.8.498.52322247533224022947823149238133919119,5,334.16,264.13,185.644,146.739,119.885,17.795,-29.27,L,DICOM Laterality tag,L,L,first,True,False,raw-mathys-2026-09-29
1.2.826.0.1.3680043.8.498.31640159014711750808214354395404624815,1.2.826.0.1.3680043.8.498.13241259743717542076295590925847429014,lat_centre,1.2.826.0.1.3680043.8.498.10434205784981270497924456514166170377,5,372.09,335.26,340.09,303.26,24.942,22.86,-24.905,L,DICOM Laterality tag,L,L,first,True,False,raw-mathys-2026-09-29
1.2.826.0.1.3680043.8.498.48946580946665031852355005294734101132,1.2.826.0.1.3680043.8.498.71137653521806972309735604555464864164,lat_centre,1.2.826.0.1.3680043.8.498.83795758893498035214751200005149079007,7,362.61,283.1,408.081,314.215,134.638,-70.377,-18.724,L,DICOM Laterality tag,L,L,first,True,False,raw-mathys-2026-09-29
1.2.826.0.1.3680043.8.498.98107112397588450345153336193341117589,1.2.826.0.1.3680043.8.498.12059819020529186254768447906836458060,lat_centre,1.2.826.0.1.3680043.8.498.37912010673063229271024683905404267111,8,358.66,281.52,244.995,187.14,107.538,-14.288,-43.48,L,DICOM Laterality tag,L,L,first,True,False,raw-mathys-2026-09-29
1.2.826.0.1.3680043.8.498.11909779134152823550896593167929611759,1.2.826.0.1.3680043.8.498.88717457117883928145971440082662923568,lat_centre,1.2.826.0.1.3680043.8.498.57105828198814393418670672520579566591,21,372.88,312.34,537.467,440.567,-98.978,-33.981,-36.356,R,DICOM Laterality tag,R,R,last,True,False,raw-mathys-2026-09-29
1.2.826.0.1.3680043.8.498.38900640030483599614088224967855884221,1.2.826.0.1.3680043.8.498.42952836062620059040420257106613063088,lat_centre,1.2.826.0.1.3680043.8.498.11574748490869572839498804957446831285,23,305.7,319.46,477.662,500.333,-118.119,-33.484,-27.023,R,DICOM Laterality tag,R,R,last,True,False,raw-mathys-2026-09-29
1.2.826.0.1.3680043.8.498.47036446751578280498105392189811189787,1.2.826.0.1.3680043.8.498.44365526814823394758154069367811819181,lat_centre,1.2.826.0.1.3680043.8.498.71761496931624411766665033031369519120,5,350.75,331.31,239.062,224.483,110.932,-16.216,-40.486,L,DICOM Laterality tag,L,L,first,True,False,raw-mathys-2026-09-29
1.2.826.0.1.3680043.8.498.85475892602877115812059264719695919613,1.2.826.0.1.3680043.8.498.18455026283868130134431137564260104125,lat_centre,1.2.826.0.1.3680043.8.498.43851667071499933658245091760735322671,10,326.25,298.91,438.488,399.899,88.28,12.868,-22.447,L,DICOM Laterality tag,L,L,first,True,False,raw-mathys-2026-09-29
1.2.826.0.1.3680043.8.498.17967978373588651520812399064902037467,1.2.826.0.1.3680043.8.498.24570916710215008507038924693385711643,lat_centre,1.2.826.0.1.3680043.8.498.12420070519337623818150439442795946505,22,320.72,310.76,178.178,172.644,-80.187,18.586,-29.28,R,DICOM Laterality tag,R,R,last,True,False,raw-mathys-2026-09-29
1.2.826.0.1.3680043.8.498.72977302282583186913749000016284027331,1.2.826.0.1.3680043.8.498.14723997014712663988611463218652671509,lat_centre,1.2.826.0.1.3680043.8.498.23444116475873998353458848720078188458,7,323.88,310.76,455.8,437.933,99.204,-29.872,-18.075,L,DICOM Laterality tag,L,L,first,True,False,raw-mathys-2026-09-29
1.2.826.0.1.3680043.8.498.97485476951995325021464683747847126869,1.2.826.0.1.3680043.8.498.77602249307980609671518391501178702118,lat_centre,1.2.826.0.1.3680043.8.498.63749902931974420839219150352038829517,21,321.51,309.18,178.617,171.767,-140.078,-3.944,-29.88,R,DICOM Laterality tag,R,R,last,True,False,raw-mathys-2026-09-29
1.2.826.0.1.3680043.8.498.40837296112545776586904280088902000849,1.2.826.0.1.3680043.8.498.72646914279327534801309947596389854287,lat_centre,1.2.826.0.1.3680043.8.498.97996091792864069708884567339732568910,29,321.51,321.83,428.68,429.107,-113.676,22.19,-34.342,R,DICOM Laterality tag,R,R,last,True,False,raw-mathys-2026-09-29
1.2.826.0.1.3680043.8.498.47870074144891988520855535250618228390,1.2.826.0.1.3680043.8.498.76463723776195899281784860547011633705,lat_centre,1.2.826.0.1.3680043.8.498.59794227430713251552912509004092370472,10,349.96,295.75,238.47,197.812,103.135,-5.411,-1.284,L,DICOM Laterality tag,L,L,first,True,False,raw-mathys-2026-09-29
1.2.826.0.1.3680043.8.498.57342523828166309133982222435655662667,1.2.826.0.1.3680043.8.498.11897028935313192385337412050886041082,lat_centre,1.2.826.0.1.3680043.8.498.32666166955671047939342183370754056416,30,333.37,307.6,190.247,173.067,-148.45,-33.478,-3.973,R,DICOM Laterality tag,R,R,last,True,False,raw-mathys-2026-09-29
1.2.826.0.1.3680043.8.498.46001596547902477402837300565271742663,1.2.826.0.1.3680043.8.498.12193646110983323877425067772498857221,lat_centre,1.2.826.0.1.3680043.8.498.62110229348238063586186949236057476442,8,340.48,328.94,483.467,468.233,102.51,-36.981,-7.713,L,DICOM Laterality tag,L,L,first,True,False,raw-mathys-2026-09-29
1.2.826.0.1.3680043.8.498.81964000393640770822199916465038759069,1.2.826.0.1.3680043.8.498.24946957930623312723336630036422224993,lat_centre,1.2.826.0.1.3680043.8.498.10611688630963335512404942178260827402,26,384.74,270.45,264.555,178.837,-116.247,-19.408,-4.709,R,DICOM Laterality tag,R,R,last,True,False,raw-mathys-2026-09-29
1.2.826.0.1.3680043.8.498.77290477043075828139630734968573461136,1.2.826.0.1.3680043.8.498.11766863910025714885289254628962736093,lat_centre,1.2.826.0.1.3680043.8.498.12486873118275966051953811801346928959,20,386.32,301.28,354.32,269.28,-24.835,8.047,-29.352,R,DICOM Laterality tag,R,R,last,True,False,raw-mathys-2026-09-29
1.2.826.0.1.3680043.8.498.86067849233330188988240710585112183308,1.2.826.0.1.3680043.8.498.11816049407038575014030672113651350128,lat_centre,1.2.826.0.1.3680043.8.498.25340052821630676315145842403405774976,7,327.83,318.67,522.836,505.74,101.497,-29.681,-6.989,L,DICOM Laterality tag,L,L,first,True,False,raw-mathys-2026-09-29
1.2.826.0.1.3680043.8.498.11316091466685605758061778045311969672,1.2.826.0.1.3680043.8.498.76273946509194426938485168880873571658,lat_centre,1.2.826.0.1.3680043.8.498.59662229612799898567514521660663456269,6,395.8,294.95,552.555,395.125,103.322,-31.716,-43.801,L,DICOM Laterality tag,L,L,first,True,False,raw-mathys-2026-09-29
1.2.826.0.1.3680043.8.498.72653666963736486779382314125782779004,1.2.826.0.1.3680043.8.498.11362854644150465317095255496758137250,lat_centre,1.2.826.0.1.3680043.8.498.63306443966756977618708277799102605025,7,364.19,298.12,249.142,199.59,108.372,-4.651,-15.608,L,DICOM Laterality tag,L,L,first,True,False,raw-mathys-2026-09-29
1.2.826.0.1.3680043.8.498.73077380963620788952030569132380549826,1.2.826.0.1.3680043.8.498.71065469650918694377951914612227146270,lat_centre,1.2.826.0.1.3680043.8.498.38289453985922159714445061004495750654,21,324.67,292.58,436.258,390.964,-123.566,-61.221,-7.417,R,DICOM Laterality tag,R,R,last,True,False,raw-mathys-2026-09-29
1.2.826.0.1.3680043.8.498.72191353854496806844040272237700346774,1.2.826.0.1.3680043.8.498.10998825089451117824678710755631375359,lat_centre,1.2.826.0.1.3680043.8.498.85993956029668698724597214592792549363,5,340.48,302.86,289.2,253.931,141.29,-41.629,-15.126,L,DICOM Laterality tag,L,L,first,True,False,raw-mathys-2026-09-29
1.2.826.0.1.3680043.8.498.20184541870535223885310764061146422870,1.2.826.0.1.3680043.8.498.70521700752910770270351352831225078813,lat_centre,1.2.826.0.1.3680043.8.498.90330531109475653467389804335182442987,24,363.4,304.44,239.649,202.389,-108.685,-12.466,-14.48,R,DICOM Laterality tag,R,R,last,True,False,raw-mathys-2026-09-29
1.2.826.0.1.3680043.8.498.82731606763525898032678680051515732914,1.2.826.0.1.3680043.8.498.44510117843291479798041896388308327149,lat_centre,1.2.826.0.1.3680043.8.498.36072924175158328755893124443959128790,7,304.12,317.08,525.385,549.01,114.668,-48.453,-4.548,L,DICOM Laterality tag,L,L,first,True,False,raw-mathys-2026-09-29
1.2.826.0.1.3680043.8.498.37392127307867238524251864751713143683,1.2.826.0.1.3680043.8.498.13144206930098313641221403308323266222,lat_centre,1.2.826.0.1.3680043.8.498.11292030043211946912683274619624824137,6,361.82,321.83,247.365,217.373,109.58,-21.111,-5.711,L,DICOM Laterality tag,L,L,first,True,False,raw-mathys-2026-09-29
1.2.826.0.1.3680043.8.498.62437671010172828772205139640126159272,1.2.826.0.1.3680043.8.498.13135725933598764937203146608237987691,lat_centre,1.2.826.0.1.3680043.8.498.56987976195200580567658319286528573423,7,306.49,275.2,170.272,152.889,100.927,-7.178,31.579,L,DICOM Laterality tag,L,L,first,True,False,raw-mathys-2026-09-29
1.2.826.0.1.3680043.8.498.41662013720606493874198348776219875496,1.2.826.0.1.3680043.8.498.17033866339782537366307796585758861749,lat_centre,1.2.826.0.1.3680043.8.498.33294854074029127228121436471078241846,22,325.46,325.78,264.432,264.705,-99.976,-37.73,-33.521,R,DICOM Laterality tag,R,R,last,True,False,raw-mathys-2026-09-29
1.2.826.0.1.3680043.8.498.35026052487843947230089350615730580521,1.2.826.0.1.3680043.8.498.85423861496971511398342912631293374949,lat_centre,1.2.826.0.1.3680043.8.498.60310643982432866269481634673737093348,6,312.03,297.33,350.037,331.662,104.193,-12.443,4.236,L,DICOM Laterality tag,L,L,first,True,False,raw-mathys-2026-09-29
1.2.826.0.1.3680043.8.498.92326467051364762529119362944559591665,1.2.826.0.1.3680043.8.498.72221254096582024026943543519167294543,lat_centre,1.2.826.0.1.3680043.8.498.11894845005636438312316070100808304077,23,361.03,347.91,584.797,560.311,-100.324,-50.412,-30.088,R,DICOM Laterality tag,R,R,last,True,False,raw-mathys-2026-09-29
1.2.826.0.1.3680043.8.498.50882628969985977810341532747520504841,1.2.826.0.1.3680043.8.498.53198834671678864036803283516457705281,lat_centre,1.2.826.0.1.3680043.8.498.10041730634796691753446449418380661475,8,378.41,310.76,314.41,246.76,110.055,-26.184,-27.614,L,DICOM Laterality tag,L,L,first,True,False,raw-mathys-2026-09-29
1.2.826.0.1.3680043.8.498.77150650601457686196626648868552167695,1.2.826.0.1.3680043.8.498.78287246621641846634551882259333874137,lat_centre,1.2.826.0.1.3680043.8.498.12477949308637974408917324547237671134,5,392.64,305.23,578.4,428.717,106.996,-43.44,-56.35,L,DICOM Laterality tag,L,L,first,True,False,raw-mathys-2026-09-29
1.2.826.0.1.3680043.8.498.76344826994380951498651448092980303697,1.2.826.0.1.3680043.8.498.12790746304889263359684564732794216988,lat_centre,1.2.826.0.1.3680043.8.498.11627091483307635456981538503462104500,24,305.7,347.12,247.588,282.896,-101.106,-13.262,-15.441,R,DICOM Laterality tag,R,R,last,True,False,raw-mathys-2026-09-29
1.2.826.0.1.3680043.8.498.27034189091164693165076510006436405194,1.2.826.0.1.3680043.8.498.11709067061959921301709118093893621555,lat_centre,1.2.826.0.1.3680043.8.498.12552866774893811529596856528757917487,6,395.01,298.12,356.693,265.523,42.837,7.062,-25.471,L,DICOM Laterality tag,L,L,first,True,False,raw-mathys-2026-09-29
1.2.826.0.1.3680043.8.498.55930031395651221279170435293900769500,1.2.826.0.1.3680043.8.498.56537216409438351368489711785653711807,lat_centre,1.2.826.0.1.3680043.8.498.29768371910912297206780702155101658068,28,330.99,312.34,224.243,210.255,-108.83,-25.247,-6.675,R,DICOM Laterality tag,R,R,last,True,False,raw-mathys-2026-09-29
1.2.826.0.1.3680043.8.498.52639459702574533721011212286428487650,1.2.826.0.1.3680043.8.498.11854336614911285190977202152660841370,lat_centre,1.2.826.0.1.3680043.8.498.35349540533896729461832940210237481002,23,325.46,318.67,187.229,182.384,-102.382,-2.145,-6.927,R,DICOM Laterality tag,R,R,last,True,False,raw-mathys-2026-09-29
1.2.826.0.1.3680043.8.498.82925474533853765570570726554869886925,1.2.826.0.1.3680043.8.498.58177959005902972223809723217788007880,lat_centre,1.2.826.0.1.3680043.8.498.83330273388818490095658610727102932462,21,384.74,302.86,440.925,338.575,-106.867,-24.089,-32.919,R,DICOM Laterality tag,R,R,last,True,False,raw-mathys-2026-09-29
1.2.826.0.1.3680043.8.498.82481056562260046738834822905709207128,1.2.826.0.1.3680043.8.498.72178874561594188578353682293925773817,lat_centre,1.2.826.0.1.3680043.8.498.91053264948111849738369140688277607489,18,391.06,281.52,392.722,272.912,-131.533,-52.736,-28.848,R,DICOM Laterality tag,R,R,last,True,False,raw-mathys-2026-09-29
1.2.826.0.1.3680043.8.498.36315811661139684771871696847516662339,1.2.826.0.1.3680043.8.498.46969620048753616814121615771588422379,lat_centre,1.2.826.0.1.3680043.8.498.12450662770367163302348975754768700974,24,327.83,314.71,217.17,208.879,-97.97,29.786,20.125,R,DICOM Laterality tag,R,R,last,True,False,raw-mathys-2026-09-29
1.2.826.0.1.3680043.8.498.96859317329616917022799512740280754327,1.2.826.0.1.3680043.8.498.18842565802003680662093981855116887490,lat_centre,1.2.826.0.1.3680043.8.498.11272032017121012484684981489918900272,7,334.95,316.29,331.352,310.942,129.304,-45.646,-37.847,L,DICOM Laterality tag,L,L,first,True,False,raw-mathys-2026-09-29
1.2.826.0.1.3680043.8.498.40041164441539690764994039690598305675,1.2.826.0.1.3680043.8.498.13383888212045272725159464089845443048,lat_centre,1.2.826.0.1.3680043.8.498.93450350253427774376078159879867400520,26,353.12,319.46,240.84,215.595,-112.183,-16.728,-10.207,R,DICOM Laterality tag,R,R,last,True,False,raw-mathys-2026-09-29
1.2.826.0.1.3680043.8.498.10533568124272062696642461303295694739,1.2.826.0.1.3680043.8.498.88949277510163367479649532465753343087,lat_centre,1.2.826.0.1.3680043.8.498.68948165382683840273766407380953309253,11,327.04,304.44,186.027,170.96,82.616,1.407,-6.47,L,DICOM Laterality tag,L,L,first,True,False,raw-mathys-2026-09-29
1.2.826.0.1.3680043.8.498.66199248385068685539872840826351152652,1.2.826.0.1.3680043.8.498.37003961743486455118514513112661445006,lat_centre,1.2.826.0.1.3680043.8.498.83887227877258941334752993390803636806,9,321.51,311.55,271.416,262.078,142.299,-30.032,-19.304,L,DICOM Laterality tag,L,L,first,True,False,raw-mathys-2026-09-29
1.2.826.0.1.3680043.8.498.11999008448480965933785988718780864948,1.2.826.0.1.3680043.8.498.88527805564018949234362622005652741652,lat_centre,1.2.826.0.1.3680043.8.498.16882924025227013483519765385222993538,26,315.98,326.57,230.734,239.338,-95.701,-6.859,-10.886,R,DICOM Laterality tag,R,R,last,True,False,raw-mathys-2026-09-29
1.2.826.0.1.3680043.8.498.10960770430559425421609885784366918575,1.2.826.0.1.3680043.8.498.10263657348351241577341013406449965514,lat_centre,1.2.826.0.1.3680043.8.498.81726710066775333197148542126218646455,20,368.93,317.08,336.93,285.08,-32.857,13.476,-23.917,R,DICOM Laterality tag,R,R,last,True,False,raw-mathys-2026-09-29
1.2.826.0.1.3680043.8.498.66960891947495601371173426277430301127,1.2.826.0.1.3680043.8.498.92851410459352681137187451033126265691,lat_centre,1.2.826.0.1.3680043.8.498.94177515151498325250546587187206603246,24,304.91,298.12,480.059,467.387,-116.327,-56.094,-1.626,R,DICOM Laterality tag,R,R,last,True,False,raw-mathys-2026-09-29
1.2.826.0.1.3680043.8.498.60736996513214411991331917490659995815,1.2.826.0.1.3680043.8.498.10033005616764317111880819291437805791,lat_centre,1.2.826.0.1.3680043.8.498.54708696627820318910451380948523875137,23,330.99,298.12,280.303,249.488,-104.553,-27.423,-3.078,R,DICOM Laterality tag,R,R,last,True,False,raw-mathys-2026-09-29
1.2.826.0.1.3680043.8.498.11212667888429022863778740306223585731,1.2.826.0.1.3680043.8.498.30364471691161649690685534256178507785,lat_centre,1.2.826.0.1.3680043.8.498.10085633677499217134628510036685100509,7,296.22,323.41,238.507,262.685,66.793,-16.276,27.327,L,DICOM Laterality tag,L,L,first,True,False,raw-mathys-2026-09-29
1.2.826.0.1.3680043.8.498.68806105227826942108149090508198910591,1.2.826.0.1.3680043.8.498.66698686335810612167034405396226803158,lat_centre,1.2.826.0.1.3680043.8.498.95590318170940227537719322219198495371,15,407.66,271.24,281.745,179.43,93.982,-19.71,-42.01,L,DICOM Laterality tag,L,L,first,True,False,raw-mathys-2026-09-29
1.2.826.0.1.3680043.8.498.11060834081463491262807709963877480026,1.2.826.0.1.3680043.8.498.12751804616396515154865178948161070577,lat_centre,1.2.826.0.1.3680043.8.498.96755518995876778684479627408461597018,9,337.32,283.1,454.113,377.584,109.991,-11.477,-23.044,L,DICOM Laterality tag,L,L,first,True,False,raw-mathys-2026-09-29
1.2.826.0.1.3680043.8.498.42847376403722341195083350288786052637,1.2.826.0.1.3680043.8.498.72010284196786089899722256727269667059,lat_centre,1.2.826.0.1.3680043.8.498.86444465743023930284435372127525336128,24,342.85,304.44,190.472,169.133,-78.891,5.749,-14.907,R,DICOM Laterality tag,R,R,last,True,False,raw-mathys-2026-09-29
1.2.826.0.1.3680043.8.498.10352011938574988727803498915608467179,1.2.826.0.1.3680043.8.498.32006019124004338858179305710103575130,lat_centre,1.2.826.0.1.3680043.8.498.10767307227861948462894291717346477969,22,322.3,288.63,447.639,400.875,-134.472,-42.164,-10.393,R,DICOM Laterality tag,R,R,last,True,False,raw-mathys-2026-09-29
1.2.826.0.1.3680043.8.498.67001329390153622359718581388215312710,1.2.826.0.1.3680043.8.498.11440589521369316786417618218835729125,lat_centre,1.2.826.0.1.3680043.8.498.93800332050128722698776945539960743466,12,347.41,306.94,386.011,341.044,129.444,-38.228,-22.602,L,DICOM Laterality tag,L,L,first,True,False,raw-mathys-2026-09-29-b
1.2.826.0.1.3680043.8.498.13879163301346984697246311226647565712,1.2.826.0.1.3680043.8.498.95373142064669926980550385627701697273,lat_centre,1.2.826.0.1.3680043.8.498.92337230131749332100918157962777681918,11,386.15,281.11,429.056,312.344,141.238,-55.371,-30.08,L,DICOM Laterality tag,L,L,first,True,False,raw-mathys-2026-09-29-b
1.2.826.0.1.3680043.8.498.95882731821729917461275694847968503951,1.2.826.0.1.3680043.8.498.94596794449423953090576739103260529071,lat_centre,1.2.826.0.1.3680043.8.498.57156968196667702173797373226661518979,30,353.87,300.48,393.189,333.867,-121.952,-44.758,-28.488,R,DICOM Laterality tag,R,R,last,True,False,raw-mathys-2026-09-29-b
1.2.826.0.1.3680043.8.498.89332108074590559691047812196991368746,1.2.826.0.1.3680043.8.498.62587060935153132124869762200728811294,lat_centre,1.2.826.0.1.3680043.8.498.23225513035469461527863499524125291263,31,374.31,285.42,415.9,317.133,-138.819,-48.304,-19.597,R,DICOM Laterality tag,R,R,last,True,False,raw-mathys-2026-09-29-b
1.2.826.0.1.3680043.8.498.92063841381005962285592592672311044745,1.2.826.0.1.3680043.8.498.21761965181505591413483190011170317901,lat_centre,1.2.826.0.1.3680043.8.498.11446244882804497069381199032684350699,32,362.48,303.71,122.749,102.037,-104.748,-5.626,-16.797,R,DICOM Laterality tag,R,R,last,True,False,raw-mathys-2026-09-29-b
1.2.826.0.1.3680043.8.498.69131433601281694165384475765166382765,1.2.826.0.1.3680043.8.498.12674313096538330554659529722601443307,lat_centre,1.2.826.0.1.3680043.8.498.20925188643218904732953830588361293445,10,350.64,324.16,116.88,108.053,111.893,-15.999,-8.167,L,DICOM Laterality tag,L,L,first,True,False,raw-mathys-2026-09-29-b
1.2.826.0.1.3680043.8.498.50144715912379960437506930683683218333,1.2.826.0.1.3680043.8.498.11351789854955834244598603000682307097,lat_centre,1.2.826.0.1.3680043.8.498.26432384302701429800333480122403401969,30,317.27,272.5,106.816,91.037,-102.956,-25.055,0.208,R,DICOM Laterality tag,R,R,last,True,False,raw-mathys-2026-09-29-b
1.2.826.0.1.3680043.8.498.85137704768728261642637391657270006448,1.2.826.0.1.3680043.8.498.79380868105359858408664610704122401024,lat_centre,1.2.826.0.1.3680043.8.498.70785391724140665602327194285792936520,32,349.56,282.19,388.4,313.544,-143.125,-47.375,7.275,R,DICOM Laterality tag,R,R,last,True,False,raw-mathys-2026-09-29-b
1.2.826.0.1.3680043.8.498.21449012857520712901884874638467532958,1.2.826.0.1.3680043.8.498.78454970986687302386434760922475204291,lat_centre,1.2.826.0.1.3680043.8.498.31537527343516721917819285249592875015,31,367.86,297.26,444.615,362.739,-127.51,-51.647,-16.683,R,DICOM Laterality tag,R,R,last,True,False,raw-mathys-2026-09-29-b
1.2.826.0.1.3680043.8.498.59527896591755229337596505685198957637,1.2.826.0.1.3680043.8.498.48819746971436440712877185218223909649,lat_centre,1.2.826.0.1.3680043.8.498.40102644573864530006114084869331549871,32,388.3,302.64,431.444,336.267,-145.859,-43.748,-39.328,R,DICOM Laterality tag,R,R,last,True,False,raw-mathys-2026-09-29-b
1.2.826.0.1.3680043.8.498.21142867813782396036287673290033987859,1.2.826.0.1.3680043.8.498.84699721584779289756021600343576802417,lat_centre,1.2.826.0.1.3680043.8.498.48492618631540180152022500708181025596,30,349.56,322.01,388.4,357.789,-134.697,-44.737,-15.693,R,DICOM Laterality tag,R,R,last,True,False,raw-mathys-2026-09-29-b
1.2.826.0.1.3680043.8.498.54662745951809363774369202018332309887,1.2.826.0.1.3680043.8.498.21502512122415471154132396810696495728,lat_centre,1.2.826.0.1.3680043.8.498.72637523962482654211468324303160982833,9,359.25,326.31,121.611,110.002,112.333,-1.58,-39.284,L,DICOM Laterality tag,L,L,first,True,False,raw-mathys-2026-09-29-b
1.2.826.0.1.3680043.8.498.21060274255072711241653174133146945101,1.2.826.0.1.3680043.8.498.77773499413028298158971716956176861116,lat_centre,1.2.826.0.1.3680043.8.498.73817236351174635311283191750103241261,31,361.4,303.71,401.556,337.456,-128.206,-42.604,-54.167,R,DICOM Laterality tag,R,R,last,True,False,raw-mathys-2026-09-29-b
1.2.826.0.1.3680043.8.498.77244685031928454051409193776790348219,1.2.826.0.1.3680043.8.498.11103752587330343546225167802723728708,lat_centre,1.2.826.0.1.3680043.8.498.42336411919748510702919539747477408681,30,337.72,289.72,375.244,321.911,-133.428,-51.048,4.777,R,DICOM Laterality tag,R,R,last,True,False,raw-mathys-2026-09-29-b
1.2.826.0.1.3680043.8.498.62030472630193758412620945408364583008,1.2.826.0.1.3680043.8.498.34596199416494017047882974291988170460,lat_centre,1.2.826.0.1.3680043.8.498.74011536953971260450118898073137347333,12,333.42,317.7,370.467,353.0,110.763,-46.818,-3.977,L,DICOM Laterality tag,L,L,first,True,False,raw-mathys-2026-09-29-b
1.2.826.0.1.3680043.8.498.63216944317982327305447295456609309952,1.2.826.0.1.3680043.8.498.12810246090502776344601559593207951054,lat_centre,1.2.826.0.1.3680043.8.498.11659132786911652149988569439991553642,32,348.48,298.33,117.815,100.141,-112.019,-13.876,-19.348,R,DICOM Laterality tag,R,R,last,True,False,raw-mathys-2026-09-29-b
1.2.826.0.1.3680043.8.498.10843463954622076609489312662891432839,1.2.826.0.1.3680043.8.498.12352363451108476518578557153043561806,lat_centre,1.2.826.0.1.3680043.8.498.10071592168926790220453405475890114901,14,381.85,299.41,424.278,332.678,136.991,-43.303,-9.977,L,DICOM Laterality tag,L,L,first,True,False,raw-mathys-2026-09-29-b
1.2.826.0.1.3680043.8.498.11753067309373104365558887398441364695,1.2.826.0.1.3680043.8.498.68556704078503881943701255553130842225,lat_centre,1.2.826.0.1.3680043.8.498.54400350388792390934607520133973939010,32,311.89,290.8,104.92,97.487,-108.738,-24.747,-2.924,R,DICOM Laterality tag,R,R,last,True,False,raw-mathys-2026-09-29-b
1.2.826.0.1.3680043.8.498.13128352910661672966143173193241171100,1.2.826.0.1.3680043.8.498.48022855756395172469243984776724972699,lat_centre,1.2.826.0.1.3680043.8.498.11374302220319035026080765975399852179,31,353.87,275.73,119.715,92.176,-81.12,-23.357,-6.355,R,DICOM Laterality tag,R,R,last,True,False,raw-mathys-2026-09-29-b
1.2.826.0.1.3680043.8.498.11337616353935430160375524217870968575,1.2.826.0.1.3680043.8.498.88835535559101267374596312311000548280,lat_centre,1.2.826.0.1.3680043.8.498.46225851263281858934969814580465394975,11,357.09,290.8,396.767,323.111,128.835,-49.103,-22.236,L,DICOM Laterality tag,L,L,first,True,False,raw-mathys-2026-09-29-b
1.2.826.0.1.3680043.8.498.11532517984322509215429681648257299355,1.2.826.0.1.3680043.8.498.56616439686446505902493514719594694205,lat_centre,1.2.826.0.1.3680043.8.498.59285042652502134623981448975246468417,12,363.55,244.52,123.126,81.176,109.039,-14.546,-40.804,L,DICOM Laterality tag,L,L,first,True,False,raw-mathys-2026-09-29-b
1.2.826.0.1.3680043.8.498.87223930502803944549504594723314220105,1.2.826.0.1.3680043.8.498.64415604709403043101203388403446817631,lat_centre,1.2.826.0.1.3680043.8.498.47899224325729701211559943052514069232,13,365.7,289.72,123.884,97.106,114.188,-11.449,-33.23,L,DICOM Laterality tag,L,L,first,True,False,raw-mathys-2026-09-29-b
1.2.826.0.1.3680043.8.498.46776367027887983105817631582518625639,1.2.826.0.1.3680043.8.498.44959805013741338361863552098125511193,lat_centre,1.2.826.0.1.3680043.8.498.88450643743953282354156805182940570418,14,351.71,285.42,426.275,349.512,129.655,-61.851,-11.322,L,DICOM Laterality tag,L,L,first,True,False,raw-mathys-2026-09-29-b
1.2.826.0.1.3680043.8.498.11353976221682532422630231842008146722,1.2.826.0.1.3680043.8.498.66603810467246182298128269687447626598,lat_centre,1.2.826.0.1.3680043.8.498.12720029386752849548059500926618381178,15,325.88,309.09,109.85,103.933,83.061,3.814,-16.186,L,DICOM Laterality tag,L,L,first,True,False,raw-mathys-2026-09-29-b
1.2.826.0.1.3680043.8.498.12946163460972553911280889205685745877,1.2.826.0.1.3680043.8.498.67231058360731704826012220003158433442,lat_centre,1.2.826.0.1.3680043.8.498.97538547747088944841248861289888351848,12,342.03,252.05,380.033,280.056,141.519,-62.159,-5.303,L,DICOM Laterality tag,L,L,first,True,False,raw-mathys-2026-09-29-b
1.2.826.0.1.3680043.8.498.95984406324600336713471618620285270466,1.2.826.0.1.3680043.8.498.62567007493538614107781700466460031956,lat_centre,1.2.826.0.1.3680043.8.498.43506326830694223359063324295794819766,13,354.94,290.8,394.378,323.111,135.483,-38.287,-5.108,L,DICOM Laterality tag,L,L,first,True,False,raw-mathys-2026-09-29-b
1.2.826.0.1.3680043.8.498.12748840878706905309050091576449488666,1.2.826.0.1.3680043.8.498.89783516856900095974454258996753585863,lat_centre,1.2.826.0.1.3680043.8.498.12339256064020181530225964498522328604,13,377.54,294.03,419.489,326.7,125.293,-39.117,-18.11,L,DICOM Laterality tag,L,L,first,True,False,raw-mathys-2026-09-29-b
1.2.826.0.1.3680043.8.498.62948920639798990757395955917890550512,1.2.826.0.1.3680043.8.498.93176996635026090458318208331253888750,lat_centre,1.2.826.0.1.3680043.8.498.30912406594754222272978447799369687423,33,358.17,300.48,121.23,100.898,-102.43,-25.908,-1.808,R,DICOM Laterality tag,R,R,last,True,False,raw-mathys-2026-09-29-b
1.2.826.0.1.3680043.8.498.95334149193711661424105715330320414755,1.2.826.0.1.3680043.8.498.82889611098294347698306132219305455173,lat_centre,1.2.826.0.1.3680043.8.498.11956251501865545572094418825136494239,14,386.15,295.1,429.056,327.889,137.735,-53.075,-33.642,L,DICOM Laterality tag,L,L,first,True,False,raw-mathys-2026-09-29-b
1.2.826.0.1.3680043.8.498.74461421748415064477531528884191890661,1.2.826.0.1.3680043.8.498.55423237211682778141707490653228429370,lat_centre,1.2.826.0.1.3680043.8.498.77439325159119332779150443438389743371,12,366.78,269.27,407.533,299.189,138.603,-66.878,-7.414,L,DICOM Laterality tag,L,L,first,True,False,raw-mathys-2026-09-29-b
1.2.826.0.1.3680043.8.498.52937412433120578046842194545406797236,1.2.826.0.1.3680043.8.498.65601863785369359262761197393693572845,lat_centre,1.2.826.0.1.3680043.8.498.65391267914285278513059134687710632743,11,360.32,291.87,436.497,356.995,143.133,-55.543,-22.929,L,DICOM Laterality tag,L,L,first,True,False,raw-mathys-2026-09-29-b
1.2.826.0.1.3680043.8.498.10427893579790102216163565692202919399,1.2.826.0.1.3680043.8.498.29579190378448332893530282756381391902,lat_centre,1.2.826.0.1.3680043.8.498.19855593067272186041562971251734365605,33,361.4,281.11,401.556,312.344,-150.76,-60.532,-12.006,R,DICOM Laterality tag,R,R,last,True,False,raw-mathys-2026-09-29-b
1.2.826.0.1.3680043.8.498.16158812105029662172517682642229718094,1.2.826.0.1.3680043.8.498.76937743191974291516102207534993445968,lat_centre,1.2.826.0.1.3680043.8.498.20439564568637151590192378582946907425,14,347.41,294.03,386.011,326.7,135.144,-57.54,10.368,L,DICOM Laterality tag,L,L,first,True,False,raw-mathys-2026-09-29-b
1.2.826.0.1.3680043.8.498.98824066826946884510314135448574304233,1.2.826.0.1.3680043.8.498.11064239783877942433784484527483674874,lat_centre,1.2.826.0.1.3680043.8.498.96581967837871094580173250899373985668,14,335.57,308.02,372.856,342.244,113.32,-48.934,-12.316,L,DICOM Laterality tag,L,L,first,True,False,raw-mathys-2026-09-29-b
1.2.826.0.1.3680043.8.498.81495303185504163367736663647489556517,1.2.826.0.1.3680043.8.498.78036487512048515187944324628335336007,lat_centre,1.2.826.0.1.3680043.8.498.12648625341405323233820729788160509948,14,368.93,286.49,409.922,318.322,140.511,-50.996,-21.981,L,DICOM Laterality tag,L,L,first,True,False,raw-mathys-2026-09-29-b
1.2.826.0.1.3680043.8.498.35542843700847404584397532402313561503,1.2.826.0.1.3680043.8.498.12742241430326195442424996966274249637,lat_centre,1.2.826.0.1.3680043.8.498.12551689330243871557691993847267060069,30,353.87,314.48,393.189,349.422,-138.845,-39.401,-53.867,R,DICOM Laterality tag,R,R,last,True,False,raw-mathys-2026-09-29-b
1.2.826.0.1.3680043.8.498.12260661730837055872432103268905182876,1.2.826.0.1.3680043.8.498.78916935744063016475138246978607789802,lat_centre,1.2.826.0.1.3680043.8.498.72760630894919485793175560131874641117,12,349.56,294.03,388.4,326.7,90.461,-57.315,2.584,L,DICOM Laterality tag,L,L,first,True,False,raw-mathys-2026-09-29-b
1.2.826.0.1.3680043.8.498.11629659616217352895144469980856259097,1.2.826.0.1.3680043.8.498.13234857884747203207671880676206825852,lat_centre,1.2.826.0.1.3680043.8.498.45957674194463956850888055221044253682,31,361.4,271.43,401.556,301.589,-138.234,-46.995,-33.527,R,DICOM Laterality tag,R,R,last,True,False,raw-mathys-2026-09-29-b
1.2.826.0.1.3680043.8.498.47094981922544354899183959858078311972,1.2.826.0.1.3680043.8.498.48845313136724096783205638449897900723,lat_centre,1.2.826.0.1.3680043.8.498.83244323628912025175440301146905510308,31,363.55,275.73,403.944,306.367,-138.226,-49.749,-3.922,R,DICOM Laterality tag,R,R,last,True,False,raw-mathys-2026-09-29-b
1.2.826.0.1.3680043.8.498.38935694477580522005505074220300062204,1.2.826.0.1.3680043.8.498.40588830627651560764792487721569276161,lat_centre,1.2.826.0.1.3680043.8.498.11705452141765861888709234351246333768,13,295.75,319.86,328.611,355.4,131.929,-34.529,-16.191,L,DICOM Laterality tag,L,L,first,True,False,raw-mathys-2026-09-29-b
1.2.826.0.1.3680043.8.498.42609322631348207494943622999125822017,1.2.826.0.1.3680043.8.498.32251701004024308295116121333715518301,lat_centre,1.2.826.0.1.3680043.8.498.56003413707270478490885814569201067301,17,312.97,267.12,278.196,237.44,-105.035,-7.071,6.346,R,geometry (median x = -138 mm),R,R,last,True,False,raw-mathys-2026-09-29-b
1.2.826.0.1.3680043.8.498.12241413500128553133597113709525575494,1.2.826.0.1.3680043.8.498.92537877606998871109135970378645056107,lat_centre,1.2.826.0.1.3680043.8.498.11029243227199689605934667942642370796,19,291.44,294.03,437.805,442.176,-117.189,-34.806,17.687,R,DICOM Laterality tag,R,R,last,True,False,raw-mathys-2026-09-29-b
1.2.826.0.1.3680043.8.498.10532708800468111850607752497432656694,1.2.826.0.1.3680043.8.498.44112310880101671509001224863586298551,lat_centre,1.2.826.0.1.3680043.8.498.97360622447342917554665667559091158803,20,317.27,303.71,354.453,338.492,-127.656,10.321,-6.671,R,geometry (median x = -173 mm),R,R,last,True,False,raw-mathys-2026-09-29-b
1.2.826.0.1.3680043.8.498.96944926470854551064948200936284887742,1.2.826.0.1.3680043.8.498.17089031015917282788228356171917995134,lat_centre,1.2.826.0.1.3680043.8.498.13080481035445474374381396574549540022,32,335.57,294.03,303.57,262.03,-111.068,-15.882,-15.82,R,geometry (median x = -160 mm),R,R,last,True,False,raw-mathys-2026-09-29-b
1.2.826.0.1.3680043.8.498.84007436672323587547274248257117331532,1.2.826.0.1.3680043.8.498.49399931156350465212168524202838649156,lat_centre,1.2.826.0.1.3680043.8.498.27881938765306154384334778521335554106,18,340.95,299.41,303.067,266.142,-100.447,15.602,-26.837,R,geometry (median x = -158 mm),R,R,last,True,False,raw-mathys-2026-09-29-b
1.2.826.0.1.3680043.8.498.13162284470388627411596358366248494046,1.2.826.0.1.3680043.8.498.38370237718563398520922427664639398704,lat_centre,1.2.826.0.1.3680043.8.498.97292257951946766272516624938770539139,33,316.2,316.63,284.2,284.63,-111.024,-19.546,1.742,R,geometry (median x = -151 mm),R,R,last,True,False,raw-mathys-2026-09-29-b
1.2.826.0.1.3680043.8.498.51828180600648126726057100018010765613,1.2.826.0.1.3680043.8.498.11110280190794074816870685652896256970,lat_centre,1.2.826.0.1.3680043.8.498.13204789751330333208414033156558901997,24,429.2,330.62,596.111,459.194,-131.119,-57.635,-8.333,R,DICOM Laterality tag,R,R,last,True,False,raw-mathys-2026-09-29-b
1.2.826.0.1.3680043.8.498.83253778356746892201320443660102495790,1.2.826.0.1.3680043.8.498.27116331186729444306434454746854926036,lat_centre,1.2.826.0.1.3680043.8.498.52682362138207775625528702621895391110,6,347.41,305.87,292.396,255.76,132.035,-54.555,-39.441,L,geometry (median x = 50 mm),L,L,first,True,False,raw-mathys-2026-09-29-b
1.2.826.0.1.3680043.8.498.92758635328468215409701857842011454608,1.2.826.0.1.3680043.8.498.96880994689129267608778107193580452694,lat_centre,1.2.826.0.1.3680043.8.498.66506631897754003318672496967668156212,4,330.19,287.57,148.35,128.298,141.806,-24.204,-31.601,L,geometry (median x = 26 mm),L,L,first,True,False,raw-mathys-2026-09-29-b
1.2.826.0.1.3680043.8.498.81796385087779065457668769443782458844,1.2.826.0.1.3680043.8.498.62908586318660487955104770487688529382,lat_centre,1.2.826.0.1.3680043.8.498.10947399080103939055890618271407264761,18,321.58,277.88,361.975,307.35,-69.545,-3.023,25.221,R,geometry (median x = -124 mm),R,R,last,True,False,raw-mathys-2026-09-29-b
1.2.826.0.1.3680043.8.498.99441773159476751698123795913150660766,1.2.826.0.1.3680043.8.498.12416352477144175733916009485252637740,lat_centre,1.2.826.0.1.3680043.8.498.76728982808311746642246738835437095889,17,312.97,298.33,351.213,332.912,-119.699,5.383,-58.863,R,geometry (median x = -137 mm),R,R,last,True,False,raw-mathys-2026-09-29-b
1.2.826.0.1.3680043.8.498.19821498229702528191367700655079805824,1.2.826.0.1.3680043.8.498.11863647166406143175140124991383502785,lat_centre,1.2.826.0.1.3680043.8.498.13257257702870945609462765626174495334,23,295.96,315.55,206.219,221.523,-139.276,-45.781,-12.833,R,geometry (median x = -187 mm),R,R,last,True,False,raw-mathys-2026-09-29-b
1.2.826.0.1.3680043.8.498.23939313916974849526459717576344063277,1.2.826.0.1.3680043.8.498.64377746410115163216126275635225648263,lat_centre,1.2.826.0.1.3680043.8.498.87054086493489960255212713581989663111,19,305.43,295.1,273.416,263.39,-150.908,-39.783,-35.076,R,geometry (median x = -194 mm),R,R,last,True,False,raw-mathys-2026-09-29-b
1.2.826.0.1.3680043.8.498.35017973257585430544005763350601015208,1.2.826.0.1.3680043.8.498.64369352731798895272474479209187555158,lat_centre,1.2.826.0.1.3680043.8.498.12849310537336283485439958175416239401,6,310.82,266.04,243.967,204.785,108.628,-11.411,6.368,L,geometry (median x = 43 mm),L,L,first,True,False,raw-mathys-2026-09-29-b
1.2.826.0.1.3680043.8.498.19592989024994864431870593504844309885,1.2.826.0.1.3680043.8.498.10999243104292802162073528803301708691,lat_centre,1.2.826.0.1.3680043.8.498.13255382517055666001043441213630021257,6,325.88,296.18,587.76,528.36,74.668,-38.711,-13.331,L,the click's own position in the stack,,L,first,,False,raw-mathys-2026-09-29-b
1.2.826.0.1.3680043.8.498.13575953449958751965232580597585303226,1.2.826.0.1.3680043.8.498.10072118276867498117556502528770891174,lat_centre,1.2.826.0.1.3680043.8.498.11257791533174171744455855671846371440,21,323.73,301.56,435.918,408.668,-156.063,-53.253,-13.086,R,geometry (median x = -209 mm),R,R,last,True,False,raw-mathys-2026-09-29-b
1.2.826.0.1.3680043.8.498.38325494489236992123219618004392575979,1.2.826.0.1.3680043.8.498.68885929783222184735521596918178201593,lat_centre,1.2.826.0.1.3680043.8.498.30816341111308326224662663597534360762,9,330.19,303.71,226.267,205.073,74.879,3.971,-48.889,L,the click's own position in the stack,,L,first,,False,raw-mathys-2026-09-29-b
1.2.826.0.1.3680043.8.498.10442828926117258624043497279351962738,1.2.826.0.1.3680043.8.498.77044855060417156547958783987043808193,lat_centre,1.2.826.0.1.3680043.8.498.74246401557933577847603594782260377119,7,353.87,311.25,298.094,260.505,134.082,-43.547,-18.673,L,geometry (median x = 38 mm),L,L,first,True,False,raw-mathys-2026-09-29-b
1.2.826.0.1.3680043.8.498.87404730020015145302086817782843205171,1.2.826.0.1.3680043.8.498.68272292264218910396961856501685863847,lat_centre,1.2.826.0.1.3680043.8.498.72421391651206548007634653572485241833,22,386.15,277.88,335.054,248.4,-115.255,-0.577,-40.629,R,geometry (median x = -173 mm),R,R,last,True,False,raw-mathys-2026-09-29-b
1.2.826.0.1.3680043.8.498.11689820638581431730501617718741779835,1.2.826.0.1.3680043.8.498.30156440426404040405021093797787083907,lat_centre,1.2.826.0.1.3680043.8.498.81025286025986623252456902944694535493,22,321.58,306.94,226.234,214.797,-130.978,-37.777,-10.221,R,geometry (median x = -163 mm),R,R,last,True,False,raw-mathys-2026-09-29-b
1.2.826.0.1.3680043.8.498.97694479664965569386338738579573728752,1.2.826.0.1.3680043.8.498.69428965420285281156788337232538334783,lat_centre,1.2.826.0.1.3680043.8.498.54084892812783308320149312372981397581,22,290.58,314.48,258.589,282.572,-112.362,67.738,6.533,R,geometry (median x = -124 mm),R,R,last,True,False,raw-mathys-2026-09-29-b
1.2.826.0.1.3680043.8.498.62752755711205966800746994120425231855,1.2.826.0.1.3680043.8.498.86737239586288294617456632849956122231,lat_centre,1.2.826.0.1.3680043.8.498.78639884885930614393967011261656648857,14,399.07,302.64,360.514,269.776,-121.327,-0.875,-41.396,R,geometry (median x = -76 mm),R,R,last,True,False,raw-mathys-2026-09-29-b
1.2.826.0.1.3680043.8.498.13118532243906060645114391749986421707,1.2.826.0.1.3680043.8.498.12245541631528026565989521201533552722,lat_centre,1.2.826.0.1.3680043.8.498.12141122668874219812156881953996863524,4,316.41,281.11,319.961,280.249,100.455,-39.771,1.832,L,the click's own position in the stack,,L,first,,False,raw-mathys-2026-09-29-b
1.2.826.0.1.3680043.8.498.46051119885630602872050329412008545893,1.2.826.0.1.3680043.8.498.11878321781274509625920460709000314871,lat_centre,1.2.826.0.1.3680043.8.498.42535505507595789650270398350741685866,20,324.81,297.26,228.758,207.234,-122.473,-46.22,-11.188,R,geometry (median x = -32 mm),R,R,last,True,False,raw-mathys-2026-09-29-b
1.2.826.0.1.3680043.8.498.14963472809950919852176661973255059069,1.2.826.0.1.3680043.8.498.12218370167225090088219312257519288525,lat_centre,1.2.826.0.1.3680043.8.498.41207115992347626959046624749453814858,5,350.64,276.81,318.64,244.81,27.568,14.134,-18.202,L,DICOM Laterality tag,L,L,first,True,False,raw-mathys-2026-09-29-b
1.2.826.0.1.3680043.8.498.11533971444023236216745801026152089075,1.2.826.0.1.3680043.8.498.10920382066225285062115526574002474943,lat_centre,1.2.826.0.1.3680043.8.498.76836956570687509082243148403986616251,6,304.36,261.74,340.45,287.175,104.426,-0.936,11.633,L,geometry (median x = 59 mm),L,L,first,True,False,raw-mathys-2026-09-29-b
1.2.826.0.1.3680043.8.498.67875980316053973061252844698884229168,1.2.826.0.1.3680043.8.498.23031722909840698572229158615423899669,lat_centre,1.2.826.0.1.3680043.8.498.39614300173344044484201574555726493038,15,338.8,308.02,303.801,274.838,-40.138,-10.507,-31.98,R,geometry (median x = -24 mm),R,R,last,True,False,raw-mathys-2026-09-29-b
1.2.826.0.1.3680043.8.498.90751504670572401790063555695835439317,1.2.826.0.1.3680043.8.498.23580036786525362145347010286747656939,lat_centre,1.2.826.0.1.3680043.8.498.67268756506113606551976720326580508693,4,308.66,311.25,285.306,287.977,96.312,-9.438,-9.491,L,the click's own position in the stack,,L,first,,False,raw-mathys-2026-09-29-b
1.2.826.0.1.3680043.8.498.10148517526101576084961355066637531019,1.2.826.0.1.3680043.8.498.61178174888593430207613886253463045477,lat_centre,1.2.826.0.1.3680043.8.498.94594947523624667400834234706460362125,6,321.58,276.81,271.481,229.509,140.084,-38.073,-14.726,L,DICOM Laterality tag,L,L,first,True,False,raw-mathys-2026-09-29-b
1.2.826.0.1.3680043.8.498.58522891982092784622515590012748600644,1.2.826.0.1.3680043.8.498.11255820781553457663601913122087858960,lat_centre,1.2.826.0.1.3680043.8.498.12533892466263010931618481601810624438,4,336.65,300.48,151.389,134.372,129.282,-5.294,-40.45,L,geometry (median x = 38 mm),L,L,first,True,False,raw-mathys-2026-09-29-b
1.2.826.0.1.3680043.8.498.93230313557251171119475173996942942855,1.2.826.0.1.3680043.8.498.51611137538319854326864290108043801788,lat_centre,1.2.826.0.1.3680043.8.498.42370230254626306505067944528303140437,18,317.27,298.33,285.27,266.33,-18.816,16.096,-6.273,R,DICOM Laterality tag,R,R,last,True,False,raw-mathys-2026-09-29-b
1.2.826.0.1.3680043.8.498.17547781127981007962008163248942714330,1.2.826.0.1.3680043.8.498.11777344048327463289186253547865378798,lat_centre,1.2.826.0.1.3680043.8.498.33643899772824576815620474295069552056,5,303.28,310.17,269.582,275.707,118.622,54.766,-17.54,L,the click's own position in the stack,,L,first,,False,raw-mathys-2026-09-29-b
1.2.826.0.1.3680043.8.498.11924999889245769866426422681253524920,1.2.826.0.1.3680043.8.498.74002872999569953084975734172590388602,lat_centre,1.2.826.0.1.3680043.8.498.62821705483863047151348069167931123017,23,325.88,301.56,275.512,252.712,-134.856,-49.32,0.104,R,DICOM Laterality tag,R,R,last,True,False,raw-mathys-2026-09-29-b
1.2.826.0.1.3680043.8.498.81629704995225424568187579791704967233,1.2.826.0.1.3680043.8.498.11803382369827350266456786973715571246,lat_centre,1.2.826.0.1.3680043.8.498.15842106475083924603312136414922382696,22,334.49,311.25,381.987,351.0,-108.367,-45.186,-36.441,R,geometry (median x = -164 mm),R,R,last,True,False,raw-mathys-2026-09-29-b
1.2.826.0.1.3680043.8.498.70464717849928808075676221329034929056,1.2.826.0.1.3680043.8.498.12189295720389954806750738213385450625,lat_centre,1.2.826.0.1.3680043.8.498.43486065965125274087747778331801696079,23,334.49,309.09,464.569,429.292,-136.655,-36.701,-2.835,R,DICOM Laterality tag,R,R,last,True,False,raw-mathys-2026-09-29-b
1.2.826.0.1.3680043.8.498.37427993203943111265113924891058049338,1.2.826.0.1.3680043.8.498.10804792800840526866304375826928031479,lat_centre,1.2.826.0.1.3680043.8.498.47580736101697658526225040403433137966,19,322.65,311.25,258.65,247.25,-122.789,-27.46,-1.273,R,geometry (median x = -143 mm),R,R,last,True,False,raw-mathys-2026-09-29-b
1.2.826.0.1.3680043.8.498.12295284437770380354725533247473017729,1.2.826.0.1.3680043.8.498.14515541340136574913773528295161206632,lat_centre,1.2.826.0.1.3680043.8.498.62812892589298122585157034265948171236,22,374.31,305.87,517.985,390.772,-116.478,-41.568,-21.009,R,geometry (median x = -179 mm),R,R,last,True,False,raw-mathys-2026-09-29-b
1.2.826.0.1.3680043.8.498.16550793987525699514242241133391355835,1.2.826.0.1.3680043.8.498.13346108579354439619027160644500005040,lat_centre,1.2.826.0.1.3680043.8.498.13155439326582268395627768273044953711,7,325.88,289.72,301.88,265.72,140.067,-38.583,-4.139,L,DICOM Laterality tag,L,L,first,True,False,raw-mathys-2026-09-29-b
1.2.826.0.1.3680043.8.498.95560861705581165570145459410262387310,1.2.826.0.1.3680043.8.498.81686033957801490188294303825951394421,lat_centre,1.2.826.0.1.3680043.8.498.25192909925198752589752853170854341970,19,321.58,278.96,285.849,247.964,-105.775,7.031,-20.311,R,geometry (median x = -152 mm),R,R,last,True,False,raw-mathys-2026-09-29-b
1.2.826.0.1.3680043.8.498.85108719393967663738580518985514195538,1.2.826.0.1.3680043.8.498.96722287350274129921096603633786586778,lat_centre,1.2.826.0.1.3680043.8.498.69058019329304928045391637261228107973,19,379.7,311.25,329.892,275.108,-114.678,-0.537,-38.368,R,geometry (median x = -183 mm),R,R,last,True,False,raw-mathys-2026-09-29-b
1.2.826.0.1.3680043.8.498.11957476321850340968244508976719889277,1.2.826.0.1.3680043.8.498.11343344622343312110759493227556597110,lat_centre,1.2.826.0.1.3680043.8.498.41166498476090157213177450592344819295,9,334.49,318.78,302.49,286.78,110.056,4.979,9.016,L,the click's own position in the stack,,L,first,,False,raw-mathys-2026-09-29-b
1.2.826.0.1.3680043.8.498.90668646188784648688693620159738574680,1.2.826.0.1.3680043.8.498.63482963825995204726134297820392991232,lat_centre,1.2.826.0.1.3680043.8.498.10571931135873026562759554788066190720,5,330.19,290.8,494.54,436.617,132.548,-47.878,-2.245,L,DICOM Laterality tag,L,L,first,True,False,raw-mathys-2026-09-29-b
1.2.826.0.1.3680043.8.498.86651345701812229172985086531423369421,1.2.826.0.1.3680043.8.498.36188366441272388314154367740839790973,lat_centre,1.2.826.0.1.3680043.8.498.65210293661031487779309185955824957224,8,328.04,298.33,592.08,532.66,101.283,-24.065,-5.986,L,the click's own position in the stack,,L,first,,False,raw-mathys-2026-09-29-b
1.2.826.0.1.3680043.8.498.85194002080793317087210934629814349622,1.2.826.0.1.3680043.8.498.15933268726194960283072482223202587078,lat_centre,1.2.826.0.1.3680043.8.498.21172753669180346855577437933627405000,19,322.65,324.16,360.786,362.563,-92.149,40.672,-13.779,R,geometry (median x = -147 mm),R,R,last,True,False,raw-mathys-2026-09-29-b
1.2.826.0.1.3680043.8.498.65543472488214519069910341591668399186,1.2.826.0.1.3680043.8.498.12146481844904820936876316123478837079,lat_centre,1.2.826.0.1.3680043.8.498.32486166216660480051713953050158188409,24,296.83,362.91,264.83,330.91,-144.415,-24.995,-18.851,R,geometry (median x = -151 mm),R,R,last,True,False,raw-mathys-2026-09-29-b
1.2.826.0.1.3680043.8.498.12137739162059836759686062882514824614,1.2.826.0.1.3680043.8.498.12420828072849503611383902941929334326,lat_centre,1.2.826.0.1.3680043.8.498.83392315360415208575634651762102843749,4,329.11,285.42,334.249,285.098,125.586,-39.599,9.105,L,geometry (median x = 33 mm),L,L,first,True,False,raw-mathys-2026-09-29-b
1.2.826.0.1.3680043.8.498.81974732979506931694079719601760393277,1.2.826.0.1.3680043.8.498.55918779092413231278856196503563791619,lat_centre,1.2.826.0.1.3680043.8.498.11253669940809726964971426438304475384,19,359.46,290.8,319.52,258.489,-100.238,0.384,-31.153,R,geometry (median x = -154 mm),R,R,last,True,False,raw-mathys-2026-09-29-b
1.2.826.0.1.3680043.8.498.11340429352365972769264064439788186260,1.2.826.0.1.3680043.8.498.19356776260199146204837330613155326278,lat_centre,1.2.826.0.1.3680043.8.498.16911777322559864449345806896306852735,19,325.88,323.09,293.88,291.09,-34.908,14.832,-10.464,R,DICOM Laterality tag,R,R,last,True,False,raw-mathys-2026-09-29-b
1.2.826.0.1.3680043.8.498.13078551660783737720660607567713996703,1.2.826.0.1.3680043.8.498.65491541387025635978670199002630265740,lat_centre,1.2.826.0.1.3680043.8.498.25166940203087621730672510895610930069,20,355.37,296.18,323.37,264.18,-26.273,3.96,-19.314,R,DICOM Laterality tag,R,R,last,True,False,raw-mathys-2026-09-29-b
1.2.826.0.1.3680043.8.498.75688484058613633923943882730405145535,1.2.826.0.1.3680043.8.498.69379717597958849120291408391418152943,lat_centre,1.2.826.0.1.3680043.8.498.12010149427795923806510696044884232057,8,335.57,288.65,394.967,336.806,120.538,-63.576,-27.598,L,geometry (median x = 59 mm),L,L,first,True,False,raw-mathys-2026-09-29-b
1.2.826.0.1.3680043.8.498.74160604730133050784449689952695940558,1.2.826.0.1.3680043.8.498.21797233540155117256806210839450339196,lat_centre,1.2.826.0.1.3680043.8.498.20757047997902100466238074865954564160,15,406.82,302.64,361.618,269.013,-127.009,1.083,-37.018,R,geometry (median x = -116 mm),R,R,last,True,False,raw-mathys-2026-09-29-b
1.2.826.0.1.3680043.8.498.28289838818003822677994912735532050038,1.2.826.0.1.3680043.8.498.66468758562523185533468123248213455817,lat_centre,1.2.826.0.1.3680043.8.498.73115912647132005905455624840578502641,6,334.71,281.11,301.831,249.813,145.86,-51.602,-5.046,L,geometry (median x = 46 mm),L,L,first,True,False,raw-mathys-2026-09-29-b
1.2.826.0.1.3680043.8.498.12178921459424917661210327999672203211,1.2.826.0.1.3680043.8.498.81192357764559453003810773433705406850,lat_centre,1.2.826.0.1.3680043.8.498.65412252216259040031396237761231005492,6,322.87,286.49,141.924,127.397,125.594,-29.462,2.528,L,geometry (median x = 20 mm),L,L,first,True,False,raw-mathys-2026-09-29-b
1.2.826.0.1.3680043.8.498.24826041178550854190310664677274404684,1.2.826.0.1.3680043.8.498.49065522942671354058167017519077767045,lat_centre,1.2.826.0.1.3680043.8.498.17935031574441638868026677152174234970,8,339.87,320.93,272.448,254.758,108.83,-15.444,-42.189,L,the click's own position in the stack,,L,first,,False,raw-mathys-2026-09-29-b
1.2.826.0.1.3680043.8.498.96054287426681123062488435620352206601,1.2.826.0.1.3680043.8.498.56753469150559675099965653226638037060,lat_centre,1.2.826.0.1.3680043.8.498.43776487002090927173574163003696881513,21,353.87,304.79,311.963,270.637,-95.336,12.472,-46.914,R,geometry (median x = -145 mm),R,R,last,True,False,raw-mathys-2026-09-29-b
1.2.826.0.1.3680043.8.498.11530446425918247469882351709851883983,1.2.826.0.1.3680043.8.498.30834998619975301005268800293577539235,lat_centre,1.2.826.0.1.3680043.8.498.26662177562111740060064750501171891786,9,323.73,294.03,583.46,524.06,107.192,-15.461,-34.749,L,the click's own position in the stack,,L,first,,False,raw-mathys-2026-09-29-b
1.2.826.0.1.3680043.8.498.94955017957653373798729896600270551224,1.2.826.0.1.3680043.8.498.87159653406138401833165972154176467671,lat_centre,1.2.826.0.1.3680043.8.498.13799775600924175532044479178057940054,15,312.97,316.63,348.525,352.706,-131.081,-29.584,-2.505,R,DICOM Laterality tag,R,R,last,True,False,raw-mathys-2026-09-29-b
1.2.826.0.1.3680043.8.498.86405969333062807387894608315897106350,1.2.826.0.1.3680043.8.498.17527290973280363045583523023345587173,lat_centre,1.2.826.0.1.3680043.8.498.11233207991069653015050577246387109232,16,321.58,257.43,357.403,286.905,-127.599,-66.653,-10.319,R,geometry (median x = -185 mm),R,R,last,True,False,raw-mathys-2026-09-29-b
1.2.826.0.1.3680043.8.498.63726512375511246975989322174096818969,1.2.826.0.1.3680043.8.498.24830026619245989120192410378102606807,lat_centre,1.2.826.0.1.3680043.8.498.75054798548768611416217099281618444482,20,318.35,283.26,391.097,345.894,-109.312,-36.048,6.641,R,geometry (median x = -156 mm),R,R,last,True,False,raw-mathys-2026-09-29-b
1.2.826.0.1.3680043.8.498.37463970179664003092832463732043124908,1.2.826.0.1.3680043.8.498.57969727375831233228764640853929267968,lat_centre,1.2.826.0.1.3680043.8.498.85691126675338358288483713711566462523,31,300.05,297.26,268.05,265.26,-123.525,-6.228,8.641,R,geometry (median x = -173 mm),R,R,last,True,False,raw-mathys-2026-09-29-b
1.2.826.0.1.3680043.8.498.12110510829608190094905588610131531103,1.2.826.0.1.3680043.8.498.78600544684275475318510946289951878793,lat_centre,1.2.826.0.1.3680043.8.498.27585383393084027714875577639380341780,10,304.36,295.1,272.36,263.1,92.563,-25.994,-40.837,L,the click's own position in the stack,,L,first,,False,raw-mathys-2026-09-29-b
1.2.826.0.1.3680043.8.498.60339775486026531260673620094004244044,1.2.826.0.1.3680043.8.498.24659047104051568429685771044727308713,lat_centre,1.2.826.0.1.3680043.8.498.42363590290395279970939257193932031601,5,289.29,324.16,201.008,228.25,130.815,-42.576,-14.233,L,DICOM Laterality tag,L,L,first,True,False,raw-mathys-2026-09-29-b
1.2.826.0.1.3680043.8.498.70129413051088864999976563404818211137,1.2.826.0.1.3680043.8.498.12669462838515791399239373943806811722,lat_centre,1.2.826.0.1.3680043.8.498.13218677885044692431279219671761025604,21,317.27,337.08,285.27,305.08,-146.0,-6.397,-44.282,R,geometry (median x = -153 mm),R,R,last,True,False,raw-mathys-2026-09-29-b
1.2.826.0.1.3680043.8.498.79636443202100988025435536780567446582,1.2.826.0.1.3680043.8.498.12476716683737332319462982244374557979,lat_centre,1.2.826.0.1.3680043.8.498.53542051757877224396366383044257688944,32,312.11,317.7,278.687,283.947,-120.323,-14.174,-2.859,R,geometry (median x = -164 mm),R,R,last,True,False,raw-mathys-2026-09-29-b
1.2.826.0.1.3680043.8.498.64034149345689391514924451724232196567,1.2.826.0.1.3680043.8.498.56283714095107313607477606327242223936,lat_centre,1.2.826.0.1.3680043.8.498.95215859018907252291468635657342750012,34,355.16,319.86,323.16,287.86,-126.174,-13.884,-14.019,R,geometry (median x = -159 mm),R,R,last,True,False,raw-mathys-2026-09-29-b
1.2.826.0.1.3680043.8.498.10274314637471308855247991547659839029,1.2.826.0.1.3680043.8.498.77766976116670551979942629232553368416,lat_centre,1.2.826.0.1.3680043.8.498.12564060621549655473983478121238199085,21,306.51,294.03,514.706,491.306,-125.023,-52.527,-20.451,R,geometry (median x = -180 mm),R,R,last,True,False,raw-mathys-2026-09-29-b
1.2.826.0.1.3680043.8.498.49866252311077397175807461727885923657,1.2.826.0.1.3680043.8.498.95647887673248837374073341036050591673,lat_centre,1.2.826.0.1.3680043.8.498.88021200003529095922815445567702327920,4,344.18,272.5,381.447,303.047,127.227,-66.71,-1.844,L,geometry (median x = 36 mm),L,L,first,True,False,raw-mathys-2026-09-29-b
1.2.826.0.1.3680043.8.498.62782163204193388751869649423542931657,1.2.826.0.1.3680043.8.498.67127701575821532523664382268777039524,lat_centre,1.2.826.0.1.3680043.8.498.17851774604854292285388033502129012792,5,386.15,311.25,429.056,345.833,29.927,11.473,-43.767,L,geometry (median x = 32 mm),L,L,first,True,False,raw-mathys-2026-09-29-b
1.2.826.0.1.3680043.8.498.35961087303991442751747064990497975939,1.2.826.0.1.3680043.8.498.48219404456567916739199763344020373404,lat_centre,1.2.826.0.1.3680043.8.498.63783816445270201502361753252989504942,6,357.31,316.63,321.219,282.94,107.999,7.609,-16.103,L,geometry (median x = 50 mm),L,L,first,True,False,raw-mathys-2026-09-29-b
1.2.826.0.1.3680043.8.498.11314687816975146963598226343179928616,1.2.826.0.1.3680043.8.498.91190252972033305108200535355820995939,lat_centre,1.2.826.0.1.3680043.8.498.40380401466215516317234899905676726118,23,360.32,303.71,450.4,339.637,-114.466,-51.362,-33.473,R,geometry (median x = -160 mm),R,R,last,True,False,raw-mathys-2026-09-29-b
1.2.826.0.1.3680043.8.498.16397020531009156965821242117417547331,1.2.826.0.1.3680043.8.498.10540984475026191413807822617799041591,lat_centre,1.2.826.0.1.3680043.8.498.10306437742306302627057121493593149769,5,297.9,349.99,265.9,317.99,101.442,73.131,36.646,L,the click's own position in the stack,,L,first,,False,raw-mathys-2026-09-29-b
1.2.826.0.1.3680043.8.498.10541029960718591409318399557079055927,1.2.826.0.1.3680043.8.498.95596126576996016027364861452027736293,lat_centre,1.2.826.0.1.3680043.8.498.34833477609995705900173962124098022716,3,405.52,331.7,360.462,294.844,53.583,3.588,-37.933,L,geometry (median x = 28 mm),L,L,first,True,False,raw-mathys-2026-09-29-b
1.2.826.0.1.3680043.8.498.38584486469155131627808759862008577200,1.2.826.0.1.3680043.8.498.20089692877280311505258338592867703887,lat_centre,1.2.826.0.1.3680043.8.498.80523990424097496634142260235038235671,15,312.97,300.48,279.496,267.743,-138.985,-2.497,-38.462,R,geometry (median x = -127 mm),R,R,last,True,False,raw-mathys-2026-09-29-b
1.2.826.0.1.3680043.8.498.63510378689078892579575716369639643386,1.2.826.0.1.3680043.8.498.39496989532030157851697744227887690907,lat_centre,1.2.826.0.1.3680043.8.498.66193476886897980613917353787115600932,8,327.17,304.79,372.227,342.387,96.977,-34.116,-35.031,L,the click's own position in the stack,,L,first,,False,raw-mathys-2026-09-29-b
1.2.826.0.1.3680043.8.498.38303182087206935163155565441234078389,1.2.826.0.1.3680043.8.498.32323997237906771515719220425087292546,lat_centre,1.2.826.0.1.3680043.8.498.90641197750213493745818648547032201900,6,351.71,311.25,327.71,287.25,144.496,-35.389,-36.988,L,DICOM Laterality tag,L,L,first,True,False,raw-mathys-2026-09-29-b
1.2.826.0.1.3680043.8.498.26843088620128166809417361066548447201,1.2.826.0.1.3680043.8.498.23429532435923317882737919863393787881,lat_centre,1.2.826.0.1.3680043.8.498.61059959612538388951607198297322956514,6,338.8,315.55,239.688,221.523,142.526,-37.379,-18.325,L,DICOM Laterality tag,L,L,first,True,False,raw-mathys-2026-09-29-b
1.2.826.0.1.3680043.8.498.78812661021494224637586904573732040856,1.2.826.0.1.3680043.8.498.89240427498659264185023617810117177572,lat_centre,1.2.826.0.1.3680043.8.498.79053662261849393701421633516928979524,6,353.87,311.25,632.919,555.004,129.744,-53.065,-29.202,L,the click's own position in the stack,,L,first,,False,raw-mathys-2026-09-29-b
1.2.826.0.1.3680043.8.498.43127139928509033152155587499980767364,1.2.826.0.1.3680043.8.498.11673388554859979605186616425983138537,lat_centre,1.2.826.0.1.3680043.8.498.87312335475914022603603016093659198301,18,308.66,280.04,274.364,248.924,-86.083,-1.259,-12.789,R,geometry (median x = -146 mm),R,R,last,True,False,raw-mathys-2026-09-29-b
1.2.826.0.1.3680043.8.498.30246079718471552972130572444383079911,1.2.826.0.1.3680043.8.498.73098240504448530683336388041967650671,lat_centre,1.2.826.0.1.3680043.8.498.59157283162898243784445467668707526184,16,347.41,272.5,311.903,241.415,-24.479,-26.916,-7.772,R,geometry (median x = -86 mm),R,R,last,True,False,raw-mathys-2026-09-29-b
1.2.826.0.1.3680043.8.498.12153755823296803843819361055386265595,1.2.826.0.1.3680043.8.498.58313871254257520649846427940724728250,lat_centre,1.2.826.0.1.3680043.8.498.64360006657976311216085967806789565535,7,317.27,326.31,222.867,229.93,125.398,-45.702,-7.232,L,DICOM Laterality tag,L,L,first,True,False,raw-mathys-2026-09-29-b
1.2.826.0.1.3680043.8.498.13737588520456064856233576393747389054,1.2.826.0.1.3680043.8.498.86419664226394341912550063578150639520,lat_centre,1.2.826.0.1.3680043.8.498.10860215081894337664992018833065055855,18,321.58,331.7,361.975,374.625,-77.785,71.578,-10.707,R,geometry (median x = -130 mm),R,R,last,True,False,raw-mathys-2026-09-29-b
1.2.826.0.1.3680043.8.498.17931021655186901394796168474942485728,1.2.826.0.1.3680043.8.498.37265227959941421921979555442966989419,lat_centre,1.2.826.0.1.3680043.8.498.20950697962781066071421874214771531171,8,317.27,284.34,267.441,236.569,141.997,-39.81,-12.637,L,DICOM Laterality tag,L,L,first,True,False,raw-mathys-2026-09-29-b
1.2.826.0.1.3680043.8.498.65667678378249093118816281743956646856,1.2.826.0.1.3680043.8.498.57677348651595775508988578990248724929,lat_centre,1.2.826.0.1.3680043.8.498.13011216900237515415077918266909197310,4,325.88,309.09,320.682,302.872,123.452,-30.187,-10.745,L,geometry (median x = 26 mm),L,L,first,True,False,raw-mathys-2026-09-29-b
1.2.826.0.1.3680043.8.498.98315778542448798493600485116505234132,1.2.826.0.1.3680043.8.498.19036925019599855767946820948664672173,lat_centre,1.2.826.0.1.3680043.8.498.13059309322740541032940959850135926749,4,436.74,295.1,381.741,262.478,73.24,-8.174,-31.39,L,geometry (median x = 37 mm),L,L,first,True,False,raw-mathys-2026-09-29-b
1.2.826.0.1.3680043.8.498.42768603719459834345001093623865167866,1.2.826.0.1.3680043.8.498.67368306837418441494821327515175411304,lat_centre,1.2.826.0.1.3680043.8.498.95438259905526462659809112474585650927,6,319.43,306.94,283.938,272.836,88.217,-21.459,-7.68,L,geometry (median x = 25 mm),L,L,first,True,False,raw-mathys-2026-09-29-b
1.2.826.0.1.3680043.8.498.12629372332421954368597330267888483345,1.2.826.0.1.3680043.8.498.15530256794376691030562863615998412608,lat_centre,1.2.826.0.1.3680043.8.498.67361648389567161928464620703930695716,5,269.06,311.25,238.178,277.878,132.409,-29.584,24.785,L,geometry (median x = 29 mm),L,L,first,True,False,raw-mathys-2026-09-29-b
1.2.826.0.1.3680043.8.498.82272793832748838882752586678639564181,1.2.826.0.1.3680043.8.498.10568996911457291723691785963888054957,lat_centre,1.2.826.0.1.3680043.8.498.30049343213657453943184494044577888661,18,378.62,300.48,346.62,268.48,-139.488,-13.644,2.467,R,geometry (median x = -186 mm),R,R,last,True,False,raw-mathys-2026-09-29-b
1.2.826.0.1.3680043.8.498.49025249926859976858200443939208207124,1.2.826.0.1.3680043.8.498.34185171809287602928250484465343011393,lat_centre,1.2.826.0.1.3680043.8.498.28440029387092053041507610759276436067,5,310.82,306.94,139.236,137.411,88.167,-22.131,-16.474,L,the click's own position in the stack,,L,first,,False,raw-mathys-2026-09-29-b
1.2.826.0.1.3680043.8.498.11295899132697862632905938037090529644,1.2.826.0.1.3680043.8.498.74800672226731313054975198837566895537,lat_centre,1.2.826.0.1.3680043.8.498.43013552816287667256894935375173611138,19,320.29,290.8,284.702,258.489,-109.116,5.158,-36.919,R,geometry (median x = -171 mm),R,R,last,True,False,raw-mathys-2026-09-29-b
1.2.826.0.1.3680043.8.498.91431012289716035498822977054491790785,1.2.826.0.1.3680043.8.498.11348837319065726293868690642830360104,lat_centre,1.2.826.0.1.3680043.8.498.98318654307249143448736311574973410123,32,323.73,285.42,291.73,253.42,-130.258,-10.351,-15.448,R,geometry (median x = -178 mm),R,R,last,True,False,raw-mathys-2026-09-29-b
1.2.826.0.1.3680043.8.498.67981157392064878495682078197161506255,1.2.826.0.1.3680043.8.498.12875804464444715918718676777232738119,lat_centre,1.2.826.0.1.3680043.8.498.82782324116270918403387713995817104553,5,394.98,314.48,493.725,353.1,32.286,12.513,-8.709,L,the click's own position in the stack,,L,first,,False,raw-mathys-2026-09-29-b
1.2.826.0.1.3680043.8.498.10777331080659372520952742261140923555,1.2.826.0.1.3680043.8.498.11493999921664082701311531600481669421,lat_centre,1.2.826.0.1.3680043.8.498.94492211701570048316785788557471204277,7,306.94,259.59,423.675,284.487,31.782,7.234,-5.919,R,geometry (median x = -30 mm),R,L,first,False,False,raw-mathys-2026-09-29-b
1.2.826.0.1.3680043.8.498.64865300853258390816475799272221318005,1.2.826.0.1.3680043.8.498.13358365066105430052213057181379916862,lat_centre,1.2.826.0.1.3680043.8.498.10802622628141921844612325108242987005,6,373.24,299.41,341.24,267.41,30.909,13.312,-25.264,L,DICOM Laterality tag,L,L,first,True,False,raw-mathys-2026-09-29-b
1.2.826.0.1.3680043.8.498.61490475141024845836646569993549106628,1.2.826.0.1.3680043.8.498.11336772815748586935248588097928611989,lat_centre,1.2.826.0.1.3680043.8.498.58851436085568204890677001531442590450,19,351.71,255.28,412.771,281.599,-113.495,-61.742,-8.121,R,geometry (median x = -154 mm),R,R,last,True,False,raw-mathys-2026-09-29-b
1.2.826.0.1.3680043.8.498.12700591955254168977239658917260628326,1.2.826.0.1.3680043.8.498.12259637805167211593153902175326299229,lat_centre,1.2.826.0.1.3680043.8.498.97011157967153576928422180322950713223,5,333.42,280.04,376.775,310.05,93.478,7.497,-44.678,L,geometry (median x = 32 mm),L,L,first,True,False,raw-mathys-2026-09-29-b
1.2.826.0.1.3680043.8.498.11498845504486569595587386245872511981,1.2.826.0.1.3680043.8.498.93963850774532523432917071677292116264,lat_centre,1.2.826.0.1.3680043.8.498.76516020210760236476426393493122707403,21,322.65,294.03,363.312,327.537,-113.656,-56.35,-23.0,R,geometry (median x = -158 mm),R,R,last,True,False,raw-mathys-2026-09-29-b
1.2.826.0.1.3680043.8.498.52098249444968803324423421624756966294,1.2.826.0.1.3680043.8.498.12416482268219306644386675076879779456,lat_centre,1.2.826.0.1.3680043.8.498.95521344423930480922425014020162827317,20,314.26,297.26,352.825,331.575,-121.754,-53.648,-24.941,R,geometry (median x = -164 mm),R,R,last,True,False,raw-mathys-2026-09-29-b
1.2.826.0.1.3680043.8.498.62205799963299902160268565319924399775,1.2.826.0.1.3680043.8.498.45178786555424190880929564372254418064,lat_centre,1.2.826.0.1.3680043.8.498.37065794117888583658001633115269056008,5,336.65,298.33,395.096,332.123,127.437,-43.403,-17.803,L,the click's own position in the stack,,L,first,,False,raw-mathys-2026-09-29-b
1.2.826.0.1.3680043.8.498.34076627216941578548083498328399240999,1.2.826.0.1.3680043.8.498.86398155169574326696974092366869024821,lat_centre,1.2.826.0.1.3680043.8.498.12531438794150251600556872403144313843,27,337.72,303.71,386.293,340.947,-117.812,-38.947,-46.611,R,geometry (median x = -171 mm),R,R,last,True,False,raw-mathys-2026-09-29-b
1.2.826.0.1.3680043.8.498.15744573360087157139672078937679122840,1.2.826.0.1.3680043.8.498.76182665159350749354843871769685251589,lat_centre,1.2.826.0.1.3680043.8.498.11244624763775624687914428524419942179,19,325.02,290.8,366.275,323.5,-110.435,-42.555,-11.817,R,geometry (median x = -160 mm),R,R,last,True,False,raw-mathys-2026-09-29-b
1.2.826.0.1.3680043.8.498.52844966504845792334740560021996858939,1.2.826.0.1.3680043.8.498.33505481496959745564562856997526083746,lat_centre,1.2.826.0.1.3680043.8.498.13166892562891130584590081922677827649,17,378.62,267.12,420.689,296.8,-110.24,-17.87,-30.819,R,geometry (median x = -102 mm),R,R,last,True,False,raw-mathys-2026-09-29-b
1.2.826.0.1.3680043.8.498.13269841239774089690227054060975903636,1.2.826.0.1.3680043.8.498.81078816884385454543719892685118527297,lat_centre,1.2.826.0.1.3680043.8.498.27220229441789267093575303446936057214,16,392.61,302.64,436.233,336.267,-113.169,10.173,-26.035,R,geometry (median x = -113 mm),R,R,last,True,False,raw-mathys-2026-09-29-b
1.2.826.0.1.3680043.8.498.26351577824204863242390892891061594387,1.2.826.0.1.3680043.8.498.96674860996504773679186944112298381801,med_centre,1.2.826.0.1.3680043.8.498.11913960099406470570708110904517707443,24,424.81,278.87,673.904,433.458,51.245,-61.134,-12.789,L,DICOM Laterality tag,L,L,first,True,False,raw-mathys-med-2026-10-02
1.2.826.0.1.3680043.8.498.50248717336781045512984550029203786086,1.2.826.0.1.3680043.8.498.71531823989276758165331987858551456913,med_centre,1.2.826.0.1.3680043.8.498.29435613609431796773663895067350523684,23,330.74,296.85,467.233,414.75,56.276,-37.704,-21.454,L,DICOM Laterality tag,L,L,first,True,False,raw-mathys-med-2026-10-02
1.2.826.0.1.3680043.8.498.47925688677871325890380893763458019552,1.2.826.0.1.3680043.8.498.50184111248572597456516210989163877486,med_centre,1.2.826.0.1.3680043.8.498.10561216856638602531048382214279368956,26,331.44,283.71,188.96,157.14,87.546,-40.4,-10.812,L,DICOM Laterality tag,L,L,first,True,False,raw-mathys-med-2026-10-02
1.2.826.0.1.3680043.8.498.10143536655047216390592811329604738314,1.2.826.0.1.3680043.8.498.11409940927618962354373278521471165954,med_centre,1.2.826.0.1.3680043.8.498.13075622962307884671458794573807510626,6,356.33,262.27,324.33,230.27,-43.455,-22.392,-28.617,R,DICOM Laterality tag,R,R,last,True,False,raw-mathys-med-2026-10-02
1.2.826.0.1.3680043.8.498.83509478059288902959149676250911654986,1.2.826.0.1.3680043.8.498.89116126151068379633097459199866156428,med_centre,1.2.826.0.1.3680043.8.498.51762208160974584154638956797578806478,9,318.99,291.32,258.917,235.33,-60.553,5.029,-10.692,R,DICOM Laterality tag,R,R,last,True,False,raw-mathys-med-2026-10-02
1.2.826.0.1.3680043.8.498.56385473079196655120993854770623075553,1.2.826.0.1.3680043.8.498.11611380071666893601563322094429653848,med_centre,1.2.826.0.1.3680043.8.498.10891483067476944575597596517677600288,27,343.88,278.87,233.91,185.153,47.331,-30.357,-0.132,L,DICOM Laterality tag,L,L,first,True,False,raw-mathys-med-2026-10-02
1.2.826.0.1.3680043.8.498.58346459085553680879151588730895136332,1.2.826.0.1.3680043.8.498.64845052358433086149120315521738084627,med_centre,1.2.826.0.1.3680043.8.498.10900011973337036011256528772356129058,5,360.48,278.18,583.771,430.173,-44.567,-55.735,-26.906,R,DICOM Laterality tag,R,R,last,True,False,raw-mathys-med-2026-10-02
1.2.826.0.1.3680043.8.498.10432568348356281020515782178064869805,1.2.826.0.1.3680043.8.498.12862771526670808608904605078864426170,med_centre,1.2.826.0.1.3680043.8.498.34131250653570104103516056198757975695,24,377.08,303.08,269.594,211.781,85.376,-64.753,8.542,L,DICOM Laterality tag,L,L,first,True,False,raw-mathys-med-2026-10-02
1.2.826.0.1.3680043.8.498.18092766733837308394607532608319746043,1.2.826.0.1.3680043.8.498.12634367675822811374273849655485884755,med_centre,1.2.826.0.1.3680043.8.498.70526784425152789436109777053682714754,7,372.93,227.0,252.511,149.398,-83.968,-38.122,-5.343,R,DICOM Laterality tag,R,R,last,True,False,raw-mathys-med-2026-10-02
1.2.826.0.1.3680043.8.498.23703817737293327679300330167234268929,1.2.826.0.1.3680043.8.498.72244206582468511055201973555490859607,med_centre,1.2.826.0.1.3680043.8.498.90032085296649173668804787216803586150,9,320.37,269.19,508.913,413.395,-16.443,-6.336,26.773,R,DICOM Laterality tag,R,R,last,True,False,raw-mathys-med-2026-10-02
1.2.826.0.1.3680043.8.498.12987428318535758055829100395092244687,1.2.826.0.1.3680043.8.498.10719311413560785992590737290801120809,med_centre,1.2.826.0.1.3680043.8.498.27168094274976876048622811912165425374,27,351.49,212.47,239.618,135.352,40.774,-35.503,9.794,L,DICOM Laterality tag,L,L,first,True,False,raw-mathys-med-2026-10-02
1.2.826.0.1.3680043.8.498.98752901295449528283322564256444025625,1.2.826.0.1.3680043.8.498.97470135045231699348168165829089782328,med_centre,1.2.826.0.1.3680043.8.498.11929505387261653927268678312578794836,6,311.38,263.65,432.472,366.181,-79.204,-59.01,56.341,R,DICOM Laterality tag,R,R,last,True,False,raw-mathys-med-2026-10-02
1.2.826.0.1.3680043.8.498.59426134288436219215525445839849588348,1.2.826.0.1.3680043.8.498.12128341906874561271843580355215208028,med_centre,1.2.826.0.1.3680043.8.498.99748683790715924080424879015598071717,26,314.84,238.76,498.592,356.602,61.091,-61.413,-48.698,L,DICOM Laterality tag,L,L,first,True,False,raw-mathys-med-2026-10-02
1.2.826.0.1.3680043.8.498.46700895961751940291334058396794206479,1.2.826.0.1.3680043.8.498.94778906892265843768218055788860870259,med_centre,1.2.826.0.1.3680043.8.498.10740426101509119105200741825673474242,8,334.2,265.73,278.5,221.442,-54.147,58.566,-57.383,R,DICOM Laterality tag,R,R,last,True,False,raw-mathys-med-2026-10-02
1.2.826.0.1.3680043.8.498.11915937982684988073644209606907169581,1.2.826.0.1.3680043.8.498.71284507741504130254010428167357512908,med_centre,1.2.826.0.1.3680043.8.498.87350398563215259205701042501753225548,7,340.43,261.58,231.322,172.185,-74.643,-33.434,9.56,R,DICOM Laterality tag,R,R,last,True,False,raw-mathys-med-2026-10-02
1.2.826.0.1.3680043.8.498.12765434812409174436720333864278447770,1.2.826.0.1.3680043.8.498.11901673435198341845898956964320977795,med_centre,1.2.826.0.1.3680043.8.498.10811774718056304145951989112849614152,27,307.23,265.73,172.019,146.081,51.768,-19.568,-18.86,L,DICOM Laterality tag,L,L,first,True,False,raw-mathys-med-2026-10-02
1.2.826.0.1.3680043.8.498.31482725509752510642857072190147133461,1.2.826.0.1.3680043.8.498.45564313869439111113290360368037245527,med_centre,1.2.826.0.1.3680043.8.498.79682776917037490610530934241005670573,26,332.82,285.79,225.615,190.343,57.834,-29.282,10.335,L,DICOM Laterality tag,L,L,first,True,False,raw-mathys-med-2026-10-02
1.2.826.0.1.3680043.8.498.67284681623851829916403311739987186159,1.2.826.0.1.3680043.8.498.15423333056365846753634300181023910407,med_centre,1.2.826.0.1.3680043.8.498.11608601193390904548212380742552548360,21,390.92,303.08,392.569,296.494,75.481,-57.412,-15.876,L,DICOM Laterality tag,L,L,first,True,False,raw-mathys-med-2026-10-02
1.2.826.0.1.3680043.8.498.41587640208769641326416798167574152049,1.2.826.0.1.3680043.8.498.47158657277873538940752615960387390178,med_centre,1.2.826.0.1.3680043.8.498.41007680301297361427391988175667531240,7,344.58,296.85,390.725,331.062,-58.933,-8.656,-19.657,R,DICOM Laterality tag,R,R,last,True,False,raw-mathys-med-2026-10-02
1.2.826.0.1.3680043.8.498.53025489296610571044246428509154950855,1.2.826.0.1.3680043.8.498.95214721646826708158720693660974583961,med_centre,1.2.826.0.1.3680043.8.498.17456801129801718034590114914981562389,8,388.84,272.65,267.63,180.487,-53.01,-12.132,-20.481,R,DICOM Laterality tag,R,R,last,True,False,raw-mathys-med-2026-10-02
1.2.826.0.1.3680043.8.498.74714018385278253151175853998945654373,1.2.826.0.1.3680043.8.498.53211051985426633949463280825085920960,med_centre,1.2.826.0.1.3680043.8.498.54312490341247972939405870677728952165,24,314.14,317.6,220.422,223.125,89.735,-51.018,-25.072,L,DICOM Laterality tag,L,L,first,True,False,raw-mathys-med-2026-10-02
1.2.826.0.1.3680043.8.498.68304853223764870957854101604223809218,1.2.826.0.1.3680043.8.498.10691364585849580554421330988389048401,med_centre,1.2.826.0.1.3680043.8.498.98712970189136873662505346639592616409,6,327.98,241.52,221.985,157.14,-50.196,-37.289,-4.449,R,DICOM Laterality tag,R,R,last,True,False,raw-mathys-med-2026-10-02
1.2.826.0.1.3680043.8.498.27184343589256623289925252380526385858,1.2.826.0.1.3680043.8.498.70188212361538589785223436171200278071,med_centre,1.2.826.0.1.3680043.8.498.76220977207993875018723098468168964812,22,379.85,294.78,211.028,163.767,44.875,6.008,-47.419,L,DICOM Laterality tag,L,L,first,True,False,raw-mathys-med-2026-10-02
1.2.826.0.1.3680043.8.498.99813269006669714758887909212386431934,1.2.826.0.1.3680043.8.498.55075381196663522697202704870355310884,med_centre,1.2.826.0.1.3680043.8.498.19164190089981128059681362318709022651,24,383.31,297.54,274.461,207.453,87.196,-50.514,-34.613,L,DICOM Laterality tag,L,L,first,True,False,raw-mathys-med-2026-10-02
1.2.826.0.1.3680043.8.498.64752580249608101443758975861213065048,1.2.826.0.1.3680043.8.498.85425071758173895031556449522651678168,med_centre,1.2.826.0.1.3680043.8.498.57487859268581303508420996603015283886,8,381.93,285.79,552.55,396.317,-57.829,-40.017,-48.782,R,DICOM Laterality tag,R,R,last,True,False,raw-mathys-med-2026-10-02
1.2.826.0.1.3680043.8.498.55061039227197546099231336400032878562,1.2.826.0.1.3680043.8.498.27880980106461599712562949123367235748,med_centre,1.2.826.0.1.3680043.8.498.12327940903981889980332879151889448571,10,383.31,266.42,212.95,148.011,-65.629,-20.372,-29.784,R,DICOM Laterality tag,R,R,last,True,False,raw-mathys-med-2026-10-02
1.2.826.0.1.3680043.8.498.11382021393803389951964005983002209238,1.2.826.0.1.3680043.8.498.91903627435354016135777336404933338336,med_centre,1.2.826.0.1.3680043.8.498.81142780782502031078610580617522206249,21,354.95,271.95,403.688,299.938,46.64,-20.301,-0.361,L,DICOM Laterality tag,L,L,first,True,False,raw-mathys-med-2026-10-02
1.2.826.0.1.3680043.8.498.67498362978754615554767658151787188674,1.2.826.0.1.3680043.8.498.12556389596317049931980418068213540723,med_centre,1.2.826.0.1.3680043.8.498.66683969698381998299193974428692421297,6,304.46,235.99,245.845,190.332,-44.123,-46.515,16.221,R,DICOM Laterality tag,R,R,last,True,False,raw-mathys-med-2026-10-02
1.2.826.0.1.3680043.8.498.65977711270942843864266358352913175672,1.2.826.0.1.3680043.8.498.11845701396401829270308980769058514482,med_centre,1.2.826.0.1.3680043.8.498.12333662954020703183891118529138528014,7,302.39,274.72,295.739,265.475,-75.402,-68.834,-36.445,R,DICOM Laterality tag,R,R,last,True,False,raw-mathys-med-2026-10-02
1.2.826.0.1.3680043.8.498.38981318408220047366318316620365040799,1.2.826.0.1.3680043.8.498.11388328869194382821102584221214456275,med_centre,1.2.826.0.1.3680043.8.498.21129372490935253790292106028170124705,23,372.24,262.27,206.8,145.706,58.557,3.261,-33.271,L,DICOM Laterality tag,L,L,first,True,False,raw-mathys-med-2026-10-02
1.2.826.0.1.3680043.8.498.89423600201830685256510321877396547497,1.2.826.0.1.3680043.8.498.11244404913868331637421697086402685108,med_centre,1.2.826.0.1.3680043.8.498.16975937142271772396307065832010172113,7,340.43,242.21,472.819,336.403,-81.475,-49.121,4.245,R,DICOM Laterality tag,R,R,last,True,False,raw-mathys-med-2026-10-02
1.2.826.0.1.3680043.8.498.18389676218363070462526838642303976332,1.2.826.0.1.3680043.8.498.11534431000967639894324482743361512739,med_centre,1.2.826.0.1.3680043.8.498.22112943840826229806058259715104684506,27,337.66,281.64,229.245,187.23,51.042,-16.612,-9.57,L,DICOM Laterality tag,L,L,first,True,False,raw-mathys-med-2026-10-02
1.2.826.0.1.3680043.8.498.13173050135651736408720687361834045815,1.2.826.0.1.3680043.8.498.26888972423610830962426547991122357124,med_centre,1.2.826.0.1.3680043.8.498.43457692555604518498079128929188689068,25,343.19,296.16,194.494,165.1,49.862,-19.928,-23.185,L,DICOM Laterality tag,L,L,first,True,False,raw-mathys-med-2026-10-02
1.2.826.0.1.3680043.8.498.24555528844026121007453886375651403314,1.2.826.0.1.3680043.8.498.11236109009719282400843886712346073372,med_centre,1.2.826.0.1.3680043.8.498.13344469695552965548211207976845620438,22,393.68,280.95,572.133,388.25,60.62,-42.861,-56.429,L,DICOM Laterality tag,L,L,first,True,False,raw-mathys-med-2026-10-02
1.2.826.0.1.3680043.8.498.61956863718716027369068406125965902569,1.2.826.0.1.3680043.8.498.19032935397356062721572728429462433090,med_centre,1.2.826.0.1.3680043.8.498.98720830682919848746755772090202624526,8,313.45,223.54,174.139,124.189,-34.389,-12.12,13.318,R,DICOM Laterality tag,R,R,last,True,False,raw-mathys-med-2026-10-02
1.2.826.0.1.3680043.8.498.88753415430913291809543943690942744997,1.2.826.0.1.3680043.8.498.68693625313866118434356556638774004302,med_centre,1.2.826.0.1.3680043.8.498.71939789650208784646018384141442271726,24,311.38,284.4,487.02,442.569,69.039,-57.921,-29.303,L,DICOM Laterality tag,L,L,first,True,False,raw-mathys-med-2026-10-02
1.2.826.0.1.3680043.8.498.65855247249608663104822603172047250057,1.2.826.0.1.3680043.8.498.10434437183731503926318092924693084202,med_centre,1.2.826.0.1.3680043.8.498.44857445681342451436044889231564763269,7,330.74,298.93,459.361,415.181,-73.556,-56.576,0.396,R,DICOM Laterality tag,R,R,last,True,False,raw-mathys-med-2026-10-02
1.2.826.0.1.3680043.8.498.85416107585703628549041626609272707431,1.2.826.0.1.3680043.8.498.83220999489977215221294519339762508279,med_centre,1.2.826.0.1.3680043.8.498.10668689350045057078933798639253239581,10,302.39,286.48,161.619,151.537,-65.588,-46.444,1.376,R,DICOM Laterality tag,R,R,last,True,False,raw-mathys-med-2026-10-02
1.2.826.0.1.3680043.8.498.11334486185870324597335039163116965763,1.2.826.0.1.3680043.8.498.10542909974403142221156925524724670711,med_centre,1.2.826.0.1.3680043.8.498.34237685039471661944900425506021899705,13,335.59,283.02,188.509,157.569,-76.871,-17.338,-6.553,R,DICOM Laterality tag,R,R,last,True,False,raw-mathys-med-2026-10-02
1.2.826.0.1.3680043.8.498.76538737802277241976971950690663079376,1.2.826.0.1.3680043.8.498.13119020158544897993659688688817326204,med_centre,1.2.826.0.1.3680043.8.498.11088190028752954617552964331469399723,15,341.12,256.05,189.511,142.25,56.726,-12.041,22.552,L,DICOM Laterality tag,L,L,first,True,False,raw-mathys-med-2026-10-02
1.2.826.0.1.3680043.8.498.10829579914809383212986717269028170263,1.2.826.0.1.3680043.8.498.24206883750835725474267122972011106945,med_centre,1.2.826.0.1.3680043.8.498.75715695381671811485492609121590829093,23,321.75,280.95,184.582,155.47,53.193,-7.497,-12.231,L,DICOM Laterality tag,L,L,first,True,False,raw-mathys-med-2026-10-02
1.2.826.0.1.3680043.8.498.74872419726042767543822107291861307866,1.2.826.0.1.3680043.8.498.77579609804677320689204666751079543657,med_centre,1.2.826.0.1.3680043.8.498.51409151014697827995654237338961775912,9,379.16,256.05,526.611,355.625,-77.465,-46.592,-35.455,R,DICOM Laterality tag,R,R,last,True,False,raw-mathys-med-2026-10-02
1.2.826.0.1.3680043.8.498.46825768767498441994570613185981335949,1.2.826.0.1.3680043.8.498.26168529167492981747184752024253723144,med_centre,1.2.826.0.1.3680043.8.498.87965305832832465268260465064745161094,8,385.38,288.55,588.724,416.953,-58.35,-63.308,-30.719,R,DICOM Laterality tag,R,R,last,True,False,raw-mathys-med-2026-10-02
1.2.826.0.1.3680043.8.498.11723286647024326363349453996818420374,1.2.826.0.1.3680043.8.498.46404640525097166232488759105882449606,med_centre,1.2.826.0.1.3680043.8.498.50607048895910850233929324881658174266,23,326.59,308.61,220.942,207.458,53.013,-15.465,-18.158,L,DICOM Laterality tag,L,L,first,True,False,raw-mathys-med-2026-10-02
1.2.826.0.1.3680043.8.498.60473167624534682552272469123806503959,1.2.826.0.1.3680043.8.498.39343940764939597791653233042185906809,med_centre,1.2.826.0.1.3680043.8.498.29079202183298657364660653349695592831,7,293.39,292.7,162.994,162.611,-26.244,2.675,-24.693,R,DICOM Laterality tag,R,R,last,True,False,raw-mathys-med-2026-10-02
1.2.826.0.1.3680043.8.498.68969263295435881669720950631709959471,1.2.826.0.1.3680043.8.498.11337729390209490819525006507805453550,med_centre,1.2.826.0.1.3680043.8.498.10119716439570534246072612779436835582,9,377.08,303.08,258.81,203.31,-51.263,-7.607,-63.561,R,DICOM Laterality tag,R,R,last,True,False,raw-mathys-med-2026-10-02
1.2.826.0.1.3680043.8.498.68328371080087298795966933114044350359,1.2.826.0.1.3680043.8.498.12162807264830476201820384084829011924,med_centre,1.2.826.0.1.3680043.8.498.10073561028093213480074564213938670841,23,345.96,249.82,153.76,111.031,39.367,-5.048,-37.155,L,DICOM Laterality tag,L,L,first,True,False,raw-mathys-med-2026-10-02
1.2.826.0.1.3680043.8.498.38056024157303576597111203925091929489,1.2.826.0.1.3680043.8.498.80105575159193880261797234483575077562,med_centre,1.2.826.0.1.3680043.8.498.77290974194909726326083911507870430722,18,368.09,263.65,652.797,469.845,-150.439,-60.249,-30.293,L,DICOM Laterality tag,L,L,first,True,False,raw-mathys-med-2026-10-02
1.2.826.0.1.3680043.8.498.49481811111224238761880576486796603139,1.2.826.0.1.3680043.8.498.66423208355433230860832897014234953799,med_centre,1.2.826.0.1.3680043.8.498.10742933925998705089601782622386021912,8,322.44,293.39,181.525,163.369,-36.949,-14.534,-20.748,R,DICOM Laterality tag,R,R,last,True,False,raw-mathys-med-2026-10-02
1.2.826.0.1.3680043.8.498.12824438254096860470348581093672563751,1.2.826.0.1.3680043.8.498.22423481667587071732768233817141384558,med_centre,1.2.826.0.1.3680043.8.498.32117473213798825184092829945532379590,24,340.43,262.96,269.876,202.09,51.712,-28.017,-23.733,L,DICOM Laterality tag,L,L,first,True,False,raw-mathys-med-2026-10-02
1.2.826.0.1.3680043.8.498.13042847643086819857036458569632034999,1.2.826.0.1.3680043.8.498.88024536087331137445546377833764880721,med_centre,1.2.826.0.1.3680043.8.498.64595098853788016432849922185059299496,7,366.02,288.55,417.525,320.688,-63.303,-23.339,-43.971,R,DICOM Laterality tag,R,R,last,True,False,raw-mathys-med-2026-10-02
1.2.826.0.1.3680043.8.498.79565393323323007178523850093527250842,1.2.826.0.1.3680043.8.498.24370456519764002841561390995439205373,med_centre,1.2.826.0.1.3680043.8.498.61813958067781672650720069292341912425,21,354.95,240.83,507.583,321.383,60.959,-73.005,-10.405,L,DICOM Laterality tag,L,L,first,True,False,raw-mathys-med-2026-10-02
1.2.826.0.1.3680043.8.498.90227414485305096825508911050013279704,1.2.826.0.1.3680043.8.498.25683286594782661132291696701214661713,med_centre,1.2.826.0.1.3680043.8.498.48139236392950095062333192320191420495,23,352.18,280.95,328.18,256.95,84.999,-42.927,-27.643,L,DICOM Laterality tag,L,L,first,True,False,raw-mathys-med-2026-10-02
1.2.826.0.1.3680043.8.498.89935384074170571164295050203650829722,1.2.826.0.1.3680043.8.498.13386579724675773020342929098138893284,med_centre,1.2.826.0.1.3680043.8.498.32877558274347237417644039202410049040,7,410.97,258.81,284.228,170.108,-53.247,-10.29,-40.283,R,DICOM Laterality tag,R,R,last,True,False,raw-mathys-med-2026-10-02
1.2.826.0.1.3680043.8.498.45072896942121803896760563154385918032,1.2.826.0.1.3680043.8.498.45377129434639142257390125991722644142,med_centre,1.2.826.0.1.3680043.8.498.28420000160692766946889114686643506228,18,382.62,281.64,467.975,344.205,90.475,-61.26,-9.201,L,DICOM Laterality tag,L,L,first,True,False,raw-mathys-med-2026-10-02
1.2.826.0.1.3680043.8.498.23043120269252616884307662769766701449,1.2.826.0.1.3680043.8.498.86012814429464121056174275143820312401,med_centre,1.2.826.0.1.3680043.8.498.58713144078604830235571385798524325902,28,357.72,263.65,206.48,143.767,82.006,-50.967,-13.937,L,DICOM Laterality tag,L,L,first,True,False,raw-mathys-med-2026-10-02
1.2.826.0.1.3680043.8.498.79267465462008228906382361587050826784,1.2.826.0.1.3680043.8.498.48337862714240178292811025027436824962,med_centre,1.2.826.0.1.3680043.8.498.70622652444520532537898616562967020704,10,343.88,292.7,233.91,195.525,-88.852,-14.807,-11.905,R,DICOM Laterality tag,R,R,last,True,False,raw-mathys-med-2026-10-02
1.2.826.0.1.3680043.8.498.59954207362160100069708115719895503197,1.2.826.0.1.3680043.8.498.10062461076000933362424628266183945811,med_centre,1.2.826.0.1.3680043.8.498.54984994180792215254151858932585027850,26,337.66,285.79,454.593,381.381,43.16,-15.179,-29.253,L,DICOM Laterality tag,L,L,first,True,False,raw-mathys-med-2026-10-02
1.2.826.0.1.3680043.8.498.93728117237268000947508816107096388086,1.2.826.0.1.3680043.8.498.21019285569066037405691124338811870024,med_centre,1.2.826.0.1.3680043.8.498.19877694152938162384935016436103112337,7,343.19,299.62,551.502,470.187,-52.304,-38.459,-26.097,R,DICOM Laterality tag,R,R,last,True,False,raw-mathys-med-2026-10-02
1.2.826.0.1.3680043.8.498.12553455350653672209409408595948190982,1.2.826.0.1.3680043.8.498.11555518967023812255872897926338992641,med_centre,1.2.826.0.1.3680043.8.498.80385201984198764775450104648515806623,21,327.98,188.96,411.151,309.207,6.367,-11.433,24.987,L,DICOM Laterality tag,L,L,first,True,False,raw-mathys-med-2026-10-02
1.2.826.0.1.3680043.8.498.45968957856865486437256472516713628614,1.2.826.0.1.3680043.8.498.32757549991898480192262510893769798869,med_centre,1.2.826.0.1.3680043.8.498.73984411554491040079068990833111967556,8,291.32,286.48,453.97,445.996,-64.619,-56.867,11.192,R,DICOM Laterality tag,R,R,last,True,False,raw-mathys-med-2026-10-02
1.2.826.0.1.3680043.8.498.19197037365998103318720742154440921358,1.2.826.0.1.3680043.8.498.54619743366900864821089219777681777241,med_centre,1.2.826.0.1.3680043.8.498.42803050138157849303288833866064241044,7,284.4,253.28,229.431,202.904,-10.94,-11.553,-26.316,R,DICOM Laterality tag,R,R,last,True,False,raw-mathys-med-2026-10-02
1.2.826.0.1.3680043.8.498.12553010776519233077752150342664160826,1.2.826.0.1.3680043.8.498.46993622175764294061913442689518216662,med_centre,1.2.826.0.1.3680043.8.498.88078061725189203659970463214463718500,9,353.57,293.39,301.472,245.053,-92.213,-41.241,-36.534,R,DICOM Laterality tag,R,R,last,True,False,raw-mathys-med-2026-10-02
1.2.826.0.1.3680043.8.498.36131369236532190338276701919104598475,1.2.826.0.1.3680043.8.498.13156006894964793586674452905449295705,med_centre,1.2.826.0.1.3680043.8.498.67950081833142793669957726924325873672,20,333.51,242.9,376.887,263.625,32.554,-21.475,-29.325,L,DICOM Laterality tag,L,L,first,True,False,raw-mathys-med-2026-10-02
1.2.826.0.1.3680043.8.498.87560916423885591029120178291827033868,1.2.826.0.1.3680043.8.498.11943900250842666704550057813255762090,med_centre,1.2.826.0.1.3680043.8.498.10229925643463773143104168618927291776,17,383.31,302.39,357.598,271.339,-27.66,18.384,-62.996,L,DICOM Laterality tag,L,L,first,True,False,raw-mathys-med-2026-10-02
1.2.826.0.1.3680043.8.498.11506642732332295874076832453198901115,1.2.826.0.1.3680043.8.498.23012285169187003454581778719951147121,med_centre,1.2.826.0.1.3680043.8.498.53487639597487188850306250784665583408,12,395.76,303.77,307.813,236.266,-49.503,-36.935,-56.281,R,DICOM Laterality tag,R,R,last,True,False,raw-mathys-med-2026-10-02
1.2.826.0.1.3680043.8.498.43967752580489865323542041346927244370,1.2.826.0.1.3680043.8.498.11250269653635349864572039008259600900,med_centre,1.2.826.0.1.3680043.8.498.56707663473759486218359606712475081761,7,294.09,271.26,237.691,218.23,-51.648,-11.289,-54.04,R,DICOM Laterality tag,R,R,last,True,False,raw-mathys-med-2026-10-02
1.2.826.0.1.3680043.8.498.78574437345603052437892513165832297960,1.2.826.0.1.3680043.8.498.12984100461844299299126160979121635428,med_centre,1.2.826.0.1.3680043.8.498.50394909507790992817221847405035157165,24,382.62,263.65,518.052,350.131,41.345,4.367,-58.544,L,DICOM Laterality tag,L,L,first,True,False,raw-mathys-med-2026-10-02
1.2.826.0.1.3680043.8.498.35526385429946467546636621603749416429,1.2.826.0.1.3680043.8.498.46272407953527446422420930984860569492,med_centre,1.2.826.0.1.3680043.8.498.89054391432911896966710613042145833232,6,306.54,265.04,205.905,174.78,-49.887,-34.0,-32.461,R,DICOM Laterality tag,R,R,last,True,False,raw-mathys-med-2026-10-02
1.2.826.0.1.3680043.8.498.90764713690393618577990540005126771712,1.2.826.0.1.3680043.8.498.55699851854079148212842906508381094797,med_centre,1.2.826.0.1.3680043.8.498.27284126363548824134029991028304667390,26,330.05,285.79,188.033,158.527,69.995,-20.663,-16.983,L,DICOM Laterality tag,L,L,first,True,False,raw-mathys-med-2026-10-02
1.2.826.0.1.3680043.8.498.37833587429731221455928642963031995680,1.2.826.0.1.3680043.8.498.24027939485299249865408996288050986555,med_centre,1.2.826.0.1.3680043.8.498.34294595009681928555274935701173715964,6,308.61,266.42,224.746,190.466,-68.461,-32.072,2.651,R,DICOM Laterality tag,R,R,last,True,False,raw-mathys-med-2026-10-02
1.2.826.0.1.3680043.8.498.51426696939581135481763379246368970360,1.2.826.0.1.3680043.8.498.11893732387470280974464876066930374509,med_centre,1.2.826.0.1.3680043.8.498.13106414005077234631226114350856704440,8,368.78,289.94,252.585,193.455,-52.867,-26.775,-10.508,R,DICOM Laterality tag,R,R,last,True,False,raw-mathys-med-2026-10-02
1.2.826.0.1.3680043.8.498.34206043272866138622475050809785944941,1.2.826.0.1.3680043.8.498.29448313663492694744412304610626305465,med_centre,1.2.826.0.1.3680043.8.498.12765842929320172603861410014325935354,20,334.89,251.9,186.05,139.944,79.625,3.41,-35.391,L,DICOM Laterality tag,L,L,first,True,False,raw-mathys-med-2026-10-02
1.2.826.0.1.3680043.8.498.74688733778107958348746767768064374883,1.2.826.0.1.3680043.8.498.30922608911708960383802926414132141395,med_centre,1.2.826.0.1.3680043.8.498.62275038204614253190805457310769969038,21,351.49,252.59,399.363,275.738,44.975,-25.761,-25.078,L,DICOM Laterality tag,L,L,first,True,False,raw-mathys-med-2026-10-02
1.2.826.0.1.3680043.8.498.54030363830629950591221870797594277092,1.2.826.0.1.3680043.8.498.82366608131282271044299469149685051883,med_centre,1.2.826.0.1.3680043.8.498.11870217326135805538695856631006110423,24,323.83,293.39,227.992,204.211,87.794,-49.845,-28.877,L,DICOM Laterality tag,L,L,first,True,False,raw-mathys-med-2026-10-02
1.2.826.0.1.3680043.8.498.56893426177755960410197244250599230068,1.2.826.0.1.3680043.8.498.12803798876611443537134123459680989921,med_centre,1.2.826.0.1.3680043.8.498.27293939301109274737639295819189806223,21,376.39,324.52,352.39,300.52,90.8,-47.829,-20.2,L,DICOM Laterality tag,L,L,first,True,False,raw-mathys-med-2026-10-02
1.2.826.0.1.3680043.8.498.18518393141873346710197645305647124682,1.2.826.0.1.3680043.8.498.68410686088458089786488118354041073133,med_centre,1.2.826.0.1.3680043.8.498.13193201595065275199456561163378093246,25,307.23,336.28,248.892,273.655,46.354,-12.347,34.803,L,DICOM Laterality tag,L,L,first,True,False,raw-mathys-med-2026-10-02
1.2.826.0.1.3680043.8.498.13068696303639759696458130704554709416,1.2.826.0.1.3680043.8.498.35887929426892981666010445863504137695,med_centre,1.2.826.0.1.3680043.8.498.89993959092745628423195610251107318432,9,295.47,263.65,238.868,211.743,-56.02,-15.064,-57.484,R,DICOM Laterality tag,R,R,last,True,False,raw-mathys-med-2026-10-02
1.2.826.0.1.3680043.8.498.11604138460812393624691789275263090511,1.2.826.0.1.3680043.8.498.12977043085895407399669296659191222802,med_centre,1.2.826.0.1.3680043.8.498.90410487327316506697261015984313551574,8,357.72,291.32,244.29,194.49,-56.466,-26.722,-41.393,R,DICOM Laterality tag,R,R,last,True,False,raw-mathys-med-2026-10-02
1.2.826.0.1.3680043.8.498.62693151030819598514729637644804213983,1.2.826.0.1.3680043.8.498.13028465092536707248894452561135886108,med_centre,1.2.826.0.1.3680043.8.498.70343014307925312806960760398326857763,7,321.06,292.7,431.163,391.134,-44.919,-19.969,1.453,R,DICOM Laterality tag,R,R,last,True,False,raw-mathys-med-2026-10-02
1.2.826.0.1.3680043.8.498.13054766954092919774634499780241210835,1.2.826.0.1.3680043.8.498.11809880785037741727076940023068911522,med_centre,1.2.826.0.1.3680043.8.498.11700967136369476434508269955698773621,18,325.9,276.1,187.543,152.009,69.665,-7.082,-42.776,L,DICOM Laterality tag,L,L,first,True,False,raw-mathys-med-2026-10-02
1.2.826.0.1.3680043.8.498.71084400653875583977681616665093993652,1.2.826.0.1.3680043.8.498.65027240114429236388834400575683429276,med_centre,1.2.826.0.1.3680043.8.498.26746724057881380575477225808183050674,24,288.55,270.57,449.526,415.97,61.346,-58.522,4.007,L,DICOM Laterality tag,L,L,first,True,False,raw-mathys-med-2026-10-02
1.2.826.0.1.3680043.8.498.81031057654953109295788159826841315360,1.2.826.0.1.3680043.8.498.73276210989115985431949558876171649881,med_centre,1.2.826.0.1.3680043.8.498.55236566374179273639508608683220804286,25,368.78,288.55,530.633,400.917,63.386,-56.208,-31.661,L,DICOM Laterality tag,L,L,first,True,False,raw-mathys-med-2026-10-02
1.2.826.0.1.3680043.8.498.36470828078108352859868482351276699300,1.2.826.0.1.3680043.8.498.89252997423388045143398863865069719380,med_centre,1.2.826.0.1.3680043.8.498.40408384513313988476290684650282550065,25,341.81,254.66,548.927,386.277,79.199,-50.892,-7.053,L,DICOM Laterality tag,L,L,first,True,False,raw-mathys-med-2026-10-02
1.2.826.0.1.3680043.8.498.11052720536194493057619720620119095739,1.2.826.0.1.3680043.8.498.70011032679948221644257986251535029294,med_centre,1.2.826.0.1.3680043.8.498.35529697824153653457456417674310859544,8,321.06,302.39,216.795,202.792,-70.053,-7.794,-27.554,R,DICOM Laterality tag,R,R,last,True,False,raw-mathys-med-2026-10-02
1.2.826.0.1.3680043.8.498.97107472223824971578324157203273471706,1.2.826.0.1.3680043.8.498.12315475229150265212576423408888578018,med_centre,1.2.826.0.1.3680043.8.498.59827267477250273839165815131953873644,26,317.6,262.27,232.05,187.094,51.111,-6.581,-48.256,L,DICOM Laterality tag,L,L,first,True,False,raw-mathys-med-2026-10-02
1.2.826.0.1.3680043.8.498.20266523169651039493799975212435349766,1.2.826.0.1.3680043.8.498.50647908153013537700151417449987949262,med_centre,1.2.826.0.1.3680043.8.498.11213308101899149191060026779206279394,19,370.17,271.95,253.627,179.962,49.553,-13.071,-39.937,L,DICOM Laterality tag,L,L,first,True,False,raw-mathys-med-2026-10-02
1.2.826.0.1.3680043.8.498.58381033890285289577066078050126251787,1.2.826.0.1.3680043.8.498.42989814437207837546707479511850861608,med_centre,1.2.826.0.1.3680043.8.498.26792731964684689580129765892269661272,26,327.29,292.7,513.233,456.244,54.349,-55.301,-23.298,L,DICOM Laterality tag,L,L,first,True,False,raw-mathys-med-2026-10-02
1.2.826.0.1.3680043.8.498.89720428711655200442262503508409163392,1.2.826.0.1.3680043.8.498.50888617151315847228192334012755793236,med_centre,1.2.826.0.1.3680043.8.498.82767756927503618679759582644436048870,7,360.48,269.19,583.771,413.395,-59.098,-42.484,-33.866,R,DICOM Laterality tag,R,R,last,True,False,raw-mathys-med-2026-10-02
1.2.826.0.1.3680043.8.498.98143909986671737130865120569673002676,1.2.826.0.1.3680043.8.498.40449769170768949325318643683678731262,med_centre,1.2.826.0.1.3680043.8.498.57544084691648100606777220418308834327,6,375.01,278.87,375.167,270.014,-88.268,-66.331,-55.507,R,DICOM Laterality tag,R,R,last,True,False,raw-mathys-med-2026-10-02
1.2.826.0.1.3680043.8.498.13088550794087945662322609097092458487,1.2.826.0.1.3680043.8.498.11074249433466093812155625661119382994,med_centre,1.2.826.0.1.3680043.8.498.82491739834918484187823993941982381609,24,371.55,299.62,206.417,166.456,56.5,12.944,-45.705,L,DICOM Laterality tag,L,L,first,True,False,raw-mathys-med-2026-10-02
1.2.826.0.1.3680043.8.498.10485026284343436524865922231113748546,1.2.826.0.1.3680043.8.498.44474234556055905840290144794875358005,med_centre,1.2.826.0.1.3680043.8.498.66663247091913613505998677875614523059,28,327.89,261.4,184.931,143.375,60.146,-22.093,-6.382,L,DICOM Laterality tag,L,L,first,True,False,raw-mathys-med-2026-10-02
1.2.826.0.1.3680043.8.498.51379389400506715529323532959275254794,1.2.826.0.1.3680043.8.498.12586060336129580978184404652291508740,med_centre,1.2.826.0.1.3680043.8.498.85639367465730171974248941640981583775,21,307.38,258.55,170.767,143.639,50.441,13.816,-3.881,L,DICOM Laterality tag,L,L,first,True,False,raw-mathys-med-2026-10-02
1.2.826.0.1.3680043.8.498.49583348226932515919984811293816232513,1.2.826.0.1.3680043.8.498.67623103161440943482632370016484869100,med_centre,1.2.826.0.1.3680043.8.498.67187868494642674534376823033823957924,7,334.16,262.35,464.111,364.375,-61.534,-54.417,24.441,R,DICOM Laterality tag,R,R,last,True,False,raw-mathys-med-2026-10-02
1.2.826.0.1.3680043.8.498.99493257395588095270208592176887619190,1.2.826.0.1.3680043.8.498.30586916288184089949364224280112178476,med_centre,1.2.826.0.1.3680043.8.498.95307555843144813309730343083345185697,6,356.96,279.45,514.933,441.75,-76.96,-57.396,-31.82,R,DICOM Laterality tag,R,R,last,True,False,raw-mathys-med-2026-10-02
1.2.826.0.1.3680043.8.498.27737101979486411869208236811885597351,1.2.826.0.1.3680043.8.498.10517009190595642577653292741718010192,med_centre,1.2.826.0.1.3680043.8.498.95695037294195965071714252947299791804,8,335.11,272.8,378.888,301.0,-56.003,-15.496,-0.711,R,DICOM Laterality tag,R,R,last,True,False,raw-mathys-med-2026-10-02
1.2.826.0.1.3680043.8.498.69141410772327587821159027820329185006,1.2.826.0.1.3680043.8.498.43388316874692092214590338416994212300,med_centre,1.2.826.0.1.3680043.8.498.10313936640764103361568040660848442310,22,311.37,273.75,492.116,421.905,52.939,-42.947,-29.014,L,DICOM Laterality tag,L,L,first,True,False,raw-mathys-med-2026-10-02
1.2.826.0.1.3680043.8.498.27324284859290040148888098857880927353,1.2.826.0.1.3680043.8.498.63971202124729391516261039039782889861,med_centre,1.2.826.0.1.3680043.8.498.99211386197292813009095212820769684818,7,335.11,276.6,279.258,230.5,-90.823,-27.13,-9.687,R,DICOM Laterality tag,R,R,last,True,False,raw-mathys-med-2026-10-02
1.2.826.0.1.3680043.8.498.60661676782543347731000874708337132276,1.2.826.0.1.3680043.8.498.79440727097090710561312035866280336824,med_centre,1.2.826.0.1.3680043.8.498.59326049730141682475998594633562852823,21,344.61,267.1,390.763,293.875,46.16,-38.755,-0.101,L,DICOM Laterality tag,L,L,first,True,False,raw-mathys-med-2026-10-02
1.2.826.0.1.3680043.8.498.70691305452244378255646875206864340458,1.2.826.0.1.3680043.8.498.43077138775719195355134064277352537333,med_centre,1.2.826.0.1.3680043.8.498.48243513563183852614659338133927587918,26,318.97,253.8,251.099,194.075,46.56,-26.243,-1.508,L,DICOM Laterality tag,L,L,first,True,False,raw-mathys-med-2026-10-02
1.2.826.0.1.3680043.8.498.12305733049746414359748178404911549573,1.2.826.0.1.3680043.8.498.63325345005266608168681716085332282519,med_centre,1.2.826.0.1.3680043.8.498.20091907149899354878417146189045291076,5,336.06,269.0,332.566,259.219,-78.88,-79.779,6.046,R,DICOM Laterality tag,R,R,last,True,False,raw-mathys-med-2026-10-02
1.2.826.0.1.3680043.8.498.12559687473583953266143897736224215680,1.2.826.0.1.3680043.8.498.80403581402260561238459876130882112678,med_centre,1.2.826.0.1.3680043.8.498.76716733998146063090111433163348515736,25,367.41,247.16,496.584,326.856,35.064,6.905,-46.837,L,DICOM Laterality tag,L,L,first,True,False,raw-mathys-med-2026-10-02
1.2.826.0.1.3680043.8.498.45862157701704991290669186265816463426,1.2.826.0.1.3680043.8.498.12089764162143140501792850001687876044,med_centre,1.2.826.0.1.3680043.8.498.34586572186696909136091591751613086690,8,322.77,291.8,513.392,455.592,-47.894,-64.779,-20.157,R,DICOM Laterality tag,R,R,last,True,False,raw-mathys-med-2026-10-02
1.2.826.0.1.3680043.8.498.80726797831040227285328789648680519664,1.2.826.0.1.3680043.8.498.44324972524014279490754731266472011904,med_centre,1.2.826.0.1.3680043.8.498.11842488693479750168294737198223362130,10,333.21,289.9,225.907,193.425,-53.567,-17.787,-24.855,R,DICOM Laterality tag,R,R,last,True,False,raw-mathys-med-2026-10-02
1.2.826.0.1.3680043.8.498.33215387283623093392227819856970670071,1.2.826.0.1.3680043.8.498.22055759302623008432187044533870433667,med_centre,1.2.826.0.1.3680043.8.498.51705636385652001692701267751771922219,22,329.41,291.8,418.233,365.344,83.861,-47.036,-39.134,L,DICOM Laterality tag,L,L,first,True,False,raw-mathys-med-2026-10-02
1.2.826.0.1.3680043.8.498.11812607848520072826145426247813670653,1.2.826.0.1.3680043.8.498.12959227419893920309267551214050222054,med_centre,1.2.826.0.1.3680043.8.498.55346032826506319366870389544218675510,9,332.45,274.7,277.042,228.917,-46.16,44.385,-28.506,R,DICOM Laterality tag,R,R,last,True,False,raw-mathys-med-2026-10-02
1.2.826.0.1.3680043.8.498.68442883836038453562548037358230921748,1.2.826.0.1.3680043.8.498.89141834960996043733885708436424739792,med_centre,1.2.826.0.1.3680043.8.498.33891378716256268185147220219811856116,21,381.64,317.08,212.022,176.156,71.873,-22.665,-76.697,L,DICOM Laterality tag,L,L,first,True,False,raw-mathys-med-2026-10-02
1.2.826.0.1.3680043.8.498.50183004658202912273462671442829139110,1.2.826.0.1.3680043.8.498.15794031711526027912087848836970939229,med_centre,1.2.826.0.1.3680043.8.498.13182234460184984329755139730706442415,9,291.78,260.33,454.728,402.912,-59.874,-63.849,-16.446,R,DICOM Laterality tag,R,R,last,True,False,raw-mathys-med-2026-10-02
1.2.826.0.1.3680043.8.498.64325734401816269429960464734504322970,1.2.826.0.1.3680043.8.498.10664393847034029110537303841908286361,med_centre,1.2.826.0.1.3680043.8.498.10822761400374059925439052401963158904,7,357.99,287.53,244.493,191.647,-53.14,-25.192,-20.308,R,DICOM Laterality tag,R,R,last,True,False,raw-mathys-med-2026-10-02
1.2.826.0.1.3680043.8.498.13136392756016978765204420377500607545,1.2.826.0.1.3680043.8.498.11750428867198073970737667410261445943,med_centre,1.2.826.0.1.3680043.8.498.68330121609460107902012300954798224722,25,334.34,302.9,236.203,211.641,69.044,-59.704,-12.035,L,DICOM Laterality tag,L,L,first,True,False,raw-mathys-med-2026-10-02
1.2.826.0.1.3680043.8.498.45033326048521572717771708818514772861,1.2.826.0.1.3680043.8.498.44176471797293319902682057832146935480,med_centre,1.2.826.0.1.3680043.8.498.36058455385683331452778046219240067939,8,310.7,285.16,176.697,158.474,-45.861,-1.059,-13.958,R,DICOM Laterality tag,R,R,last,True,False,raw-mathys-med-2026-10-02
1.2.826.0.1.3680043.8.498.74222284584657051737421776919599206132,1.2.826.0.1.3680043.8.498.96244790624462197907089717829240493928,med_centre,1.2.826.0.1.3680043.8.498.89974935473815765258575790244775096868,14,365.08,280.43,263.192,185.008,49.179,-85.656,-23.214,L,DICOM Laterality tag,L,L,first,True,False,raw-mathys-med-2026-10-02
1.2.826.0.1.3680043.8.498.11923218013055841952315996726408812182,1.2.826.0.1.3680043.8.498.27705902325198695933899006046225854552,med_centre,1.2.826.0.1.3680043.8.498.49826896236313126712058393554914297365,9,357.99,275.7,244.493,182.775,-48.812,-13.273,-20.564,R,DICOM Laterality tag,R,R,last,True,False,raw-mathys-med-2026-10-02
1.2.826.0.1.3680043.8.498.74282280145383357786409764912398881272,1.2.826.0.1.3680043.8.498.10852820295431225056280652462069348730,med_centre,1.2.826.0.1.3680043.8.498.44244006461576387403913537928599025214,22,335.53,220.14,186.406,122.3,63.736,4.244,-29.405,L,DICOM Laterality tag,L,L,first,True,False,raw-mathys-med-2026-10-02
1.2.826.0.1.3680043.8.498.31640159014711750808214354395404624815,1.2.826.0.1.3680043.8.498.13241259743717542076295590925847429014,med_centre,1.2.826.0.1.3680043.8.498.47137738111830232217204557495733625976,16,395.82,317.08,363.82,285.08,-17.927,11.438,-32.32,L,DICOM Laterality tag,L,L,first,True,False,raw-mathys-med-2026-10-02
1.2.826.0.1.3680043.8.498.48946580946665031852355005294734101132,1.2.826.0.1.3680043.8.498.71137653521806972309735604555464864164,med_centre,1.2.826.0.1.3680043.8.498.80250330383996375745497879242439156696,18,376.91,280.43,424.963,311.063,87.077,-75.957,-27.092,L,DICOM Laterality tag,L,L,first,True,False,raw-mathys-med-2026-10-02
1.2.826.0.1.3680043.8.498.98107112397588450345153336193341117589,1.2.826.0.1.3680043.8.498.12059819020529186254768447906836458060,med_centre,1.2.826.0.1.3680043.8.498.11737497818574733316535481824516551565,24,349.71,275.7,238.282,182.775,55.41,-23.32,-43.813,L,DICOM Laterality tag,L,L,first,True,False,raw-mathys-med-2026-10-02
1.2.826.0.1.3680043.8.498.11909779134152823550896593167929611759,1.2.826.0.1.3680043.8.498.88717457117883928145971440082662923568,med_centre,1.2.826.0.1.3680043.8.498.17513072088399088531036396159012472624,7,385.18,296.99,557.967,414.983,-52.747,-34.981,-42.181,R,DICOM Laterality tag,R,R,last,True,False,raw-mathys-med-2026-10-02
1.2.826.0.1.3680043.8.498.38039631093067555454700266397073080430,1.2.826.0.1.3680043.8.498.70073707803775716546213676851185016662,med_centre,1.2.826.0.1.3680043.8.498.11514963495426269531165335051264871708,10,326.07,294.62,220.553,196.965,-88.211,-20.222,-3.247,R,DICOM Laterality tag,R,R,last,True,False,raw-mathys-med-2026-10-02
1.2.826.0.1.3680043.8.498.38900640030483599614088224967855884221,1.2.826.0.1.3680043.8.498.42952836062620059040420257106613063088,med_centre,1.2.826.0.1.3680043.8.498.11284295222823177935261650668012621437,9,305.97,276.89,478.107,430.196,-70.337,-38.276,-29.357,R,DICOM Laterality tag,R,R,last,True,False,raw-mathys-med-2026-10-02
1.2.826.0.1.3680043.8.498.47036446751578280498105392189811189787,1.2.826.0.1.3680043.8.498.44365526814823394758154069367811819181,med_centre,1.2.826.0.1.3680043.8.498.11022060262084869365882197762307826480,24,366.27,333.64,250.702,226.23,51.994,-38.163,-40.504,L,DICOM Laterality tag,L,L,first,True,False,raw-mathys-med-2026-10-02
1.2.826.0.1.3680043.8.498.85475892602877115812059264719695919613,1.2.826.0.1.3680043.8.498.18455026283868130134431137564260104125,med_centre,1.2.826.0.1.3680043.8.498.12248386218759355472713880811063718160,25,328.43,288.71,441.565,385.502,45.99,-2.501,-25.769,L,DICOM Laterality tag,L,L,first,True,False,raw-mathys-med-2026-10-02
1.2.826.0.1.3680043.8.498.17967978373588651520812399064902037467,1.2.826.0.1.3680043.8.498.24570916710215008507038924693385711643,med_centre,1.2.826.0.1.3680043.8.498.22457505844821661089177716641119043492,8,340.26,266.25,189.033,147.917,-35.199,0.195,-31.043,R,DICOM Laterality tag,R,R,last,True,False,raw-mathys-med-2026-10-02
1.2.826.0.1.3680043.8.498.72977302282583186913749000016284027331,1.2.826.0.1.3680043.8.498.14723997014712663988611463218652671509,med_centre,1.2.826.0.1.3680043.8.498.49394183000375189341368462755740025375,22,316.61,294.62,443.683,411.033,50.806,-41.287,-20.936,L,DICOM Laterality tag,L,L,first,True,False,raw-mathys-med-2026-10-02
1.2.826.0.1.3680043.8.498.97485476951995325021464683747847126869,1.2.826.0.1.3680043.8.498.77602249307980609671518391501178702118,med_centre,1.2.826.0.1.3680043.8.498.46761865117971090445320176229524886495,7,337.89,292.26,187.717,162.367,-93.854,-9.229,-34.786,R,DICOM Laterality tag,R,R,last,True,False,raw-mathys-med-2026-10-02
1.2.826.0.1.3680043.8.498.40837296112545776586904280088902000849,1.2.826.0.1.3680043.8.498.72646914279327534801309947596389854287,med_centre,1.2.826.0.1.3680043.8.498.54360469384047736415933278950082123589,12,318.98,270.98,425.307,361.307,-64.228,2.711,-39.784,R,DICOM Laterality tag,R,R,last,True,False,raw-mathys-med-2026-10-02
1.2.826.0.1.3680043.8.498.47870074144891988520855535250618228390,1.2.826.0.1.3680043.8.498.76463723776195899281784860547011633705,med_centre,1.2.826.0.1.3680043.8.498.94204534952070835117480365804968915315,25,359.17,298.17,245.377,199.627,53.78,-4.816,-6.064,L,DICOM Laterality tag,L,L,first,True,False,raw-mathys-med-2026-10-02
1.2.826.0.1.3680043.8.498.57342523828166309133982222435655662667,1.2.826.0.1.3680043.8.498.11897028935313192385337412050886041082,med_centre,1.2.826.0.1.3680043.8.498.67619316971696217751047207343375461152,9,347.35,266.25,199.567,145.5,-90.08,-38.28,-13.508,R,DICOM Laterality tag,R,R,last,True,False,raw-mathys-med-2026-10-02
1.2.826.0.1.3680043.8.498.46001596547902477402837300565271742663,1.2.826.0.1.3680043.8.498.12193646110983323877425067772498857221,med_centre,1.2.826.0.1.3680043.8.498.11923376875920939082859746411769596036,21,343.8,300.53,489.0,420.883,59.91,-47.206,-8.75,L,DICOM Laterality tag,L,L,first,True,False,raw-mathys-med-2026-10-02
1.2.826.0.1.3680043.8.498.81964000393640770822199916465038759069,1.2.826.0.1.3680043.8.498.24946957930623312723336630036422224993,med_centre,1.2.826.0.1.3680043.8.498.54863809226973096228453905564721791454,8,380.45,268.61,261.337,177.458,-58.068,-31.407,-6.04,R,DICOM Laterality tag,R,R,last,True,False,raw-mathys-med-2026-10-02
1.2.826.0.1.3680043.8.498.77290477043075828139630734968573461136,1.2.826.0.1.3680043.8.498.11766863910025714885289254628962736093,med_centre,1.2.826.0.1.3680043.8.498.95609747391046112263381972450753432148,7,405.28,283.98,373.28,251.98,27.334,4.636,-35.277,R,DICOM Laterality tag,R,R,last,True,False,raw-mathys-med-2026-10-02
1.2.826.0.1.3680043.8.498.86067849233330188988240710585112183308,1.2.826.0.1.3680043.8.498.11816049407038575014030672113651350128,med_centre,1.2.826.0.1.3680043.8.498.39847347233072764269708069535292274700,20,339.07,266.25,543.813,407.908,57.634,-42.966,-11.522,L,DICOM Laterality tag,L,L,first,True,False,raw-mathys-med-2026-10-02
1.2.826.0.1.3680043.8.498.11316091466685605758061778045311969672,1.2.826.0.1.3680043.8.498.76273946509194426938485168880873571658,med_centre,1.2.826.0.1.3680043.8.498.98817668774608649302037473638770337037,21,401.73,281.62,562.047,373.788,53.867,-27.049,-45.674,L,DICOM Laterality tag,L,L,first,True,False,raw-mathys-med-2026-10-02
1.2.826.0.1.3680043.8.498.11881735311125899170335963782017197184,1.2.826.0.1.3680043.8.498.10919451611749214187843082268149725961,med_centre,1.2.826.0.1.3680043.8.498.34435098868179860170898026848330641231,8,298.88,270.98,468.806,416.735,-53.69,-45.275,-4.903,R,DICOM Laterality tag,R,R,last,True,False,raw-mathys-med-2026-10-02
1.2.826.0.1.3680043.8.498.72653666963736486779382314125782779004,1.2.826.0.1.3680043.8.498.11362854644150465317095255496758137250,med_centre,1.2.826.0.1.3680043.8.498.33520397643528599393689130265621577584,26,362.72,282.8,248.04,188.1,46.418,-14.082,-10.39,L,DICOM Laterality tag,L,L,first,True,False,raw-mathys-med-2026-10-02
1.2.826.0.1.3680043.8.498.73077380963620788952030569132380549826,1.2.826.0.1.3680043.8.498.71065469650918694377951914612227146270,med_centre,1.2.826.0.1.3680043.8.498.28672385523689710070705483201914171589,7,322.52,253.24,433.224,335.438,-75.778,-61.41,-8.915,R,DICOM Laterality tag,R,R,last,True,False,raw-mathys-med-2026-10-02
1.2.826.0.1.3680043.8.498.72191353854496806844040272237700346774,1.2.826.0.1.3680043.8.498.10998825089451117824678710755631375359,med_centre,1.2.826.0.1.3680043.8.498.31491281914936991027439013223380999353,19,337.89,248.51,286.772,202.978,95.153,-58.754,-16.418,L,DICOM Laterality tag,L,L,first,True,False,raw-mathys-med-2026-10-02
1.2.826.0.1.3680043.8.498.20184541870535223885310764061146422870,1.2.826.0.1.3680043.8.498.70521700752910770270351352831225078813,med_centre,1.2.826.0.1.3680043.8.498.28966955807745660407721277728955861780,7,365.08,299.35,240.71,199.173,-54.279,-24.813,-20.603,R,DICOM Laterality tag,R,R,last,True,False,raw-mathys-med-2026-10-02
1.2.826.0.1.3680043.8.498.12296624595750602443033689366743784387,1.2.826.0.1.3680043.8.498.88474815127210924512249333726905287290,med_centre,1.2.826.0.1.3680043.8.498.11633325574275312706110484365719140269,27,367.45,282.8,303.45,218.8,-126.435,-44.073,-106.775,L,DICOM Laterality tag,L,L,first,True,False,raw-mathys-med-2026-10-02
1.2.826.0.1.3680043.8.498.37392127307867238524251864751713143683,1.2.826.0.1.3680043.8.498.13144206930098313641221403308323266222,med_centre,1.2.826.0.1.3680043.8.498.13228835981601848167677842709071861910,24,361.54,299.35,247.155,200.513,50.087,-23.555,-11.398,L,DICOM Laterality tag,L,L,first,True,False,raw-mathys-med-2026-10-02
1.2.826.0.1.3680043.8.498.62437671010172828772205139640126159272,1.2.826.0.1.3680043.8.498.13135725933598764937203146608237987691,med_centre,1.2.826.0.1.3680043.8.498.33705932986555380383260121562676225177,23,298.88,270.98,166.044,150.544,49.638,-19.993,30.913,L,DICOM Laterality tag,L,L,first,True,False,raw-mathys-med-2026-10-02
1.2.826.0.1.3680043.8.498.41662013720606493874198348776219875496,1.2.826.0.1.3680043.8.498.17033866339782537366307796585758861749,med_centre,1.2.826.0.1.3680043.8.498.99544906102156424418607090274663353718,10,328.43,289.89,266.964,234.111,-59.278,-37.78,-39.716,R,DICOM Laterality tag,R,R,last,True,False,raw-mathys-med-2026-10-02
1.2.826.0.1.3680043.8.498.35026052487843947230089350615730580521,1.2.826.0.1.3680043.8.498.85423861496971511398342912631293374949,med_centre,1.2.826.0.1.3680043.8.498.89426363488021844689131278663136609930,20,314.25,247.33,352.812,269.163,51.869,-19.261,3.542,L,DICOM Laterality tag,L,L,first,True,False,raw-mathys-med-2026-10-02
1.2.826.0.1.3680043.8.498.92326467051364762529119362944559591665,1.2.826.0.1.3680043.8.498.72221254096582024026943543519167294543,med_centre,1.2.826.0.1.3680043.8.498.60850608013924631281694757007269843820,9,353.26,311.17,570.296,491.743,-52.79,-53.502,-31.826,R,DICOM Laterality tag,R,R,last,True,False,raw-mathys-med-2026-10-02
1.2.826.0.1.3680043.8.498.50882628969985977810341532747520504841,1.2.826.0.1.3680043.8.498.53198834671678864036803283516457705281,med_centre,1.2.826.0.1.3680043.8.498.11396947294123323545128139689784673726,28,387.55,302.9,323.55,238.9,54.152,-39.705,-31.149,L,DICOM Laterality tag,L,L,first,True,False,raw-mathys-med-2026-10-02
1.2.826.0.1.3680043.8.498.77150650601457686196626648868552167695,1.2.826.0.1.3680043.8.498.78287246621641846634551882259333874137,med_centre,1.2.826.0.1.3680043.8.498.90018944678735949119886114824538236283,18,419.47,283.98,623.117,393.3,63.902,-49.137,-64.426,L,DICOM Laterality tag,L,L,first,True,False,raw-mathys-med-2026-10-02
1.2.826.0.1.3680043.8.498.76344826994380951498651448092980303697,1.2.826.0.1.3680043.8.498.12790746304889263359684564732794216988,med_centre,1.2.826.0.1.3680043.8.498.72437604555080062137823842325423609432,9,305.97,301.71,247.818,244.187,-52.171,-27.712,-22.365,R,DICOM Laterality tag,R,R,last,True,False,raw-mathys-med-2026-10-02
1.2.826.0.1.3680043.8.498.27034189091164693165076510006436405194,1.2.826.0.1.3680043.8.498.11709067061959921301709118093893621555,med_centre,1.2.826.0.1.3680043.8.498.20398166267271636209256808589263210042,20,407.65,285.16,368.587,253.328,-11.42,-7.386,-29.394,L,DICOM Laterality tag,L,L,first,True,False,raw-mathys-med-2026-10-02
1.2.826.0.1.3680043.8.498.55930031395651221279170435293900769500,1.2.826.0.1.3680043.8.498.56537216409438351368489711785653711807,med_centre,1.2.826.0.1.3680043.8.498.10858093942134751200622262171311328949,9,337.89,294.62,229.417,196.965,-51.283,-49.235,-15.599,R,DICOM Laterality tag,R,R,last,True,False,raw-mathys-med-2026-10-02
1.2.826.0.1.3680043.8.498.52639459702574533721011212286428487650,1.2.826.0.1.3680043.8.498.11854336614911285190977202152660841370,med_centre,1.2.826.0.1.3680043.8.498.57575651641192694882955489710410823585,8,329.62,261.52,190.198,141.605,-55.522,-13.362,-11.755,R,DICOM Laterality tag,R,R,last,True,False,raw-mathys-med-2026-10-02
1.2.826.0.1.3680043.8.498.82925474533853765570570726554869886925,1.2.826.0.1.3680043.8.498.58177959005902972223809723217788007880,med_centre,1.2.826.0.1.3680043.8.498.18161625232334612184597185870555049612,6,386.36,289.89,442.95,322.362,-53.103,-30.193,-35.137,R,DICOM Laterality tag,R,R,last,True,False,raw-mathys-med-2026-10-02
1.2.826.0.1.3680043.8.498.82481056562260046738834822905709207128,1.2.826.0.1.3680043.8.498.72178874561594188578353682293925773817,med_centre,1.2.826.0.1.3680043.8.498.14272890715680723178672826059028069112,7,393.46,281.62,395.347,273.022,-84.272,-60.336,-36.04,R,DICOM Laterality tag,R,R,last,True,False,raw-mathys-med-2026-10-02
1.2.826.0.1.3680043.8.498.36315811661139684771871696847516662339,1.2.826.0.1.3680043.8.498.46969620048753616814121615771588422379,med_centre,1.2.826.0.1.3680043.8.498.31476970410760584334704309816625380767,11,334.34,304.08,221.284,202.162,-51.804,13.83,8.54,R,DICOM Laterality tag,R,R,last,True,False,raw-mathys-med-2026-10-02
1.2.826.0.1.3680043.8.498.96859317329616917022799512740280754327,1.2.826.0.1.3680043.8.498.18842565802003680662093981855116887490,med_centre,1.2.826.0.1.3680043.8.498.10647441280031490582631876407143537471,18,357.99,304.08,356.552,297.587,81.237,-50.631,-46.431,L,DICOM Laterality tag,L,L,first,True,False,raw-mathys-med-2026-10-02
1.2.826.0.1.3680043.8.498.40041164441539690764994039690598305675,1.2.826.0.1.3680043.8.498.13383888212045272725159464089845443048,med_centre,1.2.826.0.1.3680043.8.498.11986332066326098350311376033361022640,9,348.53,280.43,237.397,186.322,-56.939,-32.076,-13.458,R,DICOM Laterality tag,R,R,last,True,False,raw-mathys-med-2026-10-02
1.2.826.0.1.3680043.8.498.10533568124272062696642461303295694739,1.2.826.0.1.3680043.8.498.88949277510163367479649532465753343087,med_centre,1.2.826.0.1.3680043.8.498.88416730228203803820701343633327238517,27,323.7,260.33,183.8,141.553,33.584,-6.335,-12.035,L,DICOM Laterality tag,L,L,first,True,False,raw-mathys-med-2026-10-02
1.2.826.0.1.3680043.8.498.66199248385068685539872840826351152652,1.2.826.0.1.3680043.8.498.37003961743486455118514513112661445006,med_centre,1.2.826.0.1.3680043.8.498.12084610369475418276704678036137964488,25,320.16,306.44,270.15,257.288,89.695,-33.363,-22.813,L,DICOM Laterality tag,L,L,first,True,False,raw-mathys-med-2026-10-02
1.2.826.0.1.3680043.8.498.11999008448480965933785988718780864948,1.2.826.0.1.3680043.8.498.88527805564018949234362622005652741652,med_centre,1.2.826.0.1.3680043.8.498.49351472077336416192351104734045005151,9,310.7,268.61,226.444,192.246,-42.267,-15.357,-12.988,R,DICOM Laterality tag,R,R,last,True,False,raw-mathys-med-2026-10-02
1.2.826.0.1.3680043.8.498.96818533353374094273022322108861564926,1.2.826.0.1.3680043.8.498.97590433610951159961402104386437871172,med_centre,1.2.826.0.1.3680043.8.498.86082197850382083106568014633347363578,7,357.99,298.17,244.493,199.627,-53.021,-19.427,14.511,R,DICOM Laterality tag,R,R,last,True,False,raw-mathys-med-2026-10-02
1.2.826.0.1.3680043.8.498.10960770430559425421609885784366918575,1.2.826.0.1.3680043.8.498.10263657348351241577341013406449965514,med_centre,1.2.826.0.1.3680043.8.498.86579566168958843623483349275532680096,7,388.73,275.7,356.73,243.7,19.093,0.347,-30.105,R,DICOM Laterality tag,R,R,last,True,False,raw-mathys-med-2026-10-02
1.2.826.0.1.3680043.8.498.66960891947495601371173426277430301127,1.2.826.0.1.3680043.8.498.92851410459352681137187451033126265691,med_centre,1.2.826.0.1.3680043.8.498.57730862006120256897269573755045518100,8,310.7,252.06,490.865,381.424,-61.961,-61.148,-5.737,R,DICOM Laterality tag,R,R,last,True,False,raw-mathys-med-2026-10-02
1.2.826.0.1.3680043.8.498.60736996513214411991331917490659995815,1.2.826.0.1.3680043.8.498.10033005616764317111880819291437805791,med_centre,1.2.826.0.1.3680043.8.498.11123752270622379381342829939568640106,9,340.26,294.62,288.994,246.206,-50.745,-35.818,-8.08,R,DICOM Laterality tag,R,R,last,True,False,raw-mathys-med-2026-10-02
1.2.826.0.1.3680043.8.498.11212667888429022863778740306223585731,1.2.826.0.1.3680043.8.498.30364471691161649690685534256178507785,med_centre,1.2.826.0.1.3680043.8.498.12570263378358446657339467208425533056,26,291.78,291.07,234.722,235.117,4.256,-27.387,28.2,L,DICOM Laterality tag,L,L,first,True,False,raw-mathys-med-2026-10-02
1.2.826.0.1.3680043.8.498.68806105227826942108149090508198910591,1.2.826.0.1.3680043.8.498.66698686335810612167034405396226803158,med_centre,1.2.826.0.1.3680043.8.498.15886140362445856066878973432671490045,30,414.74,267.43,287.055,176.572,44.473,-20.9,-44.011,L,DICOM Laterality tag,L,L,first,True,False,raw-mathys-med-2026-10-02
1.2.826.0.1.3680043.8.498.11060834081463491262807709963877480026,1.2.826.0.1.3680043.8.498.12751804616396515154865178948161070577,med_centre,1.2.826.0.1.3680043.8.498.10847091257710885227586107543192816663,26,341.44,270.98,459.928,360.477,59.763,-19.747,-28.127,L,DICOM Laterality tag,L,L,first,True,False,raw-mathys-med-2026-10-02
1.2.826.0.1.3680043.8.498.42847376403722341195083350288786052637,1.2.826.0.1.3680043.8.498.72010284196786089899722256727269667059,med_centre,1.2.826.0.1.3680043.8.498.12257923278404324775670372187115249143,8,365.08,253.24,202.822,140.689,-24.438,-3.31,-21.611,R,DICOM Laterality tag,R,R,last,True,False,raw-mathys-med-2026-10-02
1.2.826.0.1.3680043.8.498.10352011938574988727803498915608467179,1.2.826.0.1.3680043.8.498.32006019124004338858179305710103575130,med_centre,1.2.826.0.1.3680043.8.498.51161330832591963161918980140294609137,6,323.7,250.88,449.583,348.444,-80.834,-45.434,-16.674,R,DICOM Laterality tag,R,R,last,True,False,raw-mathys-med-2026-10-02
1.2.826.0.1.3680043.8.498.67001329390153622359718581388215312710,1.2.826.0.1.3680043.8.498.11440589521369316786417618218835729125,med_centre,1.2.826.0.1.3680043.8.498.11118367256918972851178906294449500305,32,342.62,299.35,380.689,332.611,70.298,-40.466,-25.63,L,DICOM Laterality tag,L,L,first,True,False,raw-mathys-med-2026-10-02
1.2.826.0.1.3680043.8.498.13879163301346984697246311226647565712,1.2.826.0.1.3680043.8.498.95373142064669926980550385627701697273,med_centre,1.2.826.0.1.3680043.8.498.12663668588046405468560900562274725893,30,395.82,289.89,439.8,322.1,84.945,-59.773,-33.137,L,DICOM Laterality tag,L,L,first,True,False,raw-mathys-med-2026-10-02
1.2.826.0.1.3680043.8.498.95882731821729917461275694847968503951,1.2.826.0.1.3680043.8.498.94596794449423953090576739103260529071,med_centre,1.2.826.0.1.3680043.8.498.15385016403123355693860140284722407443,15,371.0,296.99,412.222,329.989,-77.554,-46.152,-36.471,R,DICOM Laterality tag,R,R,last,True,False,raw-mathys-med-2026-10-02
1.2.826.0.1.3680043.8.498.89332108074590559691047812196991368746,1.2.826.0.1.3680043.8.498.62587060935153132124869762200728811294,med_centre,1.2.826.0.1.3680043.8.498.35545922269593804273111108692138758763,14,378.09,276.89,420.1,307.656,-88.742,-51.714,-25.014,R,DICOM Laterality tag,R,R,last,True,False,raw-mathys-med-2026-10-02
1.2.826.0.1.3680043.8.498.92063841381005962285592592672311044745,1.2.826.0.1.3680043.8.498.21761965181505591413483190011170317901,med_centre,1.2.826.0.1.3680043.8.498.47099697958050480821414180358180997694,12,357.99,295.8,121.167,99.249,-45.944,-5.138,-17.354,R,DICOM Laterality tag,R,R,last,True,False,raw-mathys-med-2026-10-02
1.2.826.0.1.3680043.8.498.50144715912379960437506930683683218333,1.2.826.0.1.3680043.8.498.11351789854955834244598603000682307097,med_centre,1.2.826.0.1.3680043.8.498.36935426523078416910266265271311658456,14,314.25,256.79,105.751,85.501,-56.206,-31.486,-4.594,R,DICOM Laterality tag,R,R,last,True,False,raw-mathys-med-2026-10-02
1.2.826.0.1.3680043.8.498.85137704768728261642637391657270006448,1.2.826.0.1.3680043.8.498.79380868105359858408664610704122401024,med_centre,1.2.826.0.1.3680043.8.498.10054378041874166802779759335499096148,12,352.08,247.33,391.2,274.811,-85.459,-63.612,1.349,R,DICOM Laterality tag,R,R,last,True,False,raw-mathys-med-2026-10-02
1.2.826.0.1.3680043.8.498.21449012857520712901884874638467532958,1.2.826.0.1.3680043.8.498.78454970986687302386434760922475204291,med_centre,1.2.826.0.1.3680043.8.498.46859762502958918956535871758804160193,14,374.54,285.16,452.362,348.706,-77.529,-58.816,-19.743,R,DICOM Laterality tag,R,R,last,True,False,raw-mathys-med-2026-10-02
1.2.826.0.1.3680043.8.498.59527896591755229337596505685198957637,1.2.826.0.1.3680043.8.498.48819746971436440712877185218223909649,med_centre,1.2.826.0.1.3680043.8.498.90285704626781269045476332315791195898,11,400.55,299.35,445.056,332.611,-84.192,-44.097,-46.867,R,DICOM Laterality tag,R,R,last,True,False,raw-mathys-med-2026-10-02
1.2.826.0.1.3680043.8.498.21142867813782396036287673290033987859,1.2.826.0.1.3680043.8.498.84699721584779289756021600343576802417,med_centre,1.2.826.0.1.3680043.8.498.65815577908625061524091498609565699128,9,348.53,299.35,387.256,332.611,-72.51,-53.134,-18.204,R,DICOM Laterality tag,R,R,last,True,False,raw-mathys-med-2026-10-02
1.2.826.0.1.3680043.8.498.54662745951809363774369202018332309887,1.2.826.0.1.3680043.8.498.21502512122415471154132396810696495728,med_centre,1.2.826.0.1.3680043.8.498.38837861036050717412282305075289299509,33,357.99,321.81,121.167,108.416,44.325,-22.491,-36.26,L,DICOM Laterality tag,L,L,first,True,False,raw-mathys-med-2026-10-02
1.2.826.0.1.3680043.8.498.21060274255072711241653174133146945101,1.2.826.0.1.3680043.8.498.77773499413028298158971716956176861116,med_centre,1.2.826.0.1.3680043.8.498.12041842612297179061169514781949510272,12,357.99,294.62,397.767,327.356,-71.872,-42.783,-58.241,R,DICOM Laterality tag,R,R,last,True,False,raw-mathys-med-2026-10-02
1.2.826.0.1.3680043.8.498.77244685031928454051409193776790348219,1.2.826.0.1.3680043.8.498.11103752587330343546225167802723728708,med_centre,1.2.826.0.1.3680043.8.498.10119356259542804928506688219243405129,13,342.62,266.25,380.689,295.833,-82.507,-55.523,-0.109,R,DICOM Laterality tag,R,R,last,True,False,raw-mathys-med-2026-10-02
1.2.826.0.1.3680043.8.498.62030472630193758412620945408364583008,1.2.826.0.1.3680043.8.498.34596199416494017047882974291988170460,med_centre,1.2.826.0.1.3680043.8.498.48899545020857093724704874499989058369,30,340.26,319.45,378.067,354.944,57.693,-39.389,-6.432,L,DICOM Laterality tag,L,L,first,True,False,raw-mathys-med-2026-10-02
1.2.826.0.1.3680043.8.498.63216944317982327305447295456609309952,1.2.826.0.1.3680043.8.498.12810246090502776344601559593207951054,med_centre,1.2.826.0.1.3680043.8.498.14587486893131381496346824527751335537,12,353.26,288.71,119.5,96.75,-53.249,-13.618,-22.121,R,DICOM Laterality tag,R,R,last,True,False,raw-mathys-med-2026-10-02
1.2.826.0.1.3680043.8.498.11753067309373104365558887398441364695,1.2.826.0.1.3680043.8.498.68556704078503881943701255553130842225,med_centre,1.2.826.0.1.3680043.8.498.14998722631116810934304211164976423760,11,310.7,287.53,104.5,96.334,-49.616,-39.915,-9.783,R,DICOM Laterality tag,R,R,last,True,False,raw-mathys-med-2026-10-02
1.2.826.0.1.3680043.8.498.13128352910661672966143173193241171100,1.2.826.0.1.3680043.8.498.48022855756395172469243984776724972699,med_centre,1.2.826.0.1.3680043.8.498.17855879078393748974362748175086780848,11,350.9,276.89,118.668,92.584,-22.626,-21.463,-11.468,R,DICOM Laterality tag,R,R,last,True,False,raw-mathys-med-2026-10-02
1.2.826.0.1.3680043.8.498.11337616353935430160375524217870968575,1.2.826.0.1.3680043.8.498.88835535559101267374596312311000548280,med_centre,1.2.826.0.1.3680043.8.498.90933815966335870633757787334732661488,32,365.08,273.34,405.644,303.711,66.898,-50.306,-28.749,L,DICOM Laterality tag,L,L,first,True,False,raw-mathys-med-2026-10-02
1.2.826.0.1.3680043.8.498.11532517984322509215429681648257299355,1.2.826.0.1.3680043.8.498.56616439686446505902493514719594694205,med_centre,1.2.826.0.1.3680043.8.498.10131973960773942750509505680125565765,31,367.45,237.87,124.501,78.833,55.476,-30.491,-45.935,L,DICOM Laterality tag,L,L,first,True,False,raw-mathys-med-2026-10-02
1.2.826.0.1.3680043.8.498.87223930502803944549504594723314220105,1.2.826.0.1.3680043.8.498.64415604709403043101203388403446817631,med_centre,1.2.826.0.1.3680043.8.498.78045909579370965626659532398714920780,32,367.45,278.07,124.501,93.0,65.492,-38.008,-42.214,L,DICOM Laterality tag,L,L,first,True,False,raw-mathys-med-2026-10-02
1.2.826.0.1.3680043.8.498.46776367027887983105817631582518625639,1.2.826.0.1.3680043.8.498.44959805013741338361863552098125511193,med_centre,1.2.826.0.1.3680043.8.498.12114145940024125542339072648982784071,31,359.17,285.16,434.914,349.211,79.262,-62.525,-13.743,L,DICOM Laterality tag,L,L,first,True,False,raw-mathys-med-2026-10-02
1.2.826.0.1.3680043.8.498.11353976221682532422630231842008146722,1.2.826.0.1.3680043.8.498.66603810467246182298128269687447626598,med_centre,1.2.826.0.1.3680043.8.498.11857133149875190053141678830165601524,31,327.25,305.26,110.333,102.583,36.04,0.092,-17.514,L,DICOM Laterality tag,L,L,first,True,False,raw-mathys-med-2026-10-02
1.2.826.0.1.3680043.8.498.12946163460972553911280889205685745877,1.2.826.0.1.3680043.8.498.67231058360731704826012220003158433442,med_centre,1.2.826.0.1.3680043.8.498.10632474678480988140643875507729533512,32,347.35,253.24,385.944,281.378,82.821,-58.428,-12.229,L,DICOM Laterality tag,L,L,first,True,False,raw-mathys-med-2026-10-02
1.2.826.0.1.3680043.8.498.95984406324600336713471618620285270466,1.2.826.0.1.3680043.8.498.62567007493538614107781700466460031956,med_centre,1.2.826.0.1.3680043.8.498.47832828373096993288190938114444091503,30,357.99,289.89,397.767,322.1,85.217,-41.769,-11.654,L,DICOM Laterality tag,L,L,first,True,False,raw-mathys-med-2026-10-02
1.2.826.0.1.3680043.8.498.12748840878706905309050091576449488666,1.2.826.0.1.3680043.8.498.89783516856900095974454258996753585863,med_centre,1.2.826.0.1.3680043.8.498.80873462071993420347766515021313125204,32,376.91,289.89,418.789,322.1,69.536,-31.675,-22.433,L,DICOM Laterality tag,L,L,first,True,False,raw-mathys-med-2026-10-02
1.2.826.0.1.3680043.8.498.62948920639798990757395955917890550512,1.2.826.0.1.3680043.8.498.93176996635026090458318208331253888750,med_centre,1.2.826.0.1.3680043.8.498.46660435762471525246511323162934877043,11,355.63,305.26,120.335,102.583,-38.087,-33.391,-7.091,R,DICOM Laterality tag,R,R,last,True,False,raw-mathys-med-2026-10-02
1.2.826.0.1.3680043.8.498.95334149193711661424105715330320414755,1.2.826.0.1.3680043.8.498.82889611098294347698306132219305455173,med_centre,1.2.826.0.1.3680043.8.498.84250005434474765835800351783192751810,31,397.0,294.62,441.111,327.356,87.734,-54.243,-40.735,L,DICOM Laterality tag,L,L,first,True,False,raw-mathys-med-2026-10-02
1.2.826.0.1.3680043.8.498.74461421748415064477531528884191890661,1.2.826.0.1.3680043.8.498.55423237211682778141707490653228429370,med_centre,1.2.826.0.1.3680043.8.498.10638796026436816422275878935371893731,30,381.64,281.62,424.044,312.911,86.067,-76.523,-14.916,L,DICOM Laterality tag,L,L,first,True,False,raw-mathys-med-2026-10-02
1.2.826.0.1.3680043.8.498.52937412433120578046842194545406797236,1.2.826.0.1.3680043.8.498.65601863785369359262761197393693572845,med_centre,1.2.826.0.1.3680043.8.498.78851244819507665579816507541845648502,31,362.72,270.98,439.284,332.732,84.339,-62.997,-28.892,L,DICOM Laterality tag,L,L,first,True,False,raw-mathys-med-2026-10-02
1.2.826.0.1.3680043.8.498.10427893579790102216163565692202919399,1.2.826.0.1.3680043.8.498.29579190378448332893530282756381391902,med_centre,1.2.826.0.1.3680043.8.498.85387832680792007138996568593549306109,13,359.17,266.25,399.078,295.833,-91.662,-59.796,-21.01,R,DICOM Laterality tag,R,R,last,True,False,raw-mathys-med-2026-10-02
1.2.826.0.1.3680043.8.498.16158812105029662172517682642229718094,1.2.826.0.1.3680043.8.498.76937743191974291516102207534993445968,med_centre,1.2.826.0.1.3680043.8.498.35169448852645783645748632083507102189,33,354.44,287.53,393.822,319.478,79.246,-65.276,8.024,L,DICOM Laterality tag,L,L,first,True,False,raw-mathys-med-2026-10-02
1.2.826.0.1.3680043.8.498.98824066826946884510314135448574304233,1.2.826.0.1.3680043.8.498.11064239783877942433784484527483674874,med_centre,1.2.826.0.1.3680043.8.498.12893598650913257982370701469730975329,30,343.8,288.71,382.0,320.789,68.927,-66.697,-17.068,L,DICOM Laterality tag,L,L,first,True,False,raw-mathys-med-2026-10-02
1.2.826.0.1.3680043.8.498.48486018503198264262324670490116120612,1.2.826.0.1.3680043.8.498.11476882743332567410674449071179819294,med_centre,1.2.826.0.1.3680043.8.498.74120261696922221187271308448565721233,12,357.99,291.07,397.767,323.411,-79.378,-68.187,-13.332,R,DICOM Laterality tag,R,R,last,True,False,raw-mathys-med-2026-10-02
1.2.826.0.1.3680043.8.498.81495303185504163367736663647489556517,1.2.826.0.1.3680043.8.498.78036487512048515187944324628335336007,med_centre,1.2.826.0.1.3680043.8.498.25073934960801938403376232689796249266,33,375.72,294.62,417.467,327.356,85.811,-62.683,-29.93,L,DICOM Laterality tag,L,L,first,True,False,raw-mathys-med-2026-10-02
1.2.826.0.1.3680043.8.498.35542843700847404584397532402313561503,1.2.826.0.1.3680043.8.498.12742241430326195442424996966274249637,med_centre,1.2.826.0.1.3680043.8.498.10611966845655887857756788509298381534,12,359.17,308.81,399.078,343.122,-85.41,-41.694,-58.145,R,DICOM Laterality tag,R,R,last,True,False,raw-mathys-med-2026-10-02
1.2.826.0.1.3680043.8.498.12260661730837055872432103268905182876,1.2.826.0.1.3680043.8.498.78916935744063016475138246978607789802,med_centre,1.2.826.0.1.3680043.8.498.10310795322781047823443401299931353090,31,356.81,289.89,396.456,322.1,34.232,-61.828,0.188,L,DICOM Laterality tag,L,L,first,True,False,raw-mathys-med-2026-10-02
1.2.826.0.1.3680043.8.498.11629659616217352895144469980856259097,1.2.826.0.1.3680043.8.498.13234857884747203207671880676206825852,med_centre,1.2.826.0.1.3680043.8.498.42553297801604929409328056993184354244,14,352.08,257.97,391.2,286.633,-88.531,-53.605,-40.758,R,DICOM Laterality tag,R,R,last,True,False,raw-mathys-med-2026-10-02
1.2.826.0.1.3680043.8.498.47094981922544354899183959858078311972,1.2.826.0.1.3680043.8.498.48845313136724096783205638449897900723,med_centre,1.2.826.0.1.3680043.8.498.12824290393408075182641324325732653300,12,360.35,279.25,400.389,310.278,-82.411,-57.663,-6.21,R,DICOM Laterality tag,R,R,last,True,False,raw-mathys-med-2026-10-02
1.2.826.0.1.3680043.8.498.38935694477580522005505074220300062204,1.2.826.0.1.3680043.8.498.40588830627651560764792487721569276161,med_centre,1.2.826.0.1.3680043.8.498.22061321708187813534520792999454674336,30,291.78,304.08,324.2,337.867,88.625,-60.852,-22.39,L,DICOM Laterality tag,L,L,first,True,False,raw-mathys-med-2026-10-02
1.2.826.0.1.3680043.8.498.42609322631348207494943622999125822017,1.2.826.0.1.3680043.8.498.32251701004024308295116121333715518301,med_centre,1.2.826.0.1.3680043.8.498.81705031300169657155304687045263405095,6,329.62,244.97,292.996,217.751,-55.068,-8.291,1.143,R,geometry (centre of the image),R,R,last,True,False,raw-mathys-med-2026-10-02
1.2.826.0.1.3680043.8.498.12241413500128553133597113709525575494,1.2.826.0.1.3680043.8.498.92537877606998871109135970378645056107,med_centre,1.2.826.0.1.3680043.8.498.24096345609520710407223877469647901534,5,290.6,294.62,436.388,443.171,-71.222,-34.444,13.058,R,DICOM Laterality tag,R,R,last,True,False,raw-mathys-med-2026-10-02
1.2.826.0.1.3680043.8.498.10532708800468111850607752497432656694,1.2.826.0.1.3680043.8.498.44112310880101671509001224863586298551,med_centre,1.2.826.0.1.3680043.8.498.11639024094769254243278506154595581375,9,341.44,296.99,382.903,330.582,-82.293,-9.821,-13.614,R,geometry (centre of the image),R,R,last,True,False,raw-mathys-med-2026-10-02
1.2.826.0.1.3680043.8.498.96944926470854551064948200936284887742,1.2.826.0.1.3680043.8.498.17089031015917282788228356171917995134,med_centre,1.2.826.0.1.3680043.8.498.95097897169043671402742800128581204942,14,335.53,265.06,303.53,233.06,-66.329,-19.455,-17.712,R,geometry (centre of the image),R,R,last,True,False,raw-mathys-med-2026-10-02
1.2.826.0.1.3680043.8.498.50392110746914984873009735588879049321,1.2.826.0.1.3680043.8.498.43885493385414514453155112143113520528,med_centre,1.2.826.0.1.3680043.8.498.47553221405734610071794202459198384923,20,366.27,298.17,691.461,535.753,73.618,-10.605,-26.74,L,geometry (centre of the image),L,L,first,True,False,raw-mathys-med-2026-10-02
1.2.826.0.1.3680043.8.498.84007436672323587547274248257117331532,1.2.826.0.1.3680043.8.498.49399931156350465212168524202838649156,med_centre,1.2.826.0.1.3680043.8.498.12422157007997781349883186272503269757,6,341.91,279.25,303.92,248.222,-52.449,10.2,-23.538,R,geometry (centre of the image),R,R,last,True,False,raw-mathys-med-2026-10-02
1.2.826.0.1.3680043.8.498.38750761816114659458563557493234655604,1.2.826.0.1.3680043.8.498.12092852689210078304072738013346524852,med_centre,1.2.826.0.1.3680043.8.498.10256776036748766682905821696488828996,6,376.91,293.44,675.039,522.445,-98.078,-77.469,-37.486,R,geometry (centre of the image),R,R,last,True,False,raw-mathys-med-2026-10-02
1.2.826.0.1.3680043.8.498.13162284470388627411596358366248494046,1.2.826.0.1.3680043.8.498.38370237718563398520922427664639398704,med_centre,1.2.826.0.1.3680043.8.498.23045841111511899775944761568781552113,10,314.25,266.25,282.25,234.25,-57.756,-5.971,-2.038,R,geometry (centre of the image),R,R,last,True,False,raw-mathys-med-2026-10-02
1.2.826.0.1.3680043.8.498.51828180600648126726057100018010765613,1.2.826.0.1.3680043.8.498.11110280190794074816870685652896256970,med_centre,1.2.826.0.1.3680043.8.498.29100088602976178819045744613731047014,8,433.66,285.16,602.306,396.056,-76.579,-57.67,-12.453,R,DICOM Laterality tag,R,R,last,True,False,raw-mathys-med-2026-10-02
1.2.826.0.1.3680043.8.498.83253778356746892201320443660102495790,1.2.826.0.1.3680043.8.498.27116331186729444306434454746854926036,med_centre,1.2.826.0.1.3680043.8.498.20659147581316298399918015025470657253,22,356.81,285.16,300.687,237.495,79.244,-59.384,-44.748,L,geometry (centre of the image),L,L,first,True,False,raw-mathys-med-2026-10-02
1.2.826.0.1.3680043.8.498.41640481150213029810772014344448781554,1.2.826.0.1.3680043.8.498.97330234840707787563422878066979815132,med_centre,1.2.826.0.1.3680043.8.498.15664989249391212269178129612525707682,5,367.45,288.71,162.018,128.8,-88.094,-32.608,-4.602,R,geometry (centre of the image),R,R,last,True,False,raw-mathys-med-2026-10-02
1.2.826.0.1.3680043.8.498.92758635328468215409701857842011454608,1.2.826.0.1.3680043.8.498.96880994689129267608778107193580452694,med_centre,1.2.826.0.1.3680043.8.498.25285068165585111770708661075028814681,16,346.17,287.53,155.868,128.279,87.775,-23.803,-36.225,L,geometry (centre of the image),L,L,first,True,False,raw-mathys-med-2026-10-02
1.2.826.0.1.3680043.8.498.81796385087779065457668769443782458844,1.2.826.0.1.3680043.8.498.62908586318660487955104770487688529382,med_centre,1.2.826.0.1.3680043.8.498.99663705819477979854150818798855328315,7,325.83,275.7,367.287,304.625,-20.027,-3.586,24.862,R,geometry (centre of the image),R,R,last,True,False,raw-mathys-med-2026-10-02
1.2.826.0.1.3680043.8.498.99441773159476751698123795913150660766,1.2.826.0.1.3680043.8.498.12416352477144175733916009485252637740,med_centre,1.2.826.0.1.3680043.8.498.89889295581152788951841340662182645510,6,327.25,272.16,369.062,300.2,-77.839,-6.699,-64.244,R,geometry (centre of the image),R,R,last,True,False,raw-mathys-med-2026-10-02
1.2.826.0.1.3680043.8.498.19821498229702528191367700655079805824,1.2.826.0.1.3680043.8.498.11863647166406143175140124991383502785,med_centre,1.2.826.0.1.3680043.8.498.12915267182672254850851583503885214599,5,310.7,293.44,217.734,204.25,-80.555,-56.762,-18.187,R,geometry (centre of the image),R,R,last,True,False,raw-mathys-med-2026-10-02
1.2.826.0.1.3680043.8.498.23939313916974849526459717576344063277,1.2.826.0.1.3680043.8.498.64377746410115163216126275635225648263,med_centre,1.2.826.0.1.3680043.8.498.12212269377152972669869374787885913077,6,320.16,281.62,287.711,250.308,-100.829,-45.636,-36.438,R,geometry (centre of the image),R,R,last,True,False,raw-mathys-med-2026-10-02
1.2.826.0.1.3680043.8.498.35017973257585430544005763350601015208,1.2.826.0.1.3680043.8.498.64369352731798895272474479209187555158,med_centre,1.2.826.0.1.3680043.8.498.51366238127440499869746775473110516961,23,321.81,257.97,253.584,197.724,43.402,-16.236,1.457,L,geometry (centre of the image),L,L,first,True,False,raw-mathys-med-2026-10-02
1.2.826.0.1.3680043.8.498.19592989024994864431870593504844309885,1.2.826.0.1.3680043.8.498.10999243104292802162073528803301708691,med_centre,1.2.826.0.1.3680043.8.498.22631368911948037200051771474092912591,21,334.34,270.98,604.68,477.96,25.237,-43.401,-20.675,L,geometry (centre of the image),L,L,first,True,False,raw-mathys-med-2026-10-02
1.2.826.0.1.3680043.8.498.13575953449958751965232580597585303226,1.2.826.0.1.3680043.8.498.10072118276867498117556502528770891174,med_centre,1.2.826.0.1.3680043.8.498.66429179855507021888313929850509672138,6,343.8,282.8,460.588,385.608,-90.986,-71.019,-18.094,R,geometry (centre of the image),R,R,last,True,False,raw-mathys-med-2026-10-02
1.2.826.0.1.3680043.8.498.38325494489236992123219618004392575979,1.2.826.0.1.3680043.8.498.68885929783222184735521596918178201593,med_centre,1.2.826.0.1.3680043.8.498.10123624762563929022011832052051823425,22,343.8,296.99,237.159,199.695,24.763,7.782,-47.712,L,geometry (centre of the image),L,L,first,True,False,raw-mathys-med-2026-10-02
1.2.826.0.1.3680043.8.498.10442828926117258624043497279351962738,1.2.826.0.1.3680043.8.498.77044855060417156547958783987043808193,med_centre,1.2.826.0.1.3680043.8.498.12589246632557361780156150705242320511,22,368.63,274.52,311.111,228.111,84.27,-52.66,-24.904,L,geometry (centre of the image),L,L,first,True,False,raw-mathys-med-2026-10-02
1.2.826.0.1.3680043.8.498.87404730020015145302086817782843205171,1.2.826.0.1.3680043.8.498.68272292264218910396961856501685863847,med_centre,1.2.826.0.1.3680043.8.498.10864044633077935348394408408115703822,5,397.0,255.61,343.738,230.577,-47.632,-10.556,-44.021,R,geometry (centre of the image),R,R,last,True,False,raw-mathys-med-2026-10-02
1.2.826.0.1.3680043.8.498.11689820638581431730501617718741779835,1.2.826.0.1.3680043.8.498.30156440426404040405021093797787083907,med_centre,1.2.826.0.1.3680043.8.498.31824341722795014641667820683422523129,6,323.7,296.99,227.891,207.023,-78.291,-34.674,-13.743,R,geometry (centre of the image),R,R,last,True,False,raw-mathys-med-2026-10-02
1.2.826.0.1.3680043.8.498.97694479664965569386338738579573728752,1.2.826.0.1.3680043.8.498.69428965420285281156788337232538334783,med_centre,1.2.826.0.1.3680043.8.498.32213895315313708464524201463319304648,8,298.4,294.62,266.436,262.643,-65.809,70.13,4.09,R,geometry (centre of the image),R,R,last,True,False,raw-mathys-med-2026-10-02
1.2.826.0.1.3680043.8.498.62752755711205966800746994120425231855,1.2.826.0.1.3680043.8.498.86737239586288294617456632849956122231,med_centre,1.2.826.0.1.3680043.8.498.10025161148258812696742860770390457392,4,412.37,288.71,373.029,256.668,-76.638,-5.808,-47.701,R,geometry (centre of the image),R,R,last,True,False,raw-mathys-med-2026-10-02
1.2.826.0.1.3680043.8.498.13118532243906060645114391749986421707,1.2.826.0.1.3680043.8.498.12245541631528026565989521201533552722,med_centre,1.2.826.0.1.3680043.8.498.91809111053177420604962517025965579671,15,337.89,266.25,344.126,263.531,50.446,-40.014,-2.158,L,geometry (centre of the image),L,L,first,True,False,raw-mathys-med-2026-10-02
1.2.826.0.1.3680043.8.498.46051119885630602872050329412008545893,1.2.826.0.1.3680043.8.498.11878321781274509625920460709000314871,med_centre,1.2.826.0.1.3680043.8.498.41802987252283160337172367894548499076,6,324.89,291.07,228.82,202.398,-76.47,-44.032,-15.322,R,the click's own position in the stack,,R,last,,False,raw-mathys-med-2026-10-02
1.2.826.0.1.3680043.8.498.14963472809950919852176661973255059069,1.2.826.0.1.3680043.8.498.12218370167225090088219312257519288525,med_centre,1.2.826.0.1.3680043.8.498.28645943080805254969201612621358937601,20,359.17,298.17,327.17,266.17,-31.357,1.005,-20.867,L,DICOM Laterality tag,L,L,first,True,False,raw-mathys-med-2026-10-02
1.2.826.0.1.3680043.8.498.11533971444023236216745801026152089075,1.2.826.0.1.3680043.8.498.10920382066225285062115526574002474943,med_centre,1.2.826.0.1.3680043.8.498.47467764020868080615167448789612095945,19,310.7,280.43,348.375,310.538,53.622,3.927,9.672,L,geometry (centre of the image),L,L,first,True,False,raw-mathys-med-2026-10-02
1.2.826.0.1.3680043.8.498.67875980316053973061252844698884229168,1.2.826.0.1.3680043.8.498.23031722909840698572229158615423899669,med_centre,1.2.826.0.1.3680043.8.498.19190774529140324313999295104605394927,5,343.8,291.07,308.506,258.889,3.549,-16.926,-36.07,R,the click's own position in the stack,,R,last,,False,raw-mathys-med-2026-10-02
1.2.826.0.1.3680043.8.498.90751504670572401790063555695835439317,1.2.826.0.1.3680043.8.498.23580036786525362145347010286747656939,med_centre,1.2.826.0.1.3680043.8.498.12211308539861838408181958307363153071,16,323.7,288.71,300.816,264.732,41.806,-5.37,-15.489,L,geometry (centre of the image),L,L,first,True,False,raw-mathys-med-2026-10-02
1.2.826.0.1.3680043.8.498.10148517526101576084961355066637531019,1.2.826.0.1.3680043.8.498.61178174888593430207613886253463045477,med_centre,1.2.826.0.1.3680043.8.498.19769293259934169531161909653714998097,25,333.16,283.98,282.338,236.231,78.446,-49.236,-19.778,L,DICOM Laterality tag,L,L,first,True,False,raw-mathys-med-2026-10-02
1.2.826.0.1.3680043.8.498.58522891982092784622515590012748600644,1.2.826.0.1.3680043.8.498.11255820781553457663601913122087858960,med_centre,1.2.826.0.1.3680043.8.498.65317890295661198813182018806092955194,16,350.9,275.7,158.094,122.713,80.75,-30.349,-44.012,L,geometry (centre of the image),L,L,first,True,False,raw-mathys-med-2026-10-02
1.2.826.0.1.3680043.8.498.93230313557251171119475173996942942855,1.2.826.0.1.3680043.8.498.51611137538319854326864290108043801788,med_centre,1.2.826.0.1.3680043.8.498.13119554389877777291839672466920750846,6,333.16,266.25,301.16,234.25,27.833,-7.703,-12.996,R,DICOM Laterality tag,R,R,last,True,False,raw-mathys-med-2026-10-02
1.2.826.0.1.3680043.8.498.17547781127981007962008163248942714330,1.2.826.0.1.3680043.8.498.11777344048327463289186253547865378798,med_centre,1.2.826.0.1.3680043.8.498.12698284534829337897095692762501936335,17,321.34,289.89,285.636,257.68,69.104,32.314,-23.192,L,geometry (centre of the image),L,L,first,True,False,raw-mathys-med-2026-10-02
1.2.826.0.1.3680043.8.498.11924999889245769866426422681253524920,1.2.826.0.1.3680043.8.498.74002872999569953084975734172590388602,med_centre,1.2.826.0.1.3680043.8.498.12986714722388420822943963107920785153,10,336.71,294.62,285.666,246.206,-84.674,-53.643,-6.948,R,DICOM Laterality tag,R,R,last,True,False,raw-mathys-med-2026-10-02
1.2.826.0.1.3680043.8.498.81629704995225424568187579791704967233,1.2.826.0.1.3680043.8.498.11803382369827350266456786973715571246,med_centre,1.2.826.0.1.3680043.8.498.22017675738670571459525356469790534540,8,343.8,304.08,394.4,341.44,-59.718,-50.84,-40.406,R,geometry (centre of the image),R,R,last,True,False,raw-mathys-med-2026-10-02
1.2.826.0.1.3680043.8.498.70464717849928808075676221329034929056,1.2.826.0.1.3680043.8.498.12189295720389954806750738213385450625,med_centre,1.2.826.0.1.3680043.8.498.12318688974058367620571974557161226935,8,352.08,249.69,489.0,346.792,-84.103,-41.332,-9.306,R,DICOM Laterality tag,R,R,last,True,False,raw-mathys-med-2026-10-02
1.2.826.0.1.3680043.8.498.37427993203943111265113924891058049338,1.2.826.0.1.3680043.8.498.10804792800840526866304375826928031479,med_centre,1.2.826.0.1.3680043.8.498.10913198333675456565335488902308683719,5,322.52,299.35,258.52,235.35,-76.927,-31.861,-6.33,R,geometry (centre of the image),R,R,last,True,False,raw-mathys-med-2026-10-02
1.2.826.0.1.3680043.8.498.12295284437770380354725533247473017729,1.2.826.0.1.3680043.8.498.14515541340136574913773528295161206632,med_centre,1.2.826.0.1.3680043.8.498.80863044355739406162111809648839696421,7,369.81,288.71,512.251,368.905,-65.431,-55.013,-21.607,R,geometry (centre of the image),R,R,last,True,False,raw-mathys-med-2026-10-02
1.2.826.0.1.3680043.8.498.16550793987525699514242241133391355835,1.2.826.0.1.3680043.8.498.13346108579354439619027160644500005040,med_centre,1.2.826.0.1.3680043.8.498.53617835810051357691020419296128118815,22,334.34,293.44,310.34,269.44,87.76,-35.283,-8.335,L,DICOM Laterality tag,L,L,first,True,False,raw-mathys-med-2026-10-02
1.2.826.0.1.3680043.8.498.95560861705581165570145459410262387310,1.2.826.0.1.3680043.8.498.81686033957801490188294303825951394421,med_centre,1.2.826.0.1.3680043.8.498.13380279685911464768032815239197164223,6,342.62,273.34,304.551,242.969,-54.368,14.852,-27.124,R,geometry (centre of the image),R,R,last,True,False,raw-mathys-med-2026-10-02
1.2.826.0.1.3680043.8.498.85108719393967663738580518985514195538,1.2.826.0.1.3680043.8.498.96722287350274129921096603633786586778,med_centre,1.2.826.0.1.3680043.8.498.13402731525285783644479020165751705446,5,387.55,287.53,336.175,256.124,-58.678,-7.952,-40.822,R,geometry (centre of the image),R,R,last,True,False,raw-mathys-med-2026-10-02
1.2.826.0.1.3680043.8.498.11957476321850340968244508976719889277,1.2.826.0.1.3680043.8.498.11343344622343312110759493227556597110,med_centre,1.2.826.0.1.3680043.8.498.53484093634337540773989506629862412770,32,339.07,281.62,307.07,249.62,58.347,7.683,4.999,L,geometry (centre of the image),L,L,first,True,False,raw-mathys-med-2026-10-02
1.2.826.0.1.3680043.8.498.90668646188784648688693620159738574680,1.2.826.0.1.3680043.8.498.63482963825995204726134297820392991232,med_centre,1.2.826.0.1.3680043.8.498.12295228965611454445864617303293611879,23,335.53,299.35,502.392,449.19,73.955,-57.602,-5.503,L,DICOM Laterality tag,L,L,first,True,False,raw-mathys-med-2026-10-02
1.2.826.0.1.3680043.8.498.86651345701812229172985086531423369421,1.2.826.0.1.3680043.8.498.36188366441272388314154367740839790973,med_centre,1.2.826.0.1.3680043.8.498.10855068091939953835670518493621921720,23,329.62,281.62,595.24,499.24,52.066,-30.614,-9.525,L,geometry (centre of the image),L,L,first,True,False,raw-mathys-med-2026-10-02
1.2.826.0.1.3680043.8.498.85194002080793317087210934629814349622,1.2.826.0.1.3680043.8.498.15933268726194960283072482223202587078,med_centre,1.2.826.0.1.3680043.8.498.66930628574694805261352163476629480444,6,323.7,313.54,362.022,350.063,-33.893,34.392,-14.156,R,geometry (centre of the image),R,R,last,True,False,raw-mathys-med-2026-10-02
1.2.826.0.1.3680043.8.498.65543472488214519069910341591668399186,1.2.826.0.1.3680043.8.498.12146481844904820936876316123478837079,med_centre,1.2.826.0.1.3680043.8.498.42564356033909848632298111744616451342,8,322.52,286.34,290.52,254.34,-88.943,-42.056,-26.372,R,geometry (centre of the image),R,R,last,True,False,raw-mathys-med-2026-10-02
1.2.826.0.1.3680043.8.498.12137739162059836759686062882514824614,1.2.826.0.1.3680043.8.498.12420828072849503611383902941929334326,med_centre,1.2.826.0.1.3680043.8.498.22375284932897490229441479632775425932,16,349.71,275.7,357.424,274.162,76.52,-49.209,4.951,L,geometry (centre of the image),L,L,first,True,False,raw-mathys-med-2026-10-02
1.2.826.0.1.3680043.8.498.81974732979506931694079719601760393277,1.2.826.0.1.3680043.8.498.55918779092413231278856196503563791619,med_centre,1.2.826.0.1.3680043.8.498.13128394705255360938954720470854455130,4,362.72,273.34,322.418,242.969,-40.238,-5.073,-32.172,R,geometry (centre of the image),R,R,last,True,False,raw-mathys-med-2026-10-02
1.2.826.0.1.3680043.8.498.11340429352365972769264064439788186260,1.2.826.0.1.3680043.8.498.19356776260199146204837330613155326278,med_centre,1.2.826.0.1.3680043.8.498.12440840170937788426752070035507577315,8,339.07,256.79,307.07,224.79,8.792,-6.514,-14.586,R,DICOM Laterality tag,R,R,last,True,False,raw-mathys-med-2026-10-02
1.2.826.0.1.3680043.8.498.13078551660783737720660607567713996703,1.2.826.0.1.3680043.8.498.65491541387025635978670199002630265740,med_centre,1.2.826.0.1.3680043.8.498.66051686828941976361638144237136698534,8,366.27,276.89,334.27,244.89,20.722,-7.519,-22.72,R,DICOM Laterality tag,R,R,last,True,False,raw-mathys-med-2026-10-02
1.2.826.0.1.3680043.8.498.75688484058613633923943882730405145535,1.2.826.0.1.3680043.8.498.69379717597958849120291408391418152943,med_centre,1.2.826.0.1.3680043.8.498.12956015731260588675768132554204718290,20,346.17,274.52,408.107,319.29,72.314,-63.85,-30.578,L,geometry (centre of the image),L,L,first,True,False,raw-mathys-med-2026-10-02
1.2.826.0.1.3680043.8.498.74160604730133050784449689952695940558,1.2.826.0.1.3680043.8.498.21797233540155117256806210839450339196,med_centre,1.2.826.0.1.3680043.8.498.12683252616426361432927169850023208389,4,427.03,294.62,379.582,261.884,-79.011,-5.298,-43.668,R,geometry (centre of the image),R,R,last,True,False,raw-mathys-med-2026-10-02
1.2.826.0.1.3680043.8.498.12178921459424917661210327999672203211,1.2.826.0.1.3680043.8.498.81192357764559453003810773433705406850,med_centre,1.2.826.0.1.3680043.8.498.51840096139138871110073041828271877939,17,334.34,289.89,146.504,128.755,76.557,-36.865,0.356,L,geometry (centre of the image),L,L,first,True,False,raw-mathys-med-2026-10-02
1.2.826.0.1.3680043.8.498.27161418589407291713644384596541786246,1.2.826.0.1.3680043.8.498.42011930152970972092180536632543772383,med_centre,1.2.826.0.1.3680043.8.498.35948380520825968935859168951221259212,17,296.51,304.08,263.564,270.293,43.321,21.565,-24.438,L,geometry (centre of the image),L,L,first,True,False,raw-mathys-med-2026-10-02
1.2.826.0.1.3680043.8.498.24826041178550854190310664677274404684,1.2.826.0.1.3680043.8.498.49065522942671354058167017519077767045,med_centre,1.2.826.0.1.3680043.8.498.51035841589954047613835077755613893097,22,335.53,301.71,268.394,236.806,63.353,-25.062,-45.621,L,geometry (centre of the image),L,L,first,True,False,raw-mathys-med-2026-10-02
1.2.826.0.1.3680043.8.498.11352722814008170661344291337061231555,1.2.826.0.1.3680043.8.498.40093240067476618134189054334306410614,med_centre,1.2.826.0.1.3680043.8.498.33829682519067408864158127054738748387,7,335.76,280.43,621.701,495.192,-66.214,-47.021,-4.016,R,geometry (centre of the image),R,R,last,True,False,raw-mathys-med-2026-10-02
1.2.826.0.1.3680043.8.498.96054287426681123062488435620352206601,1.2.826.0.1.3680043.8.498.56753469150559675099965653226638037060,med_centre,1.2.826.0.1.3680043.8.498.90723929637787156068373711620905119480,6,367.45,289.89,323.398,258.091,-35.278,8.645,-51.157,R,geometry (centre of the image),R,R,last,True,False,raw-mathys-med-2026-10-02
1.2.826.0.1.3680043.8.498.11530446425918247469882351709851883983,1.2.826.0.1.3680043.8.498.30834998619975301005268800293577539235,med_centre,1.2.826.0.1.3680043.8.498.95096271031343918273148117241195551806,24,321.34,276.89,578.68,489.78,57.745,-13.385,-40.243,L,geometry (centre of the image),L,L,first,True,False,raw-mathys-med-2026-10-02
1.2.826.0.1.3680043.8.498.94955017957653373798729896600270551224,1.2.826.0.1.3680043.8.498.87159653406138401833165972154176467671,med_centre,1.2.826.0.1.3680043.8.498.13163191840024106182128030317874161932,5,309.52,247.33,344.584,273.54,-77.247,-37.731,-5.086,R,DICOM Laterality tag,R,R,last,True,False,raw-mathys-med-2026-10-02
1.2.826.0.1.3680043.8.498.86405969333062807387894608315897106350,1.2.826.0.1.3680043.8.498.17527290973280363045583523023345587173,med_centre,1.2.826.0.1.3680043.8.498.84989882245229790232035404419484416093,6,339.07,242.6,376.624,270.607,-82.483,-68.182,-16.056,R,geometry (centre of the image),R,R,last,True,False,raw-mathys-med-2026-10-02
1.2.826.0.1.3680043.8.498.63726512375511246975989322174096818969,1.2.826.0.1.3680043.8.498.24830026619245989120192410378102606807,med_centre,1.2.826.0.1.3680043.8.498.10884565298942454118483888462075079271,7,330.8,266.25,407.135,323.982,-59.574,-52.559,5.728,R,geometry (centre of the image),R,R,last,True,False,raw-mathys-med-2026-10-02
1.2.826.0.1.3680043.8.498.37463970179664003092832463732043124908,1.2.826.0.1.3680043.8.498.57969727375831233228764640853929267968,med_centre,1.2.826.0.1.3680043.8.498.24607308554023926734906662125459832021,9,298.64,266.25,266.64,234.25,-68.171,-8.237,1.5,R,geometry (centre of the image),R,R,last,True,False,raw-mathys-med-2026-10-02
1.2.826.0.1.3680043.8.498.12110510829608190094905588610131531103,1.2.826.0.1.3680043.8.498.78600544684275475318510946289951878793,med_centre,1.2.826.0.1.3680043.8.498.11780730251994252732660286408704983827,23,313.54,243.78,281.54,211.78,47.033,-30.648,-44.187,L,geometry (centre of the image),L,L,first,True,False,raw-mathys-med-2026-10-02
1.2.826.0.1.3680043.8.498.60339775486026531260673620094004244044,1.2.826.0.1.3680043.8.498.24659047104051568429685771044727308713,med_centre,1.2.826.0.1.3680043.8.498.10702302502525846241202165196989714579,20,298.88,304.08,208.5,212.562,82.387,-52.957,-20.989,L,DICOM Laterality tag,L,L,first,True,False,raw-mathys-med-2026-10-02
1.2.826.0.1.3680043.8.498.70129413051088864999976563404818211137,1.2.826.0.1.3680043.8.498.12669462838515791399239373943806811722,med_centre,1.2.826.0.1.3680043.8.498.13879268329157619076674994164803534157,8,331.98,285.16,299.98,253.16,-101.513,-17.579,-48.819,R,geometry (centre of the image),R,R,last,True,False,raw-mathys-med-2026-10-02
1.2.826.0.1.3680043.8.498.79636443202100988025435536780567446582,1.2.826.0.1.3680043.8.498.12476716683737332319462982244374557979,med_centre,1.2.826.0.1.3680043.8.498.74317206665076108982144561523745052217,9,310.46,273.34,277.134,242.205,-63.841,-10.839,-6.865,R,geometry (centre of the image),R,R,last,True,False,raw-mathys-med-2026-10-02
1.2.826.0.1.3680043.8.498.64034149345689391514924451724232196567,1.2.826.0.1.3680043.8.498.56283714095107313607477606327242223936,med_centre,1.2.826.0.1.3680043.8.498.66278761413110011172121471412415356858,11,354.44,282.8,322.44,250.8,-73.599,-24.608,-20.575,R,geometry (centre of the image),R,R,last,True,False,raw-mathys-med-2026-10-02
1.2.826.0.1.3680043.8.498.10274314637471308855247991547659839029,1.2.826.0.1.3680043.8.498.77766976116670551979942629232553368416,med_centre,1.2.826.0.1.3680043.8.498.50704009188656577615908864361527833879,8,336.71,270.98,571.331,448.088,-79.105,-66.375,-26.012,R,geometry (centre of the image),R,R,last,True,False,raw-mathys-med-2026-10-02
1.2.826.0.1.3680043.8.498.49866252311077397175807461727885923657,1.2.826.0.1.3680043.8.498.95647887673248837374073341036050591673,med_centre,1.2.826.0.1.3680043.8.498.13043070687385140104251392811935124408,16,362.01,239.05,400.948,266.461,71.398,-70.538,-9.319,L,geometry (centre of the image),L,L,first,True,False,raw-mathys-med-2026-10-02
1.2.826.0.1.3680043.8.498.62782163204193388751869649423542931657,1.2.826.0.1.3680043.8.498.67127701575821532523664382268777039524,med_centre,1.2.826.0.1.3680043.8.498.31427571854821746694522049818993763408,18,390.15,286.34,433.5,318.156,-17.176,-8.836,-45.017,L,geometry (centre of the image),L,L,first,True,False,raw-mathys-med-2026-10-02
1.2.826.0.1.3680043.8.498.35961087303991442751747064990497975939,1.2.826.0.1.3680043.8.498.48219404456567916739199763344020373404,med_centre,1.2.826.0.1.3680043.8.498.66077387492970639064190364109795011988,23,359.17,280.43,675.227,495.192,46.822,-14.815,-22.35,L,geometry (centre of the image),L,L,first,True,False,raw-mathys-med-2026-10-02
1.2.826.0.1.3680043.8.498.11314687816975146963598226343179928616,1.2.826.0.1.3680043.8.498.91190252972033305108200535355820995939,med_centre,1.2.826.0.1.3680043.8.498.12219212446650213985801753573787185196,7,367.45,279.25,459.312,309.062,-58.363,-58.21,-35.701,R,geometry (centre of the image),R,R,last,True,False,raw-mathys-med-2026-10-02
1.2.826.0.1.3680043.8.498.16397020531009156965821242117417547331,1.2.826.0.1.3680043.8.498.10540984475026191413807822617799041591,med_centre,1.2.826.0.1.3680043.8.498.10268744232603159528943169261647416585,18,309.75,268.61,277.75,236.61,47.765,51.509,32.692,L,geometry (centre of the image),L,L,first,True,False,raw-mathys-med-2026-10-02
1.2.826.0.1.3680043.8.498.10541029960718591409318399557079055927,1.2.826.0.1.3680043.8.498.95596126576996016027364861452027736293,med_centre,1.2.826.0.1.3680043.8.498.20669675077778495481257749605455035968,12,414.74,323.0,368.658,287.111,4.043,0.869,-40.018,L,geometry (centre of the image),L,L,first,True,False,raw-mathys-med-2026-10-02
1.2.826.0.1.3680043.8.498.38584486469155131627808759862008577200,1.2.826.0.1.3680043.8.498.20089692877280311505258338592867703887,med_centre,1.2.826.0.1.3680043.8.498.11949176192332381463943356417388631597,3,314.25,308.81,280.701,275.582,-86.407,2.264,-41.237,R,geometry (centre of the image),R,R,last,True,False,raw-mathys-med-2026-10-02
1.2.826.0.1.3680043.8.498.63510378689078892579575716369639643386,1.2.826.0.1.3680043.8.498.39496989532030157851697744227887690907,med_centre,1.2.826.0.1.3680043.8.498.71614741183196942935780999913168147183,22,328.43,275.7,373.907,303.6,48.205,-44.359,-35.425,L,geometry (centre of the image),L,L,first,True,False,raw-mathys-med-2026-10-02
1.2.826.0.1.3680043.8.498.38303182087206935163155565441234078389,1.2.826.0.1.3680043.8.498.32323997237906771515719220425087292546,med_centre,1.2.826.0.1.3680043.8.498.88143591373087873325244606314774508988,25,382.82,306.44,358.82,282.44,78.376,-45.035,-44.339,L,DICOM Laterality tag,L,L,first,True,False,raw-mathys-med-2026-10-02
1.2.826.0.1.3680043.8.498.26843088620128166809417361066548447201,1.2.826.0.1.3680043.8.498.23429532435923317882737919863393787881,med_centre,1.2.826.0.1.3680043.8.498.57030326857481467150526050499831255424,23,330.8,308.81,233.438,216.258,86.582,-41.329,-21.863,L,DICOM Laterality tag,L,L,first,True,False,raw-mathys-med-2026-10-02
1.2.826.0.1.3680043.8.498.78812661021494224637586904573732040856,1.2.826.0.1.3680043.8.498.89240427498659264185023617810117177572,med_centre,1.2.826.0.1.3680043.8.498.97277029451580302737072082155814624370,21,374.54,285.16,670.706,507.308,71.287,-52.318,-33.917,L,geometry (centre of the image),L,L,first,True,False,raw-mathys-med-2026-10-02
1.2.826.0.1.3680043.8.498.43127139928509033152155587499980767364,1.2.826.0.1.3680043.8.498.11673388554859979605186616425983138537,med_centre,1.2.826.0.1.3680043.8.498.80469968023763986283592326337607682981,5,313.06,268.61,278.276,238.764,-34.869,-10.946,-14.164,R,geometry (centre of the image),R,R,last,True,False,raw-mathys-med-2026-10-02
1.2.826.0.1.3680043.8.498.30246079718471552972130572444383079911,1.2.826.0.1.3680043.8.498.73098240504448530683336388041967650671,med_centre,1.2.826.0.1.3680043.8.498.15391247469066441856787331099575599247,4,349.71,249.69,314.067,219.951,26.835,-44.997,-5.085,R,the click's own position in the stack,,R,last,,False,raw-mathys-med-2026-10-02
1.2.826.0.1.3680043.8.498.12153755823296803843819361055386265595,1.2.826.0.1.3680043.8.498.58313871254257520649846427940724728250,med_centre,1.2.826.0.1.3680043.8.498.20476623310086870982308190060456445824,23,328.43,313.54,231.586,219.953,72.586,-49.384,-10.874,L,DICOM Laterality tag,L,L,first,True,False,raw-mathys-med-2026-10-02
1.2.826.0.1.3680043.8.498.13737588520456064856233576393747389054,1.2.826.0.1.3680043.8.498.86419664226394341912550063578150639520,med_centre,1.2.826.0.1.3680043.8.498.83490747832348789020043851985719492811,8,321.34,314.72,361.675,353.4,-35.276,55.889,-10.67,R,geometry (centre of the image),R,R,last,True,False,raw-mathys-med-2026-10-02
1.2.826.0.1.3680043.8.498.17931021655186901394796168474942485728,1.2.826.0.1.3680043.8.498.37265227959941421921979555442966989419,med_centre,1.2.826.0.1.3680043.8.498.97495484937155233404918940365818705553,24,326.07,282.8,275.691,235.125,90.579,-51.977,-14.585,L,DICOM Laterality tag,L,L,first,True,False,raw-mathys-med-2026-10-02
1.2.826.0.1.3680043.8.498.65667678378249093118816281743956646856,1.2.826.0.1.3680043.8.498.57677348651595775508988578990248724929,med_centre,1.2.826.0.1.3680043.8.498.99248164556956844031488515497854799873,18,344.99,282.8,340.953,274.984,58.554,-44.22,-15.665,L,geometry (centre of the image),L,L,first,True,False,raw-mathys-med-2026-10-02
1.2.826.0.1.3680043.8.498.11674925658184069242322832524274428408,1.2.826.0.1.3680043.8.498.75063918192937466796915287714962438229,med_centre,1.2.826.0.1.3680043.8.498.79775077017170432596387915396611896079,5,343.8,285.16,631.559,506.44,-5.54,-36.52,-22.457,R,geometry (centre of the image),R,R,last,True,False,raw-mathys-med-2026-10-02
1.2.826.0.1.3680043.8.498.98315778542448798493600485116505234132,1.2.826.0.1.3680043.8.498.19036925019599855767946820948664672173,med_centre,1.2.826.0.1.3680043.8.498.93445083449731022457240443320148512751,16,450.21,280.43,393.083,250.126,21.469,-19.473,-35.714,L,geometry (centre of the image),L,L,first,True,False,raw-mathys-med-2026-10-02
1.2.826.0.1.3680043.8.498.42768603719459834345001093623865167866,1.2.826.0.1.3680043.8.498.67368306837418441494821327515175411304,med_centre,1.2.826.0.1.3680043.8.498.59852396486912237971542443627294907812,16,332.45,247.33,295.511,219.849,40.493,-31.177,-11.749,L,geometry (centre of the image),L,L,first,True,False,raw-mathys-med-2026-10-02
1.2.826.0.1.3680043.8.498.12629372332421954368597330267888483345,1.2.826.0.1.3680043.8.498.15530256794376691030562863615998412608,med_centre,1.2.826.0.1.3680043.8.498.81870651010438047197372622005709481818,15,275.23,257.97,243.984,227.743,85.728,-40.508,22.084,L,geometry (centre of the image),L,L,first,True,False,raw-mathys-med-2026-10-02
1.2.826.0.1.3680043.8.498.82272793832748838882752586678639564181,1.2.826.0.1.3680043.8.498.10568996911457291723691785963888054957,med_centre,1.2.826.0.1.3680043.8.498.70828793189884162460222156566038395307,6,386.36,280.43,354.36,248.43,-80.57,-26.603,0.047,R,geometry (centre of the image),R,R,last,True,False,raw-mathys-med-2026-10-02
1.2.826.0.1.3680043.8.498.49025249926859976858200443939208207124,1.2.826.0.1.3680043.8.498.34185171809287602928250484465343011393,med_centre,1.2.826.0.1.3680043.8.498.40954191440720265930564269194200578746,16,317.32,268.61,142.295,119.377,37.24,-21.783,-14.452,L,geometry (centre of the image),L,L,first,True,False,raw-mathys-med-2026-10-02
1.2.826.0.1.3680043.8.498.11295899132697862632905938037090529644,1.2.826.0.1.3680043.8.498.74800672226731313054975198837566895537,med_centre,1.2.826.0.1.3680043.8.498.45198933862746780497971026099499920730,5,330.33,280.43,293.627,249.271,-53.116,1.917,-40.057,R,geometry (centre of the image),R,R,last,True,False,raw-mathys-med-2026-10-02
1.2.826.0.1.3680043.8.498.91431012289716035498822977054491790785,1.2.826.0.1.3680043.8.498.11348837319065726293868690642830360104,med_centre,1.2.826.0.1.3680043.8.498.39493465840851963681584709154764639245,11,326.07,248.51,294.07,216.51,-83.176,-5.668,-20.864,R,geometry (centre of the image),R,R,last,True,False,raw-mathys-med-2026-10-02
1.2.826.0.1.3680043.8.498.67981157392064878495682078197161506255,1.2.826.0.1.3680043.8.498.12875804464444715918718676777232738119,med_centre,1.2.826.0.1.3680043.8.498.16602952608311655023924356662810424530,16,402.92,272.16,503.65,300.2,-16.114,-0.712,-11.19,L,the click's own position in the stack,,L,first,,False,raw-mathys-med-2026-10-02
1.2.826.0.1.3680043.8.498.10777331080659372520952742261140923555,1.2.826.0.1.3680043.8.498.11493999921664082701311531600481669421,med_centre,1.2.826.0.1.3680043.8.498.13804013044707512462831242154111003893,18,315.43,247.33,434.288,269.163,-11.174,10.387,-8.572,L,the click's own position in the stack,,L,first,,False,raw-mathys-med-2026-10-02
1.2.826.0.1.3680043.8.498.64865300853258390816475799272221318005,1.2.826.0.1.3680043.8.498.13358365066105430052213057181379916862,med_centre,1.2.826.0.1.3680043.8.498.79814484817771724177043401342573270944,20,399.37,273.34,367.37,241.34,-24.544,2.029,-33.43,L,DICOM Laterality tag,L,L,first,True,False,raw-mathys-med-2026-10-02
1.2.826.0.1.3680043.8.498.61490475141024845836646569993549106628,1.2.826.0.1.3680043.8.498.11336772815748586935248588097928611989,med_centre,1.2.826.0.1.3680043.8.498.11240690628231231374589445312670899846,7,357.99,235.51,420.141,258.397,-65.866,-68.709,-13.508,R,geometry (centre of the image),R,R,last,True,False,raw-mathys-med-2026-10-02
1.2.826.0.1.3680043.8.498.12700591955254168977239658917260628326,1.2.826.0.1.3680043.8.498.12259637805167211593153902175326299229,med_centre,1.2.826.0.1.3680043.8.498.93993320555163717262598721793992803479,14,343.8,289.89,389.75,322.362,54.502,15.145,-47.922,L,geometry (centre of the image),L,L,first,True,False,raw-mathys-med-2026-10-02
1.2.826.0.1.3680043.8.498.11498845504486569595587386245872511981,1.2.826.0.1.3680043.8.498.93963850774532523432917071677292116264,med_centre,1.2.826.0.1.3680043.8.498.36223335781753596043357134208948305750,7,330.8,274.52,373.5,303.15,-64.569,-57.935,-28.711,R,geometry (centre of the image),R,R,last,True,False,raw-mathys-med-2026-10-02
1.2.826.0.1.3680043.8.498.52098249444968803324423421624756966294,1.2.826.0.1.3680043.8.498.12416482268219306644386675076879779456,med_centre,1.2.826.0.1.3680043.8.498.12892619914345739955918515746751667794,5,329.62,289.89,372.025,322.362,-69.704,-50.637,-33.082,R,geometry (centre of the image),R,R,last,True,False,raw-mathys-med-2026-10-02
1.2.826.0.1.3680043.8.498.34076627216941578548083498328399240999,1.2.826.0.1.3680043.8.498.86398155169574326696974092366869024821,med_centre,1.2.826.0.1.3680043.8.498.51765333988120819994426606047135395565,8,343.8,307.63,394.4,346.173,-52.303,-50.454,-48.511,R,geometry (centre of the image),R,R,last,True,False,raw-mathys-med-2026-10-02
1.2.826.0.1.3680043.8.498.15744573360087157139672078937679122840,1.2.826.0.1.3680043.8.498.76182665159350749354843871769685251589,med_centre,1.2.826.0.1.3680043.8.498.29407004381162301306960116040820014372,7,343.8,268.61,389.75,295.763,-63.051,-52.089,-18.914,R,geometry (centre of the image),R,R,last,True,False,raw-mathys-med-2026-10-02
1.2.826.0.1.3680043.8.498.52844966504845792334740560021996858939,1.2.826.0.1.3680043.8.498.33505481496959745564562856997526083746,med_centre,1.2.826.0.1.3680043.8.498.59975998199326771395007360025842004900,5,395.82,244.97,439.8,272.189,-62.24,-24.793,-36.194,R,geometry (centre of the image),R,R,last,True,False,raw-mathys-med-2026-10-02
1.2.826.0.1.3680043.8.498.13269841239774089690227054060975903636,1.2.826.0.1.3680043.8.498.81078816884385454543719892685118527297,med_centre,1.2.826.0.1.3680043.8.498.41175810658482121131331484755846678339,6,395.82,279.25,439.8,310.278,-68.918,5.82,-29.685,R,geometry (centre of the image),R,R,last,True,False,raw-mathys-med-2026-10-02
