study,point,x_mm,y_mm,z_mm,confidence,spread_mm,series,n_slices,spacing_mm,stride,ordered
1.2.826.0.1.3680043.8.498.10004873229099053869093324292195817260,mcl_centre,-70.984,-64.251,8.702,0.0815,1.412,1.2.826.0.1.3680043.8.498.40734206102458723096154687147390476697,16,6.595,1,True
1.2.826.0.1.3680043.8.498.10004945927472656027199792075652399585,mcl_centre,-40.695,-9.136,-76.574,0.0841,0.988,1.2.826.0.1.3680043.8.498.99023014295026495734071089488213553280,30,3.6,1,True
1.2.826.0.1.3680043.8.498.10009278692606631573540062909909132231,mcl_centre,31.59,-33.11,-17.352,0.0824,1.843,1.2.826.0.1.3680043.8.498.12689544351656485342798482846432921455,38,3.0,1,True
1.2.826.0.1.3680043.8.498.10009639203170750274174707434356622764,mcl_centre,41.541,-15.44,-39.284,0.0937,2.02,1.2.826.0.1.3680043.8.498.10440591424169021316962862657887905795,32,3.6,1,True
1.2.826.0.1.3680043.8.498.10013663742400736029415768216599146542,mcl_centre,-45.398,-31.076,-38.459,0.0769,1.1,1.2.826.0.1.3680043.8.498.87738065849001552362672384225773846709,38,3.3,1,True
1.2.826.0.1.3680043.8.498.10018552945042470316597008531304016339,mcl_centre,49.797,-14.784,-13.309,0.0961,0.677,1.2.826.0.1.3680043.8.498.67294291903707258636363422483846920874,32,3.3,1,True
1.2.826.0.1.3680043.8.498.10018749256316287542884435387067561101,mcl_centre,39.855,-6.355,-44.16,0.1034,1.327,1.2.826.0.1.3680043.8.498.11078374186526205724225825735159012398,22,4.4,1,True
1.2.826.0.1.3680043.8.498.10021179701366615563817491713738306606,mcl_centre,-78.782,-45.175,-20.448,0.0784,2.424,1.2.826.0.1.3680043.8.498.29394504594736036797747420525794983796,40,3.3,1,True
1.2.826.0.1.3680043.8.498.10021288557171866794624317186288618513,mcl_centre,98.617,-67.752,-8.749,0.0531,1.817,1.2.826.0.1.3680043.8.498.17825809991194664057092474839495289855,27,4.0,1,True
1.2.826.0.1.3680043.8.498.10025765742726180988537955593315007559,mcl_centre,40.056,-25.386,-11.662,0.0752,0.989,1.2.826.0.1.3680043.8.498.58180411352017518670923060837962824092,41,3.5,1,True
1.2.826.0.1.3680043.8.498.10026410865298348818136520318965356394,mcl_centre,46.099,-10.89,-16.871,0.0768,1.205,1.2.826.0.1.3680043.8.498.36920113116383282710943538994927981876,30,3.3,1,True
1.2.826.0.1.3680043.8.498.10029168398037940681915299760479434938,mcl_centre,-34.422,-4.372,-18.025,0.0675,0.623,1.2.826.0.1.3680043.8.498.10398122283136151623747293132260100759,32,3.3,1,True
1.2.826.0.1.3680043.8.498.10029520033957968044048068502185417806,mcl_centre,29.609,-18.501,-15.624,0.1153,1.66,1.2.826.0.1.3680043.8.498.85333757578596026834805540362380833241,30,3.6,1,True
1.2.826.0.1.3680043.8.498.10039686090738454718354181337513293981,mcl_centre,23.34,-53.017,-56.138,0.1232,0.613,1.2.826.0.1.3680043.8.498.85682196050262263484642671710534742181,20,4.8,1,True
1.2.826.0.1.3680043.8.498.10048842414095994814596043262132965018,mcl_centre,11.651,-3.229,-31.89,0.1316,1.938,1.2.826.0.1.3680043.8.498.64945894485172824370200401071778190389,20,5.0,1,True
1.2.826.0.1.3680043.8.498.10058298717414171145622092128156266866,mcl_centre,43.458,-59.52,7.522,0.1089,0.362,1.2.826.0.1.3680043.8.498.68571912553884111541823558096195433355,32,3.3,1,True
1.2.826.0.1.3680043.8.498.10059200627175320481920009076697103801,mcl_centre,-82.464,-86.666,-3.851,0.0972,0.874,1.2.826.0.1.3680043.8.498.10705298691863112379533269403436857260,16,6.247,1,True
1.2.826.0.1.3680043.8.498.10061120822929703004201627784850458401,mcl_centre,79.402,-32.732,-9.072,0.086,2.231,1.2.826.0.1.3680043.8.498.98396227490752197049907798146084545731,30,3.5,1,True
1.2.826.0.1.3680043.8.498.10064642360075735959136394136507408269,mcl_centre,14.175,-2.3,-38.768,0.1232,2.032,1.2.826.0.1.3680043.8.498.21392572370649076486729381864268170044,17,6.0,1,True
1.2.826.0.1.3680043.8.498.10066945398485042741116657288959323922,mcl_centre,43.336,-28.991,-6.693,0.0936,1.598,1.2.826.0.1.3680043.8.498.11547431245652234248420888650946548426,30,3.6,1,True
1.2.826.0.1.3680043.8.498.10077497528995409346950814927366582736,mcl_centre,32.657,-12.986,-23.412,0.053,1.515,1.2.826.0.1.3680043.8.498.87780060142336195144016088675067889095,32,4.0,1,True
1.2.826.0.1.3680043.8.498.10077803906105306230229342168184970097,mcl_centre,43.097,-87.822,-54.292,0.1125,1.287,1.2.826.0.1.3680043.8.498.74334922299557471072402543805514695663,16,6.48,1,True
1.2.826.0.1.3680043.8.498.10081117556977868957150377234052259018,mcl_centre,-38.215,-29.127,-9.809,0.078,1.924,1.2.826.0.1.3680043.8.498.40138084701193504692300116021221928305,30,3.6,1,True
1.2.826.0.1.3680043.8.498.10085187975213640798228717119613397941,mcl_centre,69.231,-60.43,-20.653,0.0835,1.72,1.2.826.0.1.3680043.8.498.11937405551646049903918830246970006283,24,4.95,1,True
1.2.826.0.1.3680043.8.498.10087350795575215080051569638065974347,mcl_centre,71.956,-22.606,-36.857,0.1018,1.548,1.2.826.0.1.3680043.8.498.34095714566922854072855180431349364470,30,3.7,1,True
1.2.826.0.1.3680043.8.498.10088120558600684332737135714636269365,mcl_centre,35.749,-44.411,-32.238,0.1197,1.182,1.2.826.0.1.3680043.8.498.26880088452946170819426054931654314730,25,3.3,1,True
1.2.826.0.1.3680043.8.498.10088707526476055079083082931629995449,mcl_centre,-67.745,-25.253,-38.421,0.1155,0.591,1.2.826.0.1.3680043.8.498.89861501432639837110110706871986340061,30,3.5,1,True
1.2.826.0.1.3680043.8.498.10090136633727522725960302994815319097,mcl_centre,-37.982,5.939,-15.486,0.1268,0.825,1.2.826.0.1.3680043.8.498.57436347927842361053377226812791686870,29,4.0,1,True
1.2.826.0.1.3680043.8.498.10090631811016939819371208464230332678,mcl_centre,-52.792,-24.205,-23.587,0.0761,0.668,1.2.826.0.1.3680043.8.498.19623053198315082370818305051668483810,33,3.7,1,True
1.2.826.0.1.3680043.8.498.10095687747295410396510538520594649149,mcl_centre,-64.5,-48.945,7.185,0.0996,1.545,1.2.826.0.1.3680043.8.498.21497837050858589852101556928971904198,30,3.45,1,True
1.2.826.0.1.3680043.8.498.10096063158753121251217031021181036863,mcl_centre,47.153,-24.722,9.017,0.0998,0.796,1.2.826.0.1.3680043.8.498.66213850715195648479247228176806395878,30,3.5,1,True
1.2.826.0.1.3680043.8.498.10096216489317602387766193675918767557,mcl_centre,-57.519,-28.685,-34.757,0.0779,1.45,1.2.826.0.1.3680043.8.498.81693348047871174074420628411856256035,30,3.5,1,True
1.2.826.0.1.3680043.8.498.10096919689272424388113819845481617364,mcl_centre,29.567,8.326,-25.827,0.0862,1.925,1.2.826.0.1.3680043.8.498.42945613138521535562676526918755318255,32,3.6,1,True
1.2.826.0.1.3680043.8.498.10100718559177860518999368876392117659,mcl_centre,29.904,-8.775,-41.26,0.0756,0.419,1.2.826.0.1.3680043.8.498.10806209525568981870436366736339073203,39,3.5,1,True
1.2.826.0.1.3680043.8.498.10112440805412493412191181061985753636,mcl_centre,-39.959,-8.823,-25.074,0.084,1.365,1.2.826.0.1.3680043.8.498.89837468161028677597270115982511521187,32,3.3,1,True
1.2.826.0.1.3680043.8.498.10118623027360228027776975311765133100,mcl_centre,-44.618,14.745,-3.943,0.1201,1.514,1.2.826.0.1.3680043.8.498.12098721286482739004113481468727516358,26,4.0,1,True
1.2.826.0.1.3680043.8.498.10120841513315425967980213160839994882,mcl_centre,-60.882,-54.489,-25.88,0.0923,1.591,1.2.826.0.1.3680043.8.498.29180429898457469113000926892533236959,30,3.3,1,True
1.2.826.0.1.3680043.8.498.10121558854084271154265851933273260339,mcl_centre,-24.588,-30.155,-8.532,0.0823,75.542,1.2.826.0.1.3680043.8.498.96185036981695528593702399431876772612,31,4.5,1,True
1.2.826.0.1.3680043.8.498.10123751739767586025744123799948754343,mcl_centre,98.801,-69.297,-12.813,0.1016,1.277,1.2.826.0.1.3680043.8.498.11416464853182626707737982439110698105,24,4.5,1,True
1.2.826.0.1.3680043.8.498.10124063607403942330156450768015985834,mcl_centre,-61.583,-44.678,-35.224,0.0888,1.482,1.2.826.0.1.3680043.8.498.11727353376034732804034873202604308961,33,3.5,1,True
1.2.826.0.1.3680043.8.498.10124701778993602117271554854098856833,mcl_centre,-41.05,-18.082,-33.976,0.0865,0.864,1.2.826.0.1.3680043.8.498.84628930131103867630611531942579770333,34,3.3,1,True
1.2.826.0.1.3680043.8.498.10128954897472795975323353442305671586,mcl_centre,72.599,-52.397,-13.595,0.1229,0.584,1.2.826.0.1.3680043.8.498.20574804826422927920542070826961930705,30,3.5,1,True
1.2.826.0.1.3680043.8.498.10129462959695121379466274688956171166,mcl_centre,69.551,-43.738,-16.162,0.1103,1.883,1.2.826.0.1.3680043.8.498.61113792412753681286453271342770134320,30,3.5,1,True
1.2.826.0.1.3680043.8.498.10132169498032330070492330913783717864,mcl_centre,78.529,16.624,-13.732,0.108,1.436,1.2.826.0.1.3680043.8.498.10547858428902627227141655046812274423,28,3.5,1,True
1.2.826.0.1.3680043.8.498.10133843191898064967257276100779798471,mcl_centre,-78.209,-68.175,-12.024,0.0982,0.61,1.2.826.0.1.3680043.8.498.12349968768708706953429040897225514611,20,4.706,1,True
1.2.826.0.1.3680043.8.498.10135587809070718435691939321937314104,mcl_centre,-38.809,9.536,-27.902,0.0783,3.39,1.2.826.0.1.3680043.8.498.83928691140493975131372679311192757705,30,3.3,1,True
1.2.826.0.1.3680043.8.498.10136486417446492428821313562961937182,mcl_centre,-33.974,-14.801,-16.705,0.0787,1.534,1.2.826.0.1.3680043.8.498.11173210030954491208464370452342123067,34,3.6,1,True
1.2.826.0.1.3680043.8.498.10143536655047216390592811329604738314,mcl_centre,-33.34,-29.083,-27.677,0.096,2.4,1.2.826.0.1.3680043.8.498.57044628117746084564188065037591878208,30,3.6,1,True
1.2.826.0.1.3680043.8.498.10144735099702632881322032871591573824,mcl_centre,43.079,-16.569,-37.765,0.0858,0.685,1.2.826.0.1.3680043.8.498.16417136316789599403860146490726014163,23,4.95,1,True
1.2.826.0.1.3680043.8.498.10147180484860577398303524379319212586,mcl_centre,41.922,-27.374,-8.593,0.1237,3.573,1.2.826.0.1.3680043.8.498.64706108996911707457204149525016516009,25,3.6,1,True
1.2.826.0.1.3680043.8.498.10147717839726734017869499799005084725,mcl_centre,50.261,-60.555,3.569,0.097,0.485,1.2.826.0.1.3680043.8.498.95277849389028791171327023814497775907,30,3.3,1,True
1.2.826.0.1.3680043.8.498.10148037169326559689992758180208780221,mcl_centre,-61.618,-41.937,-48.976,0.0962,0.839,1.2.826.0.1.3680043.8.498.59911622537708982351901979512701900871,28,3.7,1,True
1.2.826.0.1.3680043.8.498.10148517526101576084961355066637531019,mcl_centre,67.829,-51.384,-19.965,0.1038,3.331,1.2.826.0.1.3680043.8.498.30717185671914523640992401835283417976,37,3.3,1,True
1.2.826.0.1.3680043.8.498.10149967031679082348901055550415519790,mcl_centre,-62.443,-44.24,0.027,0.1119,0.715,1.2.826.0.1.3680043.8.498.58365219889749827895260020422275070750,28,3.3,1,True
1.2.826.0.1.3680043.8.498.10150914432481980534086434136814789205,mcl_centre,-63.298,-49.363,-25.09,0.0762,1.156,1.2.826.0.1.3680043.8.498.28941751228712272115476522972829518582,35,3.3,1,True
1.2.826.0.1.3680043.8.498.10155611590208164695256621422536643320,mcl_centre,-70.993,-60.526,-41.653,0.0849,1.111,1.2.826.0.1.3680043.8.498.13224452811235418040565202817533130058,32,3.5,1,True
1.2.826.0.1.3680043.8.498.10157549662917062273945150928668828930,mcl_centre,-56.636,-64.759,-9.285,0.0579,2.408,1.2.826.0.1.3680043.8.498.52600005062861682762254226830785954060,24,4.95,1,True
1.2.826.0.1.3680043.8.498.10158178668962379857908493434842864484,mcl_centre,31.653,4.576,-24.901,0.0689,0.755,1.2.826.0.1.3680043.8.498.84254179007469624300482931026762442976,28,4.0,1,True
1.2.826.0.1.3680043.8.498.10159551371305936155888341171022480536,mcl_centre,-51.693,-19.806,-55.551,0.098,1.722,1.2.826.0.1.3680043.8.498.57572582751178344543602830837717150471,28,3.7,1,True
1.2.826.0.1.3680043.8.498.10161011217774350674534600439166319161,mcl_centre,68.111,-45.519,-30.629,0.0662,2.106,1.2.826.0.1.3680043.8.498.10726567133672517832047360192933992188,32,3.7,1,True
1.2.826.0.1.3680043.8.498.10162168547770229150261479353227398478,mcl_centre,61.156,-16.233,-1.946,0.0794,2.126,1.2.826.0.1.3680043.8.498.61647627627816288079198049926960858673,37,3.3,1,True
1.2.826.0.1.3680043.8.498.10162720374291180196973998234794414415,mcl_centre,-96.106,-44.134,11.638,0.0843,58.385,1.2.826.0.1.3680043.8.498.81908426364485909053835840598134289986,20,5.024,1,True
1.2.826.0.1.3680043.8.498.10165669527316708372190215034240922433,mcl_centre,-76.729,-28.845,-56.256,0.0669,0.716,1.2.826.0.1.3680043.8.498.75993451826663109450667479575056158631,28,3.7,1,True
1.2.826.0.1.3680043.8.498.10170898615867673028696505248839028269,mcl_centre,-57.168,-74.921,-23.953,0.0835,1.013,1.2.826.0.1.3680043.8.498.45571369239262736508574040931936336167,30,3.3,1,True
1.2.826.0.1.3680043.8.498.10181119664728335020976262955776463973,mcl_centre,3.935,37.496,-9.933,0.0823,0.524,1.2.826.0.1.3680043.8.498.26151363969008758299868119915306542718,31,3.5,1,True
1.2.826.0.1.3680043.8.498.10181291283712008544475048457589664787,mcl_centre,70.652,-51.134,1.785,0.095,0.894,1.2.826.0.1.3680043.8.498.23969815914728518785686646672303012411,27,3.3,1,True
1.2.826.0.1.3680043.8.498.10182565688010898600749222617373997197,mcl_centre,-44.473,-22.853,-47.224,0.098,1.74,1.2.826.0.1.3680043.8.498.10629255255006269628715273944862669667,28,4.2,1,True
1.2.826.0.1.3680043.8.498.10183939841890895037058579455663880292,mcl_centre,31.649,-70.172,-14.83,0.1044,0.669,1.2.826.0.1.3680043.8.498.58587492011390814873558377267809213645,23,4.5,1,True
1.2.826.0.1.3680043.8.498.10189392162056736163704940747328177364,mcl_centre,34.89,-16.034,-25.249,0.1061,0.979,1.2.826.0.1.3680043.8.498.52710783141305348594589811722326619927,30,3.3,1,True
1.2.826.0.1.3680043.8.498.10190506315646895064803936408630113507,mcl_centre,-78.506,-48.317,-17.605,0.0795,0.556,1.2.826.0.1.3680043.8.498.91881351992022083557172940752490598777,25,4.95,1,True
1.2.826.0.1.3680043.8.498.10197515493414564227930855210542221039,mcl_centre,-74.147,-35.021,-35.485,0.0743,1.984,1.2.826.0.1.3680043.8.498.74446800626929046065841952268681097277,25,4.95,1,True
1.2.826.0.1.3680043.8.498.10197565004992937722841731691775578390,mcl_centre,-66.438,-50.819,-44.006,0.1062,1.841,1.2.826.0.1.3680043.8.498.80281164867492700984572159185963507377,23,4.5,1,True
1.2.826.0.1.3680043.8.498.10199522802568420589167284753473646773,mcl_centre,81.537,-36.447,-33.622,0.096,0.827,1.2.826.0.1.3680043.8.498.32788661521800358687492955432826165352,18,4.706,1,True
1.2.826.0.1.3680043.8.498.10201197020583611347810070328854760801,mcl_centre,-55.431,-58.705,-4.66,0.0558,74.62,1.2.826.0.1.3680043.8.498.10924378837370335196075121591337549347,21,4.4,1,True
1.2.826.0.1.3680043.8.498.10201660732108909756259359440298787775,mcl_centre,31.723,-22.481,28.851,0.0795,2.942,1.2.826.0.1.3680043.8.498.24813367384656548655969236042819182290,30,4.05,1,True
1.2.826.0.1.3680043.8.498.10205592316907266136938526795826751183,mcl_centre,-42.19,-22.361,-25.155,0.0845,1.385,1.2.826.0.1.3680043.8.498.11970679083213808961422562493389843440,38,3.3,1,True
1.2.826.0.1.3680043.8.498.10207134048598925821261298801127950516,mcl_centre,42.241,-29.966,-15.247,0.0842,1.331,1.2.826.0.1.3680043.8.498.72901826894628879008397330239124974612,42,3.3,1,True
1.2.826.0.1.3680043.8.498.10209387047693448282446870911381660585,mcl_centre,-49.271,-73.959,-70.61,0.1351,2.245,1.2.826.0.1.3680043.8.498.73716062789315276725794612269915852462,19,4.8,1,True
1.2.826.0.1.3680043.8.498.10211034309703220222647821582770542129,mcl_centre,53.148,-31.112,-30.768,0.0668,3.133,1.2.826.0.1.3680043.8.498.41275905300976523890458326089749702439,39,3.5,1,True
1.2.826.0.1.3680043.8.498.10211815027850731240126403602239595062,mcl_centre,-56.987,-55.371,-8.618,0.1383,0.695,1.2.826.0.1.3680043.8.498.51176597083848383053619356402993534412,18,5.024,1,True
1.2.826.0.1.3680043.8.498.10218285921271312931891912812808052375,mcl_centre,77.881,-63.944,-6.669,0.1279,0.648,1.2.826.0.1.3680043.8.498.74012623672629253241754830905879289073,18,5.136,1,True
1.2.826.0.1.3680043.8.498.10218458664774126578027318307405130821,mcl_centre,-72.71,-43.906,-12.412,0.0939,1.334,1.2.826.0.1.3680043.8.498.29388585808164899891636914715535480012,30,3.5,1,True
1.2.826.0.1.3680043.8.498.10229223546412441924801428332647762115,mcl_centre,-72.25,-69.068,18.604,0.0941,1.292,1.2.826.0.1.3680043.8.498.96462798312025142168513197505363254098,28,3.5,1,True
1.2.826.0.1.3680043.8.498.10239418182819270860819533058081041576,mcl_centre,-60.528,-4.807,-37.937,0.1178,0.907,1.2.826.0.1.3680043.8.498.11992558378521302573197898204063286622,15,6.066,1,True
1.2.826.0.1.3680043.8.498.10240166440044087554182120832488098189,mcl_centre,44.242,-41.268,-26.228,0.0817,2.29,1.2.826.0.1.3680043.8.498.11185277091793079476657652906176227029,36,3.3,1,True
1.2.826.0.1.3680043.8.498.10240237086492917349933491458808329326,mcl_centre,-68.305,-46.913,-11.324,0.0998,1.027,1.2.826.0.1.3680043.8.498.53575048475669131286770162715177264113,30,3.3,1,True
1.2.826.0.1.3680043.8.498.10241639721703882165429374175491428414,mcl_centre,0.101,-32.646,-41.332,0.0855,1.12,1.2.826.0.1.3680043.8.498.12283760903791384028030758594483070789,30,3.7,1,True
1.2.826.0.1.3680043.8.498.10243300429607935614655219482457289307,mcl_centre,-31.324,-59.383,-36.907,0.1196,0.332,1.2.826.0.1.3680043.8.498.76971352601713217956399819344758048274,32,3.3,1,True
1.2.826.0.1.3680043.8.498.10247930792182001003497189021027466833,mcl_centre,-11.706,37.285,-15.37,0.0864,0.439,1.2.826.0.1.3680043.8.498.35608671283339823163310389372564194553,28,3.6,1,True
1.2.826.0.1.3680043.8.498.10252121617380434672930525780360219531,mcl_centre,-46.021,-36.825,-8.223,0.1396,1.633,1.2.826.0.1.3680043.8.498.80710954301817876622775434101355413065,24,3.3,1,True
1.2.826.0.1.3680043.8.498.10252163031705285141538200795896549203,mcl_centre,-38.209,-7.559,-21.374,0.0551,1.154,1.2.826.0.1.3680043.8.498.64960153577200473556905487910908485859,33,3.3,1,True
1.2.826.0.1.3680043.8.498.10254828365033984708960944586564394286,mcl_centre,63.853,-7.453,-42.549,0.1113,1.658,1.2.826.0.1.3680043.8.498.60762249674220813439837868770211697775,20,5.0,1,True
1.2.826.0.1.3680043.8.498.10255067212695306715722782826234429766,mcl_centre,-72.765,-52.13,-9.486,0.1033,2.447,1.2.826.0.1.3680043.8.498.58424081772009549276617433634553316660,30,4.0,1,True
1.2.826.0.1.3680043.8.498.10256441455107860474283716992657597873,mcl_centre,69.274,-29.469,-27.21,0.0928,1.735,1.2.826.0.1.3680043.8.498.33844238698794294558665505131940955613,22,4.5,1,True
1.2.826.0.1.3680043.8.498.10261794102024899290234062909324134903,mcl_centre,42.75,-50.76,-51.738,0.0792,2.456,1.2.826.0.1.3680043.8.498.26094787216486195409494347514320460157,32,3.3,1,True
1.2.826.0.1.3680043.8.498.10262024906324456863812446480254600405,mcl_centre,63.57,-18.752,-21.745,0.0959,1.119,1.2.826.0.1.3680043.8.498.10605967991068652864400796144979813176,30,3.6,1,True
1.2.826.0.1.3680043.8.498.10262784969531507133353458615303007839,mcl_centre,-23.483,8.429,-17.223,0.1214,1.045,1.2.826.0.1.3680043.8.498.12263993498434717277241917699046305672,24,4.0,1,True
1.2.826.0.1.3680043.8.498.10271567891603078238024189515805908561,mcl_centre,-32.979,-19.73,-42.249,0.1217,1.119,1.2.826.0.1.3680043.8.498.92379588327281962276627749930221541494,24,4.0,1,True
1.2.826.0.1.3680043.8.498.10273861326753707436672556008991334542,mcl_centre,43.377,-2.498,-23.558,0.0898,1.2,1.2.826.0.1.3680043.8.498.12244627660297417879533300891039965883,30,3.3,1,True
1.2.826.0.1.3680043.8.498.10274314637471308855247991547659839029,mcl_centre,-69.713,-67.189,-25.569,0.0943,0.931,1.2.826.0.1.3680043.8.498.83815272965272809017396788264184230835,21,4.776,1,True
1.2.826.0.1.3680043.8.498.10274956886032850418742861294277331382,mcl_centre,-42.16,3.69,-21.562,0.0966,0.927,1.2.826.0.1.3680043.8.498.14620362972151612241393582775369984795,32,3.7,1,True
1.2.826.0.1.3680043.8.498.10275265831651276229168539541982478639,mcl_centre,63.819,-67.085,-16.87,0.0848,1.944,1.2.826.0.1.3680043.8.498.12457219846821348991346076820517184942,34,3.3,1,True
1.2.826.0.1.3680043.8.498.10284263494252700630857173843779724077,mcl_centre,-28.565,-13.972,-33.153,0.1038,1.328,1.2.826.0.1.3680043.8.498.40245708400977692920839832761464137379,26,4.5,1,True
1.2.826.0.1.3680043.8.498.10284446538566255572004044331831825072,mcl_centre,54.543,-25.298,-8.287,0.1092,0.93,1.2.826.0.1.3680043.8.498.12060642123164043431257858441129259459,28,3.7,1,True
1.2.826.0.1.3680043.8.498.10287488031206457680758379452936914669,mcl_centre,-33.579,3.968,-68.494,0.0793,1.917,1.2.826.0.1.3680043.8.498.48521357060600788194545215388379604259,30,4.2,1,True
1.2.826.0.1.3680043.8.498.10299396087685174806129850512856451005,mcl_centre,-7.311,-49.888,-35.953,0.0807,1.703,1.2.826.0.1.3680043.8.498.87214451593001630031568136096024432187,30,3.3,1,True
1.2.826.0.1.3680043.8.498.10299618611626190927173051117228647808,mcl_centre,-71.657,-46.933,-22.773,0.1335,2.013,1.2.826.0.1.3680043.8.498.28093605160731152580137405583288916835,16,4.939,1,True
1.2.826.0.1.3680043.8.498.10301089872627496769249366231947887097,mcl_centre,77.722,-42.052,-20.622,0.1081,0.843,1.2.826.0.1.3680043.8.498.11809237605835830560992785754681212833,31,3.3,1,True
1.2.826.0.1.3680043.8.498.10304242666970626179776896768140580106,mcl_centre,6.329,62.09,-11.259,0.0728,0.896,1.2.826.0.1.3680043.8.498.22246570716073217697811540053982342839,33,3.5,1,True
1.2.826.0.1.3680043.8.498.10306159113324811538703788080836752052,mcl_centre,-106.201,-15.225,37.342,0.0357,1.533,1.2.826.0.1.3680043.8.498.51945041305607216480680536482454984028,30,3.5,1,True
1.2.826.0.1.3680043.8.498.10309477218703786877612946261946268132,mcl_centre,-51.282,-58.513,-5.291,0.0725,1.577,1.2.826.0.1.3680043.8.498.10218757288375429931218419922496684748,30,4.5,1,True
1.2.826.0.1.3680043.8.498.10310831394568337664174691281092566272,mcl_centre,-70.306,-33.461,-24.436,0.0705,0.875,1.2.826.0.1.3680043.8.498.17878732948021367353298797798671059354,38,3.3,1,True
1.2.826.0.1.3680043.8.498.10312350714164739081126996907250465738,mcl_centre,36.029,-14.313,-13.536,0.1222,2.701,1.2.826.0.1.3680043.8.498.20218513297383810986327603522993399171,25,3.6,1,True
1.2.826.0.1.3680043.8.498.10314240078685804110739316196999571466,mcl_centre,-39.359,-19.945,-14.716,0.0807,1.36,1.2.826.0.1.3680043.8.498.54670494116226982905211664727016694020,37,3.3,1,True
1.2.826.0.1.3680043.8.498.10318366890716843554246682186865048846,mcl_centre,-56.302,-54.319,-8.835,0.1125,1.437,1.2.826.0.1.3680043.8.498.92212050913415010714804881352772058810,28,3.3,1,True
1.2.826.0.1.3680043.8.498.10321461243762453573005633063753741725,mcl_centre,-26.173,11.518,-38.367,0.0762,1.57,1.2.826.0.1.3680043.8.498.60764387818489647929935798986847764676,32,3.6,1,True
1.2.826.0.1.3680043.8.498.10321556388278642027434955207617064548,mcl_centre,-32.409,-28.635,-39.268,0.0959,0.704,1.2.826.0.1.3680043.8.498.80469365269678833040899269297601067921,30,3.3,1,True
1.2.826.0.1.3680043.8.498.10321702681363532511953946967334431952,mcl_centre,-70.805,-52.683,-37.53,0.1037,0.594,1.2.826.0.1.3680043.8.498.55634493664532706203327179965330282989,30,3.3,1,True
1.2.826.0.1.3680043.8.498.10322724865012212544754724404226583315,mcl_centre,38.485,-15.607,-20.892,0.0921,1.645,1.2.826.0.1.3680043.8.498.93774185135543270972565445822183490170,32,3.3,1,True
1.2.826.0.1.3680043.8.498.10322853084122920408377349136830993432,mcl_centre,70.924,48.857,-76.832,0.1015,0.555,1.2.826.0.1.3680043.8.498.82471067941955627352762897096494474163,28,3.7,1,True
1.2.826.0.1.3680043.8.498.10326352669696598934883805147731461341,mcl_centre,75.52,-41.677,2.127,0.1107,1.019,1.2.826.0.1.3680043.8.498.46879239651882912547134951736220008929,34,3.3,1,True
1.2.826.0.1.3680043.8.498.10327608571317884761792196888985963332,mcl_centre,88.382,-18.336,2.979,0.07,0.97,1.2.826.0.1.3680043.8.498.27973777205285389608889350303684355143,39,3.3,1,True
1.2.826.0.1.3680043.8.498.10330805760778577501878048995484987687,mcl_centre,-98.879,-48.107,-27.474,0.0733,61.47,1.2.826.0.1.3680043.8.498.11588788521521922750738277410557578113,30,3.3,1,True
1.2.826.0.1.3680043.8.498.10336221220793312503236159680373829726,mcl_centre,77.733,-50.259,-43.196,0.1003,0.496,1.2.826.0.1.3680043.8.498.48729537234715203037226716980360333838,30,3.3,1,True
1.2.826.0.1.3680043.8.498.10336300544286006569730381727202519821,mcl_centre,19.566,-34.52,17.58,0.0942,1.69,1.2.826.0.1.3680043.8.498.11844188407552711789690283529214215166,43,3.3,1,True
1.2.826.0.1.3680043.8.498.10339654093023509742663983374586998753,mcl_centre,-57.93,-61.596,-38.205,0.0779,0.778,1.2.826.0.1.3680043.8.498.46570269095648993380087102698556134622,19,4.8,1,True
1.2.826.0.1.3680043.8.498.10348611327224519953673858098392135936,mcl_centre,-43.429,27.644,-31.089,0.0678,0.619,1.2.826.0.1.3680043.8.498.29781863298609593653438534606977089434,28,3.5,1,True
1.2.826.0.1.3680043.8.498.10349368332722015923160611226877741306,mcl_centre,93.094,-43.901,-34.288,0.119,1.924,1.2.826.0.1.3680043.8.498.12296411592288272155821437847678584269,18,5.072,1,True
1.2.826.0.1.3680043.8.498.10351168527688244230248760520733020605,mcl_centre,16.067,9.252,-43.008,0.0814,2.406,1.2.826.0.1.3680043.8.498.11618177317422032740397244470569274316,26,4.4,1,True
1.2.826.0.1.3680043.8.498.10351460911387106879135924409514835385,mcl_centre,61.107,-52.577,-19.034,0.1488,2.867,1.2.826.0.1.3680043.8.498.16772713777458804807641316499533830968,16,4.829,1,True
1.2.826.0.1.3680043.8.498.10352011938574988727803498915608467179,mcl_centre,-69.313,-49.268,-16.309,0.105,1.371,1.2.826.0.1.3680043.8.498.46361557121227810463737815312222538141,30,3.3,1,True
1.2.826.0.1.3680043.8.498.10352044313309892076985642485759368197,mcl_centre,27.668,-21.819,6.609,0.1215,1.666,1.2.826.0.1.3680043.8.498.43747241152087917437614395780762274069,30,3.3,1,True
1.2.826.0.1.3680043.8.498.10354576637002647863048798607011636355,mcl_centre,19.756,18.746,-35.299,0.092,1.741,1.2.826.0.1.3680043.8.498.19804024856465410145129691722550712124,30,4.2,1,True
1.2.826.0.1.3680043.8.498.10361030765327974510262894062047216433,mcl_centre,40.733,-7.559,-32.7,0.0858,1.375,1.2.826.0.1.3680043.8.498.81709598870575871288492890141932594994,30,3.3,1,True
1.2.826.0.1.3680043.8.498.10370612191212456931506340727148605247,mcl_centre,-34.589,13.832,-0.187,0.0893,2.197,1.2.826.0.1.3680043.8.498.86229260429064075413987037602245308032,24,5.0,1,True
1.2.826.0.1.3680043.8.498.10371162371589200772388569623043753617,mcl_centre,47.724,-57.331,-0.844,0.1038,1.372,1.2.826.0.1.3680043.8.498.99634594348259466263340155185440986840,30,3.3,1,True
1.2.826.0.1.3680043.8.498.10374791734880310643587680407133671218,mcl_centre,38.984,-34.316,-44.409,0.1,0.668,1.2.826.0.1.3680043.8.498.91810356509084694315612116355262452738,30,4.05,1,True
1.2.826.0.1.3680043.8.498.10378535286770237477615181844634903700,mcl_centre,63.12,-41.166,-2.898,0.1045,0.793,1.2.826.0.1.3680043.8.498.67828784545173031060975957383653064278,34,3.3,1,True
1.2.826.0.1.3680043.8.498.10382074558506016193900889176239337801,mcl_centre,-77.857,4.209,-12.731,0.1225,0.6,1.2.826.0.1.3680043.8.498.44251110302777279081586391194693084526,19,5.0,1,True
1.2.826.0.1.3680043.8.498.10386894500329189457070808193345170500,mcl_centre,-106.487,-12.803,-6.928,0.0728,58.815,1.2.826.0.1.3680043.8.498.58196915908131229791409634721997202543,35,3.3,1,True
1.2.826.0.1.3680043.8.498.10387227472110643414333498953513810066,mcl_centre,-43.216,-14.006,-45.902,0.0782,0.813,1.2.826.0.1.3680043.8.498.12682189701143386265725229631656951755,35,3.3,1,True
1.2.826.0.1.3680043.8.498.10387383212921524066516723428665512341,mcl_centre,51.983,-46.66,-11.128,0.1146,0.692,1.2.826.0.1.3680043.8.498.19437245024810777572794008127521176449,30,3.5,1,True
1.2.826.0.1.3680043.8.498.10387876708310019345913209598612198432,mcl_centre,41.911,-17.48,-34.49,0.11,1.595,1.2.826.0.1.3680043.8.498.12179838061226441971400872938504960368,33,3.3,1,True
1.2.826.0.1.3680043.8.498.10391178814963564201551003358372148419,mcl_centre,8.418,-30.852,-45.523,0.0955,0.892,1.2.826.0.1.3680043.8.498.64190325875133954353604516460837366401,30,3.5,1,True
1.2.826.0.1.3680043.8.498.10395211177230760565674811878437948933,mcl_centre,36.639,-11.391,-54.957,0.1222,2.057,1.2.826.0.1.3680043.8.498.25302692399332257603187161185607860127,25,3.6,1,True
1.2.826.0.1.3680043.8.498.10401813253995823397883215400000450724,mcl_centre,-59.393,-47.429,-32.804,0.0943,1.082,1.2.826.0.1.3680043.8.498.43614035606094585496373250632655348836,30,3.5,1,True
1.2.826.0.1.3680043.8.498.10402431429660337753694827208437698007,mcl_centre,29.534,-16.878,-6.327,0.0958,1.111,1.2.826.0.1.3680043.8.498.19956317849367292407114817064618902866,30,3.3,1,True
1.2.826.0.1.3680043.8.498.10405028141768633100332386157519916334,mcl_centre,-64.2,-36.516,-9.913,0.0608,71.24,1.2.826.0.1.3680043.8.498.27740666011617851013638431808469377511,38,3.3,1,True
1.2.826.0.1.3680043.8.498.10407865232593182855530878478701744409,mcl_centre,37.715,-62.873,-7.825,0.0987,0.829,1.2.826.0.1.3680043.8.498.10343097063578099303517181370443065723,23,4.5,1,True
1.2.826.0.1.3680043.8.498.10409870090434047408497289167124673434,mcl_centre,33.638,-26.2,-9.451,0.1151,0.637,1.2.826.0.1.3680043.8.498.64871767666417181935611857313147459984,30,3.6,1,True
1.2.826.0.1.3680043.8.498.10415616591430643294142401482460086713,mcl_centre,-74.231,-56.835,-32.716,0.0831,0.976,1.2.826.0.1.3680043.8.498.93761036745921182938722262656172838889,33,3.3,1,True
1.2.826.0.1.3680043.8.498.10417042894702157309437002434676100667,mcl_centre,-38.341,-7.273,-21.26,0.1112,1.159,1.2.826.0.1.3680043.8.498.36648636720808780775218960791522759678,28,3.7,1,True
1.2.826.0.1.3680043.8.498.10418888172081069709796646795446885715,mcl_centre,-84.515,-56.734,-35.473,0.0779,1.481,1.2.826.0.1.3680043.8.498.43071561606195363007720017904622333043,24,4.95,1,True
1.2.826.0.1.3680043.8.498.10419958821528108176389641942168280311,mcl_centre,26.578,-64.752,9.544,0.1414,1.2,1.2.826.0.1.3680043.8.498.11924728662531839387886766991923828109,18,4.417,1,True
1.2.826.0.1.3680043.8.498.10419993051271996183722192755371692029,mcl_centre,82.548,-70.208,-40.601,0.0867,2.762,1.2.826.0.1.3680043.8.498.95936759811798945730462416281916454951,23,4.95,1,True
1.2.826.0.1.3680043.8.498.10422130685453254363700365908336246863,mcl_centre,-41.103,-11.257,-69.05,0.0906,1.136,1.2.826.0.1.3680043.8.498.87694367440719007054069561886860809894,33,3.3,1,True
1.2.826.0.1.3680043.8.498.10422536395266111565753575369125069689,mcl_centre,47.017,9.994,-24.571,0.0917,1.53,1.2.826.0.1.3680043.8.498.75429038960118708183254672641088728856,30,3.7,1,True
1.2.826.0.1.3680043.8.498.10423586531262405323219596291234698626,mcl_centre,-47.204,-68.831,-15.78,0.1008,0.933,1.2.826.0.1.3680043.8.498.48139147829736277873756004699021511315,34,3.3,1,True
1.2.826.0.1.3680043.8.498.10425131723456547056365404016184663035,mcl_centre,53.176,-25.794,-7.48,0.1037,1.269,1.2.826.0.1.3680043.8.498.66389429997752823126060289767580088241,34,3.3,1,True
1.2.826.0.1.3680043.8.498.10427893579790102216163565692202919399,mcl_centre,-80.179,-54.435,-22.435,0.0553,1.842,1.2.826.0.1.3680043.8.498.16389372010297677026859439703485230388,24,4.95,1,True
1.2.826.0.1.3680043.8.498.10429032846672074760218668873927822056,mcl_centre,-54.399,-19.8,23.579,0.0908,0.543,1.2.826.0.1.3680043.8.498.77212768576945603832682052942029386696,27,3.5,1,True
1.2.826.0.1.3680043.8.498.10432568348356281020515782178064869805,mcl_centre,86.462,-53.673,-13.198,0.1033,2.394,1.2.826.0.1.3680043.8.498.13318688216876563174211687608313421832,30,3.3,1,True
1.2.826.0.1.3680043.8.498.10434135978927658622039675788413759069,mcl_centre,-59.606,-61.169,-37.405,0.0318,65.916,1.2.826.0.1.3680043.8.498.12291050426747516859523804547249192711,36,3.3,1,True
1.2.826.0.1.3680043.8.498.10440858363080910322920496514558347561,mcl_centre,86.174,-33.31,-54.512,0.0754,1.324,1.2.826.0.1.3680043.8.498.73187744829810816894608311328922262132,30,3.5,1,True
1.2.826.0.1.3680043.8.498.10442828926117258624043497279351962738,mcl_centre,71.859,-56.222,-25.625,0.1151,1.225,1.2.826.0.1.3680043.8.498.53940935464492939903290813722835027952,28,3.5,1,True
1.2.826.0.1.3680043.8.498.10445893053733106322562086357169418409,mcl_centre,-42.499,4.81,7.017,0.0776,1.279,1.2.826.0.1.3680043.8.498.27863777403538335221468543729558746103,35,3.51,1,True
1.2.826.0.1.3680043.8.498.10447920208680921688438738178539475509,mcl_centre,-67.973,-48.639,-12.95,0.1258,1.133,1.2.826.0.1.3680043.8.498.75868812501900137621930248498636947349,30,3.5,1,True
1.2.826.0.1.3680043.8.498.10454875772176439944597553400963295397,mcl_centre,66.616,-43.57,-43.137,0.0836,1.95,1.2.826.0.1.3680043.8.498.10574876153530652893938918646570292837,36,3.3,1,True
1.2.826.0.1.3680043.8.498.10455589411958266725060942213473374667,mcl_centre,69.93,-65.779,-13.511,0.0838,1.453,1.2.826.0.1.3680043.8.498.82718264404554461684654552703241367378,22,4.95,1,True
1.2.826.0.1.3680043.8.498.10459044164648238749799867924228983674,mcl_centre,48.086,-40.459,-53.471,0.1162,0.801,1.2.826.0.1.3680043.8.498.84579710592211040026972271294979758499,30,3.3,1,True
1.2.826.0.1.3680043.8.498.10459901081962705567398560859229437818,mcl_centre,59.166,-71.58,25.284,0.1158,2.03,1.2.826.0.1.3680043.8.498.63619777164345825683505292291360466768,34,3.3,1,True
1.2.826.0.1.3680043.8.498.10470282959537049979906878778884086884,mcl_centre,71.198,-72.907,23.603,0.0991,2.238,1.2.826.0.1.3680043.8.498.10147116190126634468469610209040489806,30,3.5,1,True
1.2.826.0.1.3680043.8.498.10472519452146922631626638652503679695,mcl_centre,38.034,19.528,-21.585,0.074,2.239,1.2.826.0.1.3680043.8.498.56422561960613581217952138778230724736,30,4.0,1,True
1.2.826.0.1.3680043.8.498.10475397432011699698577978597417345091,mcl_centre,-28.296,-19.426,-30.526,0.1103,1.692,1.2.826.0.1.3680043.8.498.10640686478467891299493855877589608426,24,4.95,1,True
1.2.826.0.1.3680043.8.498.10485026284343436524865922231113748546,mcl_centre,48.905,-29.155,-6.547,0.1292,1.662,1.2.826.0.1.3680043.8.498.94419337704787591441036573749688416478,30,3.45,1,True
1.2.826.0.1.3680043.8.498.10491012711700179118010977263805828326,mcl_centre,-40.15,-4.462,-36.9,0.1323,2.367,1.2.826.0.1.3680043.8.498.10875905640054813780377283856484616469,20,4.95,1,True
1.2.826.0.1.3680043.8.498.10492484093480313596330475837639172625,mcl_centre,59.137,-38.311,-38.297,0.1038,0.916,1.2.826.0.1.3680043.8.498.96808970977450883057717727514921209301,30,3.7,1,True
1.2.826.0.1.3680043.8.498.10495281520660483987888839682017074584,mcl_centre,-59.191,-13.738,-30.343,0.0512,64.006,1.2.826.0.1.3680043.8.498.25396033023077959312411814655577640918,42,3.48,1,True
1.2.826.0.1.3680043.8.498.10495855084258410825408867079175646590,mcl_centre,69.88,-66.093,-26.179,0.0895,0.89,1.2.826.0.1.3680043.8.498.25653491157470985976784338361101912109,28,3.5,1,True
1.2.826.0.1.3680043.8.498.10499265498716562276605625682538326716,mcl_centre,-31.564,-55.952,2.641,0.1022,1.151,1.2.826.0.1.3680043.8.498.11400113938078360738668746941185178006,34,3.3,1,True
1.2.826.0.1.3680043.8.498.10501068619333941198079851978532746117,mcl_centre,45.326,-20.391,-4.825,0.0937,1.092,1.2.826.0.1.3680043.8.498.73379701973537794457450903519717734057,35,3.3,1,True
1.2.826.0.1.3680043.8.498.10502440129091559437492859441158882078,mcl_centre,-43.942,-3.935,-38.807,0.1194,0.603,1.2.826.0.1.3680043.8.498.10069091463980274550818866947208216218,28,4.0,1,True
1.2.826.0.1.3680043.8.498.10505282086293876725410939800054491454,mcl_centre,80.223,-19.611,28.358,0.099,1.405,1.2.826.0.1.3680043.8.498.19704356800987589610559423149057051480,24,5.0,1,True
1.2.826.0.1.3680043.8.498.10511712617129216774539441890488742560,mcl_centre,47.108,-72.493,-15.554,0.1065,0.919,1.2.826.0.1.3680043.8.498.70872280662254251771947915537752865182,34,3.3,1,True
1.2.826.0.1.3680043.8.498.10512466806929129734785318932315918522,mcl_centre,-39.319,-8.161,-21.73,0.0938,1.056,1.2.826.0.1.3680043.8.498.10025486141631245287651296460734161877,32,3.3,1,True
1.2.826.0.1.3680043.8.498.10519480654942067141173172019311858213,mcl_centre,-41.129,-18.917,-30.844,0.0826,1.547,1.2.826.0.1.3680043.8.498.11215735489692502733159068204464736610,32,3.3,1,True
1.2.826.0.1.3680043.8.498.10519566075312736546346469231439794627,mcl_centre,37.735,16.727,-22.366,0.1014,1.28,1.2.826.0.1.3680043.8.498.81870892204470390922627513929212004813,33,3.3,1,True
1.2.826.0.1.3680043.8.498.10521372086358356219840179458708706015,mcl_centre,38.978,-63.786,-0.429,0.0808,5.192,1.2.826.0.1.3680043.8.498.39615291577880315881501285086759216640,34,3.6,1,True
1.2.826.0.1.3680043.8.498.10522585237725235866013737575867341946,mcl_centre,-71.509,-37.811,-29.742,0.0777,0.982,1.2.826.0.1.3680043.8.498.12344337104785422820115671682753011777,28,4.5,1,True
1.2.826.0.1.3680043.8.498.10524164196949381411165626176732559196,mcl_centre,-53.99,-56.141,3.512,0.0642,1.039,1.2.826.0.1.3680043.8.498.12284036378535214117815668681189181145,19,5.2,1,True
1.2.826.0.1.3680043.8.498.10530226787566708645477257565528473018,mcl_centre,37.562,-42.448,-21.164,0.0998,0.755,1.2.826.0.1.3680043.8.498.31101444675680882652568411858682904498,32,3.3,1,True
1.2.826.0.1.3680043.8.498.10532708800468111850607752497432656694,mcl_centre,-67.777,-13.764,-14.451,0.073,0.715,1.2.826.0.1.3680043.8.498.62998863842717325505328122032077298356,40,3.5,1,True
1.2.826.0.1.3680043.8.498.10533568124272062696642461303295694739,mcl_centre,23.155,-9.602,-11.737,0.0937,0.759,1.2.826.0.1.3680043.8.498.18432266042235455549443291880412428631,28,3.3,1,True
1.2.826.0.1.3680043.8.498.10534260101860670685224894870019533364,mcl_centre,61.881,-46.649,-11.873,0.1217,0.745,1.2.826.0.1.3680043.8.498.13084170268009812391701899080099976299,30,3.3,1,True
1.2.826.0.1.3680043.8.498.10536557774352716497356905292652597953,mcl_centre,70.762,-46.336,11.387,0.1201,1.775,1.2.826.0.1.3680043.8.498.43839461158863557070322654151423954995,30,3.7,1,True
1.2.826.0.1.3680043.8.498.10537503354035115750949427337500909327,mcl_centre,69.253,-59.605,-20.583,0.1239,0.936,1.2.826.0.1.3680043.8.498.83259136989632834621660832004755164118,30,3.3,1,True
1.2.826.0.1.3680043.8.498.10538502578022388392340022120166213828,mcl_centre,-72.747,-59.661,-31.528,0.0709,0.624,1.2.826.0.1.3680043.8.498.77644949118635082299832575995816199519,18,6.494,1,True
1.2.826.0.1.3680043.8.498.10540882690103231159064894952851205573,mcl_centre,91.969,-41.571,-22.406,0.0647,46.598,1.2.826.0.1.3680043.8.498.76041213020986366324344246702826765479,20,4.5,1,True
1.2.826.0.1.3680043.8.498.10540980111087702906123811593906850156,mcl_centre,50.486,-53.508,-34.253,0.1079,0.572,1.2.826.0.1.3680043.8.498.10806630910090993740133326491003360327,24,3.6,1,True
1.2.826.0.1.3680043.8.498.10541029960718591409318399557079055927,mcl_centre,-10.848,0.033,-40.367,0.1664,2.053,1.2.826.0.1.3680043.8.498.16915540365376072609391666864990589257,17,5.0,1,True
1.2.826.0.1.3680043.8.498.10541215772904358938061268226270989801,mcl_centre,-69.332,-60.392,-33.674,0.0966,1.751,1.2.826.0.1.3680043.8.498.38781724644439616132736493001180098309,30,3.3,1,True
1.2.826.0.1.3680043.8.498.10541227283184832783436242773084724216,mcl_centre,59.477,-42.908,-25.379,0.0643,2.798,1.2.826.0.1.3680043.8.498.11448894224088044090557083113083709825,35,4.5,1,True
1.2.826.0.1.3680043.8.498.10542526906255526405613760733936070251,mcl_centre,45.456,-51.261,-40.73,0.0965,1.953,1.2.826.0.1.3680043.8.498.68069268021270436167574707681412656223,30,3.3,1,True
1.2.826.0.1.3680043.8.498.10546313646515875953943156661172963953,mcl_centre,39.873,10.335,-23.137,0.059,2.873,1.2.826.0.1.3680043.8.498.31617320902614840944588365071145572530,32,3.7,1,True
1.2.826.0.1.3680043.8.498.10549360192675575195491716398555148512,mcl_centre,103.712,12.281,-40.758,0.0488,58.469,1.2.826.0.1.3680043.8.498.47879153099452954825082930602586585487,30,3.5,1,True
1.2.826.0.1.3680043.8.498.10562412345413239960204081248510238736,mcl_centre,60.26,-26.005,-58.581,0.111,0.804,1.2.826.0.1.3680043.8.498.48493369876249548834628261596773392489,25,4.5,1,True
1.2.826.0.1.3680043.8.498.10563016328082326759266280856730347260,mcl_centre,-66.927,-55.946,-45.409,0.0826,1.331,1.2.826.0.1.3680043.8.498.64167731514143465445799706258993480719,30,3.3,1,True
1.2.826.0.1.3680043.8.498.10574706940531650593705137704922433109,mcl_centre,75.602,-81.934,-11.809,0.1174,0.604,1.2.826.0.1.3680043.8.498.30134154507497843158145894423891895451,18,5.163,1,True
1.2.826.0.1.3680043.8.498.10578013533179563448221888658506023084,mcl_centre,30.107,-7.036,-15.478,0.0965,1.385,1.2.826.0.1.3680043.8.498.11740123088468535877813662758014013229,32,3.3,1,True
1.2.826.0.1.3680043.8.498.10580260109117947709069163110100632085,mcl_centre,-69.328,-29.774,14.176,0.114,2.034,1.2.826.0.1.3680043.8.498.26927080523335661175077300030739013437,26,3.7,1,True
1.2.826.0.1.3680043.8.498.10581718331223731732815674582085184169,mcl_centre,35.6,-23.309,-16.013,0.1079,1.963,1.2.826.0.1.3680043.8.498.37385495163062009601462071498837729650,28,3.6,1,True
1.2.826.0.1.3680043.8.498.10587511485561679190576188107774736852,mcl_centre,-50.334,-2.171,-45.455,0.0977,1.299,1.2.826.0.1.3680043.8.498.24147134651890455991969616143909533778,20,4.4,1,True
1.2.826.0.1.3680043.8.498.10589889055723532336864750992142411145,mcl_centre,-53.94,-74.413,-7.71,0.1174,0.887,1.2.826.0.1.3680043.8.498.68011373527768550967840462443388575061,16,6.864,1,True
1.2.826.0.1.3680043.8.498.10590148272001480024086117269799629816,mcl_centre,41.627,-29.174,-30.867,0.1233,0.607,1.2.826.0.1.3680043.8.498.58048289417151759953728675164027586450,26,3.3,1,True
1.2.826.0.1.3680043.8.498.10590169032156570386146081157598789893,mcl_centre,48.564,15.528,-8.213,0.0727,2.02,1.2.826.0.1.3680043.8.498.95190800418522950366598080171588707747,27,3.5,1,True
1.2.826.0.1.3680043.8.498.10591507262178959553431147886647585916,mcl_centre,-43.581,-18.724,-27.553,0.083,0.993,1.2.826.0.1.3680043.8.498.21592605516704061897858405038361725817,28,3.3,1,True
1.2.826.0.1.3680043.8.498.10593694750925047629619718537436931628,mcl_centre,-62.26,-63.024,-1.405,0.1219,1.48,1.2.826.0.1.3680043.8.498.12004875540761853004907806618566440544,20,5.0,1,True
1.2.826.0.1.3680043.8.498.10599128554628698518723223547497007137,mcl_centre,20.614,-24.084,-22.261,0.1049,0.706,1.2.826.0.1.3680043.8.498.10171556843385534660043075095232811854,30,3.3,1,True
1.2.826.0.1.3680043.8.498.10600654987896381983520458496207741798,mcl_centre,-48.761,-4.748,-38.043,0.074,0.72,1.2.826.0.1.3680043.8.498.10401640265345549371695495496642546650,40,3.3,1,True
1.2.826.0.1.3680043.8.498.10601062881015669567737602031338578146,mcl_centre,-38.072,24.801,-21.217,0.1043,0.61,1.2.826.0.1.3680043.8.498.48148686253842768266321588486210012215,29,4.0,1,True
1.2.826.0.1.3680043.8.498.10601711635138681269270505152909539290,mcl_centre,-33.861,-103.298,-30.845,0.0984,0.853,1.2.826.0.1.3680043.8.498.51529197425819413107403606880858510384,20,4.4,1,True
1.2.826.0.1.3680043.8.498.10601812195848580582490508608655011196,mcl_centre,-27.383,-10.876,-27.514,0.1064,0.624,1.2.826.0.1.3680043.8.498.11183129232317754776015535053257951512,33,4.0,1,True
1.2.826.0.1.3680043.8.498.10603952065748622499432940419853732241,mcl_centre,39.133,-15.417,-23.056,0.0949,1.191,1.2.826.0.1.3680043.8.498.77879915181981128945402062453846214311,30,3.6,1,True
1.2.826.0.1.3680043.8.498.10614508096225944703643482200835890514,mcl_centre,56.695,-41.634,-9.811,0.1394,1.323,1.2.826.0.1.3680043.8.498.31572433113041186383228189623522004802,19,5.0,1,True
1.2.826.0.1.3680043.8.498.10615816709018712955642546871639043403,mcl_centre,-28.271,-1.467,-23.476,0.1116,0.909,1.2.826.0.1.3680043.8.498.22637225586727158255020767722733928305,25,3.6,1,True
1.2.826.0.1.3680043.8.498.10619486897279334206912764495067756449,mcl_centre,35.391,-19.666,-9.101,0.0782,2.058,1.2.826.0.1.3680043.8.498.10210143438193051659495078906186389466,34,3.3,1,True
1.2.826.0.1.3680043.8.498.10619967804774235096151367674093177430,mcl_centre,-38.91,-20.307,-30.416,0.0784,0.706,1.2.826.0.1.3680043.8.498.31681030816712782042069143399948427809,25,3.6,1,True
1.2.826.0.1.3680043.8.498.10624417936475721846835761375334601839,mcl_centre,83.652,-42.126,-0.417,0.0755,64.632,1.2.826.0.1.3680043.8.498.95358607778751626481372143315981817117,36,3.3,1,True
1.2.826.0.1.3680043.8.498.10626071553432761206594400919097854593,mcl_centre,39.97,-85.441,10.988,0.1335,0.784,1.2.826.0.1.3680043.8.498.35943380381764774388878867287077179456,19,5.2,1,True
1.2.826.0.1.3680043.8.498.10626411974489938664325062396760010912,mcl_centre,69.53,-47.807,-18.622,0.084,2.399,1.2.826.0.1.3680043.8.498.80645852125773796384711164478522678225,30,3.3,1,True
1.2.826.0.1.3680043.8.498.10627019153481144392726933328057818971,mcl_centre,-74.231,-42.136,-10.277,0.1032,0.489,1.2.826.0.1.3680043.8.498.27359798782465826688011505883509630344,30,3.3,1,True
1.2.826.0.1.3680043.8.498.10627795990821506536342369227971125477,mcl_centre,-26.73,-28.597,-31.714,0.091,1.501,1.2.826.0.1.3680043.8.498.20963753454661001170248974893293100175,32,3.3,1,True
1.2.826.0.1.3680043.8.498.10631238417904652761254062374051500506,mcl_centre,-65.356,-21.576,-34.272,0.0923,74.149,1.2.826.0.1.3680043.8.498.13256047460739124706479506738823753831,32,3.3,1,True
1.2.826.0.1.3680043.8.498.10632177122947017620482277062226288392,mcl_centre,44.079,-26.948,-16.852,0.0967,0.579,1.2.826.0.1.3680043.8.498.37314878162993638985236359012387104817,32,3.3,1,True
1.2.826.0.1.3680043.8.498.10642286343421893916348249679230632066,mcl_centre,-57.323,-76.243,-9.132,0.1097,0.825,1.2.826.0.1.3680043.8.498.10406297933531544965301320719736404252,22,4.5,1,True
1.2.826.0.1.3680043.8.498.10648346793256473462304051626410900340,mcl_centre,58.13,-10.012,0.631,0.1041,0.545,1.2.826.0.1.3680043.8.498.10001478771378979438868923030424928430,35,3.3,1,True
1.2.826.0.1.3680043.8.498.10650751856837517181090589171468851374,mcl_centre,51.368,-24.012,-6.227,0.1007,1.13,1.2.826.0.1.3680043.8.498.78605734274271828086779676276028017286,35,3.3,1,True
1.2.826.0.1.3680043.8.498.10652685418462611085839874321267337079,mcl_centre,39.069,-17.926,-21.385,0.0725,0.919,1.2.826.0.1.3680043.8.498.68878097637247569886753663424554119119,30,3.6,1,True
1.2.826.0.1.3680043.8.498.10652764425372125015319160977894047658,mcl_centre,0.203,23.332,-21.394,0.1124,1.823,1.2.826.0.1.3680043.8.498.10671689104654808607888410814053702999,30,3.6,1,True
1.2.826.0.1.3680043.8.498.10653432159060774337155662807644609967,mcl_centre,-35.705,-21.558,-27.245,0.0841,0.455,1.2.826.0.1.3680043.8.498.65727105359849653404322871285266098579,30,3.3,1,True
1.2.826.0.1.3680043.8.498.10656388982978239967297620214873636996,mcl_centre,-51.236,-73.326,-19.485,0.1017,1.478,1.2.826.0.1.3680043.8.498.37844149882135778138833598168193560518,30,3.3,1,True
1.2.826.0.1.3680043.8.498.10657506540109137829814058249895525831,mcl_centre,-78.782,-60.199,-14.11,0.0988,0.77,1.2.826.0.1.3680043.8.498.48946866567389310566625166497195768307,30,3.3,1,True
1.2.826.0.1.3680043.8.498.10657584461509809047185519742966035356,mcl_centre,69.638,-36.056,-28.201,0.0933,0.629,1.2.826.0.1.3680043.8.498.98399571241325115894203977486280947659,37,3.3,1,True
1.2.826.0.1.3680043.8.498.10659781998801845781246073928620795082,mcl_centre,-72.334,-56.646,-32.141,0.0746,5.888,1.2.826.0.1.3680043.8.498.53779798159446473712456225009142994603,28,3.5,1,True
1.2.826.0.1.3680043.8.498.10661650555947788912511478165000737040,mcl_centre,-94.558,-52.875,-24.471,0.0798,65.705,1.2.826.0.1.3680043.8.498.95465787973779004921768225547876379192,30,3.5,1,True
1.2.826.0.1.3680043.8.498.10673300644364559354643106316993112731,mcl_centre,75.771,-42.141,-78.151,0.0694,3.262,1.2.826.0.1.3680043.8.498.95028627272350851415654324944075548997,37,3.3,1,True
1.2.826.0.1.3680043.8.498.10674673641872871321890995010616205087,mcl_centre,-35.106,-4.465,-1.922,0.098,0.644,1.2.826.0.1.3680043.8.498.68430162860603939298286709715065647061,28,4.2,1,True
1.2.826.0.1.3680043.8.498.10675139840690240606562530926349987331,mcl_centre,31.788,-19.533,1.378,0.1144,0.751,1.2.826.0.1.3680043.8.498.22839091492823307551266668255383689304,30,3.6,1,True
1.2.826.0.1.3680043.8.498.10676253869668012791900504544106495589,mcl_centre,-70.345,-40.114,-2.558,0.0897,0.981,1.2.826.0.1.3680043.8.498.44952729788559241725281888235590526923,30,3.3,1,True
1.2.826.0.1.3680043.8.498.10684020894033412667820478260168097071,mcl_centre,80.973,-51.751,-28.451,0.0857,2.867,1.2.826.0.1.3680043.8.498.11977145875178265168440720275556462253,30,3.3,1,True
1.2.826.0.1.3680043.8.498.10686407053180376367066321489809395592,mcl_centre,-32.015,4.057,-70.855,0.126,4.905,1.2.826.0.1.3680043.8.498.41840670210316247998213899104451438617,25,3.6,1,True
1.2.826.0.1.3680043.8.498.10688670034893539180306173203903350286,mcl_centre,-44.096,-63.712,-19.629,0.096,2.917,1.2.826.0.1.3680043.8.498.10408937669544138983401006187848394234,36,3.3,1,True
1.2.826.0.1.3680043.8.498.10699348333280906956391277892869999716,mcl_centre,75.702,-35.93,-44.384,0.1051,1.558,1.2.826.0.1.3680043.8.498.12974120134089351731803563856928178455,30,3.7,1,True
1.2.826.0.1.3680043.8.498.10702284568670902901846767166679293654,mcl_centre,-66.315,-50.393,-17.527,0.0778,1.363,1.2.826.0.1.3680043.8.498.10464961200378212712702097593688073262,30,3.3,1,True
1.2.826.0.1.3680043.8.498.10704240846075023334288326143979277080,mcl_centre,83.637,-42.991,-51.216,0.0888,0.799,1.2.826.0.1.3680043.8.498.10247344719939815370295937915057942701,30,3.3,1,True
1.2.826.0.1.3680043.8.498.10713285016170190922777298047146228811,mcl_centre,-18.122,-5.782,-21.361,0.1081,0.844,1.2.826.0.1.3680043.8.498.88679911582470671432235314679447164082,30,4.0,1,True
1.2.826.0.1.3680043.8.498.10715956446507906169485719013515169244,mcl_centre,-54.1,-45.441,-21.09,0.0746,69.715,1.2.826.0.1.3680043.8.498.24934072323257177384038879562126606253,36,3.3,1,True
1.2.826.0.1.3680043.8.498.10724604223190030113012801427752979879,mcl_centre,78.423,-64.746,-29.715,0.0651,1.892,1.2.826.0.1.3680043.8.498.77555021785381395568451316595312179368,24,4.0,1,True
1.2.826.0.1.3680043.8.498.10726624821670417064567481545750543282,mcl_centre,-31.493,-64.022,-6.306,0.0836,3.734,1.2.826.0.1.3680043.8.498.89196221593100604869095741161859561033,35,3.3,1,True
1.2.826.0.1.3680043.8.498.10728448245470003618625208276233778895,mcl_centre,75.798,-55.754,-15.444,0.1245,1.566,1.2.826.0.1.3680043.8.498.79543656724516182383626696358163554865,30,3.3,1,True
1.2.826.0.1.3680043.8.498.10729725525284633011179038668107963557,mcl_centre,28.087,11.208,-21.007,0.0833,0.652,1.2.826.0.1.3680043.8.498.13771001492454642170755478476032403803,31,3.5,1,True
1.2.826.0.1.3680043.8.498.10731612202208916303411280624156291171,mcl_centre,67.343,-86.739,-31.602,0.0766,0.834,1.2.826.0.1.3680043.8.498.73271757106344266753449745410904124417,25,4.5,1,True
1.2.826.0.1.3680043.8.498.10736346409444614168571281812134757732,mcl_centre,51.28,24.615,-25.495,0.0798,1.253,1.2.826.0.1.3680043.8.498.12617821363683523179208278133648742798,35,3.85,1,True
1.2.826.0.1.3680043.8.498.10738640862162795323010965765443420384,mcl_centre,-38.411,-75.654,-45.356,0.1304,0.971,1.2.826.0.1.3680043.8.498.13116216758739585185061627177802257490,19,4.4,1,True
1.2.826.0.1.3680043.8.498.10739653650865735867752564520952904802,mcl_centre,76.516,-52.546,-1.353,0.0816,3.158,1.2.826.0.1.3680043.8.498.32663356838530160581130731220309075693,31,3.3,1,True
1.2.826.0.1.3680043.8.498.10740857795874468664161171813136103519,mcl_centre,-48.434,-33.048,-22.61,0.0768,0.431,1.2.826.0.1.3680043.8.498.15152833144727504785224591596920173845,40,3.3,1,True
1.2.826.0.1.3680043.8.498.10748806810865802591313438958975301375,mcl_centre,-39.549,-52.819,-40.564,0.0684,1.107,1.2.826.0.1.3680043.8.498.94660716470173139710060179213731711084,36,3.3,1,True
1.2.826.0.1.3680043.8.498.10750145216793948201921667945805555093,mcl_centre,-45.778,6.908,-27.706,0.1264,1.912,1.2.826.0.1.3680043.8.498.23114420604811272120892083227043126102,21,4.0,1,True
1.2.826.0.1.3680043.8.498.10751346650129497348457481341700957445,mcl_centre,-72.889,-6.418,-3.037,0.0731,1.914,1.2.826.0.1.3680043.8.498.72852256916235966077537569713693337317,30,3.3,1,True
1.2.826.0.1.3680043.8.498.10751624265599812767108610284996090628,mcl_centre,37.297,-19.978,-36.424,0.1096,2.828,1.2.826.0.1.3680043.8.498.28377263772047792004747456662257918248,30,3.6,1,True
1.2.826.0.1.3680043.8.498.10756245293186761042431460535210737327,mcl_centre,-42.261,-27.824,1.39,0.0856,6.329,1.2.826.0.1.3680043.8.498.53102777795089421855914701843832656519,32,3.3,1,True
1.2.826.0.1.3680043.8.498.10759288702627176691392048851622294054,mcl_centre,22.731,44.296,-30.839,0.1114,0.535,1.2.826.0.1.3680043.8.498.28182138569309792986636482583991784292,24,4.5,1,True
1.2.826.0.1.3680043.8.498.10760847155803463653759690525160815826,mcl_centre,75.65,-70.07,27.004,0.1005,2.613,1.2.826.0.1.3680043.8.498.12567014266898877153311021575573576407,30,3.5,1,True
1.2.826.0.1.3680043.8.498.10761658878615069270304502752374858610,mcl_centre,-55.909,-54.014,-48.268,0.0939,0.863,1.2.826.0.1.3680043.8.498.42794650916372748532274310771028934789,30,3.45,1,True
1.2.826.0.1.3680043.8.498.10762741411077456296656623422020928762,mcl_centre,-34.738,0.617,-27.433,0.0866,1.512,1.2.826.0.1.3680043.8.498.51228188889386157203931223753014577896,28,4.0,1,True
1.2.826.0.1.3680043.8.498.10765617676329232046176300833850901740,mcl_centre,77.014,-64.876,0.236,0.1155,0.519,1.2.826.0.1.3680043.8.498.10156099427443605074093367030133502101,16,6.278,1,True
1.2.826.0.1.3680043.8.498.10768305343887790230989914438483009428,mcl_centre,-41.448,2.735,-24.724,0.1072,1.607,1.2.826.0.1.3680043.8.498.71012884455584456285731916536466396994,32,3.3,1,True
1.2.826.0.1.3680043.8.498.10769126730281890056368854871900324448,mcl_centre,55.41,-60.043,-33.28,0.1259,1.086,1.2.826.0.1.3680043.8.498.79311970047889494683837678066541662998,28,3.6,1,True
1.2.826.0.1.3680043.8.498.10770877369291591553624215762368014357,mcl_centre,52.125,-33.364,-52.295,0.0886,1.839,1.2.826.0.1.3680043.8.498.36921048529572885958965471932750934319,32,3.3,1,True
1.2.826.0.1.3680043.8.498.10774147135673365265606645781662088745,mcl_centre,83.768,-11.116,-5.602,0.1038,1.578,1.2.826.0.1.3680043.8.498.23437060161156744004884432885970158164,27,4.4,1,True
1.2.826.0.1.3680043.8.498.10777331080659372520952742261140923555,mcl_centre,-20.888,13.623,-9.405,0.0552,3.168,1.2.826.0.1.3680043.8.498.35391566097837852046533210559703441829,30,3.5,1,True
1.2.826.0.1.3680043.8.498.10782963448708192069959366583555573334,mcl_centre,55.212,-41.279,-7.822,0.1355,3.128,1.2.826.0.1.3680043.8.498.34349038239150700819574176393895222956,30,3.3,1,True
1.2.826.0.1.3680043.8.498.10783501127779906316117667790784040770,mcl_centre,-56.743,-60.395,-18.292,0.0679,1.377,1.2.826.0.1.3680043.8.498.32687996436487592990787785104362442313,24,4.5,1,True
1.2.826.0.1.3680043.8.498.10790689419760453870458170966064168002,mcl_centre,-17.832,-6.817,-49.596,0.0915,1.753,1.2.826.0.1.3680043.8.498.13196229038046547812325914980778118433,25,4.025,1,True
1.2.826.0.1.3680043.8.498.10802653832050736637820225444196833450,mcl_centre,-51.053,60.19,-4.051,0.0982,0.74,1.2.826.0.1.3680043.8.498.12050968613942881103724996864857518396,28,3.7,1,True
1.2.826.0.1.3680043.8.498.10803283287658556463524649793955055077,mcl_centre,-67.523,-54.208,-3.805,0.1117,0.649,1.2.826.0.1.3680043.8.498.12331790798775573019772875063818723347,28,3.3,1,True
1.2.826.0.1.3680043.8.498.10808663384878038371710260386807468588,mcl_centre,-69.423,-52.411,-13.684,0.0893,1.259,1.2.826.0.1.3680043.8.498.30298513951851818330174016569330112867,30,3.3,1,True
1.2.826.0.1.3680043.8.498.10812894672739619566834776054635588406,mcl_centre,-71.078,-56.514,-17.322,0.0699,3.156,1.2.826.0.1.3680043.8.498.12848133033776057146696830136273868537,19,6.066,1,True
1.2.826.0.1.3680043.8.498.10818980124981334596808438908811623528,mcl_centre,-35.651,-24.406,-7.449,0.0852,1.175,1.2.826.0.1.3680043.8.498.83078924514793351456898312674961371184,30,3.6,1,True
1.2.826.0.1.3680043.8.498.10824420630965162625242888916805538597,mcl_centre,44.358,-0.572,-19.515,0.0754,2.451,1.2.826.0.1.3680043.8.498.11539352714274162147339761152394249711,32,3.7,1,True
1.2.826.0.1.3680043.8.498.10829579914809383212986717269028170263,mcl_centre,39.846,-11.677,-12.599,0.0927,1.802,1.2.826.0.1.3680043.8.498.10903070197832289254001715173383697210,30,3.3,1,True
1.2.826.0.1.3680043.8.498.10830288389793651695251406408666084306,mcl_centre,-69.26,-44.794,-17.102,0.0926,0.815,1.2.826.0.1.3680043.8.498.69598886527779604173497589508758089814,28,3.5,1,True
1.2.826.0.1.3680043.8.498.10835889400414225749339608096119636738,mcl_centre,-45.997,-16.254,-25.837,0.1213,0.761,1.2.826.0.1.3680043.8.498.82593276553567218720270019902604201028,24,3.5,1,True
1.2.826.0.1.3680043.8.498.10839126901366636822676830560774505865,mcl_centre,36.907,-57.141,-29.909,0.0819,1.531,1.2.826.0.1.3680043.8.498.14500070501489149323377886669821452441,19,4.4,1,True
1.2.826.0.1.3680043.8.498.10842906919708856642000130208791281263,mcl_centre,-53.645,-16.141,21.232,0.0466,71.054,1.2.826.0.1.3680043.8.498.77748016361476875996647003573195171078,40,3.6,1,True
1.2.826.0.1.3680043.8.498.10843463954622076609489312662891432839,mcl_centre,81.295,-48.616,-14.802,0.0845,0.99,1.2.826.0.1.3680043.8.498.77574746339062590058612008891367008722,25,4.95,1,True
1.2.826.0.1.3680043.8.498.10843917293035279597622029625809500972,mcl_centre,29.1,-23.334,-14.116,0.0968,1.485,1.2.826.0.1.3680043.8.498.65790813120751233108127728082262539218,32,3.3,1,True
1.2.826.0.1.3680043.8.498.10848350333764008140459854470293737650,mcl_centre,55.51,-54.019,-9.526,0.0946,0.528,1.2.826.0.1.3680043.8.498.14174162007767386825128735757135001778,24,4.5,1,True
1.2.826.0.1.3680043.8.498.10850742579000782417673172155504794301,mcl_centre,-78.371,-13.742,-34.631,0.069,53.276,1.2.826.0.1.3680043.8.498.52729712142938588036261531637852928983,38,3.3,1,True
1.2.826.0.1.3680043.8.498.10851562687641986545442408470139368318,mcl_centre,-35.384,-31.426,-5.472,0.0826,4.48,1.2.826.0.1.3680043.8.498.94211624159239996631227457774338506550,28,3.6,1,True
1.2.826.0.1.3680043.8.498.10852517092524464338210061305792376636,mcl_centre,-2.709,0.885,-25.021,0.1524,1.614,1.2.826.0.1.3680043.8.498.63764393282410384517857877679815540540,18,5.0,1,True
1.2.826.0.1.3680043.8.498.10854012268828835845581966634225522931,mcl_centre,-43.693,-52.939,-25.032,0.0805,1.647,1.2.826.0.1.3680043.8.498.18806883525677875115670223886191096006,38,3.3,1,True
1.2.826.0.1.3680043.8.498.10854223557359336882116168394037581766,mcl_centre,56.442,-3.374,-36.12,0.0754,2.238,1.2.826.0.1.3680043.8.498.68281426200463062195912083374274430088,27,3.6,1,True
1.2.826.0.1.3680043.8.498.10855290714402117092990651362697310270,mcl_centre,50.561,-58.694,32.5,0.0678,2.091,1.2.826.0.1.3680043.8.498.45992278556164570774312806646699696807,27,4.5,1,True
1.2.826.0.1.3680043.8.498.10857485602186206735293765836065270655,mcl_centre,-56.579,-15.134,-11.802,0.0931,0.717,1.2.826.0.1.3680043.8.498.60821300866226604938624568275240480914,35,3.3,1,True
1.2.826.0.1.3680043.8.498.10857771747813858957718058322384884551,mcl_centre,80.681,-42.717,-41.659,0.1052,1.279,1.2.826.0.1.3680043.8.498.67272569719608559014149588716882496149,30,3.3,1,True
1.2.826.0.1.3680043.8.498.10862481204237376580557516731952961213,mcl_centre,66.023,-38.451,-15.509,0.0852,0.85,1.2.826.0.1.3680043.8.498.84418401551151739243426828752272137047,30,3.7,1,True
1.2.826.0.1.3680043.8.498.10867622488467375444427908425709367385,mcl_centre,-51.906,-48.796,-28.351,0.1019,0.715,1.2.826.0.1.3680043.8.498.68623544435009805301389100959634305600,24,4.0,1,True
1.2.826.0.1.3680043.8.498.10876177342063734507664188801203192617,mcl_centre,-31.005,-13.93,-22.43,0.0732,0.788,1.2.826.0.1.3680043.8.498.95339242223095541677742084077459103376,30,3.6,1,True
1.2.826.0.1.3680043.8.498.10880553082640412137979450100928382021,mcl_centre,39.317,-19.125,-28.242,0.0897,0.297,1.2.826.0.1.3680043.8.498.39335444187778338105353026469698903905,32,3.3,1,True
1.2.826.0.1.3680043.8.498.10884987036948550523442514147204321748,mcl_centre,-33.161,-36.033,-17.158,0.1114,1.978,1.2.826.0.1.3680043.8.498.26816165583443193612810331968538146995,20,4.95,1,True
1.2.826.0.1.3680043.8.498.10886583574130697346788286647281863932,mcl_centre,40.988,-17.207,12.706,0.1164,1.052,1.2.826.0.1.3680043.8.498.30106165779171049567812589919187638977,30,3.3,1,True
1.2.826.0.1.3680043.8.498.10890699078723972693302029683905114834,mcl_centre,-44.708,-56.849,-36.645,0.1231,1.818,1.2.826.0.1.3680043.8.498.10970036838186352504855328735842025839,28,3.3,1,True
1.2.826.0.1.3680043.8.498.10895521387894821238259709507311341758,mcl_centre,48.139,-26.809,-14.255,0.0648,0.778,1.2.826.0.1.3680043.8.498.11156421699323964312458550338982861796,36,3.3,1,True
1.2.826.0.1.3680043.8.498.10896245499713818848442117831482755673,mcl_centre,31.22,4.735,-53.108,0.0943,1.051,1.2.826.0.1.3680043.8.498.57276679883671168368261891732126995443,31,3.6,1,True
1.2.826.0.1.3680043.8.498.10902166579916526176697193295886992412,mcl_centre,-54.742,-21.501,-10.945,0.0832,0.649,1.2.826.0.1.3680043.8.498.10891094657236140991659855236518100906,36,3.3,1,True
1.2.826.0.1.3680043.8.498.10903003118372337016190215211789983264,mcl_centre,68.46,-59.348,-37.791,0.0717,1.729,1.2.826.0.1.3680043.8.498.10273612341038741130975703070446161308,32,3.3,1,True
1.2.826.0.1.3680043.8.498.10917389623891555306584069980815338466,mcl_centre,57.447,53.906,-43.94,0.0783,1.059,1.2.826.0.1.3680043.8.498.11766429380821047008279159287631909185,34,3.7,1,True
1.2.826.0.1.3680043.8.498.10917606677895195837968927716728385881,mcl_centre,-42.61,-21.773,-35.493,0.1055,1.297,1.2.826.0.1.3680043.8.498.12053486118919659792222878149126286986,28,4.2,1,True
1.2.826.0.1.3680043.8.498.10918580785296934228715514366408269433,mcl_centre,-22.376,-8.454,-25.21,0.0571,1.635,1.2.826.0.1.3680043.8.498.90139006330268127973355083024448863643,35,3.3,1,True
1.2.826.0.1.3680043.8.498.10919665962088003807153039302898262235,mcl_centre,-153.607,-57.393,6.705,0.0506,1.119,1.2.826.0.1.3680043.8.498.29562603463668503307708628026529243535,30,3.3,1,True
1.2.826.0.1.3680043.8.498.10920269679387171659375091645187772303,mcl_centre,-35.216,-6.329,-6.386,0.0966,2.993,1.2.826.0.1.3680043.8.498.96929585573897721903551266665759863627,28,3.6,1,True
1.2.826.0.1.3680043.8.498.10924685588962763768106617368647678902,mcl_centre,-67.607,-30.706,-8.23,0.0579,0.412,1.2.826.0.1.3680043.8.498.95504058673907880702281526921325106885,43,3.3,1,True
1.2.826.0.1.3680043.8.498.10924995713871537837233985073507509566,mcl_centre,27.288,-51.066,-22.277,0.0873,0.617,1.2.826.0.1.3680043.8.498.11536806626719859744100015982574383734,33,3.3,1,True
1.2.826.0.1.3680043.8.498.10927716750119165925963563081261605359,mcl_centre,36.588,-12.67,-27.906,0.1001,0.727,1.2.826.0.1.3680043.8.498.51022652684950740142865458883431339626,30,3.6,1,True
1.2.826.0.1.3680043.8.498.10930374192038896613513882597332665403,mcl_centre,-46.54,-20.322,-25.067,0.0886,1.812,1.2.826.0.1.3680043.8.498.13226676879008578250287501157001266728,24,4.95,1,True
1.2.826.0.1.3680043.8.498.10931111730564885182398163970692599398,mcl_centre,42.239,-30.751,-0.745,0.113,0.839,1.2.826.0.1.3680043.8.498.10206453660242899208848019617478353188,32,3.3,1,True
1.2.826.0.1.3680043.8.498.10932818400202426453525918723737011737,mcl_centre,-45.831,-12.461,-37.687,0.104,0.958,1.2.826.0.1.3680043.8.498.29783869673244341177447217990844135853,30,3.5,1,True
1.2.826.0.1.3680043.8.498.10933003998197427979325590791540457658,mcl_centre,64.612,-41.174,-48.43,0.0856,0.737,1.2.826.0.1.3680043.8.498.71958650339512981041833071212420888299,30,3.7,1,True
1.2.826.0.1.3680043.8.498.10937181824204907065071760564745305722,mcl_centre,43.962,3.334,-16.578,0.1062,1.388,1.2.826.0.1.3680043.8.498.11550986506699186894347388240378626688,29,3.5,1,True
1.2.826.0.1.3680043.8.498.10937504474673840994058935502377258768,mcl_centre,49.749,0.244,-5.632,0.0962,1.084,1.2.826.0.1.3680043.8.498.58122080552492159564806979770087873007,31,3.3,1,True
1.2.826.0.1.3680043.8.498.10937585701850306334458420860276069606,mcl_centre,41.15,-21.209,-6.278,0.0887,0.821,1.2.826.0.1.3680043.8.498.56310738969246156351683277206080443340,32,3.3,1,True
1.2.826.0.1.3680043.8.498.10938719716535758543863717421521822626,mcl_centre,-37.656,-58.278,-32.081,0.0828,6.171,1.2.826.0.1.3680043.8.498.10644445117306494205287833202529606508,26,4.0,1,True
1.2.826.0.1.3680043.8.498.10939964887585312209861601414669494409,mcl_centre,63.388,-61.723,-3.421,0.1351,0.916,1.2.826.0.1.3680043.8.498.11092117420899066470095241248229627325,17,5.933,1,True
1.2.826.0.1.3680043.8.498.10951328287594724738476663200798896670,mcl_centre,-80.685,-15.81,-38.318,0.0929,1.04,1.2.826.0.1.3680043.8.498.65470143831951705738988853613175609183,29,4.5,1,True
1.2.826.0.1.3680043.8.498.10959153852077371752490787490374555514,mcl_centre,-23.925,12.369,2.903,0.11,0.667,1.2.826.0.1.3680043.8.498.11725796187393242166326220202445156204,28,4.0,1,True
1.2.826.0.1.3680043.8.498.10960770430559425421609885784366918575,mcl_centre,34.771,-4.79,-30.763,0.0747,1.211,1.2.826.0.1.3680043.8.498.78561473605905898824442487034450078322,32,3.7,1,True
1.2.826.0.1.3680043.8.498.10964287649604862436796341368993301245,mcl_centre,-44.243,-18.433,-27.412,0.0794,1.265,1.2.826.0.1.3680043.8.498.40541974112544763362178155752437078912,30,3.6,1,True
1.2.826.0.1.3680043.8.498.10965573028231658307306828073340279415,mcl_centre,-67.535,-42.135,-18.54,0.0988,2.114,1.2.826.0.1.3680043.8.498.50905657380016423651314099700434756010,30,3.45,1,True
1.2.826.0.1.3680043.8.498.10975347305662629858093628672419901528,mcl_centre,34.594,-67.828,-6.159,0.0963,0.547,1.2.826.0.1.3680043.8.498.98165206172243153272609068119882718014,19,4.4,1,True
1.2.826.0.1.3680043.8.498.10979105661314213697886164132444977106,mcl_centre,-46.111,-36.597,-36.941,0.0968,1.473,1.2.826.0.1.3680043.8.498.30182052441361004487801887456296880814,28,3.7,1,True
1.2.826.0.1.3680043.8.498.10981062990502278795793220223076241424,mcl_centre,-46.355,-16.536,-31.617,0.0693,0.765,1.2.826.0.1.3680043.8.498.66992019675602202786980608747457444594,32,3.3,1,True
1.2.826.0.1.3680043.8.498.10983416091338854252058678062116243962,mcl_centre,-37.284,-3.698,-5.168,0.0956,0.965,1.2.826.0.1.3680043.8.498.89224830765395350281741857307394414871,31,5.0,1,True
1.2.826.0.1.3680043.8.498.10992875360571368325079907908221899699,mcl_centre,-79.484,-38.378,-69.853,0.0874,1.823,1.2.826.0.1.3680043.8.498.48853801815348906409408623503588507437,32,3.5,1,True
1.2.826.0.1.3680043.8.498.10994554560803816407362754025763036100,mcl_centre,45.281,-56.867,-30.047,0.0895,0.853,1.2.826.0.1.3680043.8.498.53588018115465951937602412179678667492,36,3.3,1,True
1.2.826.0.1.3680043.8.498.10994848378662155711176898659205016445,mcl_centre,-66.168,-72.161,1.262,0.107,0.756,1.2.826.0.1.3680043.8.498.48538276635909910934194635433920835908,16,5.561,1,True
1.2.826.0.1.3680043.8.498.10994854354532517072359864903910225174,mcl_centre,-64.79,18.427,-47.242,0.1236,1.198,1.2.826.0.1.3680043.8.498.66486664749399369616211426422442358162,19,4.5,1,True
1.2.826.0.1.3680043.8.498.10994899269366718796438389394954844979,mcl_centre,-65.617,-55.672,-3.678,0.1176,0.744,1.2.826.0.1.3680043.8.498.52757175269837377453229074372583777458,16,5.846,1,True
1.2.826.0.1.3680043.8.498.10995980880227536691827030731644023480,mcl_centre,34.225,-26.868,-45.674,0.0867,0.648,1.2.826.0.1.3680043.8.498.25832241478346560857894344705610297852,30,3.5,1,True
1.2.826.0.1.3680043.8.498.10998144118962608870602180672090998054,mcl_centre,76.655,-46.009,-15.141,0.0865,0.846,1.2.826.0.1.3680043.8.498.33270308871959676062038358998103393620,31,4.5,1,True
1.2.826.0.1.3680043.8.498.10998405409474759941744305665540376339,mcl_centre,-38.458,-12.328,-42.709,0.0925,0.441,1.2.826.0.1.3680043.8.498.71744422906339532123807826101637800016,30,3.6,1,True
1.2.826.0.1.3680043.8.498.11006241238894862275805535376070111510,mcl_centre,-35.535,-17.274,-6.932,0.0963,1.507,1.2.826.0.1.3680043.8.498.11561243623444275322494059986132344511,30,3.5,1,True
1.2.826.0.1.3680043.8.498.11007527194601989039620198927241696256,mcl_centre,16.687,-25.04,2.873,0.077,1.905,1.2.826.0.1.3680043.8.498.18415514265022206792361682437440100920,32,3.3,1,True
1.2.826.0.1.3680043.8.498.11010004366885474301784150582039137111,mcl_centre,-19.105,2.121,-23.469,0.0611,69.211,1.2.826.0.1.3680043.8.498.11977085842548253762751268376101464581,32,4.0,1,True
1.2.826.0.1.3680043.8.498.11011061033863592500429481719734134286,mcl_centre,-29.331,-7.624,-27.162,0.0697,1.787,1.2.826.0.1.3680043.8.498.59061070729356625756784116221406815925,30,3.6,1,True
1.2.826.0.1.3680043.8.498.11014091506864318694851337553197477906,mcl_centre,30.472,-18.548,-23.856,0.1185,3.97,1.2.826.0.1.3680043.8.498.48682169143178223534447595605970329746,25,3.6,1,True
1.2.826.0.1.3680043.8.498.11040296449332764126530525726037541310,mcl_centre,-48.263,-47.237,-11.687,0.0936,1.557,1.2.826.0.1.3680043.8.498.82671420112591847879015328189811158037,28,3.3,1,True
1.2.826.0.1.3680043.8.498.11041694833778404465582610810664391088,mcl_centre,33.402,-10.09,-20.656,0.1067,0.784,1.2.826.0.1.3680043.8.498.12556318568424369818960973936088155711,30,3.6,1,True
1.2.826.0.1.3680043.8.498.11043081829401721095803441219553837608,mcl_centre,40.926,-46.001,-47.913,0.07,1.099,1.2.826.0.1.3680043.8.498.10882733772712847894551644317305234150,36,3.3,1,True
1.2.826.0.1.3680043.8.498.11043543420859531726426521315399258528,mcl_centre,-45.57,-46.606,-66.556,0.084,1.175,1.2.826.0.1.3680043.8.498.54425413635335568867188414886140908710,38,3.3,1,True
1.2.826.0.1.3680043.8.498.11043926695471016727738735328317975282,mcl_centre,40.73,-22.266,-25.363,0.0776,1.516,1.2.826.0.1.3680043.8.498.41965136620924285932792578288801966244,34,3.3,1,True
1.2.826.0.1.3680043.8.498.11045459770905584149950259201414074545,mcl_centre,-55.154,-14.618,-19.727,0.0791,0.947,1.2.826.0.1.3680043.8.498.91958884386719681176898542001198366358,40,3.3,1,True
1.2.826.0.1.3680043.8.498.11049882927267755769995376553330493298,mcl_centre,-82.31,-68.632,-6.635,0.0648,0.674,1.2.826.0.1.3680043.8.498.58154355439815622939542587436050194750,22,4.95,1,True
1.2.826.0.1.3680043.8.498.11050604958275820465127935558416408008,mcl_centre,28.034,-27.323,-65.101,0.096,2.091,1.2.826.0.1.3680043.8.498.12590319592916935451647381743955124528,30,3.3,1,True
1.2.826.0.1.3680043.8.498.11052656375391331522834364601050945860,mcl_centre,80.13,9.055,-8.76,0.074,1.228,1.2.826.0.1.3680043.8.498.47422136973362087034105397935760881505,32,3.7,1,True
1.2.826.0.1.3680043.8.498.11052720536194493057619720620119095739,mcl_centre,-59.428,-6.781,-28.374,0.0827,1.026,1.2.826.0.1.3680043.8.498.11292064626878451339228234335926212863,35,3.3,1,True
1.2.826.0.1.3680043.8.498.11057883757434391643878168168845592475,mcl_centre,-29.822,-46.026,-63.57,0.1196,0.86,1.2.826.0.1.3680043.8.498.54153288740241648388569372794588164901,20,4.4,1,True
1.2.826.0.1.3680043.8.498.11060834081463491262807709963877480026,mcl_centre,49.567,-20.455,-28.386,0.0864,1.199,1.2.826.0.1.3680043.8.498.72025816512329373615242238293629830151,30,3.6,1,True
1.2.826.0.1.3680043.8.498.11064977170395595339882840534354229547,mcl_centre,42.478,-59.821,-22.326,0.1088,1.108,1.2.826.0.1.3680043.8.498.12765967538821552634509769714053649533,34,3.3,1,True
1.2.826.0.1.3680043.8.498.11067200656721609390997819562401839124,mcl_centre,40.927,-15.604,-8.353,0.1057,0.863,1.2.826.0.1.3680043.8.498.62394717994656841104031592597687522235,26,3.8,1,True
1.2.826.0.1.3680043.8.498.11070900122260301212131296598983372089,mcl_centre,-14.999,11.25,-19.998,0.0957,0.735,1.2.826.0.1.3680043.8.498.30208525097290665927152085422006098205,32,3.6,1,True
1.2.826.0.1.3680043.8.498.11077406555624926104628200252710914930,mcl_centre,-95.135,-29.142,-27.672,0.0598,46.518,1.2.826.0.1.3680043.8.498.94534289558864392106469813408261614982,36,3.51,1,True
1.2.826.0.1.3680043.8.498.11079556243110299049578981210837702995,mcl_centre,79.456,-34.178,-19.618,0.1103,1.015,1.2.826.0.1.3680043.8.498.12527125077522644237077328932898958400,30,3.5,1,True
1.2.826.0.1.3680043.8.498.11080651962904815250736183346281427445,mcl_centre,-58.461,-11.954,-14.296,0.0871,0.997,1.2.826.0.1.3680043.8.498.79575780777096540288203277186570180412,34,3.3,1,True
1.2.826.0.1.3680043.8.498.11084010833221855396433326769153950681,mcl_centre,68.817,-26.637,-59.414,0.0662,4.514,1.2.826.0.1.3680043.8.498.90532634446813352862237833635385166085,24,4.5,1,True
1.2.826.0.1.3680043.8.498.11090884548990390279582832205294943635,mcl_centre,-23.403,58.601,-70.276,0.0727,1.831,1.2.826.0.1.3680043.8.498.12323229318069509142385539896983676281,34,3.5,1,True
1.2.826.0.1.3680043.8.498.11091958567356981151034727948765010881,mcl_centre,38.685,-19.716,-58.65,0.0655,0.823,1.2.826.0.1.3680043.8.498.61591243620624879472946313945259575278,40,3.3,1,True
1.2.826.0.1.3680043.8.498.11100224438877567316062152508871079233,mcl_centre,73.176,-63.25,-37.973,0.1119,2.335,1.2.826.0.1.3680043.8.498.43809302830742185205868748102792734318,28,3.5,1,True
1.2.826.0.1.3680043.8.498.11103894265181149878864749992746236768,mcl_centre,67.234,3.696,-13.654,0.0769,0.765,1.2.826.0.1.3680043.8.498.79749987362812167184690551844633985003,32,3.3,1,True
1.2.826.0.1.3680043.8.498.11110575656494405149601490027444484170,mcl_centre,46.277,-45.465,-46.379,0.0879,0.92,1.2.826.0.1.3680043.8.498.10951965265526730765527211950753407636,32,3.6,1,True
1.2.826.0.1.3680043.8.498.11111022632180183697497694737350901427,mcl_centre,53.371,-52.016,-66.486,0.098,1.774,1.2.826.0.1.3680043.8.498.49253824077665577590154315106385478210,20,6.045,1,True
1.2.826.0.1.3680043.8.498.11113442398569287228475456000446876768,mcl_centre,37.813,-56.455,-56.731,0.1198,1.39,1.2.826.0.1.3680043.8.498.72837477588833076304380664243061833103,19,4.6,1,True
1.2.826.0.1.3680043.8.498.11119324966854127911591363740049886324,mcl_centre,-60.493,-41.405,-36.003,0.1021,1.98,1.2.826.0.1.3680043.8.498.20602156944907176249059419011452391880,28,3.7,1,True
1.2.826.0.1.3680043.8.498.11122485005317809892694992204053124213,mcl_centre,-50.829,-55.482,-33.055,0.0807,0.535,1.2.826.0.1.3680043.8.498.26228187579960078823424170217249259424,33,3.5,1,True
1.2.826.0.1.3680043.8.498.11123446342116837882811834332727990911,mcl_centre,-67.42,-42.916,-35.238,0.0857,0.667,1.2.826.0.1.3680043.8.498.78428842255726508682348840339220652883,38,3.5,1,True
1.2.826.0.1.3680043.8.498.11125718814639515292482773418372267821,mcl_centre,55.449,-58.369,-29.438,0.1047,1.267,1.2.826.0.1.3680043.8.498.96205657150098886651447434041345939522,20,5.294,1,True
1.2.826.0.1.3680043.8.498.11126383719852491587081347886000714259,mcl_centre,-50.602,-26.43,-20.042,0.1241,0.917,1.2.826.0.1.3680043.8.498.12194927839973852494088528023258144722,25,4.5,1,True
1.2.826.0.1.3680043.8.498.11128099896284546522122813576483001027,mcl_centre,-32.343,1.803,-6.306,0.1023,1.084,1.2.826.0.1.3680043.8.498.10839768023403960035943694287191497135,25,4.6,1,True
1.2.826.0.1.3680043.8.498.11129751904857491327872353316480050290,mcl_centre,43.403,-18.545,-14.413,0.1317,1.227,1.2.826.0.1.3680043.8.498.12702622689463382211641854804396731712,18,5.107,1,True
1.2.826.0.1.3680043.8.498.11131210140372132238166068091728877219,mcl_centre,77.715,-69.866,-15.905,0.1184,0.763,1.2.826.0.1.3680043.8.498.86757961781039536283327799543090515146,30,3.3,1,True
1.2.826.0.1.3680043.8.498.11135115047200279264914390528987153419,mcl_centre,37.553,-17.524,-7.263,0.1456,0.445,1.2.826.0.1.3680043.8.498.87680449810606649027856054118989134343,30,3.6,1,True
1.2.826.0.1.3680043.8.498.11136723251983227230447257874027263286,mcl_centre,48.644,-14.116,0.99,0.0964,1.062,1.2.826.0.1.3680043.8.498.69918162033971502597110456336170542407,35,3.3,1,True
1.2.826.0.1.3680043.8.498.11145632111083286399683467139301564425,mcl_centre,34.972,0.704,-33.139,0.0984,1.174,1.2.826.0.1.3680043.8.498.44776598729751769194077458486095717767,36,3.51,1,True
1.2.826.0.1.3680043.8.498.11148939654362681630811787929668902046,mcl_centre,-85.998,-66.05,-23.083,0.0702,2.4,1.2.826.0.1.3680043.8.498.10596815023177683963582370050913352236,16,6.0,1,True
1.2.826.0.1.3680043.8.498.11149530279799223497509928655010867960,mcl_centre,-39.833,35.246,-66.286,0.0771,3.7,1.2.826.0.1.3680043.8.498.12016135482177875032224112948972748279,33,3.5,1,True
1.2.826.0.1.3680043.8.498.11150193626240150189232364321568347937,mcl_centre,42.313,12.076,-37.101,0.1272,3.332,1.2.826.0.1.3680043.8.498.52128738306858618140689463122035469411,28,4.0,1,True
1.2.826.0.1.3680043.8.498.11150597567791052354257165699079348456,mcl_centre,-41.432,11.161,-40.07,0.0715,2.24,1.2.826.0.1.3680043.8.498.83145314821591696340491842120234568175,28,4.0,1,True
1.2.826.0.1.3680043.8.498.11150751959089942633754454715290410758,mcl_centre,68.268,-56.806,-16.487,0.0665,1.317,1.2.826.0.1.3680043.8.498.83051027641531012413478023650743273529,24,4.95,1,True
1.2.826.0.1.3680043.8.498.11152585968424897353533125085307104033,mcl_centre,-40.727,-65.583,9.529,0.0852,1.602,1.2.826.0.1.3680043.8.498.85410269922026313487385431623624119038,19,4.4,1,True
1.2.826.0.1.3680043.8.498.11154238555579687338157479416363307605,mcl_centre,-43.33,-15.095,-46.439,0.0904,1.312,1.2.826.0.1.3680043.8.498.90132700516635818292691083231408748173,32,3.3,1,True
1.2.826.0.1.3680043.8.498.11156884483511690263238401598901614096,mcl_centre,-79.11,-38.204,-33.903,0.0947,0.71,1.2.826.0.1.3680043.8.498.96102718268906078440732131897952448420,30,3.5,1,True
1.2.826.0.1.3680043.8.498.11159546221032123495135103648570690656,mcl_centre,24.023,-8.94,-36.091,0.096,1.152,1.2.826.0.1.3680043.8.498.11761715950370563122457836738371378772,36,3.0,1,True
1.2.826.0.1.3680043.8.498.11173951743276817877673759975853741079,mcl_centre,69.714,-63.177,-40.116,0.0763,1.721,1.2.826.0.1.3680043.8.498.39052017269888352215719870500492091286,34,3.3,1,True
1.2.826.0.1.3680043.8.498.11180457573346204459956051956213528997,mcl_centre,69.259,-53.094,-6.931,0.1136,0.78,1.2.826.0.1.3680043.8.498.67846042474152231468573257190908386051,30,3.3,1,True
1.2.826.0.1.3680043.8.498.11183915112115196028799391678356464392,mcl_centre,-40.015,-6.101,-28.551,0.0672,1.117,1.2.826.0.1.3680043.8.498.65658586178897676044342148845821358632,33,3.3,1,True
1.2.826.0.1.3680043.8.498.11184968672176462852561645279750399747,mcl_centre,60.964,-32.162,-2.848,0.0716,1.092,1.2.826.0.1.3680043.8.498.10011730488681862782320879441610733914,39,3.51,1,True
1.2.826.0.1.3680043.8.498.11190292536746235063218740991532759863,mcl_centre,54.631,-24.681,15.499,0.1051,1.116,1.2.826.0.1.3680043.8.498.95238687973509184838830353288473208950,32,3.3,1,True
1.2.826.0.1.3680043.8.498.11191015483427903713800997920940844550,mcl_centre,-51.26,-15.963,-27.932,0.075,1.155,1.2.826.0.1.3680043.8.498.11679150105104895223191059145084301087,38,3.51,1,True
1.2.826.0.1.3680043.8.498.11192287547210248515805146368662883131,mcl_centre,-45.315,-36.938,-7.736,0.0615,1.271,1.2.826.0.1.3680043.8.498.88071392585564699552927555868048627622,47,3.3,1,True
1.2.826.0.1.3680043.8.498.11201589885283493748455257854104771618,mcl_centre,68.639,-49.037,-33.235,0.0727,2.031,1.2.826.0.1.3680043.8.498.12992270887703188127076167525473897130,37,3.3,1,True
1.2.826.0.1.3680043.8.498.11201741528059502111642265469347871878,mcl_centre,-62.253,-39.437,-7.272,0.0932,1.6,1.2.826.0.1.3680043.8.498.41722585911105554899014594572153154832,27,4.5,1,True
1.2.826.0.1.3680043.8.498.11207013225631251718312189933025529824,mcl_centre,-72.102,-59.288,-12.611,0.0851,0.661,1.2.826.0.1.3680043.8.498.69589676735019735983117127949784257753,39,3.3,1,True
1.2.826.0.1.3680043.8.498.11208107516750574657838495761140109258,mcl_centre,81.453,-65.832,-21.961,0.105,1.222,1.2.826.0.1.3680043.8.498.11531847212425259717754748760078151813,30,3.3,1,True
1.2.826.0.1.3680043.8.498.11208663314213048426907645330143931419,mcl_centre,85.306,-86.781,-23.078,0.1241,1.236,1.2.826.0.1.3680043.8.498.53726107154755730616482760685780806399,16,7.005,1,True
1.2.826.0.1.3680043.8.498.11210361780779474361817208167009080083,mcl_centre,56.81,-14.785,-50.841,0.0622,0.974,1.2.826.0.1.3680043.8.498.10602393129644143537460780391051950474,36,4.0,1,True
1.2.826.0.1.3680043.8.498.11211598263863419448236436640277320409,mcl_centre,72.947,-37.482,-10.383,0.109,1.216,1.2.826.0.1.3680043.8.498.13194750573601603607536192344416623678,30,3.7,1,True
1.2.826.0.1.3680043.8.498.11212667888429022863778740306223585731,mcl_centre,-10.499,-27.294,28.995,0.1677,0.624,1.2.826.0.1.3680043.8.498.94010225326993046549132576989195636860,30,3.3,1,True
1.2.826.0.1.3680043.8.498.11214158717183172156320144105486247892,mcl_centre,60.146,-0.199,-16.93,0.1206,1.938,1.2.826.0.1.3680043.8.498.70045594772739174153891678044165472001,28,3.5,1,True
1.2.826.0.1.3680043.8.498.11218351123386367961865331646414911627,mcl_centre,-53.329,28.235,-43.148,0.0872,0.812,1.2.826.0.1.3680043.8.498.62575172238225809377457224518812625205,24,4.5,1,True
1.2.826.0.1.3680043.8.498.11218782547268547937641080283066300678,mcl_centre,44.576,-60.098,-21.859,0.1218,0.865,1.2.826.0.1.3680043.8.498.91486798822353301442606827207470987285,20,5.0,1,True
1.2.826.0.1.3680043.8.498.11219813299300915347039206446596901205,mcl_centre,107.245,-29.462,-50.174,0.1364,0.68,1.2.826.0.1.3680043.8.498.13969035339623676527610657441782058619,19,4.4,1,True
1.2.826.0.1.3680043.8.498.11221318524515817857172161854667955115,mcl_centre,-38.771,9.826,-8.051,0.0921,2.319,1.2.826.0.1.3680043.8.498.77374197316169995139864305553831783744,25,3.6,1,True
1.2.826.0.1.3680043.8.498.11223691171233118900160265287691267884,mcl_centre,62.594,-51.299,-11.608,0.0763,1.618,1.2.826.0.1.3680043.8.498.63289082175389710480186400130444128708,40,3.3,1,True
1.2.826.0.1.3680043.8.498.11226582925516370364253861721606580867,mcl_centre,-3.232,-38.719,-24.021,0.0811,0.812,1.2.826.0.1.3680043.8.498.30435607167945954162597372229264356150,35,3.3,1,True
1.2.826.0.1.3680043.8.498.11229566047228169850473554486278603754,mcl_centre,-50.872,-55.899,-11.242,0.115,1.059,1.2.826.0.1.3680043.8.498.82229545496605394414015171304256912219,24,4.0,1,True
1.2.826.0.1.3680043.8.498.11231822445970527276203191047278744341,mcl_centre,-14.314,-64.822,-51.062,0.0931,0.676,1.2.826.0.1.3680043.8.498.21357004784570267064738433710120268191,19,4.4,1,True
1.2.826.0.1.3680043.8.498.11232674915186872899189440191805868376,mcl_centre,73.098,-50.285,-15.519,0.1143,0.814,1.2.826.0.1.3680043.8.498.92738253698772709461820985990743555327,30,3.3,1,True
1.2.826.0.1.3680043.8.498.11244115315611630362929576340631670750,mcl_centre,91.007,-51.205,7.843,0.0669,52.138,1.2.826.0.1.3680043.8.498.13839578070366157889303677859993927876,34,3.3,1,True
1.2.826.0.1.3680043.8.498.11249981834802444119817546155435759007,mcl_centre,59.244,-0.721,-24.159,0.1099,0.855,1.2.826.0.1.3680043.8.498.25653273660636786823555810439578657375,30,3.3,1,True
1.2.826.0.1.3680043.8.498.11254890841796835340329521299102281678,mcl_centre,-51.154,-39.61,-20.831,0.0888,0.95,1.2.826.0.1.3680043.8.498.54693214791742305799729873249645791777,28,3.7,1,True
1.2.826.0.1.3680043.8.498.11257168136762043265165109052826442974,mcl_centre,25.805,-32.673,-25.922,0.0721,1.027,1.2.826.0.1.3680043.8.498.65106503824052378939036647989838489667,32,3.3,1,True
1.2.826.0.1.3680043.8.498.11257869433929994221899994675448655047,mcl_centre,81.023,-67.734,-12.018,0.0861,0.99,1.2.826.0.1.3680043.8.498.12237982259143054202327200840572040586,40,3.3,1,True
1.2.826.0.1.3680043.8.498.11260248089108026217929330361529065683,mcl_centre,64.179,-45.412,-12.284,0.1071,2.286,1.2.826.0.1.3680043.8.498.54787395205905927653372682222456459313,32,3.3,1,True
1.2.826.0.1.3680043.8.498.11262944211104069231500934582412003273,mcl_centre,67.773,-30.209,-35.309,0.1098,1.087,1.2.826.0.1.3680043.8.498.23824865655621255714767614717342036352,32,3.7,1,True
1.2.826.0.1.3680043.8.498.11264140845869814478794346490273061499,mcl_centre,-51.776,-5.138,-8.801,0.117,1.077,1.2.826.0.1.3680043.8.498.40231152506973930380602765264439561983,20,4.4,1,True
1.2.826.0.1.3680043.8.498.11268635423021790546063903457498005204,mcl_centre,-39.23,-17.599,-37.287,0.0871,0.456,1.2.826.0.1.3680043.8.498.55684447796439065534126985930419373907,33,3.3,1,True
1.2.826.0.1.3680043.8.498.11270845320057097450047912107461684885,mcl_centre,9.18,3.64,-9.808,0.1167,0.735,1.2.826.0.1.3680043.8.498.39063003742062762578153861907339118087,31,4.0,1,True
1.2.826.0.1.3680043.8.498.11275711698468745807758222802302685022,mcl_centre,-67.788,-50.865,-69.281,0.1044,0.482,1.2.826.0.1.3680043.8.498.26316154085257660944362140295921171734,34,3.3,1,True
1.2.826.0.1.3680043.8.498.11276674006815021828943434205349220551,mcl_centre,57.114,-9.893,-3.156,0.1063,0.478,1.2.826.0.1.3680043.8.498.15237274650634201424187247207030015083,35,3.3,1,True
1.2.826.0.1.3680043.8.498.11276732020240247755618413418003401291,mcl_centre,37.54,-52.112,-4.615,0.1227,3.001,1.2.826.0.1.3680043.8.498.30212141265827025730928882921333295087,16,5.618,1,True
1.2.826.0.1.3680043.8.498.11277078989123345865112116288626381353,mcl_centre,-45.826,-28.5,-13.652,0.0706,2.002,1.2.826.0.1.3680043.8.498.96590490968494270027858281764567587477,38,3.6,1,True
1.2.826.0.1.3680043.8.498.11277278232377185347750793496260885546,mcl_centre,-40.004,-63.564,-31.151,0.1313,0.824,1.2.826.0.1.3680043.8.498.11156458226846453891094295258008626100,31,3.3,1,True
1.2.826.0.1.3680043.8.498.11282162920338602001456704018617788412,mcl_centre,-31.388,-93.724,-24.829,0.0887,0.961,1.2.826.0.1.3680043.8.498.10105591872058793263500730458675281734,26,4.5,1,True
1.2.826.0.1.3680043.8.498.11282706861378379965012380644125662529,mcl_centre,-32.787,-1.885,14.361,0.0579,0.627,1.2.826.0.1.3680043.8.498.50942271205901183682969210921630738690,30,3.6,1,True
1.2.826.0.1.3680043.8.498.11287173314232027941677698384842764593,mcl_centre,47.201,-23.35,-10.241,0.1016,2.956,1.2.826.0.1.3680043.8.498.98553211965994194777791744586892633291,30,3.45,1,True
1.2.826.0.1.3680043.8.498.11287937729196958426538087439102017580,mcl_centre,39.159,27.64,-62.247,0.06,1.343,1.2.826.0.1.3680043.8.498.11454182648928474635381502957910523653,26,4.4,1,True
1.2.826.0.1.3680043.8.498.11291875173369366854889507729635968509,mcl_centre,38.241,-20.593,-25.231,0.0851,0.749,1.2.826.0.1.3680043.8.498.83264982894576976680377776635607930114,32,3.3,1,True
1.2.826.0.1.3680043.8.498.11294885816514924203337081832122619605,mcl_centre,41.366,-73.431,-29.334,0.1229,1.1,1.2.826.0.1.3680043.8.498.11553795533258958010522863428218817275,19,4.6,1,True
1.2.826.0.1.3680043.8.498.11295899132697862632905938037090529644,mcl_centre,-39.127,-0.471,-37.659,0.1243,0.798,1.2.826.0.1.3680043.8.498.33197099358429239046116547087704391674,29,4.0,1,True
1.2.826.0.1.3680043.8.498.11296867854260286881418279496022384461,mcl_centre,60.633,-48.688,0.741,0.1435,1.014,1.2.826.0.1.3680043.8.498.29329937261374717801584945585043213228,16,5.942,1,True
1.2.826.0.1.3680043.8.498.11298099571581989006135838942599921393,mcl_centre,-26.337,3.872,-20.411,0.1082,1.308,1.2.826.0.1.3680043.8.498.73526701787583247747457865686082021879,25,3.6,1,True
1.2.826.0.1.3680043.8.498.11302750434639976191333636496428935632,mcl_centre,-32.781,-27.409,11.351,0.072,2.28,1.2.826.0.1.3680043.8.498.24636372729805075163396302804426729561,32,3.6,1,True
1.2.826.0.1.3680043.8.498.11307870660160563329996058267938398411,mcl_centre,21.36,-31.149,-1.921,0.1063,0.912,1.2.826.0.1.3680043.8.498.11153486445207634741842745756157292036,18,5.072,1,True
1.2.826.0.1.3680043.8.498.11312798102268182343541500463824266929,mcl_centre,-27.614,-12.695,20.094,0.0712,0.953,1.2.826.0.1.3680043.8.498.10263393409962371896663989525025400861,34,3.6,1,True
1.2.826.0.1.3680043.8.498.11314687816975146963598226343179928616,mcl_centre,-47.544,-60.221,-34.891,0.0645,2.309,1.2.826.0.1.3680043.8.498.12977540772282680944351030635169252418,30,3.8,1,True
1.2.826.0.1.3680043.8.498.11315871586936178043350206344448851055,mcl_centre,42.533,-56.658,-19.849,0.0936,1.476,1.2.826.0.1.3680043.8.498.76484099929061872305137206391285382145,32,3.3,1,True
1.2.826.0.1.3680043.8.498.11316091466685605758061778045311969672,mcl_centre,43.512,-30.867,-45.154,0.0905,1.821,1.2.826.0.1.3680043.8.498.85743624985356717612905657818407946565,34,3.3,1,True
1.2.826.0.1.3680043.8.498.11331824020096159502562313322049966712,mcl_centre,-33.831,-3.709,-15.236,0.089,0.989,1.2.826.0.1.3680043.8.498.56149526209069826779845952006048171738,30,3.3,1,True
1.2.826.0.1.3680043.8.498.11334486185870324597335039163116965763,mcl_centre,-64.874,-15.378,-7.652,0.1192,1.476,1.2.826.0.1.3680043.8.498.13389853638754174416509934256165327218,30,3.3,1,True
1.2.826.0.1.3680043.8.498.11334776960319816844935217444817103072,mcl_centre,-25.471,1.346,-24.879,0.0643,1.697,1.2.826.0.1.3680043.8.498.10258335628440626484043752536414887798,26,5.0,1,True
1.2.826.0.1.3680043.8.498.11337616353935430160375524217870968575,mcl_centre,56.545,-46.146,-29.72,0.0862,1.762,1.2.826.0.1.3680043.8.498.12818069953672323292277208897442694104,21,4.95,1,True
1.2.826.0.1.3680043.8.498.11338962847958062668991874160027887372,mcl_centre,-59.385,-37.543,-14.678,0.062,0.913,1.2.826.0.1.3680043.8.498.24071887307280849324861258057505619728,34,3.3,1,True
1.2.826.0.1.3680043.8.498.11340429352365972769264064439788186260,mcl_centre,23.249,-7.496,-15.636,0.0701,0.747,1.2.826.0.1.3680043.8.498.44789160653676253469273608243955976358,32,3.7,1,True
1.2.826.0.1.3680043.8.498.11345369648571407541082013397591193473,mcl_centre,-92.702,-25.376,7.638,0.0579,68.095,1.2.826.0.1.3680043.8.498.65234988957425994870824967664983745789,38,3.3,1,True
1.2.826.0.1.3680043.8.498.11347466940974045182979684641300336177,mcl_centre,30.861,2.772,-36.131,0.1344,0.575,1.2.826.0.1.3680043.8.498.71776192805654313180860905219293823364,28,3.5,1,True
1.2.826.0.1.3680043.8.498.11352722814008170661344291337061231555,mcl_centre,-53.586,-52.413,-3.74,0.0613,2.126,1.2.826.0.1.3680043.8.498.12023222157868539661480575742657674707,30,3.6,1,True
1.2.826.0.1.3680043.8.498.11353976221682532422630231842008146722,mcl_centre,25.388,-2.594,-17.657,0.1618,1.576,1.2.826.0.1.3680043.8.498.20614753124649234563835460546525944748,20,4.95,1,True
1.2.826.0.1.3680043.8.498.11362547519125634779422991321337283241,mcl_centre,-71.207,-61.23,-25.239,0.1103,0.865,1.2.826.0.1.3680043.8.498.37893647360093924154865388116656473113,34,3.3,1,True
1.2.826.0.1.3680043.8.498.11369844885381156110080055326139875897,mcl_centre,-62.232,-19.356,-62.465,0.0784,2.626,1.2.826.0.1.3680043.8.498.10273275087891513440592863286096307301,32,3.6,1,True
1.2.826.0.1.3680043.8.498.11371400503360468962117579439852064607,mcl_centre,-31.059,-16.222,-21.612,0.1786,0.93,1.2.826.0.1.3680043.8.498.10992871710646155682578527223747966387,19,4.4,1,True
1.2.826.0.1.3680043.8.498.11382021393803389951964005983002209238,mcl_centre,32.571,-20.906,-0.649,0.0815,1.384,1.2.826.0.1.3680043.8.498.93215173970625947969112669628390847443,30,3.6,1,True
1.2.826.0.1.3680043.8.498.11383056981606331444758741778014516431,mcl_centre,-64.34,-8.671,-11.803,0.1571,2.513,1.2.826.0.1.3680043.8.498.12024910481191541372450070080102672779,21,4.4,1,True
1.2.826.0.1.3680043.8.498.11385845157446557781575804962818981994,mcl_centre,-46.606,-69.915,-7.056,0.0769,1.705,1.2.826.0.1.3680043.8.498.58045975927600155673486290891413127957,23,4.5,1,True
1.2.826.0.1.3680043.8.498.11386074316342852649653530230563922899,mcl_centre,54.992,-13.996,-48.993,0.0663,73.197,1.2.826.0.1.3680043.8.498.85195147751949999678285931064201945501,32,3.3,1,True
1.2.826.0.1.3680043.8.498.11391095418955817124325938917797687542,mcl_centre,36.226,-27.221,-38.614,0.1041,1.906,1.2.826.0.1.3680043.8.498.12500910024365576289062710009119938990,30,3.3,1,True
1.2.826.0.1.3680043.8.498.11394861774586578112386386342670500749,mcl_centre,31.752,-13.707,-11.616,0.0883,3.665,1.2.826.0.1.3680043.8.498.70939259419327711076655656059758143151,33,3.6,1,True
1.2.826.0.1.3680043.8.498.11395349736725035422736613041202251830,mcl_centre,55.213,-43.373,-35.871,0.1466,2.142,1.2.826.0.1.3680043.8.498.51105164939419460607618668767954137775,21,4.4,1,True
1.2.826.0.1.3680043.8.498.11396451979734570993257791565721573849,mcl_centre,47.993,-60.102,-58.805,0.0993,0.557,1.2.826.0.1.3680043.8.498.78835425419711433570970596552246722117,32,3.3,1,True
1.2.826.0.1.3680043.8.498.11402325536521359105285323485008939602,mcl_centre,50.812,-58.641,-6.922,0.1122,0.569,1.2.826.0.1.3680043.8.498.17121135671640760608409823070709776798,26,3.3,1,True
1.2.826.0.1.3680043.8.498.11406304618685790128709325242250648417,mcl_centre,-39.389,-12.445,31.844,0.0787,0.85,1.2.826.0.1.3680043.8.498.29308880891099017934285663562836606543,30,3.3,1,True
1.2.826.0.1.3680043.8.498.11406381777983128446583783158882827226,mcl_centre,44.761,-2.444,-24.393,0.0974,0.813,1.2.826.0.1.3680043.8.498.46623836859261673394535982928177749080,38,3.3,1,True
1.2.826.0.1.3680043.8.498.11413427362266862411525989114324631512,mcl_centre,64.909,21.999,-13.297,0.0753,1.442,1.2.826.0.1.3680043.8.498.10505273106331179532077123230138023639,34,3.5,1,True
1.2.826.0.1.3680043.8.498.11414215447313658600502835138277811260,mcl_centre,55.231,-38.943,-22.799,0.1046,0.959,1.2.826.0.1.3680043.8.498.37299546703720579002544711086463626444,30,3.7,1,True
1.2.826.0.1.3680043.8.498.11420670844338686032030860787688858057,mcl_centre,50.206,-40.856,-9.189,0.1201,2.208,1.2.826.0.1.3680043.8.498.98739815249429539011863338701701369729,28,4.2,1,True
1.2.826.0.1.3680043.8.498.11425019165071014217290822852865654127,mcl_centre,28.249,35.827,-31.638,0.0567,1.801,1.2.826.0.1.3680043.8.498.81208577373030268081921068298070045708,34,3.5,1,True
1.2.826.0.1.3680043.8.498.11425683153901568541658945026861110110,mcl_centre,-36.186,-26.665,-16.497,0.0918,1.321,1.2.826.0.1.3680043.8.498.11760170619287103047972020800407031546,27,3.85,1,True
1.2.826.0.1.3680043.8.498.11428482061412578159115168314865188597,mcl_centre,-85.562,-66.966,-10.326,0.1083,0.413,1.2.826.0.1.3680043.8.498.12668247246532282883837439549474301617,28,3.5,1,True
1.2.826.0.1.3680043.8.498.11432815311029789072253610823554308183,mcl_centre,73.333,-39.007,-45.054,0.127,0.823,1.2.826.0.1.3680043.8.498.10878729834016208803819015985661467590,30,3.3,1,True
1.2.826.0.1.3680043.8.498.11440214477653629899108986507154583794,mcl_centre,-45.566,-24.637,-11.381,0.1025,1.369,1.2.826.0.1.3680043.8.498.40016912542098410354330232389946664224,33,3.3,1,True
1.2.826.0.1.3680043.8.498.11440217845998767853986099058965644463,mcl_centre,-45.382,-28.171,-9.224,0.1002,1.062,1.2.826.0.1.3680043.8.498.28368027057975073982358453767084919927,32,3.3,1,True
1.2.826.0.1.3680043.8.498.11441489276425334980205891153179893797,mcl_centre,54.813,-5.231,-33.533,0.1306,0.728,1.2.826.0.1.3680043.8.498.49340834068230197734784787185409549788,27,3.6,1,True
1.2.826.0.1.3680043.8.498.11446264194433135282793848490754001623,mcl_centre,-63.128,-50.119,-20.046,0.0947,1.437,1.2.826.0.1.3680043.8.498.11108527560863392333572742157671075816,30,3.5,1,True
1.2.826.0.1.3680043.8.498.11448326350892044215419380818679679579,mcl_centre,40.073,-17.088,-36.961,0.1576,2.3,1.2.826.0.1.3680043.8.498.59090367960816296916888646841894643104,25,3.6,1,True
1.2.826.0.1.3680043.8.498.11448865770537436004548718998804636234,mcl_centre,-21.862,-9.981,-11.316,0.1146,2.435,1.2.826.0.1.3680043.8.498.82712947412704388342137958662170791995,19,4.4,1,True
1.2.826.0.1.3680043.8.498.11451448731901996559834481853733404099,mcl_centre,-25.667,-62.593,20.822,0.0657,0.6,1.2.826.0.1.3680043.8.498.20255172285986754995628462592761601729,20,5.544,1,True
1.2.826.0.1.3680043.8.498.11451981256762378203455481812714370193,mcl_centre,73.511,-48.304,-13.458,0.0794,0.814,1.2.826.0.1.3680043.8.498.40339326189295583375029477908865711423,30,3.3,1,True
1.2.826.0.1.3680043.8.498.11455388290952699607973723923118848769,mcl_centre,-43.371,-66.63,-50.156,0.1095,1.197,1.2.826.0.1.3680043.8.498.21615027520865311148040358637280926279,19,4.6,1,True
1.2.826.0.1.3680043.8.498.11458488293461896930750018852127694875,mcl_centre,37.929,-34.7,-20.621,0.0985,2.322,1.2.826.0.1.3680043.8.498.89120061241761105090554766908061925785,32,3.3,1,True
1.2.826.0.1.3680043.8.498.11458715255296685383451160973781612197,mcl_centre,33.585,-41.971,-42.88,0.0701,1.44,1.2.826.0.1.3680043.8.498.92254132165016788853923181015259682912,28,3.5,1,True
1.2.826.0.1.3680043.8.498.11465586454035959390661499120751232686,mcl_centre,63.477,-60.702,-12.088,0.1262,1.537,1.2.826.0.1.3680043.8.498.10519890557544178072463120842341455563,33,3.3,1,True
1.2.826.0.1.3680043.8.498.11467955500991327547315970867313333592,mcl_centre,-22.14,-11.196,-8.087,0.0915,1.042,1.2.826.0.1.3680043.8.498.30442580964171585737410182698737976948,25,3.6,1,True
1.2.826.0.1.3680043.8.498.11468812519969607938527116557104410121,mcl_centre,-80.806,-63.385,-18.733,0.0483,0.925,1.2.826.0.1.3680043.8.498.13215071405293800009398422780660245599,20,6.447,1,True
1.2.826.0.1.3680043.8.498.11471148332557464549579838595592736047,mcl_centre,-46.334,-16.18,-14.507,0.092,0.539,1.2.826.0.1.3680043.8.498.11842001789948198975786614425334713375,32,3.3,1,True
1.2.826.0.1.3680043.8.498.11472441320199233244785757534656853558,mcl_centre,-43.47,-22.645,-45.966,0.0959,0.728,1.2.826.0.1.3680043.8.498.21157261361701207741689780022259795713,32,3.3,1,True
1.2.826.0.1.3680043.8.498.11477000011453869751231224714283666904,mcl_centre,37.053,-32.03,26.181,0.0779,0.569,1.2.826.0.1.3680043.8.498.44584804607178495108742238012249165756,38,3.3,1,True
1.2.826.0.1.3680043.8.498.11477583622065195478886525904745372063,mcl_centre,-41.828,-44.767,-47.66,0.1038,0.712,1.2.826.0.1.3680043.8.498.53722508361270299870776677858085921303,36,3.3,1,True
1.2.826.0.1.3680043.8.498.11482325994550095339373157256174349858,mcl_centre,38.843,-8.82,13.959,0.0967,0.942,1.2.826.0.1.3680043.8.498.66061737114849789544661443739134890062,37,3.3,1,True
1.2.826.0.1.3680043.8.498.11487799220518102363643849548556099719,mcl_centre,38.174,-23.274,-35.853,0.0887,1.086,1.2.826.0.1.3680043.8.498.12072873689223532611438474852441119647,30,3.3,1,True
1.2.826.0.1.3680043.8.498.11489881286208501558797333161632486099,mcl_centre,35.799,-24.478,-4.068,0.0903,0.889,1.2.826.0.1.3680043.8.498.10512966353702522024339199175854775754,35,3.3,1,True
1.2.826.0.1.3680043.8.498.11495133447993934376048707763538781434,mcl_centre,-66.711,-42.601,-16.827,0.0963,1.196,1.2.826.0.1.3680043.8.498.56826659851323229100310093152481018778,30,3.3,1,True
1.2.826.0.1.3680043.8.498.11497761063752461132736045914751707046,mcl_centre,80.5,-33.215,-18.94,0.0731,59.278,1.2.826.0.1.3680043.8.498.72664200754409458478939532142239038168,30,3.3,1,True
1.2.826.0.1.3680043.8.498.11498239309891927151456629915927889165,mcl_centre,39.519,-14.126,-8.782,0.0746,0.464,1.2.826.0.1.3680043.8.498.46037288570040165902536183541193660228,28,4.2,1,True
1.2.826.0.1.3680043.8.498.11498505068787084440256890724559761815,mcl_centre,28.981,-17.055,3.912,0.1084,1.36,1.2.826.0.1.3680043.8.498.13238832999913055946900175477510377279,35,3.3,1,True
1.2.826.0.1.3680043.8.498.11498845504486569595587386245872511981,mcl_centre,-50.469,-53.918,-30.36,0.081,0.884,1.2.826.0.1.3680043.8.498.38332240451597927440131173138215449314,30,3.5,1,True
1.2.826.0.1.3680043.8.498.11501070108039994411346060488666341726,mcl_centre,-69.249,-48.455,-3.015,0.1062,0.657,1.2.826.0.1.3680043.8.498.52942263321999045606782542499041429107,28,3.7,1,True
1.2.826.0.1.3680043.8.498.11504079342934513987748646905909982588,mcl_centre,-71.573,-5.671,-10.343,0.0879,1.453,1.2.826.0.1.3680043.8.498.36303855961491708673005160427821546170,33,3.3,1,True
1.2.826.0.1.3680043.8.498.11506642732332295874076832453198901115,mcl_centre,-38.89,-36.958,-58.496,0.0701,1.173,1.2.826.0.1.3680043.8.498.34328256310728711709802843288762731461,42,3.3,1,True
1.2.826.0.1.3680043.8.498.11506856887791286395737465774061395929,mcl_centre,30.368,-26.603,-10.312,0.0946,1.961,1.2.826.0.1.3680043.8.498.80617489028173479833435411244776908361,28,4.2,1,True
1.2.826.0.1.3680043.8.498.11508340006652282767645009271305921426,mcl_centre,-70.092,-50.427,-13.799,0.0918,2.122,1.2.826.0.1.3680043.8.498.20263243137172539645959523747626935592,34,3.3,1,True
1.2.826.0.1.3680043.8.498.11515987024418648685676369132061127664,mcl_centre,13.073,23.508,-20.975,0.1261,2.724,1.2.826.0.1.3680043.8.498.31584070441764492778800366759705001471,24,4.0,1,True
1.2.826.0.1.3680043.8.498.11516498203727058146656616413699979433,mcl_centre,-70.484,-14.221,-43.704,0.1019,0.888,1.2.826.0.1.3680043.8.498.10638794715372528088627202144595867479,22,5.0,1,True
1.2.826.0.1.3680043.8.498.11516842786271998149681118182571061813,mcl_centre,38.784,11.066,-47.241,0.0853,2.517,1.2.826.0.1.3680043.8.498.58420552737742755437024509896155835294,45,3.5,1,True
1.2.826.0.1.3680043.8.498.11520508017843738484108845144418061602,mcl_centre,66.513,-40.176,-30.638,0.0932,0.725,1.2.826.0.1.3680043.8.498.38631827309574488415570935140481909183,30,3.7,1,True
1.2.826.0.1.3680043.8.498.11521971289581057766555206729274639736,mcl_centre,-43.669,-24.029,-28.514,0.0859,0.937,1.2.826.0.1.3680043.8.498.19943511145976215889317793554440021609,28,3.6,1,True
1.2.826.0.1.3680043.8.498.11529405479134457001825038259936796388,mcl_centre,-34.051,-1.753,-37.617,0.1107,0.951,1.2.826.0.1.3680043.8.498.10663522714217703523859594064553077228,25,3.6,1,True
1.2.826.0.1.3680043.8.498.11530446425918247469882351709851883983,mcl_centre,48.726,-9.772,-41.187,0.0814,1.927,1.2.826.0.1.3680043.8.498.44979370804815230109313784202458403327,37,3.3,1,True
1.2.826.0.1.3680043.8.498.11532517984322509215429681648257299355,mcl_centre,46.17,-35.704,-42.689,0.0806,1.085,1.2.826.0.1.3680043.8.498.10522800497076684424109896314502311327,25,4.95,1,True
1.2.826.0.1.3680043.8.498.11533971444023236216745801026152089075,mcl_centre,43.037,4.821,10.208,0.1105,1.503,1.2.826.0.1.3680043.8.498.29305521510702581817842563523627836910,24,3.5,1,True
1.2.826.0.1.3680043.8.498.11542298537902846156898976374522470463,mcl_centre,-44.446,3.501,-43.811,0.0836,1.59,1.2.826.0.1.3680043.8.498.39378460513013835352482765355326997812,32,3.3,1,True
1.2.826.0.1.3680043.8.498.11543622448213658856759993374276266341,mcl_centre,40.956,-7.555,-23.014,0.1256,1.656,1.2.826.0.1.3680043.8.498.50287164517847509056183414362991133929,26,4.0,1,True
1.2.826.0.1.3680043.8.498.11545541207342029419461179316053148974,mcl_centre,-9.702,5.234,6.655,0.0888,2.709,1.2.826.0.1.3680043.8.498.43788681565818988307469239050320510069,23,4.0,1,True
1.2.826.0.1.3680043.8.498.11546127923715190914128277599849591183,mcl_centre,-42.126,-30.943,-10.873,0.0642,65.037,1.2.826.0.1.3680043.8.498.10003271121171039993431767719983720312,28,3.7,1,True
1.2.826.0.1.3680043.8.498.11547192037231064935759879673500408149,mcl_centre,29.181,-0.523,-8.893,0.1335,2.884,1.2.826.0.1.3680043.8.498.66609753611291405796993584727683317421,24,3.5,1,True
1.2.826.0.1.3680043.8.498.11548045715264151632153040089882701935,mcl_centre,-62.033,-49.742,-5.119,0.1026,0.769,1.2.826.0.1.3680043.8.498.24901571377214075058803703161169402193,30,3.3,1,True
1.2.826.0.1.3680043.8.498.11548839502674800051973767797346682106,mcl_centre,-36.966,-25.293,-25.811,0.1011,1.466,1.2.826.0.1.3680043.8.498.28330099531306802330024106027906915266,30,3.6,1,True
1.2.826.0.1.3680043.8.498.11551347885357242022697196552822735795,mcl_centre,40.73,-50.484,-25.529,0.0745,0.696,1.2.826.0.1.3680043.8.498.19109263492866813083079404234614458582,36,3.3,1,True
1.2.826.0.1.3680043.8.498.11551770225828320378339882849245348148,mcl_centre,-41.455,-12.558,-35.471,0.0829,6.605,1.2.826.0.1.3680043.8.498.12638273757648806562692506155774760712,31,4.4,1,True
1.2.826.0.1.3680043.8.498.11557620559191469069130827959098335840,mcl_centre,-28.274,-21.938,-14.489,0.0956,1.814,1.2.826.0.1.3680043.8.498.81787334059184556686818388901104015308,34,3.3,1,True
1.2.826.0.1.3680043.8.498.11561519302314146020052258325459371962,mcl_centre,-33.816,-42.112,-48.804,0.1093,0.695,1.2.826.0.1.3680043.8.498.56343388006538255668045138552517984731,30,3.3,1,True
1.2.826.0.1.3680043.8.498.11569355546217846610131708883985793793,mcl_centre,-68.791,-32.55,-40.604,0.1122,1.488,1.2.826.0.1.3680043.8.498.19234420695591501107554108628203648385,23,4.5,1,True
1.2.826.0.1.3680043.8.498.11569601172991867969672947467467392425,mcl_centre,46.827,30.622,-8.114,0.1213,1.025,1.2.826.0.1.3680043.8.498.56690231937323552803969667069961926758,25,4.0,1,True
1.2.826.0.1.3680043.8.498.11571057273590444914079281238002921868,mcl_centre,24.448,-28.093,-50.951,0.0908,0.635,1.2.826.0.1.3680043.8.498.24081649765614891317357810289459645002,24,4.5,1,True
1.2.826.0.1.3680043.8.498.11574480940878399452466699512074769686,mcl_centre,-46.704,-20.296,-36.82,0.0911,1.094,1.2.826.0.1.3680043.8.498.75269279898263232161761433605018360629,32,3.3,1,True
1.2.826.0.1.3680043.8.498.11574667600340420151274680172753922967,mcl_centre,-74.408,-29.567,-44.423,0.0876,0.55,1.2.826.0.1.3680043.8.498.93936316056777714559794322820758017489,28,3.5,1,True
1.2.826.0.1.3680043.8.498.11577630811395858629711985689258647804,mcl_centre,56.189,-72.311,-5.645,0.1059,0.719,1.2.826.0.1.3680043.8.498.74879242697559101331080085342796056054,18,6.188,1,True
1.2.826.0.1.3680043.8.498.11579571696748051185342754881791715610,mcl_centre,48.198,-36.643,-25.045,0.0629,0.923,1.2.826.0.1.3680043.8.498.33310408022783128646412973281474145741,38,3.0,1,True
1.2.826.0.1.3680043.8.498.11583098598455610459898849451117846552,mcl_centre,-43.929,4.678,-18.682,0.1113,0.803,1.2.826.0.1.3680043.8.498.67786655409077435006084218306936839272,24,4.0,1,True
1.2.826.0.1.3680043.8.498.11586616391541918134110642641868079265,mcl_centre,45.871,-65.496,-16.933,0.0655,1.29,1.2.826.0.1.3680043.8.498.89331020823247849262921944696444952596,20,4.8,1,True
1.2.826.0.1.3680043.8.498.11587989960888698769912899464470116193,mcl_centre,-43.101,30.503,-24.238,0.1006,3.432,1.2.826.0.1.3680043.8.498.85994247566759075758631825768482069121,27,4.0,1,True
1.2.826.0.1.3680043.8.498.11590096889491409910425456896187293515,mcl_centre,63.397,-42.909,7.777,0.1288,0.885,1.2.826.0.1.3680043.8.498.78916979580138721193676290333988755064,18,5.849,1,True
1.2.826.0.1.3680043.8.498.11592056376890319271545710970155310824,mcl_centre,-36.834,-32.389,-32.042,0.0988,1.253,1.2.826.0.1.3680043.8.498.11898951572928062122766572951214119730,22,5.0,1,True
1.2.826.0.1.3680043.8.498.11592838054859712596515534341207971997,mcl_centre,-74.456,-44.228,-25.63,0.074,1.542,1.2.826.0.1.3680043.8.498.10545601881324341812547497155772832605,30,3.3,1,True
1.2.826.0.1.3680043.8.498.11595338216297251382188195835520492789,mcl_centre,-64.331,-32.153,-45.553,0.0821,0.838,1.2.826.0.1.3680043.8.498.15664463013254836391314787802652410099,32,3.51,1,True
1.2.826.0.1.3680043.8.498.11596665780617412984766822528862741584,mcl_centre,73.268,-36.4,-51.166,0.1047,1.414,1.2.826.0.1.3680043.8.498.65590817503651821760355311756205713840,30,3.5,1,True
1.2.826.0.1.3680043.8.498.11596866241403598097171345671773992202,mcl_centre,-6.399,7.564,6.497,0.0965,0.88,1.2.826.0.1.3680043.8.498.26211889083931134137723504252837718908,31,3.6,1,True
1.2.826.0.1.3680043.8.498.11598606533748611505510113033734692457,mcl_centre,22.989,-87.891,-38.208,0.0851,0.867,1.2.826.0.1.3680043.8.498.23797436341955510434263164059885845028,19,4.8,1,True
1.2.826.0.1.3680043.8.498.11599387556469808488160280438305325860,mcl_centre,48.121,-32.321,-11.884,0.1073,1.2,1.2.826.0.1.3680043.8.498.10739992981632503167285492161563723627,32,3.3,1,True
1.2.826.0.1.3680043.8.498.11604138460812393624691789275263090511,mcl_centre,-43.814,-29.85,-41.696,0.0774,2.898,1.2.826.0.1.3680043.8.498.83257280326369198056295498765063962040,38,3.3,1,True
1.2.826.0.1.3680043.8.498.11604298807403466096392316117803661479,mcl_centre,35.689,-30.365,-41.468,0.0919,1.948,1.2.826.0.1.3680043.8.498.67330873310356701689877657020331033419,39,3.6,1,True
1.2.826.0.1.3680043.8.498.11605266731872772432220415835172557961,mcl_centre,37.427,-42.844,3.586,0.0694,0.764,1.2.826.0.1.3680043.8.498.12834695737720578062715212135955912885,30,3.6,1,True
1.2.826.0.1.3680043.8.498.11610176134207131408691324676304640501,mcl_centre,44.546,-25.766,-33.679,0.0722,0.894,1.2.826.0.1.3680043.8.498.84957100687119561770226067080739358202,36,3.3,1,True
1.2.826.0.1.3680043.8.498.11610585947047502123824835405421129552,mcl_centre,-26.759,-49.695,-11.678,0.1038,1.35,1.2.826.0.1.3680043.8.498.54546083378381984787407203285582132897,21,5.2,1,True
1.2.826.0.1.3680043.8.498.11613637647831801354398273334552399874,mcl_centre,45.405,-20.289,-10.338,0.0613,3.122,1.2.826.0.1.3680043.8.498.44745024752533935817331252067689255332,36,3.48,1,True
1.2.826.0.1.3680043.8.498.11619883329923252065839671636992770849,mcl_centre,26.118,-54.187,10.267,0.0929,1.29,1.2.826.0.1.3680043.8.498.18940148402452640516761304245785128456,25,4.5,1,True
1.2.826.0.1.3680043.8.498.11625598825018422177242262569319579378,mcl_centre,-34.09,-38.144,-5.328,0.0879,0.531,1.2.826.0.1.3680043.8.498.11027592332493009045556745444634265269,35,3.3,1,True
1.2.826.0.1.3680043.8.498.11629659616217352895144469980856259097,mcl_centre,-74.407,-51.648,-43.225,0.0906,1.879,1.2.826.0.1.3680043.8.498.12517197608312229351596494568915776378,20,4.95,1,True
1.2.826.0.1.3680043.8.498.11641274367861998748475337224297076397,mcl_centre,-17.967,33.9,-20.382,0.0987,0.448,1.2.826.0.1.3680043.8.498.12215965632419209253018952993249706634,30,3.6,1,True
1.2.826.0.1.3680043.8.498.11641866550826314411250696478180861612,mcl_centre,-33.831,-49.848,-55.748,0.0949,1.073,1.2.826.0.1.3680043.8.498.10964291403679607157037669485702641600,30,3.5,1,True
1.2.826.0.1.3680043.8.498.11642228346306175407288158335830376197,mcl_centre,-66.065,-9.825,-12.196,0.0951,0.793,1.2.826.0.1.3680043.8.498.87860158748294135971922909912728317654,32,3.6,1,True
1.2.826.0.1.3680043.8.498.11642678020345468499556230871411308014,mcl_centre,70.875,-45.377,15.617,0.1062,1.127,1.2.826.0.1.3680043.8.498.80835744665046632099021025634081620559,30,3.3,1,True
1.2.826.0.1.3680043.8.498.11646465814751330102194657154003685957,mcl_centre,37.853,-2.675,-35.998,0.1065,0.957,1.2.826.0.1.3680043.8.498.11460924239080835444169029101704692687,30,3.5,1,True
1.2.826.0.1.3680043.8.498.11647595587705638372290862475518195181,mcl_centre,46.924,-33.648,-30.723,0.0605,1.566,1.2.826.0.1.3680043.8.498.12855989985655999505495145272107824937,45,3.3,1,True
1.2.826.0.1.3680043.8.498.11651755040149549966484720727140190853,mcl_centre,40.96,-14.513,-31.835,0.1022,1.114,1.2.826.0.1.3680043.8.498.20757775547689205966982402990561680580,20,4.95,1,True
1.2.826.0.1.3680043.8.498.11652570369213315569275956969935617843,mcl_centre,28.755,-20.804,-33.312,0.1116,1.175,1.2.826.0.1.3680043.8.498.10617980596587903452155738013835413793,32,3.3,1,True
1.2.826.0.1.3680043.8.498.11654064547593365398103107850228629066,mcl_centre,-55.765,-2.582,10.596,0.0881,2.154,1.2.826.0.1.3680043.8.498.66479961893029036764451304937936427697,23,3.5,1,True
1.2.826.0.1.3680043.8.498.11655692245049710970881619360721342623,mcl_centre,61.773,-23.688,-28.81,0.1029,0.807,1.2.826.0.1.3680043.8.498.38728958902616062657662931160456168193,34,3.3,1,True
1.2.826.0.1.3680043.8.498.11659861228342609979638095779959188093,mcl_centre,-23.407,-26.774,-0.244,0.0975,0.808,1.2.826.0.1.3680043.8.498.42030330630253665715450476481276354887,32,3.3,1,True
1.2.826.0.1.3680043.8.498.11661333712307504012375232163708358493,mcl_centre,86.404,-71.99,12.759,0.0808,59.892,1.2.826.0.1.3680043.8.498.13211934636969582314745208733007903486,34,3.3,1,True
1.2.826.0.1.3680043.8.498.11669120316759278775792190599036288128,mcl_centre,64.225,-48.183,46.434,0.1064,1.477,1.2.826.0.1.3680043.8.498.93994832901899179903578038995677509162,27,4.5,1,True
1.2.826.0.1.3680043.8.498.11674925658184069242322832524274428408,mcl_centre,6.472,-35.302,-22.141,0.0999,1.239,1.2.826.0.1.3680043.8.498.92389345774865285380010592448939734905,26,3.6,1,True
1.2.826.0.1.3680043.8.498.11679044101697033975478370934058085847,mcl_centre,-43.21,-44.14,-50.706,0.0631,1.662,1.2.826.0.1.3680043.8.498.75982154634826001013122931259477686033,30,3.5,1,True
1.2.826.0.1.3680043.8.498.11679981444785137570894759919380932611,mcl_centre,-51.395,-16.434,0.317,0.1009,2.516,1.2.826.0.1.3680043.8.498.26181108828052359382832672371870731428,24,4.4,1,True
1.2.826.0.1.3680043.8.498.11682243736539231948790371952356165171,mcl_centre,-45.667,-7.623,-38.609,0.0867,2.102,1.2.826.0.1.3680043.8.498.83034037641734450392520881538349364263,38,3.0,1,True
1.2.826.0.1.3680043.8.498.11685904538570360040472064238371379681,mcl_centre,-44.838,-25.001,-26.87,0.084,1.015,1.2.826.0.1.3680043.8.498.29285171537443598250674656421974291682,30,3.3,1,True
1.2.826.0.1.3680043.8.498.11689820638581431730501617718741779835,mcl_centre,-66.256,-35.108,-12.694,0.0872,0.652,1.2.826.0.1.3680043.8.498.10275577124448658726071922530482956044,37,3.3,1,True
1.2.826.0.1.3680043.8.498.11691245281415120685024733512803575288,mcl_centre,-37.188,-24.83,-12.51,0.046,1.082,1.2.826.0.1.3680043.8.498.12323845985572900942597275785994665674,30,3.6,1,True
1.2.826.0.1.3680043.8.498.11695097367686121784104505410611821860,mcl_centre,-42.743,-10.489,-10.039,0.0812,1.144,1.2.826.0.1.3680043.8.498.39986834876955795125350565985707905950,36,3.3,1,True
1.2.826.0.1.3680043.8.498.11703195077261884009442719578918319962,mcl_centre,-58.297,-26.658,-7.65,0.0727,1.019,1.2.826.0.1.3680043.8.498.11951410571993631727328256263731489675,40,3.3,1,True
1.2.826.0.1.3680043.8.498.11706378290185110677863653788588307917,mcl_centre,67.765,-72.3,-8.369,0.0867,1.657,1.2.826.0.1.3680043.8.498.35447686011959372517019887398530945592,20,4.95,1,True
1.2.826.0.1.3680043.8.498.11709909941833245598246010905322129256,mcl_centre,-73.341,-40.41,-40.842,0.1007,0.716,1.2.826.0.1.3680043.8.498.97250292486177322506079559223772623346,32,3.7,1,True
1.2.826.0.1.3680043.8.498.11716605112302071535035323666308656381,mcl_centre,-32.38,-55.222,-65.225,0.1103,0.754,1.2.826.0.1.3680043.8.498.69790702451836499596995339154892122839,31,3.3,1,True
1.2.826.0.1.3680043.8.498.11716730437469973434747875401501334429,mcl_centre,40.0,-19.008,-28.499,0.0993,0.381,1.2.826.0.1.3680043.8.498.10177404205691317901248647542885976184,32,3.3,1,True
1.2.826.0.1.3680043.8.498.11719502398697390809777045891822044637,mcl_centre,39.719,-27.279,-15.022,0.0683,1.701,1.2.826.0.1.3680043.8.498.10538522924396393001125524279628247572,38,3.3,1,True
1.2.826.0.1.3680043.8.498.11720535027022778971695130536590302635,mcl_centre,-36.984,-23.56,-27.924,0.1042,1.511,1.2.826.0.1.3680043.8.498.12009385404157810395052920094335138751,32,3.3,1,True
1.2.826.0.1.3680043.8.498.11720664166420613534218395854543939928,mcl_centre,-22.419,6.119,-60.833,0.1327,0.658,1.2.826.0.1.3680043.8.498.77518546044142678138425999391875265210,24,4.0,1,True
1.2.826.0.1.3680043.8.498.11722185671504770687850569082348083612,mcl_centre,33.078,4.656,-57.321,0.144,1.219,1.2.826.0.1.3680043.8.498.25016171732134243427948070244320664959,27,3.6,1,True
1.2.826.0.1.3680043.8.498.11723286647024326363349453996818420374,mcl_centre,42.792,-16.886,-17.607,0.097,0.519,1.2.826.0.1.3680043.8.498.12969702035319550228493789883047620748,32,3.3,1,True
1.2.826.0.1.3680043.8.498.11723945299462627737346907048285143063,mcl_centre,93.735,-91.423,-95.633,0.0505,1.724,1.2.826.0.1.3680043.8.498.69036723389084954461458060957817500088,32,4.5,1,True
1.2.826.0.1.3680043.8.498.11725843001854130477287484865097535511,mcl_centre,58.174,-31.68,-43.336,0.0835,0.481,1.2.826.0.1.3680043.8.498.10761939823872938471871706427455239702,30,3.7,1,True
1.2.826.0.1.3680043.8.498.11726452645519338341002251323463736083,mcl_centre,-38.208,-22.31,-12.053,0.0802,1.894,1.2.826.0.1.3680043.8.498.12142438132071352559312158023716193050,30,3.3,1,True
1.2.826.0.1.3680043.8.498.11738872955471637985947490962985266753,mcl_centre,38.667,-19.315,-24.191,0.0857,1.728,1.2.826.0.1.3680043.8.498.42483423179626352333123131027017583045,30,3.3,1,True
1.2.826.0.1.3680043.8.498.11751697254880722008245447197446027607,mcl_centre,-49.597,-80.579,11.228,0.031,2.391,1.2.826.0.1.3680043.8.498.33048800036292905749401156507392284296,30,4.5,1,True
1.2.826.0.1.3680043.8.498.11752091432368750506312921028559788225,mcl_centre,36.245,-5.734,28.303,0.1142,1.739,1.2.826.0.1.3680043.8.498.31986121199687504229794807546140161175,30,3.3,1,True
1.2.826.0.1.3680043.8.498.11753067309373104365558887398441364695,mcl_centre,-37.303,-43.814,-10.431,0.0766,1.47,1.2.826.0.1.3680043.8.498.10587119060412374972710879367649913120,23,4.95,1,True
1.2.826.0.1.3680043.8.498.11762352496600661264881556836248251400,mcl_centre,-57.448,-29.345,-45.021,0.0729,0.94,1.2.826.0.1.3680043.8.498.63432633461009865673047649637514835382,28,3.7,1,True
1.2.826.0.1.3680043.8.498.11762851510866726051342964961256680025,mcl_centre,22.872,-24.946,-31.435,0.0795,1.09,1.2.826.0.1.3680043.8.498.45097510702863003175133082599107849201,30,3.5,1,True
1.2.826.0.1.3680043.8.498.11770690655120964721059321709525979950,mcl_centre,-113.147,-61.373,10.318,0.0868,1.265,1.2.826.0.1.3680043.8.498.62783614007318823846399544692649747350,16,6.227,1,True
1.2.826.0.1.3680043.8.498.11771393824519892797114773408583976756,mcl_centre,31.57,0.756,-17.456,0.1085,1.401,1.2.826.0.1.3680043.8.498.90312542992412683157082113686184827836,26,3.5,1,True
1.2.826.0.1.3680043.8.498.11775352515236862473778507708524782015,mcl_centre,-73.389,-51.796,-8.58,0.1044,1.129,1.2.826.0.1.3680043.8.498.13217930799043831527711363533047493597,30,3.5,1,True
1.2.826.0.1.3680043.8.498.11776647434143676427722616249587614803,mcl_centre,-47.487,2.153,-28.765,0.0645,0.706,1.2.826.0.1.3680043.8.498.14365553184883150664804769997041665532,34,3.5,1,True
1.2.826.0.1.3680043.8.498.11779387602988880691008088661075117406,mcl_centre,70.869,-13.199,-15.779,0.0851,1.682,1.2.826.0.1.3680043.8.498.11810003266876329999273663660008597895,31,3.3,1,True
1.2.826.0.1.3680043.8.498.11783597160745641720078978406968189488,mcl_centre,-40.783,-13.367,7.57,0.1259,1.647,1.2.826.0.1.3680043.8.498.44528348433755775969598443041333102412,18,4.5,1,True
1.2.826.0.1.3680043.8.498.11785138333495400389510795613252286069,mcl_centre,-54.117,-42.25,-9.076,0.0812,1.305,1.2.826.0.1.3680043.8.498.65622602041017225961605104307973742785,41,3.3,1,True
1.2.826.0.1.3680043.8.498.11786296135006283515679011075884245663,mcl_centre,-32.253,17.888,-33.987,0.1198,1.597,1.2.826.0.1.3680043.8.498.18703713369124905961153118429426669858,26,4.0,1,True
1.2.826.0.1.3680043.8.498.11786582806577871618290342375465595269,mcl_centre,86.131,-40.151,-54.872,0.1202,2.599,1.2.826.0.1.3680043.8.498.18419440817102039186858512078689980731,30,3.7,1,True
1.2.826.0.1.3680043.8.498.11791028039098776993164396657149877483,mcl_centre,-46.293,-31.37,-25.207,0.0776,3.208,1.2.826.0.1.3680043.8.498.13152395825250279270407514668731607617,24,4.0,1,True
1.2.826.0.1.3680043.8.498.11791567830371683660578052737702299124,mcl_centre,41.207,-31.117,-33.724,0.0664,2.078,1.2.826.0.1.3680043.8.498.20296203262206548661247590874683533460,28,4.95,1,True
1.2.826.0.1.3680043.8.498.11794753699425693678056056340551238033,mcl_centre,-81.657,-28.708,-19.49,0.0845,0.488,1.2.826.0.1.3680043.8.498.12422406265799442746523460670177679152,35,3.3,1,True
1.2.826.0.1.3680043.8.498.11796547950032543541071896156852778697,mcl_centre,38.733,-22.256,-15.936,0.1035,1.71,1.2.826.0.1.3680043.8.498.12754226080259013234821086338218015172,30,3.8,1,True
1.2.826.0.1.3680043.8.498.11798183157109435753679723596499976762,mcl_centre,-42.122,-11.098,36.154,0.0939,0.866,1.2.826.0.1.3680043.8.498.61090489198577885036259528844075288152,34,3.51,1,True
1.2.826.0.1.3680043.8.498.11799272823743145498601173910069737855,mcl_centre,18.843,13.499,-17.039,0.1026,1.028,1.2.826.0.1.3680043.8.498.12818400887641328623268848607800260625,28,3.5,1,True
1.2.826.0.1.3680043.8.498.11803762390999881908101130422708589537,mcl_centre,-73.149,-19.115,2.323,0.0885,0.787,1.2.826.0.1.3680043.8.498.27213480613400664391015941426892754808,29,3.3,1,True
1.2.826.0.1.3680043.8.498.11804799183537166337413388415687675758,mcl_centre,-49.77,-40.157,-27.676,0.1164,1.105,1.2.826.0.1.3680043.8.498.72641458702398372183825610895559555054,30,3.3,1,True
1.2.826.0.1.3680043.8.498.11805131119810457174456565128522037991,mcl_centre,67.163,-63.624,-18.381,0.0885,1.056,1.2.826.0.1.3680043.8.498.53591843153175730952313789473151878506,28,3.5,1,True
1.2.826.0.1.3680043.8.498.11807494462283790976935891042637502434,mcl_centre,84.912,-54.344,-45.701,0.1069,1.188,1.2.826.0.1.3680043.8.498.30719585769301737582148059012292802409,30,3.7,1,True
1.2.826.0.1.3680043.8.498.11812607848520072826145426247813670653,mcl_centre,-33.603,44.77,-29.032,0.0715,1.022,1.2.826.0.1.3680043.8.498.11616709651635069140837487106396618866,28,3.5,1,True
1.2.826.0.1.3680043.8.498.11814923363609140180293604689814785969,mcl_centre,-86.51,0.324,0.026,0.0567,64.013,1.2.826.0.1.3680043.8.498.56043416714004501901306063583526426548,27,3.6,1,True
1.2.826.0.1.3680043.8.498.11823120042104793954689778719229868108,mcl_centre,-41.565,-0.262,-31.759,0.0563,3.007,1.2.826.0.1.3680043.8.498.51895633154663765942890035716151589024,32,3.3,1,True
1.2.826.0.1.3680043.8.498.11830915612184936576804778995164042200,mcl_centre,-24.579,-11.909,-19.415,0.0936,2.22,1.2.826.0.1.3680043.8.498.25103657622005289146529443280273050216,25,3.6,1,True
1.2.826.0.1.3680043.8.498.11836929166973549727078374306175992474,mcl_centre,-64.055,-45.544,-52.569,0.0902,1.094,1.2.826.0.1.3680043.8.498.57471159920770622138177441257135531082,28,3.7,1,True
1.2.826.0.1.3680043.8.498.11848828525319749834876185415845381479,mcl_centre,-44.491,-14.375,-23.695,0.0957,0.853,1.2.826.0.1.3680043.8.498.61201102809448301177438240454253849338,32,3.3,1,True
1.2.826.0.1.3680043.8.498.11851285389689341495961233129719325417,mcl_centre,-67.782,-46.964,-31.995,0.0816,0.905,1.2.826.0.1.3680043.8.498.53414807730948829036778780501957220845,37,3.3,1,True
1.2.826.0.1.3680043.8.498.11851412923016044948101698015974810604,mcl_centre,-29.811,-7.53,-14.34,0.0605,1.675,1.2.826.0.1.3680043.8.498.99189356480890482418477312767560138524,42,3.48,1,True
1.2.826.0.1.3680043.8.498.11860731961337988611847638299761007498,mcl_centre,40.487,-46.59,-35.959,0.1097,1.882,1.2.826.0.1.3680043.8.498.51174441395553955247765357205976116503,28,3.3,1,True
1.2.826.0.1.3680043.8.498.11863890747360341056211511874563792862,mcl_centre,36.889,37.897,-9.969,0.1215,0.527,1.2.826.0.1.3680043.8.498.47373118734975749210007531150253156751,31,3.5,1,True
1.2.826.0.1.3680043.8.498.11867198902144602395671904591496233129,mcl_centre,-51.201,-63.953,-17.552,0.0962,1.011,1.2.826.0.1.3680043.8.498.79613518812240947315442666058396719197,32,3.3,1,True
1.2.826.0.1.3680043.8.498.11868154141292577776796381772987549697,mcl_centre,69.167,-31.655,6.756,0.0708,0.742,1.2.826.0.1.3680043.8.498.87791029509082831482977468455719167093,30,4.5,1,True
1.2.826.0.1.3680043.8.498.11868389442143514705330687746274512632,mcl_centre,38.199,-47.218,-12.292,0.1168,1.878,1.2.826.0.1.3680043.8.498.10498481083444930147136311522845701564,30,3.3,1,True
1.2.826.0.1.3680043.8.498.11871142388984150456249558619289234011,mcl_centre,73.512,-43.662,-13.457,0.0969,1.202,1.2.826.0.1.3680043.8.498.26104268393223535512692570414119956337,30,3.3,1,True
1.2.826.0.1.3680043.8.498.11878847808072119549790690649256090471,mcl_centre,-37.977,-13.702,-32.239,0.078,1.268,1.2.826.0.1.3680043.8.498.93087613154659337480746028979955917841,30,3.6,1,True
1.2.826.0.1.3680043.8.498.11880385031047315524154761508473409762,mcl_centre,37.82,-7.84,-38.623,0.0798,7.514,1.2.826.0.1.3680043.8.498.13148808767081867216386325402779913104,35,3.6,1,True
1.2.826.0.1.3680043.8.498.11881735311125899170335963782017197184,mcl_centre,-34.649,-46.19,-8.028,0.0824,2.015,1.2.826.0.1.3680043.8.498.11471869244106786957263841200571617460,28,3.3,1,True
1.2.826.0.1.3680043.8.498.11887143891500181344364122992066593229,mcl_centre,33.316,-30.368,-21.668,0.1213,1.923,1.2.826.0.1.3680043.8.498.79162969256717561964850049656497606406,32,3.3,1,True
1.2.826.0.1.3680043.8.498.11892908237449514945544380023820626319,mcl_centre,47.133,-51.954,-66.631,0.0921,1.429,1.2.826.0.1.3680043.8.498.94360715968746118604323421203436849669,32,3.6,1,True
1.2.826.0.1.3680043.8.498.11897083656099489353496670273111097794,mcl_centre,28.015,8.978,-34.509,0.1025,1.405,1.2.826.0.1.3680043.8.498.11602778190381867419812122399512229997,30,3.6,1,True
1.2.826.0.1.3680043.8.498.11900355716044995266104285198121445744,mcl_centre,64.567,-4.975,-51.281,0.1238,1.596,1.2.826.0.1.3680043.8.498.24302637484729845561274393665169226316,22,4.5,1,True
1.2.826.0.1.3680043.8.498.11901474252960403779405194385221103673,mcl_centre,41.506,-16.102,-53.984,0.0957,0.844,1.2.826.0.1.3680043.8.498.12295929763226378522182911174496860158,30,3.6,1,True
1.2.826.0.1.3680043.8.498.11902464730418099436837163594625541861,mcl_centre,-41.504,-43.725,-39.159,0.0934,1.795,1.2.826.0.1.3680043.8.498.59008569941238877675120681140178893684,34,3.3,1,True
1.2.826.0.1.3680043.8.498.11904156585987383639134967886361403369,mcl_centre,-20.54,-59.976,-23.263,0.0874,0.792,1.2.826.0.1.3680043.8.498.57160647868950580578198540266472160288,32,3.3,1,True
1.2.826.0.1.3680043.8.498.11905397531490569218559534495408776672,mcl_centre,70.217,-48.344,-44.287,0.0902,62.084,1.2.826.0.1.3680043.8.498.10035803148192815020967525479870756985,32,3.3,1,True
1.2.826.0.1.3680043.8.498.11906266535122698149967624908585010734,mcl_centre,5.267,-7.123,-10.198,0.129,1.588,1.2.826.0.1.3680043.8.498.11521370025830027586410873694388138735,19,4.4,1,True
1.2.826.0.1.3680043.8.498.11909779134152823550896593167929611759,mcl_centre,-41.385,-29.482,-42.317,0.1004,1.391,1.2.826.0.1.3680043.8.498.12717597798938193923048756018793257642,32,3.3,1,True
1.2.826.0.1.3680043.8.498.11911688823908554151914734938172012708,mcl_centre,36.243,-12.849,-26.544,0.1194,1.362,1.2.826.0.1.3680043.8.498.34060304028762717919914236244872692371,24,3.5,1,True
1.2.826.0.1.3680043.8.498.11912276256810863127132294167870461707,mcl_centre,-38.55,-8.137,-24.923,0.1149,0.879,1.2.826.0.1.3680043.8.498.41056511439077581640944389642998790973,32,3.7,1,True
1.2.826.0.1.3680043.8.498.11912618147674655465071922267060032851,mcl_centre,32.187,-35.138,-26.329,0.097,0.636,1.2.826.0.1.3680043.8.498.71987421900177276165276995848777866185,30,3.6,1,True
1.2.826.0.1.3680043.8.498.11915933561045570822185908784072057715,mcl_centre,-18.876,-51.508,10.945,0.1104,1.275,1.2.826.0.1.3680043.8.498.10197261968040390389089452666492206520,30,3.3,1,True
1.2.826.0.1.3680043.8.498.11915937982684988073644209606907169581,mcl_centre,-62.763,-30.655,8.777,0.0786,0.551,1.2.826.0.1.3680043.8.498.11990303844095911723613574201435309071,39,3.3,1,True
1.2.826.0.1.3680043.8.498.11919420571588879483419578078755803351,mcl_centre,89.571,-77.122,-40.79,0.1153,0.37,1.2.826.0.1.3680043.8.498.10792399883012761025270748584263180631,28,4.5,1,True
1.2.826.0.1.3680043.8.498.11920026019322352546372153111621676066,mcl_centre,55.875,-63.672,-19.409,0.0618,1.276,1.2.826.0.1.3680043.8.498.19627956643818311458500735231432133339,46,3.3,1,True
1.2.826.0.1.3680043.8.498.11920531053482540304184657218030242597,mcl_centre,-59.419,-47.69,-18.29,0.1065,1.697,1.2.826.0.1.3680043.8.498.21805293122733295894478304177064314432,20,4.95,1,True
1.2.826.0.1.3680043.8.498.11923218013055841952315996726408812182,mcl_centre,-40.948,-16.071,-20.876,0.0637,1.127,1.2.826.0.1.3680043.8.498.53769374453405795780673013586949768606,32,3.3,1,True
1.2.826.0.1.3680043.8.498.11924999889245769866426422681253524920,mcl_centre,-72.761,-58.098,-7.475,0.0907,1.1,1.2.826.0.1.3680043.8.498.24241741434894675073965091412145418330,30,3.5,1,True
1.2.826.0.1.3680043.8.498.11926412946593048423086380882538180028,mcl_centre,32.796,34.934,-34.475,0.1139,2.384,1.2.826.0.1.3680043.8.498.12622941360369335352328184844963874146,36,3.5,1,True
1.2.826.0.1.3680043.8.498.11927352926669104658144933891780551483,mcl_centre,-52.164,-56.412,-43.392,0.0855,0.703,1.2.826.0.1.3680043.8.498.87295298734124900567864456125482172502,21,4.4,1,True
1.2.826.0.1.3680043.8.498.11934483804567594363179973225449686890,mcl_centre,-41.102,-20.236,-20.307,0.0898,1.592,1.2.826.0.1.3680043.8.498.13866963307995044496504807455397434838,30,3.6,1,True
1.2.826.0.1.3680043.8.498.11935116791150327546384719051023540185,mcl_centre,-72.672,-4.997,12.223,0.1356,1.265,1.2.826.0.1.3680043.8.498.17407705225351624012629206989199242672,22,4.4,1,True
1.2.826.0.1.3680043.8.498.11935893582662912138522962760478513770,mcl_centre,-63.136,-80.335,-11.456,0.0493,1.786,1.2.826.0.1.3680043.8.498.74122219509524546321876267340258665639,22,4.95,1,True
1.2.826.0.1.3680043.8.498.11937911933281010146897685679862930140,mcl_centre,-74.352,-65.359,-57.714,0.0791,1.505,1.2.826.0.1.3680043.8.498.27541778624369201952655638682100335357,22,4.95,1,True
1.2.826.0.1.3680043.8.498.11938864543152001817866013174907274014,mcl_centre,-75.706,-19.976,-4.333,0.0953,5.402,1.2.826.0.1.3680043.8.498.30248526686699683044052393530122280747,34,3.6,1,True
1.2.826.0.1.3680043.8.498.11944762815616453054528091721553484857,mcl_centre,-6.788,-19.888,-24.005,0.1075,2.209,1.2.826.0.1.3680043.8.498.11339513251046625391804349365434733377,28,3.3,1,True
1.2.826.0.1.3680043.8.498.11954711639198972958656966617027374769,mcl_centre,0.163,-11.596,4.035,0.1169,1.032,1.2.826.0.1.3680043.8.498.57713304595268187801277158386014982545,17,4.4,1,True
1.2.826.0.1.3680043.8.498.11956771495610267604936834092317960600,mcl_centre,54.014,-26.988,-49.164,0.0763,1.401,1.2.826.0.1.3680043.8.498.28504351096619645180813276294560853490,44,3.0,1,True
1.2.826.0.1.3680043.8.498.11957476321850340968244508976719889277,mcl_centre,49.413,10.623,4.992,0.089,0.497,1.2.826.0.1.3680043.8.498.12930982063260701910238470469641013103,33,3.3,1,True
1.2.826.0.1.3680043.8.498.11958117172819754862618612170999909480,mcl_centre,-7.988,-1.569,-24.487,0.1793,2.107,1.2.826.0.1.3680043.8.498.88953166018176063880963523889267947838,19,4.4,1,True
1.2.826.0.1.3680043.8.498.11964826300307458382604479841253457304,mcl_centre,-55.969,-57.624,-25.469,0.0737,1.009,1.2.826.0.1.3680043.8.498.13325327387831831545477829801989431836,37,3.3,1,True
1.2.826.0.1.3680043.8.498.11964919539297578836040550782883323317,mcl_centre,30.279,-20.367,-18.319,0.1362,1.421,1.2.826.0.1.3680043.8.498.28409850781395999697603052915910251457,25,3.6,1,True
1.2.826.0.1.3680043.8.498.11977465062890611952998635094033472451,mcl_centre,-71.045,43.405,-45.391,0.0735,1.242,1.2.826.0.1.3680043.8.498.70094218287485178339400861726474313405,28,3.5,1,True
1.2.826.0.1.3680043.8.498.11979034558288454336812613626594510186,mcl_centre,-0.48,8.426,-31.669,0.1677,1.521,1.2.826.0.1.3680043.8.498.87388767029623794466381267088612468504,19,5.0,1,True
1.2.826.0.1.3680043.8.498.11979906027101464432999416052202616662,mcl_centre,51.249,66.476,-53.762,0.0826,1.278,1.2.826.0.1.3680043.8.498.12557947072633824595850495018215986120,26,3.7,1,True
1.2.826.0.1.3680043.8.498.11980187124986749407584543247586384443,mcl_centre,75.53,-51.88,-15.161,0.101,1.211,1.2.826.0.1.3680043.8.498.12545014067680078602976025863351853237,30,3.7,1,True
1.2.826.0.1.3680043.8.498.11980805687949950504930975019161587970,mcl_centre,-108.192,-77.158,-14.14,0.0636,69.72,1.2.826.0.1.3680043.8.498.11827875749754923840666690656629686552,31,4.5,1,True
1.2.826.0.1.3680043.8.498.11981170645605720774509861722988500673,mcl_centre,46.524,-57.84,-20.363,0.0706,2.022,1.2.826.0.1.3680043.8.498.57813758841609702110709196663071128726,34,3.3,1,True
1.2.826.0.1.3680043.8.498.11988551795896617815207749665102049499,mcl_centre,50.868,-19.723,-14.939,0.0541,0.99,1.2.826.0.1.3680043.8.498.19200054887355134881301271267349822495,33,3.3,1,True
1.2.826.0.1.3680043.8.498.11991512352474459753052051071717622771,mcl_centre,59.599,-21.608,-86.523,0.1334,1.44,1.2.826.0.1.3680043.8.498.10233161898816834853452595516225064728,22,5.0,1,True
1.2.826.0.1.3680043.8.498.11992172807590757302730513420827032389,mcl_centre,-76.289,-68.484,-36.025,0.1157,0.941,1.2.826.0.1.3680043.8.498.84563097252247289502355871436945378999,16,5.46,1,True
1.2.826.0.1.3680043.8.498.11999008448480965933785988718780864948,mcl_centre,-25.624,-15.84,-13.249,0.0799,0.887,1.2.826.0.1.3680043.8.498.24480323797849811850412217422123973623,42,3.0,1,True
1.2.826.0.1.3680043.8.498.12005327370242618323737652892230673473,mcl_centre,-52.139,-78.581,-42.48,0.0728,1.13,1.2.826.0.1.3680043.8.498.46353146345694575659374928367751759684,21,5.4,1,True
1.2.826.0.1.3680043.8.498.12006027138204983547873134458107233878,mcl_centre,41.831,-18.186,-0.753,0.0795,0.769,1.2.826.0.1.3680043.8.498.44579039094685685526478406035987641283,30,3.6,1,True
1.2.826.0.1.3680043.8.498.12007335335641704192494936946829650792,mcl_centre,72.282,-59.278,40.433,0.0747,1.201,1.2.826.0.1.3680043.8.498.42233642495854255297235007563014231904,28,4.5,1,True
1.2.826.0.1.3680043.8.498.12009816058271421855131593296751372723,mcl_centre,-69.263,-17.21,-9.723,0.0862,2.008,1.2.826.0.1.3680043.8.498.18467163293759786455164202057101201055,38,3.3,1,True
1.2.826.0.1.3680043.8.498.12010150865087936209475730225377000084,mcl_centre,26.486,-7.661,-55.226,0.1076,0.845,1.2.826.0.1.3680043.8.498.10530455000474602584349591193709652863,25,4.5,1,True
1.2.826.0.1.3680043.8.498.12014959202771141042815134335571931814,mcl_centre,-45.784,-26.498,-57.803,0.0744,0.534,1.2.826.0.1.3680043.8.498.10049396118808340067079016002833176228,40,3.3,1,True
1.2.826.0.1.3680043.8.498.12015406188790105426257083591807220760,mcl_centre,37.16,-7.875,-43.961,0.0993,0.738,1.2.826.0.1.3680043.8.498.35158562113700164790346857127069554610,34,3.6,1,True
1.2.826.0.1.3680043.8.498.12026457191304650188547548517205757122,mcl_centre,38.318,-11.6,7.725,0.0939,0.62,1.2.826.0.1.3680043.8.498.53994507761212596806324923831913998928,30,3.6,1,True
1.2.826.0.1.3680043.8.498.12031315219947933845048665397149229969,mcl_centre,-76.699,-30.173,-49.885,0.0696,1.339,1.2.826.0.1.3680043.8.498.31424284570339197940610467267801133181,32,3.7,1,True
1.2.826.0.1.3680043.8.498.12034579945815402722591687609951730205,mcl_centre,30.643,-17.54,14.515,0.0915,1.291,1.2.826.0.1.3680043.8.498.85308800877057054122066647360743133996,30,3.9,1,True
1.2.826.0.1.3680043.8.498.12036404333388388978317335770611404933,mcl_centre,-32.401,-27.165,-3.33,0.0621,0.349,1.2.826.0.1.3680043.8.498.84914170341631094887785090067323770262,32,3.3,1,True
1.2.826.0.1.3680043.8.498.12041392088066705782960819598258792338,mcl_centre,30.747,-52.589,-10.848,0.0778,3.504,1.2.826.0.1.3680043.8.498.11785881226153264581125304141965059995,32,3.3,1,True
1.2.826.0.1.3680043.8.498.12041491173612341571223481616114183729,mcl_centre,40.375,-60.809,-35.152,0.0502,3.598,1.2.826.0.1.3680043.8.498.62186509115569987186787255016251934703,30,4.4,1,True
1.2.826.0.1.3680043.8.498.12045300645580015230470991493790324857,mcl_centre,-29.99,15.986,-33.916,0.1424,0.883,1.2.826.0.1.3680043.8.498.46533216494452349018875001427119448390,24,4.0,1,True
1.2.826.0.1.3680043.8.498.12050415099056648944934039580585859179,mcl_centre,-43.506,-65.528,-4.857,0.0985,1.102,1.2.826.0.1.3680043.8.498.12871315164135273309053079155357544070,32,3.3,1,True
1.2.826.0.1.3680043.8.498.12051169109587120248372991913002670813,mcl_centre,-48.153,-32.456,-80.544,0.0825,1.786,1.2.826.0.1.3680043.8.498.10897498939961960060408429924316224507,28,3.7,1,True
1.2.826.0.1.3680043.8.498.12054099347723802635102026371218576198,mcl_centre,75.11,-41.026,-17.191,0.0952,1.688,1.2.826.0.1.3680043.8.498.65695703730764286599236333763609213963,30,3.5,1,True
1.2.826.0.1.3680043.8.498.12063742398421783626420335095128808816,mcl_centre,57.49,-47.437,-7.784,0.0922,1.318,1.2.826.0.1.3680043.8.498.12431315921473648516146669951664389035,21,4.745,1,True
1.2.826.0.1.3680043.8.498.12064822036518837577612019712902340953,mcl_centre,47.201,26.232,-29.493,0.1103,1.686,1.2.826.0.1.3680043.8.498.18170956660730717908370305329353348695,25,4.0,1,True
1.2.826.0.1.3680043.8.498.12067625141402105065337444349201280606,mcl_centre,-24.451,-18.248,-22.559,0.1003,2.802,1.2.826.0.1.3680043.8.498.72422113105235936909533893307228413516,26,3.85,1,True
1.2.826.0.1.3680043.8.498.12068674252637046261029360607215822017,mcl_centre,63.195,-19.822,-0.466,0.0978,0.561,1.2.826.0.1.3680043.8.498.19187956989158280679911518782944510534,35,3.3,1,True
1.2.826.0.1.3680043.8.498.12071998470084955703027522152040042364,mcl_centre,-70.002,5.186,-28.154,0.1019,2.436,1.2.826.0.1.3680043.8.498.10205231417386112076783951928646565465,31,3.5,1,True
1.2.826.0.1.3680043.8.498.12073401429398042797505820525732905336,mcl_centre,-41.341,11.615,-49.864,0.0685,1.22,1.2.826.0.1.3680043.8.498.84496574649085439013679147832802492889,35,3.3,1,True
1.2.826.0.1.3680043.8.498.12092744899746753313905432642371563786,mcl_centre,-64.24,-28.487,-31.811,0.1012,1.305,1.2.826.0.1.3680043.8.498.10094481510632980581263452989140586022,28,3.7,1,True
1.2.826.0.1.3680043.8.498.12095779329738382018467257299597656491,mcl_centre,33.824,-12.0,-27.638,0.0883,1.33,1.2.826.0.1.3680043.8.498.14835724122036191036666535627681559354,32,3.5,1,True
1.2.826.0.1.3680043.8.498.12098718763390783455090805975786780205,mcl_centre,67.235,-23.015,-16.976,0.0766,1.007,1.2.826.0.1.3680043.8.498.13827169550739691363688317097060606171,35,3.3,1,True
1.2.826.0.1.3680043.8.498.12100254887364913022980951672127944515,mcl_centre,65.796,-49.247,46.467,0.1289,1.334,1.2.826.0.1.3680043.8.498.10329891449407018199219140238224961068,18,4.5,1,True
1.2.826.0.1.3680043.8.498.12104799278874963688461235330096856415,mcl_centre,41.867,-42.312,-8.652,0.086,0.839,1.2.826.0.1.3680043.8.498.11636787329875197758945045943329672321,36,3.3,1,True
1.2.826.0.1.3680043.8.498.12106775587428595108771304868101362618,mcl_centre,-36.152,-8.68,-43.54,0.0898,2.761,1.2.826.0.1.3680043.8.498.42913763641661014373745147946359596889,26,4.0,1,True
1.2.826.0.1.3680043.8.498.12107680313133383587522762626929218051,mcl_centre,38.306,-3.413,-26.951,0.0821,0.626,1.2.826.0.1.3680043.8.498.69565590301244636241519819672683562641,30,4.0,1,True
1.2.826.0.1.3680043.8.498.12110510829608190094905588610131531103,mcl_centre,34.932,-34.894,-44.47,0.0934,0.789,1.2.826.0.1.3680043.8.498.31432270496027343557382340444926867933,30,3.7,1,True
1.2.826.0.1.3680043.8.498.12117377043894182951345966247899775612,mcl_centre,-44.469,-45.801,-34.33,0.0562,1.473,1.2.826.0.1.3680043.8.498.51987433068243891642318504752850457915,36,3.3,1,True
1.2.826.0.1.3680043.8.498.12130605331118953242364684736005454581,mcl_centre,-31.559,-28.512,10.822,0.0804,1.083,1.2.826.0.1.3680043.8.498.73756507469241365440224847668747340880,38,3.3,1,True
1.2.826.0.1.3680043.8.498.12130868132537772155475981935868588761,mcl_centre,-47.296,-41.752,-0.31,0.1203,2.356,1.2.826.0.1.3680043.8.498.67959499144143571885439856641643498631,30,3.5,1,True
1.2.826.0.1.3680043.8.498.12131866860554871145836544571379633595,mcl_centre,-70.561,-31.508,-53.45,0.0579,1.769,1.2.826.0.1.3680043.8.498.16727875752782306433898604887073839125,30,3.7,1,True
1.2.826.0.1.3680043.8.498.12132814192991105841939278718608095213,mcl_centre,73.946,-51.755,-32.564,0.1024,0.554,1.2.826.0.1.3680043.8.498.43120378721186681309442464816897187893,30,3.7,1,True
1.2.826.0.1.3680043.8.498.12135456587022560662140325717612726990,mcl_centre,24.945,-10.827,-31.271,0.0913,2.54,1.2.826.0.1.3680043.8.498.22971550578791233452375899870035021863,30,3.6,1,True
1.2.826.0.1.3680043.8.498.12137739162059836759686062882514824614,mcl_centre,66.423,-52.828,3.56,0.1168,1.141,1.2.826.0.1.3680043.8.498.75236163172957717671276445264007423098,18,4.648,1,True
1.2.826.0.1.3680043.8.498.12139829070290803654867114374799823711,mcl_centre,-27.715,-59.856,-46.128,0.1068,59.556,1.2.826.0.1.3680043.8.498.41882893046162894453785748412836546901,27,3.3,1,True
1.2.826.0.1.3680043.8.498.12148236440353424874546037143134438088,mcl_centre,-53.675,-58.936,-93.062,0.0847,0.465,1.2.826.0.1.3680043.8.498.68047002709194479083668253625780447578,36,3.3,1,True
1.2.826.0.1.3680043.8.498.12150502202634860887314001818431257267,mcl_centre,-41.6,-9.896,-26.055,0.1237,1.266,1.2.826.0.1.3680043.8.498.58612354331585082785673256031709382393,28,4.0,1,True
1.2.826.0.1.3680043.8.498.12153755823296803843819361055386265595,mcl_centre,61.502,-50.203,-10.626,0.1127,1.11,1.2.826.0.1.3680043.8.498.58028941983023213489384057349775249830,30,3.3,1,True
1.2.826.0.1.3680043.8.498.12154188739734505793699974626991872621,mcl_centre,50.666,-63.318,-27.665,0.0986,2.168,1.2.826.0.1.3680043.8.498.37165823890385469443493640446924800526,28,3.3,1,True
1.2.826.0.1.3680043.8.498.12158630368692962312115489365152319457,mcl_centre,53.305,-22.35,-31.372,0.0788,0.491,1.2.826.0.1.3680043.8.498.57816490179813235403516653981615881055,32,3.3,1,True
1.2.826.0.1.3680043.8.498.12160065317167766993207036411434801297,mcl_centre,-36.336,-56.677,-15.435,0.077,1.928,1.2.826.0.1.3680043.8.498.54867471675306519739918143956196526345,34,3.3,1,True
1.2.826.0.1.3680043.8.498.12165893434332227221101266719291133169,mcl_centre,-62.01,-52.855,-15.591,0.1014,2.012,1.2.826.0.1.3680043.8.498.33093593860381355626777990756505535825,30,3.3,1,True
1.2.826.0.1.3680043.8.498.12166081590548185636776183599317715045,mcl_centre,-46.821,-9.378,-12.937,0.0897,0.949,1.2.826.0.1.3680043.8.498.17761596020888930733962796808823049736,32,3.0,1,True
1.2.826.0.1.3680043.8.498.12166235678892893545054546864889743251,mcl_centre,38.27,-12.26,-46.35,0.0844,1.187,1.2.826.0.1.3680043.8.498.27453680718018620006971763224687427405,30,3.6,1,True
1.2.826.0.1.3680043.8.498.12168045829469202472124733625621943469,mcl_centre,-14.985,-8.993,-43.23,0.1263,1.121,1.2.826.0.1.3680043.8.498.13034798291894691621170618177634367380,30,3.3,1,True
1.2.826.0.1.3680043.8.498.12170753305862973517190756418865414984,mcl_centre,-65.612,-89.778,-31.457,0.107,0.678,1.2.826.0.1.3680043.8.498.20046450793837678728583655833082579924,20,4.8,1,True
1.2.826.0.1.3680043.8.498.12171469604213841534511019872648327851,mcl_centre,-60.677,-48.409,-24.414,0.0895,1.03,1.2.826.0.1.3680043.8.498.91733952044851572467645605647330930755,37,3.3,1,True
1.2.826.0.1.3680043.8.498.12171790864123519428649395041090102217,mcl_centre,68.702,-50.656,16.537,0.0584,0.992,1.2.826.0.1.3680043.8.498.27771050006302516356918319380221661681,30,3.3,1,True
1.2.826.0.1.3680043.8.498.12176466551281285838907773521868954581,mcl_centre,-43.776,2.887,-40.528,0.1094,1.929,1.2.826.0.1.3680043.8.498.21046616680356460163440654447874624165,32,3.3,1,True
1.2.826.0.1.3680043.8.498.12176469158911896593955662590695392044,mcl_centre,36.51,-15.065,-3.194,0.0933,0.771,1.2.826.0.1.3680043.8.498.33877299642220577735539755759654539445,28,4.2,1,True
1.2.826.0.1.3680043.8.498.12178921459424917661210327999672203211,mcl_centre,66.579,-40.593,0.081,0.0893,2.39,1.2.826.0.1.3680043.8.498.62519204087348728481373058630714556336,30,4.5,1,True
1.2.826.0.1.3680043.8.498.12181591358572249491885248089245858515,mcl_centre,-34.831,-8.398,4.278,0.0902,1.041,1.2.826.0.1.3680043.8.498.64525851105244770338533611923463369218,36,4.0,1,True
1.2.826.0.1.3680043.8.498.12182309401920763498667366352681074302,mcl_centre,-44.612,-51.452,-25.431,0.0869,0.899,1.2.826.0.1.3680043.8.498.13228687078300353358803081369108696850,32,3.3,1,True
1.2.826.0.1.3680043.8.498.12185615973620890770158935333033805789,mcl_centre,-63.783,-18.181,-16.673,0.0739,1.196,1.2.826.0.1.3680043.8.498.28758729699326529919928575126280761202,36,3.3,1,True
1.2.826.0.1.3680043.8.498.12186494601308291174548814564387764515,mcl_centre,33.691,-2.046,-22.27,0.0862,0.475,1.2.826.0.1.3680043.8.498.79468225810590995450660826380551118735,30,3.3,1,True
1.2.826.0.1.3680043.8.498.12189863023888657759738596583562992408,mcl_centre,-17.415,-9.017,0.437,0.0955,0.843,1.2.826.0.1.3680043.8.498.13138977519156426530903239283232538958,28,4.0,1,True
1.2.826.0.1.3680043.8.498.12192455583120681639582915365754780698,mcl_centre,84.235,-46.156,-42.212,0.0866,1.305,1.2.826.0.1.3680043.8.498.10233743899817775180073068659125375196,30,3.7,1,True
1.2.826.0.1.3680043.8.498.12195007606427082866449558290311905939,mcl_centre,-70.78,-44.551,-10.362,0.1126,1.491,1.2.826.0.1.3680043.8.498.56342913118016756610172775073191374658,20,5.072,1,True
1.2.826.0.1.3680043.8.498.12195090472992304712555822541659656360,mcl_centre,53.561,-22.052,-36.236,0.0868,1.03,1.2.826.0.1.3680043.8.498.25858297814643222064173024168916981497,34,3.3,1,True
1.2.826.0.1.3680043.8.498.12200672323103829956274910258854933266,mcl_centre,-13.794,-15.673,-15.781,0.0974,1.01,1.2.826.0.1.3680043.8.498.10586046133003246843328628324846343353,25,3.85,1,True
1.2.826.0.1.3680043.8.498.12201598444731259697380878112783653796,mcl_centre,73.805,-37.915,-5.708,0.1081,0.4,1.2.826.0.1.3680043.8.498.97275248012232603280407861861864544530,30,3.5,1,True
1.2.826.0.1.3680043.8.498.12202865491511254130359509254373393681,mcl_centre,-36.046,41.717,16.698,0.0917,1.526,1.2.826.0.1.3680043.8.498.56627722411465281832944381661909120075,22,5.0,1,True
1.2.826.0.1.3680043.8.498.12207279366369605175255203969558548753,mcl_centre,43.097,-28.98,-19.164,0.0851,0.961,1.2.826.0.1.3680043.8.498.37001145293727432888522513396773272595,32,3.3,1,True
1.2.826.0.1.3680043.8.498.12208986088767216690584621773389997968,mcl_centre,-41.72,-33.1,-27.874,0.0965,0.834,1.2.826.0.1.3680043.8.498.69385328132239523165254600258332411939,28,3.7,1,True
1.2.826.0.1.3680043.8.498.12215902620611618183321984433114460986,mcl_centre,-35.26,-13.904,-16.632,0.107,0.842,1.2.826.0.1.3680043.8.498.78133597857699379456570858001578544955,27,3.3,1,True
1.2.826.0.1.3680043.8.498.12219658385745696203053079500246399481,mcl_centre,-71.924,-72.314,-1.809,0.0717,1.143,1.2.826.0.1.3680043.8.498.12076916237486783142828488311320147953,30,3.3,1,True
1.2.826.0.1.3680043.8.498.12221892384948220776502422531414659289,mcl_centre,41.093,-18.005,-26.316,0.0802,2.0,1.2.826.0.1.3680043.8.498.10380021732342969848543928014150497712,36,3.3,1,True
1.2.826.0.1.3680043.8.498.12225975251304101975065271521710735735,mcl_centre,-56.139,-54.954,-5.022,0.1315,1.568,1.2.826.0.1.3680043.8.498.59356366004177342518447217047078972546,30,3.5,1,True
1.2.826.0.1.3680043.8.498.12229628534316014336864328244217875465,mcl_centre,-27.854,-5.963,-21.115,0.1107,1.995,1.2.826.0.1.3680043.8.498.21340183407243581025971975668173387056,28,4.0,1,True
1.2.826.0.1.3680043.8.498.12232127448545053821926845887026738988,mcl_centre,-36.486,1.579,1.723,0.0795,0.631,1.2.826.0.1.3680043.8.498.43751510994750683203085623396976308546,30,3.3,1,True
1.2.826.0.1.3680043.8.498.12238753439953831519247789198174756615,mcl_centre,70.526,-58.692,35.693,0.1107,0.88,1.2.826.0.1.3680043.8.498.13107997959048040890528174594075361964,30,3.5,1,True
1.2.826.0.1.3680043.8.498.12238865510201989224648662550299925120,mcl_centre,-44.212,-6.683,-61.072,0.0706,1.485,1.2.826.0.1.3680043.8.498.34738764231571540943311302053414666660,32,3.3,1,True
1.2.826.0.1.3680043.8.498.12241413500128553133597113709525575494,mcl_centre,-62.445,-35.686,13.105,0.0861,0.619,1.2.826.0.1.3680043.8.498.12669881999250162367888505793179171649,28,3.3,1,True
1.2.826.0.1.3680043.8.498.12242172267695588655664456078003635837,mcl_centre,84.235,-75.865,-31.749,0.0864,1.429,1.2.826.0.1.3680043.8.498.89039658629936993140372591293073230068,20,5.179,1,True
1.2.826.0.1.3680043.8.498.12243764506921404196245986681613075136,mcl_centre,-24.988,15.34,-34.191,0.0901,1.538,1.2.826.0.1.3680043.8.498.23223388508898135198071962832096509166,28,4.2,1,True
1.2.826.0.1.3680043.8.498.12245760386130805526409111049874664817,mcl_centre,42.512,-25.94,5.358,0.1211,0.798,1.2.826.0.1.3680043.8.498.83463348211076190806043967722458862850,30,3.3,1,True
1.2.826.0.1.3680043.8.498.12246086238999179953298261549112671014,mcl_centre,72.029,-9.197,-49.151,0.0792,0.533,1.2.826.0.1.3680043.8.498.13184702167487077714054466743104573701,35,3.6,1,True
1.2.826.0.1.3680043.8.498.12248983667596865960950671947508678392,mcl_centre,45.932,-10.819,-25.81,0.0564,1.266,1.2.826.0.1.3680043.8.498.17832775036500137986592761825308530572,35,3.3,1,True
1.2.826.0.1.3680043.8.498.12256365473385257798561212457071712327,mcl_centre,-37.457,-20.415,5.087,0.0882,0.541,1.2.826.0.1.3680043.8.498.43301482233646332005190970516998809676,32,3.3,1,True
1.2.826.0.1.3680043.8.498.12257119852150088212071954292747252243,mcl_centre,75.725,-71.722,-48.566,0.0604,2.115,1.2.826.0.1.3680043.8.498.74064470012329212680804578688763865583,25,4.5,1,True
1.2.826.0.1.3680043.8.498.12257484608743859456600273083454447341,mcl_centre,-68.056,-74.218,-20.165,0.0725,0.956,1.2.826.0.1.3680043.8.498.72590109683990129449798400625848913223,36,3.3,1,True
1.2.826.0.1.3680043.8.498.12259896940707176389739553110492954399,mcl_centre,-9.243,-24.026,-24.572,0.1215,1.065,1.2.826.0.1.3680043.8.498.33163598074959725523606028296686854450,19,4.4,1,True
1.2.826.0.1.3680043.8.498.12260661730837055872432103268905182876,mcl_centre,24.189,-64.803,0.45,0.0823,1.058,1.2.826.0.1.3680043.8.498.57075596180887157678820299381236398521,24,4.95,1,True
1.2.826.0.1.3680043.8.498.12261175520056712414700866621816882336,mcl_centre,-17.137,-4.565,-25.687,0.0877,0.783,1.2.826.0.1.3680043.8.498.11938956612366252573565494112655712659,33,3.6,1,True
1.2.826.0.1.3680043.8.498.12264607993101717201407955391437731134,mcl_centre,43.707,-22.191,-17.641,0.1084,1.158,1.2.826.0.1.3680043.8.498.27309085215251796435762468994462584950,37,3.3,1,True
1.2.826.0.1.3680043.8.498.12266054872802015665014176014323258615,mcl_centre,36.903,-40.739,-19.985,0.086,1.001,1.2.826.0.1.3680043.8.498.11555395012494895204669865984674237276,36,3.3,1,True
1.2.826.0.1.3680043.8.498.12266133889557145601371064833389800065,mcl_centre,-75.345,-44.477,-39.601,0.0872,1.609,1.2.826.0.1.3680043.8.498.91671871895947518941586754870355034251,24,4.706,1,True
1.2.826.0.1.3680043.8.498.12266644932420958618394322959047940542,mcl_centre,45.232,-30.902,-22.124,0.0887,2.283,1.2.826.0.1.3680043.8.498.10662818358197251991548987436519263581,45,3.3,1,True
1.2.826.0.1.3680043.8.498.12267944258766605501055560486655358039,mcl_centre,42.691,-54.373,3.807,0.0807,1.634,1.2.826.0.1.3680043.8.498.10388865848266369968143529898314716709,34,3.6,1,True
1.2.826.0.1.3680043.8.498.12271616365050313084031931009756086606,mcl_centre,39.234,-6.568,-4.327,0.135,1.104,1.2.826.0.1.3680043.8.498.78659101385474371869531697059535368673,28,4.0,1,True
1.2.826.0.1.3680043.8.498.12273356591019341319494035708698721367,mcl_centre,-62.928,27.385,-58.467,0.0937,2.591,1.2.826.0.1.3680043.8.498.95132161007604882298676791526636163676,28,3.5,1,True
1.2.826.0.1.3680043.8.498.12273490180961458167930039242826008249,mcl_centre,-38.006,9.088,-14.691,0.1082,0.635,1.2.826.0.1.3680043.8.498.93840835099060919952207184570565410473,24,4.0,1,True
1.2.826.0.1.3680043.8.498.12274801503555668613400469130773239683,mcl_centre,-51.959,-53.142,-5.551,0.1203,1.711,1.2.826.0.1.3680043.8.498.66293017598692586752048509553805691875,18,5.5,1,True
1.2.826.0.1.3680043.8.498.12275265458583331749472987758046974406,mcl_centre,83.738,-44.868,-24.32,0.1232,1.14,1.2.826.0.1.3680043.8.498.11021642679865125650110439243981629483,25,3.3,1,True
1.2.826.0.1.3680043.8.498.12280407492991430179266369843997653205,mcl_centre,-51.034,-44.073,-34.681,0.111,2.557,1.2.826.0.1.3680043.8.498.10850700521627659349008319086401583147,24,4.0,1,True
1.2.826.0.1.3680043.8.498.12283662652762881783845275662580546217,mcl_centre,-45.616,-59.429,-36.518,0.0935,1.268,1.2.826.0.1.3680043.8.498.10948861780422422612998003064849798696,20,4.8,1,True
1.2.826.0.1.3680043.8.498.12285177271228289867211553575739205132,mcl_centre,-77.098,-51.943,-33.709,0.0797,2.097,1.2.826.0.1.3680043.8.498.12587759538801636343464859863664401708,30,3.5,1,True
1.2.826.0.1.3680043.8.498.12285469859900617016859868410323043734,mcl_centre,49.525,-62.537,5.213,0.0882,1.126,1.2.826.0.1.3680043.8.498.98630375224746657886712396694707813819,18,5.798,1,True
1.2.826.0.1.3680043.8.498.12286894057773964720268768529280193085,mcl_centre,0.558,-4.271,-27.454,0.1569,0.493,1.2.826.0.1.3680043.8.498.26118618371543283562249905276351397954,20,5.0,1,True
1.2.826.0.1.3680043.8.498.12294073960417956629256115458135748872,mcl_centre,-57.526,-48.376,-30.852,0.0865,0.846,1.2.826.0.1.3680043.8.498.67936209592658378987494961155615863441,33,3.5,1,True
1.2.826.0.1.3680043.8.498.12295284437770380354725533247473017729,mcl_centre,-53.059,-57.897,-22.069,0.0795,0.816,1.2.826.0.1.3680043.8.498.41686850985792334451814112057566190670,32,3.5,1,True
1.2.826.0.1.3680043.8.498.12295443776523723913480216844110882937,mcl_centre,-55.842,-69.706,-7.238,0.0993,0.879,1.2.826.0.1.3680043.8.498.34537706025394011156937672163916579013,28,3.3,1,True
1.2.826.0.1.3680043.8.498.12296624595750602443033689366743784387,mcl_centre,-50.445,-50.877,-109.501,0.0661,1.127,1.2.826.0.1.3680043.8.498.73052035927321961965033901323848780999,30,4.05,1,True
1.2.826.0.1.3680043.8.498.12300749089664733313051543117302244508,mcl_centre,71.642,-32.939,-59.776,0.0959,0.608,1.2.826.0.1.3680043.8.498.43617742555961091416251166661829096472,37,4.0,1,True
1.2.826.0.1.3680043.8.498.12301945990161670321760708884248055936,mcl_centre,-34.766,-52.349,10.687,0.1018,2.169,1.2.826.0.1.3680043.8.498.68372011121335804423897993098878065486,36,3.3,1,True
1.2.826.0.1.3680043.8.498.12303161232396569915032951761728884199,mcl_centre,-26.921,21.007,-44.223,0.0857,1.608,1.2.826.0.1.3680043.8.498.96982277543421879775103365218170896628,28,4.0,1,True
1.2.826.0.1.3680043.8.498.12305281328019552390691110900015627668,mcl_centre,35.391,-18.534,-24.327,0.1032,1.366,1.2.826.0.1.3680043.8.498.34720091538102298317823881302066740145,30,3.6,1,True
1.2.826.0.1.3680043.8.498.12305733049746414359748178404911549573,mcl_centre,-62.34,-80.841,4.548,0.0549,0.745,1.2.826.0.1.3680043.8.498.10245562101387703629408808563319464944,24,4.95,1,True
1.2.826.0.1.3680043.8.498.12307356432736970350794033171174403632,mcl_centre,38.368,-23.327,-12.411,0.0748,0.744,1.2.826.0.1.3680043.8.498.25574137699429210804171749220745056378,36,3.6,1,True
1.2.826.0.1.3680043.8.498.12308357850075929758995438211317707857,mcl_centre,30.151,-78.194,-45.472,0.1339,1.819,1.2.826.0.1.3680043.8.498.94952691689550860610490423430739406014,20,5.6,1,True
1.2.826.0.1.3680043.8.498.12314729913655626716039376606973474150,mcl_centre,69.898,-42.047,-19.035,0.1099,1.028,1.2.826.0.1.3680043.8.498.54270449758589858042802145244929562647,30,3.3,1,True
1.2.826.0.1.3680043.8.498.12322760603170246518010233325038530097,mcl_centre,-22.641,44.83,-101.758,0.0779,1.277,1.2.826.0.1.3680043.8.498.48211487117914810025871703602150968008,28,3.7,1,True
1.2.826.0.1.3680043.8.498.12326930847104022196329390608780066947,mcl_centre,49.579,-19.194,10.941,0.1207,2.674,1.2.826.0.1.3680043.8.498.19749368529480193769792582433855518204,30,3.3,1,True
1.2.826.0.1.3680043.8.498.12328313245396930020974053819810033945,mcl_centre,33.354,-76.418,-28.223,0.0742,1.018,1.2.826.0.1.3680043.8.498.69877763711981325015744105561924572463,26,4.95,1,True
1.2.826.0.1.3680043.8.498.12331841096593105748526634055968654914,mcl_centre,-35.398,-42.337,-9.169,0.044,1.646,1.2.826.0.1.3680043.8.498.74482759482190920043713166714068068143,40,3.3,1,True
1.2.826.0.1.3680043.8.498.12332727488899501354972751168284397151,mcl_centre,68.368,-19.168,18.904,0.1299,0.664,1.2.826.0.1.3680043.8.498.55631060044364321684532987741749603509,30,3.7,1,True
1.2.826.0.1.3680043.8.498.12333996498811456012744466468462396081,mcl_centre,-47.171,-59.312,-1.354,0.1053,1.431,1.2.826.0.1.3680043.8.498.98530197935627119211464312365440645027,22,4.4,1,True
1.2.826.0.1.3680043.8.498.12335573784261147388984372283481919933,mcl_centre,-69.221,-54.313,-10.569,0.0771,1.611,1.2.826.0.1.3680043.8.498.52198701628791024604044311210947504277,33,3.3,1,True
1.2.826.0.1.3680043.8.498.12345064031074704673835101507426902246,mcl_centre,42.78,-55.96,-0.233,0.0992,1.194,1.2.826.0.1.3680043.8.498.11593487296511399971518972412371871945,30,3.6,1,True
1.2.826.0.1.3680043.8.498.12347007036329783363431172840583325937,mcl_centre,-60.629,-6.81,-28.724,0.1005,0.603,1.2.826.0.1.3680043.8.498.31024608989465975915561858402246475222,30,3.3,1,True
1.2.826.0.1.3680043.8.498.12348352904452887226227118450588511578,mcl_centre,-116.627,-59.281,-11.68,0.0476,51.755,1.2.826.0.1.3680043.8.498.42503680102683085645138920061605067372,28,3.7,1,True
1.2.826.0.1.3680043.8.498.12348875283993064999589090039392140219,mcl_centre,65.628,-36.795,-25.815,0.1154,1.16,1.2.826.0.1.3680043.8.498.71249957090963399057243337487375579401,28,3.5,1,True
1.2.826.0.1.3680043.8.498.12348960754791091583201828167607825033,mcl_centre,37.258,-67.755,-18.215,0.079,2.684,1.2.826.0.1.3680043.8.498.11679274850421961554985348088691763758,34,3.3,1,True
1.2.826.0.1.3680043.8.498.12349656752404066719917550972333542508,mcl_centre,54.906,-19.434,-35.332,0.0963,1.024,1.2.826.0.1.3680043.8.498.62552876476810839250127337265964007652,30,3.6,1,True
1.2.826.0.1.3680043.8.498.12352132666379687393012255589355771387,mcl_centre,-46.374,-50.891,-27.656,0.0556,60.607,1.2.826.0.1.3680043.8.498.62141733549555564581759714612960787173,34,3.3,1,True
1.2.826.0.1.3680043.8.498.12354685390005531691919754048141542648,mcl_centre,-42.783,-8.515,-62.569,0.0871,1.173,1.2.826.0.1.3680043.8.498.50972061382834950795125071184197246102,20,4.95,1,True
1.2.826.0.1.3680043.8.498.12355011301785011370279005103251815187,mcl_centre,56.969,-1.993,-60.47,0.1026,1.052,1.2.826.0.1.3680043.8.498.27938956371783657317141777283652226324,24,5.0,1,True
1.2.826.0.1.3680043.8.498.12356611369549236159671896247094661767,mcl_centre,-41.544,-6.303,-41.37,0.0979,1.576,1.2.826.0.1.3680043.8.498.11802576846782643004191732136843203394,30,3.6,1,True
1.2.826.0.1.3680043.8.498.12361144153852256276011948786791830435,mcl_centre,41.138,-21.042,-55.072,0.1036,0.774,1.2.826.0.1.3680043.8.498.33198839297313879763745575893137054084,34,3.3,1,True
1.2.826.0.1.3680043.8.498.12365033663152692616611548717152384269,mcl_centre,50.242,-16.231,4.107,0.0788,1.081,1.2.826.0.1.3680043.8.498.11398515408604651205013152395358112235,30,3.6,1,True
1.2.826.0.1.3680043.8.498.12366238437963147962850341556508931973,mcl_centre,69.877,-59.716,-42.236,0.0866,1.581,1.2.826.0.1.3680043.8.498.10759970126679580232390903884038907793,25,4.95,1,True
1.2.826.0.1.3680043.8.498.12373923338033469765189220784089350380,mcl_centre,38.059,-89.312,16.326,0.1722,1.48,1.2.826.0.1.3680043.8.498.11397791321912720215086835246355619490,20,3.7,1,True
1.2.826.0.1.3680043.8.498.12374183329974116022606010915169117790,mcl_centre,31.96,5.202,-38.667,0.1005,0.374,1.2.826.0.1.3680043.8.498.42869598345266012170425849757978768901,32,3.6,1,True
1.2.826.0.1.3680043.8.498.12377852033407536077897684568488365785,mcl_centre,45.174,-49.633,-34.929,0.1078,0.614,1.2.826.0.1.3680043.8.498.37965099687994002186385127651059264534,32,3.3,1,True
1.2.826.0.1.3680043.8.498.12379570725733005682132316461218878636,mcl_centre,43.638,-8.791,-28.743,0.0826,1.367,1.2.826.0.1.3680043.8.498.30781469089524084637123252696935909969,30,4.05,1,True
1.2.826.0.1.3680043.8.498.12381325071746339154385415220972069782,mcl_centre,-77.466,-38.707,-29.072,0.0968,1.455,1.2.826.0.1.3680043.8.498.73859996272463942305463736605930037773,28,3.5,1,True
1.2.826.0.1.3680043.8.498.12381909868368799280462187344958674397,mcl_centre,-38.144,-27.894,18.939,0.0953,1.384,1.2.826.0.1.3680043.8.498.93872401576710190986850041804439254721,30,3.3,1,True
1.2.826.0.1.3680043.8.498.12383716855639375235119728470042467411,mcl_centre,57.966,-3.337,-19.641,0.1322,1.047,1.2.826.0.1.3680043.8.498.11117294182109751924112334404928666484,27,3.6,1,True
1.2.826.0.1.3680043.8.498.12386255059403233724886571725482313876,mcl_centre,-34.063,-34.931,-13.467,0.0836,1.629,1.2.826.0.1.3680043.8.498.13025319146247515933048116262029420402,38,3.0,1,True
1.2.826.0.1.3680043.8.498.12387075993162655781372091860026675548,mcl_centre,36.548,-6.596,-43.964,0.1273,1.084,1.2.826.0.1.3680043.8.498.70394379913022393758156294597638728157,25,3.6,1,True
1.2.826.0.1.3680043.8.498.12387241932914995417493041212958089910,mcl_centre,48.247,-10.822,-27.699,0.084,0.965,1.2.826.0.1.3680043.8.498.69226923006017947075905253867729173579,34,3.3,1,True
1.2.826.0.1.3680043.8.498.12387667155732116394489547491673280062,mcl_centre,28.196,-20.144,4.547,0.1006,0.791,1.2.826.0.1.3680043.8.498.97420399694994614891008872887151598216,30,3.6,1,True
1.2.826.0.1.3680043.8.498.12390186846317493876612228407734068726,mcl_centre,-5.659,-10.885,-2.409,0.122,0.723,1.2.826.0.1.3680043.8.498.56757531118731843492950935213399690154,22,4.4,1,True
1.2.826.0.1.3680043.8.498.12401147012438969595202076588471168894,mcl_centre,36.513,-15.852,-32.047,0.0849,0.711,1.2.826.0.1.3680043.8.498.58417970180473955731895891498015828255,32,3.3,1,True
1.2.826.0.1.3680043.8.498.12406043058701411628555010402350032739,mcl_centre,42.709,-21.069,-39.842,0.094,0.571,1.2.826.0.1.3680043.8.498.11548825741028162339664114903967566108,36,3.51,1,True
1.2.826.0.1.3680043.8.498.12408186961945791320086301369036829266,mcl_centre,-74.945,-58.677,3.738,0.0697,0.953,1.2.826.0.1.3680043.8.498.17647763468639343359992152166887413117,28,3.5,1,True
1.2.826.0.1.3680043.8.498.12408314059030096510457440879771212020,mcl_centre,76.288,-40.445,-38.192,0.1108,2.366,1.2.826.0.1.3680043.8.498.53355126183555571144369590273360958624,30,3.5,1,True
1.2.826.0.1.3680043.8.498.12408933790879905193765468926022393696,mcl_centre,75.201,-42.506,2.906,0.1078,0.554,1.2.826.0.1.3680043.8.498.43501173635498296671950614403286208443,32,3.3,1,True
1.2.826.0.1.3680043.8.498.12408945963789246646229147558387793270,mcl_centre,-45.438,-14.142,-12.925,0.0957,1.136,1.2.826.0.1.3680043.8.498.11610660430091574091305195786377167964,32,3.3,1,True
1.2.826.0.1.3680043.8.498.12411340904876460326022004747253138831,mcl_centre,-42.415,-24.73,-38.678,0.0983,0.68,1.2.826.0.1.3680043.8.498.30612386239966468337355466395385812414,28,3.3,1,True
1.2.826.0.1.3680043.8.498.12411396124304166984011280826756258628,mcl_centre,47.649,-28.899,-1.736,0.1075,0.499,1.2.826.0.1.3680043.8.498.98641541258809073547052839623962648088,30,3.3,1,True
1.2.826.0.1.3680043.8.498.12414869188691502885668778427120766321,mcl_centre,50.036,-13.082,-62.597,0.1656,1.5,1.2.826.0.1.3680043.8.498.76224102521865456083438413977533220982,19,4.4,1,True
1.2.826.0.1.3680043.8.498.12426381920136706157912507136730458010,mcl_centre,-14.791,27.04,-33.45,0.0897,3.031,1.2.826.0.1.3680043.8.498.70554723116219939752689480046386390698,36,3.5,1,True
1.2.826.0.1.3680043.8.498.12431272351851438889289190308550697909,mcl_centre,-11.172,-14.223,-28.135,0.0802,1.825,1.2.826.0.1.3680043.8.498.47853477090343302978616310125389794125,36,3.4,1,True
1.2.826.0.1.3680043.8.498.12432974885645948103184031984290883090,mcl_centre,34.263,-37.398,-2.869,0.0702,2.971,1.2.826.0.1.3680043.8.498.13173272080297726117037622047413321837,41,3.3,1,True
1.2.826.0.1.3680043.8.498.12435506274406010562396858512839065232,mcl_centre,29.132,-13.448,-34.199,0.0863,0.941,1.2.826.0.1.3680043.8.498.13201781095930675225796068553802053648,40,3.3,1,True
1.2.826.0.1.3680043.8.498.12437154858167700438432674983971817217,mcl_centre,78.265,47.259,-6.484,0.1284,1.728,1.2.826.0.1.3680043.8.498.22758923058015563097576814893512347455,21,4.4,1,True
1.2.826.0.1.3680043.8.498.12438369033802887819851319347622787876,mcl_centre,68.995,-65.331,-10.185,0.1461,1.879,1.2.826.0.1.3680043.8.498.10507207731390464732656502927518790454,20,5.024,1,True
1.2.826.0.1.3680043.8.498.12438775479300781065075835270622538230,mcl_centre,82.513,-38.71,-2.052,0.0962,1.239,1.2.826.0.1.3680043.8.498.19954579048801120223764847580245379469,18,5.072,1,True
1.2.826.0.1.3680043.8.498.12448079646359892252441208258836556945,mcl_centre,-71.9,-63.457,-9.572,0.1156,1.005,1.2.826.0.1.3680043.8.498.80909030645776100335455943053491814088,18,5.086,1,True
1.2.826.0.1.3680043.8.498.12450858400030959723767712312663176092,mcl_centre,67.581,-34.729,-37.498,0.0893,1.825,1.2.826.0.1.3680043.8.498.53087114985556059304179860860983303940,30,3.7,1,True
1.2.826.0.1.3680043.8.498.12462498156569316578044317782899399656,mcl_centre,72.789,-48.067,35.969,0.1176,2.567,1.2.826.0.1.3680043.8.498.55452427374598839177609753022187310252,35,3.3,1,True
1.2.826.0.1.3680043.8.498.12462703906850759490077163612851243080,mcl_centre,49.76,-88.929,-27.585,0.1017,0.98,1.2.826.0.1.3680043.8.498.52948101151039326316710854459332108696,19,4.8,1,True
1.2.826.0.1.3680043.8.498.12471165461877621368840037945454256612,mcl_centre,-14.393,-10.461,0.068,0.106,0.931,1.2.826.0.1.3680043.8.498.45427100906831725757930199198299861219,33,3.5,1,True
1.2.826.0.1.3680043.8.498.12473533314363654795650919604551685896,mcl_centre,40.307,-28.466,-17.588,0.1157,1.615,1.2.826.0.1.3680043.8.498.97413504911390341527834676168125961337,32,3.3,1,True
1.2.826.0.1.3680043.8.498.12473755232610784318190599222252893949,mcl_centre,-19.141,5.611,-27.429,0.1196,1.642,1.2.826.0.1.3680043.8.498.31747750103246053320462646501126449916,30,3.6,1,True
1.2.826.0.1.3680043.8.498.12481913908649439189738319460342358360,mcl_centre,41.055,-19.604,-19.131,0.082,1.018,1.2.826.0.1.3680043.8.498.38749292577746957737932014050908783821,34,3.3,1,True
1.2.826.0.1.3680043.8.498.12482482491088588051076210158062455084,mcl_centre,79.062,-47.89,-21.397,0.1006,2.668,1.2.826.0.1.3680043.8.498.78837692422695491042173266705970505002,30,3.3,1,True
1.2.826.0.1.3680043.8.498.12484700311993345120015691857089576898,mcl_centre,35.546,2.01,-38.564,0.0446,1.75,1.2.826.0.1.3680043.8.498.83168937132877718338408399578589811627,41,3.5,1,True
1.2.826.0.1.3680043.8.498.12487362549907644519947672428024977201,mcl_centre,-62.745,-46.682,-18.665,0.09,1.469,1.2.826.0.1.3680043.8.498.63953186418078473846867295168036979519,32,3.3,1,True
1.2.826.0.1.3680043.8.498.12489752598467506094826904655029553699,mcl_centre,3.013,29.797,25.085,0.0753,1.575,1.2.826.0.1.3680043.8.498.92793688887913215661607382836393309712,34,3.6,1,True
1.2.826.0.1.3680043.8.498.12490034912643658601552092574630438642,mcl_centre,77.51,-62.036,-26.63,0.0943,0.789,1.2.826.0.1.3680043.8.498.10426400677829043162223214318928055052,32,3.3,1,True
1.2.826.0.1.3680043.8.498.12491395125580387847235487841392723348,mcl_centre,-40.335,-5.292,-12.152,0.0946,0.904,1.2.826.0.1.3680043.8.498.41117743871226461051047060035449157254,26,3.6,1,True
1.2.826.0.1.3680043.8.498.12491747080684524905643593142141672951,mcl_centre,-77.343,-58.262,26.267,0.0927,0.585,1.2.826.0.1.3680043.8.498.10962266160953754876775344112062053828,28,3.5,1,True
1.2.826.0.1.3680043.8.498.12491796764641306046176352066215240074,mcl_centre,-37.977,-23.376,-34.05,0.0785,1.181,1.2.826.0.1.3680043.8.498.11297549143137064452089015034845808715,30,3.6,1,True
1.2.826.0.1.3680043.8.498.12492431885298164225672926785397151525,mcl_centre,46.49,-42.003,-6.26,0.1138,1.506,1.2.826.0.1.3680043.8.498.79595909109590807784330551039358115935,37,3.3,1,True
1.2.826.0.1.3680043.8.498.12497144849433082154223897356471317072,mcl_centre,-57.767,-33.223,29.892,0.1282,1.441,1.2.826.0.1.3680043.8.498.13336347448277970389418384036456230412,16,5.224,1,True
1.2.826.0.1.3680043.8.498.12499208731138180053966892599139021038,mcl_centre,-63.812,-55.08,-38.893,0.0663,0.738,1.2.826.0.1.3680043.8.498.75384548520934882381834381324245185709,20,5.267,1,True
1.2.826.0.1.3680043.8.498.12501925425699863373513819814520995919,mcl_centre,60.696,-46.591,12.795,0.0857,2.327,1.2.826.0.1.3680043.8.498.38363149061180205507895315315870403508,28,4.5,1,True
1.2.826.0.1.3680043.8.498.12505035424093604269515328931488770819,mcl_centre,80.911,-68.46,-20.722,0.1127,1.088,1.2.826.0.1.3680043.8.498.41911386079999648645730179349529867886,18,5.774,1,True
1.2.826.0.1.3680043.8.498.12507957850103916926719601413279798696,mcl_centre,35.322,-7.81,-33.811,0.0864,0.551,1.2.826.0.1.3680043.8.498.15600074407225031754302491905788308981,28,4.2,1,True
1.2.826.0.1.3680043.8.498.12509825237087140646629745447753158673,mcl_centre,-39.706,-45.71,-16.119,0.0757,2.355,1.2.826.0.1.3680043.8.498.90193208326896331242722403033174927037,36,3.3,1,True
1.2.826.0.1.3680043.8.498.12509944331769453135724043962410129357,mcl_centre,-61.65,-46.812,4.834,0.0773,0.657,1.2.826.0.1.3680043.8.498.96267937060512592536468209149687770975,37,3.3,1,True
1.2.826.0.1.3680043.8.498.12510856755988712246013743789183840748,mcl_centre,74.343,-69.181,-31.572,0.0795,1.111,1.2.826.0.1.3680043.8.498.11111563359713957345291605996950466942,22,4.95,1,True
1.2.826.0.1.3680043.8.498.12514357232100339485873453417784586592,mcl_centre,-53.391,-15.651,-8.2,0.0854,1.267,1.2.826.0.1.3680043.8.498.34299474734610452533702929263408256310,32,3.3,1,True
1.2.826.0.1.3680043.8.498.12515322634403509077334846234426636136,mcl_centre,-39.544,-35.879,15.648,0.0694,0.724,1.2.826.0.1.3680043.8.498.10636459845675181319363142094033825592,40,3.6,1,True
1.2.826.0.1.3680043.8.498.12518297594498173981937681848554641851,mcl_centre,10.492,-26.211,-35.12,0.1316,0.948,1.2.826.0.1.3680043.8.498.12904950994982653601250530917424295286,25,3.85,1,True
1.2.826.0.1.3680043.8.498.12520203592477518476890010185037272575,mcl_centre,75.744,-8.536,-39.811,0.1157,0.604,1.2.826.0.1.3680043.8.498.29189722062475450062327030875467968364,28,3.5,1,True
1.2.826.0.1.3680043.8.498.12522620957277632939731546099134770342,mcl_centre,-2.936,-10.362,-20.735,0.159,0.673,1.2.826.0.1.3680043.8.498.54241873639640878759638315853140966046,18,5.0,1,True
1.2.826.0.1.3680043.8.498.12523676732876902778577970655429060858,mcl_centre,-27.555,3.343,-45.731,0.0801,0.699,1.2.826.0.1.3680043.8.498.24774925940973831736519389662615408546,30,3.6,1,True
1.2.826.0.1.3680043.8.498.12525752631743097782762806859112218620,mcl_centre,-41.657,41.772,-57.946,0.1236,2.06,1.2.826.0.1.3680043.8.498.27387769442800453087650720646138631832,26,3.5,1,True
1.2.826.0.1.3680043.8.498.12526590714362529606046044104426807158,mcl_centre,-61.579,-48.796,-20.456,0.0761,3.272,1.2.826.0.1.3680043.8.498.98794859404881027469837337013545214624,30,3.5,1,True
1.2.826.0.1.3680043.8.498.12526876471494728147635430816990398219,mcl_centre,42.007,-1.081,-23.581,0.1061,0.997,1.2.826.0.1.3680043.8.498.31854964090195592349303964596840693958,32,3.3,1,True
1.2.826.0.1.3680043.8.498.12531442175319757740745664049001806494,mcl_centre,-50.408,-63.392,-29.395,0.0956,0.781,1.2.826.0.1.3680043.8.498.88324549979475788416637844089242325493,32,3.3,1,True
1.2.826.0.1.3680043.8.498.12533105585687352326867082376911240942,mcl_centre,-44.748,-1.689,-53.188,0.0873,0.412,1.2.826.0.1.3680043.8.498.82671709578855608637080736868257249579,33,3.6,1,True
1.2.826.0.1.3680043.8.498.12534628800787651008876070514080610643,mcl_centre,-70.086,-61.262,-9.497,0.1029,0.783,1.2.826.0.1.3680043.8.498.13270106397385244325344594197927892666,34,3.5,1,True
1.2.826.0.1.3680043.8.498.12547308734950397389859712060653254111,mcl_centre,33.027,-24.797,3.085,0.1291,1.444,1.2.826.0.1.3680043.8.498.69936680178883113424329839971087813818,19,4.4,1,True
1.2.826.0.1.3680043.8.498.12548176380550230498070609559486512004,mcl_centre,-29.534,2.518,-36.817,0.1281,1.789,1.2.826.0.1.3680043.8.498.33939675720645877980469070043814815702,25,3.6,1,True
1.2.826.0.1.3680043.8.498.12552701911592685137269544109687472988,mcl_centre,56.079,5.247,4.522,0.1087,1.013,1.2.826.0.1.3680043.8.498.44942026977771961616121333096205530079,29,3.3,1,True
1.2.826.0.1.3680043.8.498.12553010776519233077752150342664160826,mcl_centre,-80.531,-43.129,-36.729,0.0735,0.383,1.2.826.0.1.3680043.8.498.32155610372324202807052686056367898238,33,3.5,1,True
1.2.826.0.1.3680043.8.498.12553455350653672209409408595948190982,mcl_centre,-5.86,-13.555,21.62,0.0887,0.667,1.2.826.0.1.3680043.8.498.43047475598279996138731702872576045365,31,3.6,1,True
1.2.826.0.1.3680043.8.498.12554824497579383319980187351290254727,mcl_centre,-75.479,-33.968,-22.202,0.0809,1.519,1.2.826.0.1.3680043.8.498.70272380115693326980667143953983831174,22,4.5,1,True
1.2.826.0.1.3680043.8.498.12559687473583953266143897736224215680,mcl_centre,26.563,10.67,-47.786,0.0864,1.541,1.2.826.0.1.3680043.8.498.11209791107272132375571600839462553277,30,4.2,1,True
1.2.826.0.1.3680043.8.498.12563940497360871791097093821926086616,mcl_centre,39.241,-36.792,-42.872,0.0681,1.264,1.2.826.0.1.3680043.8.498.97647282285103274150932303772454790582,27,4.95,1,True
1.2.826.0.1.3680043.8.498.12568337973304376222940287737691898395,mcl_centre,45.998,-25.971,-26.873,0.0862,1.191,1.2.826.0.1.3680043.8.498.44366857457846866559851276235391742174,40,3.3,1,True
1.2.826.0.1.3680043.8.498.12569762036474456642024618586300354737,mcl_centre,42.47,-33.531,-96.744,0.0916,1.894,1.2.826.0.1.3680043.8.498.90518704625447889148779670379345419217,30,3.3,1,True
1.2.826.0.1.3680043.8.498.12570576337098834311171883034999327454,mcl_centre,-73.118,-64.825,-23.972,0.0927,1.273,1.2.826.0.1.3680043.8.498.11156350818315013295047049092271450132,28,4.0,1,True
1.2.826.0.1.3680043.8.498.12573518342767030025851169814440863785,mcl_centre,40.834,-17.739,24.707,0.124,2.058,1.2.826.0.1.3680043.8.498.11622526234120138537936609805579068145,24,4.0,1,True
1.2.826.0.1.3680043.8.498.12574270269124650675934073761741661292,mcl_centre,33.503,2.717,-28.748,0.071,0.78,1.2.826.0.1.3680043.8.498.12834697336291310348055640120899708794,30,4.2,1,True
1.2.826.0.1.3680043.8.498.12576055921678075813718486704978381993,mcl_centre,-56.079,-32.31,-8.594,0.0895,0.632,1.2.826.0.1.3680043.8.498.76154803455618780654305632158339330939,33,3.3,1,True
1.2.826.0.1.3680043.8.498.12577828789206467631166875572423539298,mcl_centre,-25.028,-28.789,16.181,0.1232,0.97,1.2.826.0.1.3680043.8.498.40428847949037170280316872366979925878,28,4.5,1,True
1.2.826.0.1.3680043.8.498.12579738538063674380235672702328412431,mcl_centre,29.308,-34.413,-42.349,0.0986,0.398,1.2.826.0.1.3680043.8.498.12333374080887330762304608152978379492,30,3.7,1,True
1.2.826.0.1.3680043.8.498.12580232188757225504172709417466515184,mcl_centre,55.291,-75.787,-11.389,0.1026,2.784,1.2.826.0.1.3680043.8.498.25694734145948789049859706817809879750,19,4.4,1,True
1.2.826.0.1.3680043.8.498.12583872770399266463538638801797827468,mcl_centre,34.972,-53.785,3.294,0.0915,0.57,1.2.826.0.1.3680043.8.498.11396537222638624188257089493757656177,28,3.7,1,True
1.2.826.0.1.3680043.8.498.12598627296066406747921546933391681918,mcl_centre,-70.425,-60.012,-21.505,0.1214,6.274,1.2.826.0.1.3680043.8.498.52144614390949620175088532265017443260,28,3.3,1,True
1.2.826.0.1.3680043.8.498.12606136253498337506682547306933254691,mcl_centre,-71.537,-40.129,-18.036,0.096,61.926,1.2.826.0.1.3680043.8.498.12582497901289250157974715882272899395,23,4.5,1,True
1.2.826.0.1.3680043.8.498.12606657226568558340797193167488111973,mcl_centre,76.668,-55.331,-34.589,0.1073,1.296,1.2.826.0.1.3680043.8.498.48596041693374046380061484793643395950,30,3.3,1,True
1.2.826.0.1.3680043.8.498.12607203615180268117341271176820357242,mcl_centre,26.354,4.088,-4.222,0.1219,1.926,1.2.826.0.1.3680043.8.498.95670931706266047331772172085105426379,30,4.2,1,True
1.2.826.0.1.3680043.8.498.12607659092357834912029375690348886159,mcl_centre,-68.3,-34.107,-23.466,0.1283,1.191,1.2.826.0.1.3680043.8.498.71162599891029344251747195370151956217,30,3.3,1,True
1.2.826.0.1.3680043.8.498.12607959449008110729566106776800628990,mcl_centre,-40.867,-10.393,-28.07,0.096,2.678,1.2.826.0.1.3680043.8.498.11603610699738380277691196583030115296,34,3.3,1,True
1.2.826.0.1.3680043.8.498.12614097867016983076979065551985251584,mcl_centre,-44.108,-59.49,-22.154,0.0793,1.585,1.2.826.0.1.3680043.8.498.57507782175956024555337864570372416737,30,3.3,1,True
1.2.826.0.1.3680043.8.498.12616376042564380071463081913949255574,mcl_centre,-64.394,-32.769,-11.187,0.1042,1.221,1.2.826.0.1.3680043.8.498.86510927001798876186444024797559879357,30,3.3,1,True
1.2.826.0.1.3680043.8.498.12619895582462244920124420363095282842,mcl_centre,46.32,-67.954,4.792,0.067,1.557,1.2.826.0.1.3680043.8.498.13068960735263997742961432650984333625,36,3.3,1,True
1.2.826.0.1.3680043.8.498.12620718517255799151283445360332799702,mcl_centre,60.921,-54.638,2.022,0.0864,1.638,1.2.826.0.1.3680043.8.498.33181441713786441367134229656784155817,30,3.5,1,True
1.2.826.0.1.3680043.8.498.12625250919597111075072308824921101918,mcl_centre,52.516,1.022,-26.85,0.0766,66.036,1.2.826.0.1.3680043.8.498.93499784853315228118087797530879927191,28,3.5,1,True
1.2.826.0.1.3680043.8.498.12626383124142146001532197239671686442,mcl_centre,66.481,-53.201,-27.53,0.1179,0.774,1.2.826.0.1.3680043.8.498.13607054477291319452900153983438061089,30,3.7,1,True
1.2.826.0.1.3680043.8.498.12629372332421954368597330267888483345,mcl_centre,77.031,-46.789,26.22,0.1089,1.762,1.2.826.0.1.3680043.8.498.11527865501736554141973679796410978498,21,4.5,1,True
1.2.826.0.1.3680043.8.498.12630423349626505319792444053874011718,mcl_centre,17.523,-22.992,-22.937,0.0968,0.524,1.2.826.0.1.3680043.8.498.61171046708256943127036833490758706577,30,3.3,1,True
1.2.826.0.1.3680043.8.498.12632084649033412400763943977604348172,mcl_centre,89.264,-67.927,4.45,0.0792,63.815,1.2.826.0.1.3680043.8.498.85365288214234067879241141878995735311,30,3.3,1,True
1.2.826.0.1.3680043.8.498.12632129640405661298623288977632682289,mcl_centre,74.062,-49.522,-7.25,0.1222,1.276,1.2.826.0.1.3680043.8.498.11129839823637006492275400609448455482,30,3.3,1,True
1.2.826.0.1.3680043.8.498.12637591861595747322913829625646935491,mcl_centre,5.452,26.111,-32.54,0.0819,1.587,1.2.826.0.1.3680043.8.498.89241652174698566680161357365212838775,27,3.6,1,True
1.2.826.0.1.3680043.8.498.12638205949145637289277744267473965719,mcl_centre,-76.303,-54.357,14.866,0.0824,1.334,1.2.826.0.1.3680043.8.498.13275948419294893192083304382691888381,36,3.5,1,True
1.2.826.0.1.3680043.8.498.12640439197386154384526090653248054582,mcl_centre,61.388,-62.784,-34.844,0.1181,3.945,1.2.826.0.1.3680043.8.498.10385351092943012608128418156627192950,33,3.6,1,True
1.2.826.0.1.3680043.8.498.12642641661988102031826128876502303807,mcl_centre,-14.407,4.677,2.536,0.0934,3.325,1.2.826.0.1.3680043.8.498.12262687936779683829544124773717241164,34,3.6,1,True
1.2.826.0.1.3680043.8.498.12644400073937544865441360809610886635,mcl_centre,33.795,12.882,-24.882,0.0975,0.696,1.2.826.0.1.3680043.8.498.65863813217668797676126888356481043450,24,4.0,1,True
1.2.826.0.1.3680043.8.498.12647791319443598318497312837147189300,mcl_centre,-27.169,7.743,-14.93,0.0925,2.303,1.2.826.0.1.3680043.8.498.91865609289513682666304111466239736230,28,3.5,1,True
1.2.826.0.1.3680043.8.498.12653936535855858693516515692319733265,mcl_centre,-40.807,-20.847,-1.798,0.093,0.622,1.2.826.0.1.3680043.8.498.53408408030994292905396007688439794088,32,3.3,1,True
1.2.826.0.1.3680043.8.498.12655324218817524683138594937984186560,mcl_centre,31.066,-16.697,2.748,0.1148,1.427,1.2.826.0.1.3680043.8.498.39844418739615374856554968986934886340,30,3.6,1,True
1.2.826.0.1.3680043.8.498.12658572494577556884626613972035441625,mcl_centre,41.786,-10.775,-3.086,0.1019,1.525,1.2.826.0.1.3680043.8.498.60618101223921330987673221454100719953,32,3.3,1,True
1.2.826.0.1.3680043.8.498.12660901572462562819575002681831361427,mcl_centre,21.432,-13.919,-27.376,0.0869,1.946,1.2.826.0.1.3680043.8.498.11760324404234552512717810680723909508,37,3.6,1,True
1.2.826.0.1.3680043.8.498.12668708646283106269005674386248135220,mcl_centre,46.187,-23.76,-40.76,0.0914,0.435,1.2.826.0.1.3680043.8.498.12577056978142041715865719154252285931,32,3.3,1,True
1.2.826.0.1.3680043.8.498.12673561338227595483297605409292531492,mcl_centre,-3.382,4.254,-19.672,0.1818,0.931,1.2.826.0.1.3680043.8.498.37237683873352233119101198808311995248,19,5.0,1,True
1.2.826.0.1.3680043.8.498.12674069717230126880288353271062347095,mcl_centre,-45.119,0.785,-3.512,0.1256,0.663,1.2.826.0.1.3680043.8.498.45749292277574526757217552816194084557,28,3.3,1,True
1.2.826.0.1.3680043.8.498.12674930973831274527829261576087154644,mcl_centre,70.104,-96.281,-63.356,0.0733,1.794,1.2.826.0.1.3680043.8.498.10770330630620233535315974467333014056,28,4.5,1,True
1.2.826.0.1.3680043.8.498.12676359576477452816896379524598090410,mcl_centre,49.944,5.448,-10.556,0.0804,1.257,1.2.826.0.1.3680043.8.498.10254942249279065554772144913175790575,33,3.51,1,True
1.2.826.0.1.3680043.8.498.12688954493547892047021455671738310186,mcl_centre,-2.725,-22.563,-18.807,0.104,0.721,1.2.826.0.1.3680043.8.498.53799506902966850671165724475209743218,30,3.5,1,True
1.2.826.0.1.3680043.8.498.12689874339887047433232628649886917274,mcl_centre,-23.05,-20.768,32.335,0.1352,1.376,1.2.826.0.1.3680043.8.498.99271579979705848183952489651913093657,22,4.4,1,True
1.2.826.0.1.3680043.8.498.12690080124553846006638565600585469969,mcl_centre,-70.138,-54.893,-31.902,0.0624,1.978,1.2.826.0.1.3680043.8.498.41388534115296500695876891605672393845,24,4.95,1,True
1.2.826.0.1.3680043.8.498.12690803821768205116702487219908820630,mcl_centre,66.103,-49.025,37.743,0.0906,1.323,1.2.826.0.1.3680043.8.498.61833977962012173179310293912455298980,32,3.3,1,True
1.2.826.0.1.3680043.8.498.12692579161952587215276483587686562922,mcl_centre,69.344,-46.975,-11.705,0.1073,0.72,1.2.826.0.1.3680043.8.498.16039203716534428721362391451704827210,27,3.85,1,True
1.2.826.0.1.3680043.8.498.12697859103448296208701081683487338111,mcl_centre,-49.899,-22.858,-15.059,0.092,1.634,1.2.826.0.1.3680043.8.498.12577282470137467121775228908835576686,33,3.3,1,True
1.2.826.0.1.3680043.8.498.12699751030439008569144814819343161608,mcl_centre,-32.785,20.629,-13.857,0.0763,1.452,1.2.826.0.1.3680043.8.498.93622817279100835202963039864105437751,34,3.5,1,True
1.2.826.0.1.3680043.8.498.12700591955254168977239658917260628326,mcl_centre,46.601,17.765,-50.303,0.0772,1.916,1.2.826.0.1.3680043.8.498.25555906204383124303071210447291213863,22,4.0,1,True
1.2.826.0.1.3680043.8.498.12700981063762577397919340901063297803,mcl_centre,51.803,-45.004,26.906,0.0691,1.335,1.2.826.0.1.3680043.8.498.91793574025694765205502759090687434699,40,3.3,1,True
1.2.826.0.1.3680043.8.498.12701097867143790763644826659974337046,mcl_centre,13.871,-15.919,10.817,0.1659,1.235,1.2.826.0.1.3680043.8.498.31582904797407502277163889265440463928,19,4.4,1,True
1.2.826.0.1.3680043.8.498.12704063145595847725421427571860589471,mcl_centre,-27.816,-14.834,2.33,0.1392,1.23,1.2.826.0.1.3680043.8.498.19024778338475549440074923953888152897,23,4.0,1,True
1.2.826.0.1.3680043.8.498.12709854414521475738435319009767427434,mcl_centre,-54.8,-11.968,-10.102,0.0798,2.469,1.2.826.0.1.3680043.8.498.94572951689320406625076910950603432078,32,3.6,1,True
1.2.826.0.1.3680043.8.498.12715067947657150279232238280712066972,mcl_centre,69.685,-51.887,-10.601,0.1231,1.555,1.2.826.0.1.3680043.8.498.90153159764875070779190590607657267254,30,3.3,1,True
1.2.826.0.1.3680043.8.498.12715130507546263968763238702574191950,mcl_centre,-51.714,-28.179,-16.19,0.101,2.94,1.2.826.0.1.3680043.8.498.21979391699792928010016056103172611725,30,3.3,1,True
1.2.826.0.1.3680043.8.498.12715402081094788880283826571710131940,mcl_centre,43.8,-37.745,3.564,0.1091,1.023,1.2.826.0.1.3680043.8.498.12488862444740738676199064192397124510,16,6.227,1,True
1.2.826.0.1.3680043.8.498.12717728703860353055063551162640833849,mcl_centre,37.258,-8.896,-9.958,0.0909,0.898,1.2.826.0.1.3680043.8.498.63296028814368413917049125567156646664,30,3.3,1,True
1.2.826.0.1.3680043.8.498.12718966639501121738042125605376714231,mcl_centre,91.884,-65.742,-42.308,0.1037,0.882,1.2.826.0.1.3680043.8.498.98013553279308236068724250978270073164,21,4.833,1,True
1.2.826.0.1.3680043.8.498.12719397512102459853075227679498459688,mcl_centre,39.367,-15.45,-28.233,0.0904,1.685,1.2.826.0.1.3680043.8.498.12777369621227214871625415514639485882,25,4.5,1,True
1.2.826.0.1.3680043.8.498.12719455674338091089495020475033082405,mcl_centre,-101.098,-58.947,-28.824,0.0654,49.762,1.2.826.0.1.3680043.8.498.33793061379823894628715291834986464417,19,5.5,1,True
1.2.826.0.1.3680043.8.498.12724250000565012779853884787450109956,mcl_centre,-10.271,-34.504,-23.877,0.0739,0.812,1.2.826.0.1.3680043.8.498.11884029997212277863610718935370069821,30,4.08,1,True
1.2.826.0.1.3680043.8.498.12725832336445568031849006413563892122,mcl_centre,-44.585,-50.213,-15.331,0.0915,1.259,1.2.826.0.1.3680043.8.498.99833755991364228853682788719832915355,32,3.3,1,True
1.2.826.0.1.3680043.8.498.12727488524631885827798129418558343386,mcl_centre,33.659,2.978,4.705,0.1119,0.637,1.2.826.0.1.3680043.8.498.62370362993845453576068065706890010581,32,3.51,1,True
1.2.826.0.1.3680043.8.498.12728397615513347615111391662798012012,mcl_centre,35.772,1.703,9.76,0.0863,0.945,1.2.826.0.1.3680043.8.498.10857942918416556785883686102624892555,30,3.3,1,True
1.2.826.0.1.3680043.8.498.12731497178056855493473947157407264492,mcl_centre,-73.826,-19.665,-9.794,0.0651,1.934,1.2.826.0.1.3680043.8.498.10382469984093090255308613282626537567,38,3.3,1,True
1.2.826.0.1.3680043.8.498.12748840878706905309050091576449488666,mcl_centre,60.965,-33.104,-23.281,0.0892,1.664,1.2.826.0.1.3680043.8.498.11986208703289371259819059330414278332,21,4.95,1,True
1.2.826.0.1.3680043.8.498.12754381146006839341912662615844567067,mcl_centre,63.456,10.17,-29.962,0.0789,1.282,1.2.826.0.1.3680043.8.498.62957845043894641655527446667033449578,36,3.5,1,True
1.2.826.0.1.3680043.8.498.12759704450656741777120047828560448622,mcl_centre,-39.279,1.209,-41.657,0.1308,2.053,1.2.826.0.1.3680043.8.498.68202932762909658171148120227708849687,24,3.5,1,True
1.2.826.0.1.3680043.8.498.12761906443846433581503942530016459978,mcl_centre,-31.604,-47.616,-9.745,0.1031,0.918,1.2.826.0.1.3680043.8.498.10274106435532768676814076055464798729,30,3.3,1,True
1.2.826.0.1.3680043.8.498.12762076104929080571464647825161185643,mcl_centre,-56.258,-59.348,-28.047,0.0867,1.967,1.2.826.0.1.3680043.8.498.45638787042595377116717604912230218575,30,3.3,1,True
1.2.826.0.1.3680043.8.498.12762900657007480138202359874575403361,mcl_centre,-12.385,-9.048,-32.471,0.0796,4.21,1.2.826.0.1.3680043.8.498.10472185304269409759432576707469508079,39,3.5,1,True
1.2.826.0.1.3680043.8.498.12765434812409174436720333864278447770,mcl_centre,36.811,-21.395,-19.04,0.0827,0.999,1.2.826.0.1.3680043.8.498.17119202605868033979367730034688693009,35,3.3,1,True
1.2.826.0.1.3680043.8.498.12769221625850663248477857087347890908,mcl_centre,-76.461,-29.78,33.614,0.0678,0.737,1.2.826.0.1.3680043.8.498.39068258907727215442945648496990758499,41,3.3,1,True
1.2.826.0.1.3680043.8.498.12769887673556938425710414718385118283,mcl_centre,-29.035,10.41,12.172,0.0818,2.44,1.2.826.0.1.3680043.8.498.12967197914567159634543994418926895429,27,5.0,1,True
1.2.826.0.1.3680043.8.498.12771448321084229688831202344007889535,mcl_centre,98.513,-38.98,-65.469,0.0466,59.779,1.2.826.0.1.3680043.8.498.32595801313895338807784020561006035119,38,3.3,1,True
1.2.826.0.1.3680043.8.498.12775050278338123442507219047972133270,mcl_centre,-69.603,11.294,-31.816,0.1062,1.049,1.2.826.0.1.3680043.8.498.26766220543859727250235595384754948016,32,3.6,1,True
1.2.826.0.1.3680043.8.498.12775105605170844918620305197829216665,mcl_centre,39.107,-18.726,3.467,0.0716,72.918,1.2.826.0.1.3680043.8.498.63665428981740040130833553855566581702,25,3.6,1,True
1.2.826.0.1.3680043.8.498.12775769262869064592411499834441472333,mcl_centre,-32.663,46.406,2.891,0.0745,0.775,1.2.826.0.1.3680043.8.498.72362083906157700696449271734427077176,37,3.5,1,True
1.2.826.0.1.3680043.8.498.12778920060586364664953350981285170949,mcl_centre,35.765,13.458,-24.123,0.1006,1.525,1.2.826.0.1.3680043.8.498.10388292986269407338930117007157095361,29,3.8,1,True
1.2.826.0.1.3680043.8.498.12785377697188564760194569072434828180,mcl_centre,-72.18,-53.551,9.845,0.0618,1.447,1.2.826.0.1.3680043.8.498.12653531952401174431661536918007095083,23,4.5,1,True
1.2.826.0.1.3680043.8.498.12785620442256422697216192462703273802,mcl_centre,-23.115,-58.898,-18.59,0.0686,1.704,1.2.826.0.1.3680043.8.498.13307048612425104255296154491239759601,20,4.4,1,True
1.2.826.0.1.3680043.8.498.12785792890626338008419452097492192088,mcl_centre,71.589,-51.639,-13.59,0.1224,0.851,1.2.826.0.1.3680043.8.498.13066966804992798783313145816906069602,20,4.95,1,True
1.2.826.0.1.3680043.8.498.12790542912560396272981117250277568532,mcl_centre,52.974,32.373,-47.797,0.0953,1.34,1.2.826.0.1.3680043.8.498.51423943662739744722650148996119340041,41,3.5,1,True
1.2.826.0.1.3680043.8.498.12792431109288033212787919118858331455,mcl_centre,-69.326,-48.929,-27.956,0.1074,1.074,1.2.826.0.1.3680043.8.498.87721904063003239485530551803539481749,30,3.3,1,True
1.2.826.0.1.3680043.8.498.12798419553759200632295966180228523212,mcl_centre,49.148,-46.49,-14.105,0.0775,1.744,1.2.826.0.1.3680043.8.498.24839099855144317047550172273239799357,38,3.3,1,True
1.2.826.0.1.3680043.8.498.12799849540231315910448269889175806934,mcl_centre,83.19,-39.08,32.844,0.0291,49.415,1.2.826.0.1.3680043.8.498.41490353144437957688879751827923188894,25,4.5,1,True
1.2.826.0.1.3680043.8.498.12800130397185143653180509040746675358,mcl_centre,-72.53,-33.098,-72.888,0.0772,0.66,1.2.826.0.1.3680043.8.498.69152228140649134608596659705745013318,33,3.5,1,True
1.2.826.0.1.3680043.8.498.12801308844398614687904447633432197492,mcl_centre,34.911,-83.432,-39.271,0.1174,0.945,1.2.826.0.1.3680043.8.498.48113798985258668035677850099478338495,20,4.4,1,True
1.2.826.0.1.3680043.8.498.12801643268939133682891906705186571010,mcl_centre,41.417,8.419,-42.535,0.0944,0.588,1.2.826.0.1.3680043.8.498.38818476452362437687332168365747860011,28,4.2,1,True
1.2.826.0.1.3680043.8.498.12806792356922865929896103306611295151,mcl_centre,76.089,-53.079,-7.744,0.0908,1.4,1.2.826.0.1.3680043.8.498.90753002303842822534224496307653115206,20,4.925,1,True
1.2.826.0.1.3680043.8.498.12810074901642984174782853829149619043,mcl_centre,-45.502,-32.631,-15.248,0.0806,1.53,1.2.826.0.1.3680043.8.498.26620164973396524125636337130120857106,30,3.6,1,True
1.2.826.0.1.3680043.8.498.12814598731776085957663058326979908652,mcl_centre,-67.622,-14.293,-32.156,0.0948,0.511,1.2.826.0.1.3680043.8.498.88098646143891598014463787734481645188,30,3.3,1,True
1.2.826.0.1.3680043.8.498.12815132582382825980088023336277934996,mcl_centre,49.621,-67.923,-10.432,0.1085,0.761,1.2.826.0.1.3680043.8.498.44775902662431550091104082554775415734,20,4.4,1,True
1.2.826.0.1.3680043.8.498.12817753008281742621758605755308036035,mcl_centre,35.445,-21.797,-28.361,0.1157,1.957,1.2.826.0.1.3680043.8.498.99539756327932848524695023359508344468,30,3.3,1,True
1.2.826.0.1.3680043.8.498.12818010040786942613541254450332754046,mcl_centre,-18.298,19.829,-9.273,0.0893,0.598,1.2.826.0.1.3680043.8.498.10285340908954640777948702979779134311,30,3.6,1,True
1.2.826.0.1.3680043.8.498.12819437506700585448407291050085063174,mcl_centre,63.31,-60.642,-16.203,0.0776,0.906,1.2.826.0.1.3680043.8.498.23764363937002879317998262593320009318,30,3.6,1,True
1.2.826.0.1.3680043.8.498.12820051821104182459960036809430047569,mcl_centre,-29.187,-16.672,-78.1,0.0965,0.896,1.2.826.0.1.3680043.8.498.11823054595914389868960614605280295274,30,3.6,1,True
1.2.826.0.1.3680043.8.498.12824438254096860470348581093672563751,mcl_centre,35.122,-28.965,-22.955,0.0842,1.505,1.2.826.0.1.3680043.8.498.36954490853766756146126989233141656572,40,3.6,1,True
1.2.826.0.1.3680043.8.498.12826828527176716109949704557150950675,mcl_centre,48.782,20.625,-130.704,0.084,2.735,1.2.826.0.1.3680043.8.498.28525244953571217351795451911789567720,31,3.7,1,True
1.2.826.0.1.3680043.8.498.12827120140904847104302376671076396695,mcl_centre,-53.141,-42.755,-37.778,0.0876,0.62,1.2.826.0.1.3680043.8.498.12617652317832066644748148831100714213,30,3.3,1,True
1.2.826.0.1.3680043.8.498.12831769902826114242555323443809541052,mcl_centre,-43.047,-30.323,-2.978,0.0796,0.482,1.2.826.0.1.3680043.8.498.26766892128996980912616275088898755837,36,3.3,1,True
1.2.826.0.1.3680043.8.498.12836702174475748025129787471026627810,mcl_centre,39.652,-41.526,-7.354,0.0808,1.126,1.2.826.0.1.3680043.8.498.14152267888320436332433488136583341726,39,3.3,1,True
1.2.826.0.1.3680043.8.498.12837030643153472711780894512565629507,mcl_centre,26.146,-49.773,-7.871,0.0874,0.791,1.2.826.0.1.3680043.8.498.23012934236719596913926962386365848109,43,3.3,1,True
1.2.826.0.1.3680043.8.498.12839498544183083639548298117995964432,mcl_centre,46.146,-0.847,-20.22,0.0945,0.424,1.2.826.0.1.3680043.8.498.40362438378729175161469311051588924463,30,3.7,1,True
1.2.826.0.1.3680043.8.498.12862782592303338109631225504988756108,mcl_centre,14.977,-16.113,-32.445,0.1269,0.942,1.2.826.0.1.3680043.8.498.45865524702454965262690369732544918324,15,6.278,1,True
1.2.826.0.1.3680043.8.498.12864336642218457767597053831458716404,mcl_centre,61.71,-63.167,-28.346,0.1246,0.971,1.2.826.0.1.3680043.8.498.12301821405751411918971225016315343936,16,4.815,1,True
1.2.826.0.1.3680043.8.498.12866937766198610064474201436305532400,mcl_centre,77.487,-67.24,-17.129,0.0952,1.783,1.2.826.0.1.3680043.8.498.97898051069977037635917213089536999526,30,3.7,1,True
1.2.826.0.1.3680043.8.498.12887544771002132349592859410979448655,mcl_centre,33.188,1.983,-48.436,0.13,1.191,1.2.826.0.1.3680043.8.498.10104539774726293870844986361799697620,25,3.6,1,True
1.2.826.0.1.3680043.8.498.12896740277483734090633132494285615502,mcl_centre,-78.491,-69.939,4.274,0.0638,1.566,1.2.826.0.1.3680043.8.498.12880014962436922811743683992623453560,28,3.7,1,True
1.2.826.0.1.3680043.8.498.12899995703999073968090810947564075608,mcl_centre,51.109,-27.154,-31.71,0.0834,1.453,1.2.826.0.1.3680043.8.498.10707730299389994387877903099109927021,36,3.51,1,True
1.2.826.0.1.3680043.8.498.12904190317996738774518258536997285832,mcl_centre,50.101,-72.241,-2.678,0.0991,58.701,1.2.826.0.1.3680043.8.498.97188444912164298855416230650877390313,18,4.789,1,True
1.2.826.0.1.3680043.8.498.12907457183137517669505067507754394039,mcl_centre,66.246,-33.525,-21.384,0.0916,0.859,1.2.826.0.1.3680043.8.498.43289062375655177291807352287318872390,30,3.3,1,True
1.2.826.0.1.3680043.8.498.12912436233176216254115594260643600155,mcl_centre,50.532,-57.717,-35.911,0.0851,1.035,1.2.826.0.1.3680043.8.498.69100743239185966913838311084324597459,30,4.0,1,True
1.2.826.0.1.3680043.8.498.12914677763148740041755977075799271057,mcl_centre,-52.767,7.994,-5.58,0.056,1.332,1.2.826.0.1.3680043.8.498.46750872662364497967657682961931800704,35,3.3,1,True
1.2.826.0.1.3680043.8.498.12917504242141830416624247604384969664,mcl_centre,-62.316,-51.921,-13.958,0.064,60.633,1.2.826.0.1.3680043.8.498.72615453034079438181782477827356188571,28,4.0,1,True
1.2.826.0.1.3680043.8.498.12919303621342250989179219420795277559,mcl_centre,71.672,-56.357,-16.151,0.1043,1.184,1.2.826.0.1.3680043.8.498.50437321603741819993742925845555895615,20,5.024,1,True
1.2.826.0.1.3680043.8.498.12929915324982999692857962099866616265,mcl_centre,-40.251,-8.771,-68.647,0.0875,1.058,1.2.826.0.1.3680043.8.498.87160779061684911211277720203164547111,30,3.6,1,True
1.2.826.0.1.3680043.8.498.12936296973456045538701035923586653502,mcl_centre,-48.03,-37.634,-21.658,0.0469,1.237,1.2.826.0.1.3680043.8.498.48235894292070607202045110572465604460,34,3.6,1,True
1.2.826.0.1.3680043.8.498.12938500386086171684983091332136233036,mcl_centre,41.253,6.777,-42.872,0.0995,1.181,1.2.826.0.1.3680043.8.498.85605562052548645386522379927569199196,27,3.5,1,True
1.2.826.0.1.3680043.8.498.12942677240800343332600884989364651588,mcl_centre,75.393,-24.97,-44.751,0.1322,0.498,1.2.826.0.1.3680043.8.498.21172001710441200566654831356046621353,23,4.5,1,True
1.2.826.0.1.3680043.8.498.12946163460972553911280889205685745877,mcl_centre,70.313,-57.679,-13.043,0.0836,1.956,1.2.826.0.1.3680043.8.498.49164488811345643382944926380179700670,22,4.95,1,True
1.2.826.0.1.3680043.8.498.12946789387115203718210904958275579544,mcl_centre,-44.502,-78.724,-32.27,0.1248,0.697,1.2.826.0.1.3680043.8.498.22610612596740933854562901054309655952,19,4.4,1,True
1.2.826.0.1.3680043.8.498.12949322114105642048256996295428966924,mcl_centre,41.548,-23.419,-13.966,0.0939,0.711,1.2.826.0.1.3680043.8.498.79060555373017460085867265389261340872,35,3.3,1,True
1.2.826.0.1.3680043.8.498.12950639892345812884896649629409199101,mcl_centre,-39.33,-37.174,-16.615,0.0828,1.423,1.2.826.0.1.3680043.8.498.56838216282333306229346363227441447354,36,3.51,1,True
1.2.826.0.1.3680043.8.498.12954163390367261226110152166469167935,mcl_centre,-69.972,-48.806,-28.596,0.0993,2.019,1.2.826.0.1.3680043.8.498.32515971935290467596850586267878851318,18,4.706,1,True
1.2.826.0.1.3680043.8.498.12957252711278416684461267069498115130,mcl_centre,-42.121,-67.246,-26.651,0.0939,1.873,1.2.826.0.1.3680043.8.498.53858009156292860013287393958538418075,34,3.06,1,True
1.2.826.0.1.3680043.8.498.12957752106697316015996777476239762111,mcl_centre,-71.613,-58.062,-36.016,0.133,2.048,1.2.826.0.1.3680043.8.498.49321689511542424358257904173242980943,30,3.5,1,True
1.2.826.0.1.3680043.8.498.12958999546496283565938189274771483491,mcl_centre,44.658,-49.803,-31.06,0.0822,1.262,1.2.826.0.1.3680043.8.498.15840932769643900737076495681599041681,34,3.3,1,True
1.2.826.0.1.3680043.8.498.12961116776122838195555132309258963046,mcl_centre,63.911,-8.174,-54.083,0.0872,59.947,1.2.826.0.1.3680043.8.498.17287343795993424126714286407343352758,26,3.5,1,True
1.2.826.0.1.3680043.8.498.12965787822216495014894819598440431626,mcl_centre,-73.171,-34.879,-37.375,0.1307,0.639,1.2.826.0.1.3680043.8.498.35011098425426619235390552784542833869,16,4.593,1,True
1.2.826.0.1.3680043.8.498.12968535455086298222684461157825070395,mcl_centre,30.358,-2.536,-6.611,0.0908,2.403,1.2.826.0.1.3680043.8.498.42294191185704265498373744705674319937,32,3.5,1,True
1.2.826.0.1.3680043.8.498.12970315889871740202726744767179863179,mcl_centre,48.116,-62.671,7.142,0.0656,1.743,1.2.826.0.1.3680043.8.498.48632673060922085232888773153490096166,46,3.3,1,True
1.2.826.0.1.3680043.8.498.12978172997053500029791786614906570285,mcl_centre,-57.788,-44.654,-39.664,0.0875,0.706,1.2.826.0.1.3680043.8.498.22992620357884149661482526453114678956,30,3.3,1,True
1.2.826.0.1.3680043.8.498.12978510157202852202776899910529174803,mcl_centre,-67.874,-43.633,-24.62,0.1009,0.555,1.2.826.0.1.3680043.8.498.50206199772224497999907595310351485428,30,3.3,1,True
1.2.826.0.1.3680043.8.498.12980448935316870673341494036873313299,mcl_centre,49.601,-61.689,-32.067,0.0686,1.716,1.2.826.0.1.3680043.8.498.99590572457400723532407983100789010900,30,3.5,1,True
1.2.826.0.1.3680043.8.498.12981413356524881858859912294078498486,mcl_centre,-79.453,-60.841,11.799,0.1024,1.025,1.2.826.0.1.3680043.8.498.22318034120848891602182050229813502870,30,3.3,1,True
1.2.826.0.1.3680043.8.498.12982826264059547618124186257414818172,mcl_centre,-50.846,-44.085,4.156,0.1055,0.377,1.2.826.0.1.3680043.8.498.12052185743359183142491416639313689947,30,3.3,1,True
1.2.826.0.1.3680043.8.498.12985683732818911488433522743768046254,mcl_centre,-70.8,-47.556,-33.077,0.1007,1.579,1.2.826.0.1.3680043.8.498.60906759395887750914607052163363975706,30,3.3,1,True
1.2.826.0.1.3680043.8.498.12986028147682493711912242081052787346,mcl_centre,-64.113,-31.525,28.369,0.106,1.644,1.2.826.0.1.3680043.8.498.65060912892270216266719089209688172496,28,4.5,1,True
1.2.826.0.1.3680043.8.498.12986517636774565418070546261705439006,mcl_centre,-41.11,-10.362,-10.294,0.0712,1.321,1.2.826.0.1.3680043.8.498.11971316958361292240492920292707661268,32,3.3,1,True
1.2.826.0.1.3680043.8.498.12987428318535758055829100395092244687,mcl_centre,30.314,-31.683,10.233,0.0786,0.842,1.2.826.0.1.3680043.8.498.25436230354593544363765529105739150949,42,3.3,1,True
1.2.826.0.1.3680043.8.498.12992013816638129896738209015383985569,mcl_centre,34.126,-14.908,-41.37,0.1148,2.632,1.2.826.0.1.3680043.8.498.11366455487861371988211512062216625899,30,3.3,1,True
1.2.826.0.1.3680043.8.498.13003520962744192762179786723724282013,mcl_centre,-47.502,-40.804,-49.845,0.09,0.925,1.2.826.0.1.3680043.8.498.68469219914120876147954061629664256127,30,3.3,1,True
1.2.826.0.1.3680043.8.498.13004048880335015585285100185910148808,mcl_centre,5.992,-2.796,-37.589,0.1569,1.246,1.2.826.0.1.3680043.8.498.64172525187784476831767988039843788894,18,5.0,1,True
1.2.826.0.1.3680043.8.498.13009271274636013067662786774946029285,mcl_centre,70.296,-49.837,-33.779,0.1238,1.262,1.2.826.0.1.3680043.8.498.84521621491726610563728642632392622255,30,3.3,1,True
1.2.826.0.1.3680043.8.498.13015502057686077045104167339480215528,mcl_centre,-54.83,31.367,-42.38,0.0836,1.253,1.2.826.0.1.3680043.8.498.12848380969831342811941906401637520973,35,3.5,1,True
1.2.826.0.1.3680043.8.498.13016684730504329799460698013153308088,mcl_centre,-73.674,-63.954,-37.726,0.1202,0.499,1.2.826.0.1.3680043.8.498.13323661425454081787064110444545986953,18,5.814,1,True
1.2.826.0.1.3680043.8.498.13017199074506191657941905498813292773,mcl_centre,-45.197,-43.602,-36.438,0.0899,1.19,1.2.826.0.1.3680043.8.498.57533223893702357661294131771348894935,19,4.4,1,True
1.2.826.0.1.3680043.8.498.13022266764623819477228425331705640702,mcl_centre,-30.263,-4.696,-12.327,0.1118,1.58,1.2.826.0.1.3680043.8.498.42426012066454491669490542626071485233,24,3.5,1,True
1.2.826.0.1.3680043.8.498.13022585036130454941964190427558363602,mcl_centre,35.324,-32.53,-13.685,0.0863,2.786,1.2.826.0.1.3680043.8.498.48866675805190962203444766211073425948,29,3.5,1,True
1.2.826.0.1.3680043.8.498.13024250150960117282590397343184827466,mcl_centre,13.514,16.466,-23.322,0.0776,1.295,1.2.826.0.1.3680043.8.498.57644492648553085386251008075453217414,33,3.5,1,True
1.2.826.0.1.3680043.8.498.13024625496981667037628275235696732200,mcl_centre,64.567,-34.964,-42.131,0.0743,0.99,1.2.826.0.1.3680043.8.498.12628834490009567208739302636201422513,41,3.3,1,True
1.2.826.0.1.3680043.8.498.13026024768908635083636086393662414870,mcl_centre,67.322,-59.93,-42.138,0.0795,1.103,1.2.826.0.1.3680043.8.498.20421100131564782228012861288851398806,32,3.5,1,True
1.2.826.0.1.3680043.8.498.13026463185033527579856819607371375594,mcl_centre,-39.429,-59.136,-42.543,0.0798,1.34,1.2.826.0.1.3680043.8.498.16879760031666489941348713092899234037,35,3.5,1,True
1.2.826.0.1.3680043.8.498.13027024577729659065187419038453181852,mcl_centre,46.75,-10.523,-29.985,0.0858,1.745,1.2.826.0.1.3680043.8.498.14821948996953631716726505542401823565,30,3.3,1,True
1.2.826.0.1.3680043.8.498.13027502247317650159940595684214701589,mcl_centre,-36.484,-6.364,2.823,0.1232,1.39,1.2.826.0.1.3680043.8.498.12977093957566433052278562704608150577,24,3.5,1,True
1.2.826.0.1.3680043.8.498.13028226019192925363616760332442456953,mcl_centre,51.617,-0.6,-54.071,0.1441,1.77,1.2.826.0.1.3680043.8.498.50119255530858548928155883015497981209,20,4.4,1,True
1.2.826.0.1.3680043.8.498.13030662056306690969977140713179461363,mcl_centre,-89.632,-40.339,-19.375,0.0833,65.368,1.2.826.0.1.3680043.8.498.61573382429891583248566517726172307372,30,3.5,1,True
1.2.826.0.1.3680043.8.498.13034169434311535671044673510644711229,mcl_centre,-47.214,-31.655,37.278,0.0983,1.411,1.2.826.0.1.3680043.8.498.71179133107147914995816648166648505980,30,3.3,1,True
1.2.826.0.1.3680043.8.498.13035632998746261521316395720102873141,mcl_centre,-64.62,-41.383,-28.878,0.1032,1.462,1.2.826.0.1.3680043.8.498.49919812297784190640478343835881829111,30,3.3,1,True
1.2.826.0.1.3680043.8.498.13042847643086819857036458569632034999,mcl_centre,-52.556,-23.634,-42.14,0.099,1.592,1.2.826.0.1.3680043.8.498.11842676040399480166121704909841142414,28,4.2,1,True
1.2.826.0.1.3680043.8.498.13054766954092919774634499780241210835,mcl_centre,58.172,-9.761,-42.036,0.097,1.189,1.2.826.0.1.3680043.8.498.97516329993782650115680270945737166482,25,3.85,1,True
1.2.826.0.1.3680043.8.498.13062438493893996542058869514390908492,mcl_centre,-28.095,-26.35,-13.142,0.115,1.144,1.2.826.0.1.3680043.8.498.12170598572972347855818252328813421560,25,3.6,1,True
1.2.826.0.1.3680043.8.498.13062978180647549151946243290102173508,mcl_centre,30.024,-5.518,-34.073,0.0841,0.806,1.2.826.0.1.3680043.8.498.10892364241387013516930423928687378158,35,3.3,1,True
1.2.826.0.1.3680043.8.498.13065120731888368919957856813755701101,mcl_centre,-82.65,-34.924,-45.734,0.0856,1.9,1.2.826.0.1.3680043.8.498.51812844484454561109021098615263143810,28,3.7,1,True
1.2.826.0.1.3680043.8.498.13068696303639759696458130704554709416,mcl_centre,-39.96,-23.263,-56.499,0.0683,0.573,1.2.826.0.1.3680043.8.498.32558366128431520401582800342339696862,35,3.3,1,True
1.2.826.0.1.3680043.8.498.13069081594164738319108129224400751974,mcl_centre,71.059,-38.451,-23.939,0.0925,2.373,1.2.826.0.1.3680043.8.498.71667334859637043377358788350339098624,30,3.3,1,True
1.2.826.0.1.3680043.8.498.13072908567275370866813748886351904593,mcl_centre,-61.892,-63.076,-11.17,0.0754,0.8,1.2.826.0.1.3680043.8.498.26557146639745440557183892416566444770,35,3.7,1,True
1.2.826.0.1.3680043.8.498.13073387272228394257811861905056479438,mcl_centre,-34.278,-66.343,-34.496,0.1053,1.961,1.2.826.0.1.3680043.8.498.12567915175272257829005899730335229137,20,4.4,1,True
1.2.826.0.1.3680043.8.498.13077357855769903335728068420884303993,mcl_centre,-70.206,-48.945,-19.424,0.0924,0.896,1.2.826.0.1.3680043.8.498.86251106130338853288635198759039773884,27,4.5,1,True
1.2.826.0.1.3680043.8.498.13078009378379325641560321462188164769,mcl_centre,-49.836,-64.312,-36.591,0.1122,1.327,1.2.826.0.1.3680043.8.498.13076984349872897554519859353778082936,19,5.0,1,True
1.2.826.0.1.3680043.8.498.13078551660783737720660607567713996703,mcl_centre,19.537,-6.423,-23.237,0.0452,68.285,1.2.826.0.1.3680043.8.498.65295552492535145165970617073308542684,32,3.9,1,True
1.2.826.0.1.3680043.8.498.13078834627392793401892111941627273421,mcl_centre,70.256,-69.204,-6.998,0.1023,1.29,1.2.826.0.1.3680043.8.498.11646463112250602749107577257093955826,18,5.031,1,True
1.2.826.0.1.3680043.8.498.13079170182386765602129976624023222742,mcl_centre,-21.583,-12.611,-58.055,0.1458,2.305,1.2.826.0.1.3680043.8.498.87232667841602520374947593744241399932,24,4.0,1,True
1.2.826.0.1.3680043.8.498.13086260989634665810181105278930088749,mcl_centre,80.795,-59.059,-14.718,0.1085,0.849,1.2.826.0.1.3680043.8.498.11321740822315247610326816826118591840,30,3.5,1,True
1.2.826.0.1.3680043.8.498.13087770868099843948960419968576882974,mcl_centre,-48.592,-2.76,-18.173,0.0753,1.829,1.2.826.0.1.3680043.8.498.57979267730011917288782130257578008878,34,4.0,1,True
1.2.826.0.1.3680043.8.498.13088550794087945662322609097092458487,mcl_centre,45.23,15.918,-45.891,0.0857,1.081,1.2.826.0.1.3680043.8.498.93670415844657007226358756272618534676,36,3.6,1,True
1.2.826.0.1.3680043.8.498.13092094949394905924922534008771583745,mcl_centre,-61.252,-68.075,-20.763,0.0979,0.828,1.2.826.0.1.3680043.8.498.10167200812081167194695893058933952686,26,3.5,1,True
1.2.826.0.1.3680043.8.498.13093528938282977263747792690249036456,mcl_centre,-17.251,47.238,-30.388,0.0731,1.238,1.2.826.0.1.3680043.8.498.93342507336982033482135646808052527318,28,3.5,1,True
1.2.826.0.1.3680043.8.498.13093751810869039645959119469231437894,mcl_centre,-58.348,11.258,-21.731,0.1057,0.833,1.2.826.0.1.3680043.8.498.95951589738756470057247404834108574969,21,5.0,1,True
1.2.826.0.1.3680043.8.498.13096288495834275184930201615129174987,mcl_centre,28.47,-3.926,-25.17,0.1165,4.009,1.2.826.0.1.3680043.8.498.98134175580050576296407459711827819078,25,3.6,1,True
1.2.826.0.1.3680043.8.498.13099702881219862576749493772702888064,mcl_centre,-50.726,-66.088,-17.194,0.0776,0.559,1.2.826.0.1.3680043.8.498.11359337530563256753017645178576734250,30,3.3,1,True
1.2.826.0.1.3680043.8.498.13102058401501684064017656674827527261,mcl_centre,60.49,-5.982,-38.287,0.1,64.42,1.2.826.0.1.3680043.8.498.54603013484699780942953025908419285718,30,3.3,1,True
1.2.826.0.1.3680043.8.498.13103513835731355705707295729643672786,mcl_centre,-40.129,-14.568,-5.07,0.0863,0.536,1.2.826.0.1.3680043.8.498.36649677426293179863821419018740577248,30,3.6,1,True
1.2.826.0.1.3680043.8.498.13108275880471592702987713766776683590,mcl_centre,43.601,-37.326,-39.868,0.0991,0.864,1.2.826.0.1.3680043.8.498.75263635986026458459192746628585878570,32,3.3,1,True
1.2.826.0.1.3680043.8.498.13113623966675790946816351311283701141,mcl_centre,39.943,-22.12,-27.14,0.1008,1.036,1.2.826.0.1.3680043.8.498.47670992536775394660464587563595212275,30,3.3,1,True
1.2.826.0.1.3680043.8.498.13114228294359876639109410575915394712,mcl_centre,61.315,-80.057,-26.141,0.1187,2.194,1.2.826.0.1.3680043.8.498.11926086837331592971235908234554516968,19,4.4,1,True
1.2.826.0.1.3680043.8.498.13114693814781737495494700902699619138,mcl_centre,-39.93,-48.545,-17.901,0.1064,1.003,1.2.826.0.1.3680043.8.498.45426417046227664959475445349136324726,16,6.066,1,True
1.2.826.0.1.3680043.8.498.13116941594523500503401720636978356127,mcl_centre,82.915,-50.916,1.615,0.0995,1.307,1.2.826.0.1.3680043.8.498.89897475511419425442960297650255373981,30,3.5,1,True
1.2.826.0.1.3680043.8.498.13118325043138522704531128725514354285,mcl_centre,-75.798,-36.659,-38.519,0.0482,1.414,1.2.826.0.1.3680043.8.498.92311451729318889800055204134155902065,30,3.6,1,True
1.2.826.0.1.3680043.8.498.13118532243906060645114391749986421707,mcl_centre,51.183,-39.265,-1.472,0.0947,65.569,1.2.826.0.1.3680043.8.498.26015462618859268745036649458589537775,18,5.0,1,True
1.2.826.0.1.3680043.8.498.13125910783461518266627225743585018143,mcl_centre,53.155,58.26,-26.392,0.0604,0.937,1.2.826.0.1.3680043.8.498.12323018570615947618862116126593041131,28,3.7,1,True
1.2.826.0.1.3680043.8.498.13126070481622692281046898445918832841,mcl_centre,64.545,-56.802,-42.073,0.1101,0.679,1.2.826.0.1.3680043.8.498.11355036913228175347927738480670587315,27,4.0,1,True
1.2.826.0.1.3680043.8.498.13126380916005729420163981055214890048,mcl_centre,-46.579,-13.899,-27.813,0.0873,0.921,1.2.826.0.1.3680043.8.498.10154551002388705599640950484590291575,30,3.3,1,True
1.2.826.0.1.3680043.8.498.13128352910661672966143173193241171100,mcl_centre,-10.771,-22.703,-10.752,0.0849,1.095,1.2.826.0.1.3680043.8.498.73371287416998815332597947415665180977,22,4.95,1,True
1.2.826.0.1.3680043.8.498.13128506994126383651503283021834372142,mcl_centre,38.304,-8.167,-51.95,0.1022,2.035,1.2.826.0.1.3680043.8.498.40762879428959424460519998984522260487,36,4.0,1,True
1.2.826.0.1.3680043.8.498.13129258242739880102472095242703169773,mcl_centre,48.595,-64.149,-30.228,0.0795,1.571,1.2.826.0.1.3680043.8.498.12854863786638217202897329848859230712,38,3.3,1,True
1.2.826.0.1.3680043.8.498.13130534736322715018024786213131944607,mcl_centre,-30.903,-26.305,-1.784,0.0793,2.104,1.2.826.0.1.3680043.8.498.21970498909419315020687500374486893886,35,3.51,1,True
1.2.826.0.1.3680043.8.498.13131420451380633781538717117200087258,mcl_centre,38.96,-18.74,-42.247,0.1165,0.969,1.2.826.0.1.3680043.8.498.68030798360392281188856418194954368300,33,3.6,1,True
1.2.826.0.1.3680043.8.498.13133755791254469039849289186598412660,mcl_centre,44.645,-4.688,-6.337,0.0959,0.927,1.2.826.0.1.3680043.8.498.38717663391214025312415217552130128759,30,3.3,1,True
1.2.826.0.1.3680043.8.498.13135567399913958681613600650440761032,mcl_centre,-71.224,-42.827,-48.569,0.088,0.904,1.2.826.0.1.3680043.8.498.17112877514812485476543202203956550625,32,3.3,1,True
1.2.826.0.1.3680043.8.498.13136367866260644484250529322937554927,mcl_centre,12.229,-14.458,-5.925,0.0559,1.105,1.2.826.0.1.3680043.8.498.78333392102446551542026077125873888286,30,3.3,1,True
1.2.826.0.1.3680043.8.498.13136392756016978765204420377500607545,mcl_centre,53.096,-59.151,-11.499,0.1004,1.922,1.2.826.0.1.3680043.8.498.47608884290764926094574969729183226999,30,3.3,1,True
1.2.826.0.1.3680043.8.498.13137510961466386836387239510287919268,mcl_centre,32.04,-21.819,17.566,0.1076,0.506,1.2.826.0.1.3680043.8.498.63831846414465933946821907837414953992,30,3.6,1,True
1.2.826.0.1.3680043.8.498.13137549927896953291645459480590055925,mcl_centre,-58.792,-47.243,-32.763,0.0811,64.368,1.2.826.0.1.3680043.8.498.53869533433061305424722271703509648552,33,3.3,1,True
1.2.826.0.1.3680043.8.498.13139684164906828131777150061532685584,mcl_centre,38.203,-13.879,-39.349,0.1132,2.073,1.2.826.0.1.3680043.8.498.12091848908136620650381662198236058331,24,4.4,1,True
1.2.826.0.1.3680043.8.498.13143446880514535170343243531129864116,mcl_centre,74.615,-34.001,-48.037,0.118,0.908,1.2.826.0.1.3680043.8.498.79900795875504187456539764286733526744,23,4.5,1,True
1.2.826.0.1.3680043.8.498.13146466304138609448483938844487385775,mcl_centre,-59.49,-13.686,-25.089,0.0763,0.486,1.2.826.0.1.3680043.8.498.58055715923653783601694116546544786831,37,3.3,1,True
1.2.826.0.1.3680043.8.498.13147249459968468500804358644901642270,mcl_centre,38.103,7.698,-15.53,0.1194,0.751,1.2.826.0.1.3680043.8.498.92511547416092417603133096979993214408,24,4.0,1,True
1.2.826.0.1.3680043.8.498.13148805278538458401210722493048566510,mcl_centre,25.438,-24.883,3.021,0.0951,1.11,1.2.826.0.1.3680043.8.498.12633451350447425935988057405787218958,38,3.3,1,True
1.2.826.0.1.3680043.8.498.13150780733560495803861509587935093776,mcl_centre,79.044,-48.687,-37.158,0.0946,0.685,1.2.826.0.1.3680043.8.498.25467967891917557016081913876022855916,30,3.7,1,True
1.2.826.0.1.3680043.8.498.13150794288945922409613136250303663502,mcl_centre,58.808,-70.706,-11.22,0.0878,1.067,1.2.826.0.1.3680043.8.498.65978958109591928776660369663749725233,16,6.615,1,True
1.2.826.0.1.3680043.8.498.13151845892175420505816340845155354956,mcl_centre,45.667,-54.142,-28.796,0.1243,1.967,1.2.826.0.1.3680043.8.498.42706799043684135223358556795006140289,20,5.32,1,True
1.2.826.0.1.3680043.8.498.13152690996267297597178587721720788387,mcl_centre,-15.906,-20.87,-28.713,0.0945,4.3,1.2.826.0.1.3680043.8.498.40511824180161702377387365506431527981,30,3.6,1,True
1.2.826.0.1.3680043.8.498.13155572156594271049520969168607160312,mcl_centre,44.077,-60.342,-73.298,0.0605,4.628,1.2.826.0.1.3680043.8.498.89971332957134926992141313219223560114,44,3.3,1,True
1.2.826.0.1.3680043.8.498.13157776420553094741176082047621957775,mcl_centre,38.081,-19.204,-22.634,0.1506,2.539,1.2.826.0.1.3680043.8.498.10811413155349065586855105664860054185,25,3.6,1,True
1.2.826.0.1.3680043.8.498.13158227087287104386790063637592969032,mcl_centre,-39.668,-50.172,-36.376,0.0809,3.818,1.2.826.0.1.3680043.8.498.22224322623098379179449294824933045860,30,3.5,1,True
1.2.826.0.1.3680043.8.498.13158644154518335426512578922874968296,mcl_centre,-25.208,-27.408,-64.502,0.1195,1.963,1.2.826.0.1.3680043.8.498.76217807699648382049716887478040828227,21,4.4,1,True
1.2.826.0.1.3680043.8.498.13162284470388627411596358366248494046,mcl_centre,-47.665,-9.158,-1.801,0.0943,2.172,1.2.826.0.1.3680043.8.498.80175879543003769761248714963054008916,34,3.3,1,True
1.2.826.0.1.3680043.8.498.13162479706670045075896993021883562680,mcl_centre,-42.989,-16.681,-33.078,0.0978,1.095,1.2.826.0.1.3680043.8.498.84324351033542999050764833123963804032,26,4.0,1,True
1.2.826.0.1.3680043.8.498.13163727085668231782866823012535268245,mcl_centre,-36.609,-0.065,-30.331,0.0662,0.903,1.2.826.0.1.3680043.8.498.70918350809345643890054850143790718038,32,3.3,1,True
1.2.826.0.1.3680043.8.498.13165770394160595162984722917452661205,mcl_centre,39.084,-36.552,-74.743,0.0911,1.695,1.2.826.0.1.3680043.8.498.91751989726601023110193739741567273354,30,3.7,1,True
1.2.826.0.1.3680043.8.498.13167727300538353052482338786183678684,mcl_centre,34.871,-23.004,-12.793,0.0764,0.991,1.2.826.0.1.3680043.8.498.10994427898459458953271906694058874374,40,3.51,1,True
1.2.826.0.1.3680043.8.498.13172295193446466338347273836250944090,mcl_centre,53.45,3.054,24.871,0.0802,56.617,1.2.826.0.1.3680043.8.498.95664371863402128245068390926332309223,30,3.6,1,True
1.2.826.0.1.3680043.8.498.13173050135651736408720687361834045815,mcl_centre,34.442,-17.709,-22.877,0.0804,1.006,1.2.826.0.1.3680043.8.498.59835215508728069731959283293276698507,34,3.3,1,True
1.2.826.0.1.3680043.8.498.13173781757294564816839795307893228067,mcl_centre,-33.234,-77.895,-36.089,0.0899,1.107,1.2.826.0.1.3680043.8.498.56257541184000733984863485620830871492,19,4.4,1,True
1.2.826.0.1.3680043.8.498.13173926977743814814616127342102020710,mcl_centre,25.639,15.637,-36.169,0.1415,3.282,1.2.826.0.1.3680043.8.498.86434338464926043544856735437851674613,27,3.6,1,True
1.2.826.0.1.3680043.8.498.13176146790594027813190776550419533937,mcl_centre,-46.058,-12.291,-33.842,0.0682,2.267,1.2.826.0.1.3680043.8.498.67788777061231390747507596080213718321,23,4.95,1,True
1.2.826.0.1.3680043.8.498.13179169600887013946657470830682778717,mcl_centre,43.107,-16.375,-54.905,0.0841,0.938,1.2.826.0.1.3680043.8.498.45707726477265844021596890185906898506,32,3.3,1,True
1.2.826.0.1.3680043.8.498.13179829911816163852815103052496326166,mcl_centre,-48.363,-66.044,-6.839,0.0992,1.315,1.2.826.0.1.3680043.8.498.12117158130340035648568305526043034528,32,3.3,1,True
1.2.826.0.1.3680043.8.498.13197409499722328227876152940338160369,mcl_centre,41.919,-28.661,-42.83,0.0696,0.488,1.2.826.0.1.3680043.8.498.12948478195387372753671886049475465827,25,4.95,1,True
1.2.826.0.1.3680043.8.498.13199635020145400856987271814458645896,mcl_centre,-65.202,47.853,-52.976,0.0772,1.172,1.2.826.0.1.3680043.8.498.69148246354070396396104408010728577660,32,3.7,1,True
1.2.826.0.1.3680043.8.498.13200225436827306542001129042739578441,mcl_centre,-42.41,-54.136,-30.749,0.0958,1.992,1.2.826.0.1.3680043.8.498.47153153163651114589041669890187025788,32,3.3,1,True
1.2.826.0.1.3680043.8.498.13203246712933982189680087013566455075,mcl_centre,-58.959,-73.169,-23.088,0.0842,2.031,1.2.826.0.1.3680043.8.498.86112517179774720174442330902939890560,18,5.5,1,True
1.2.826.0.1.3680043.8.498.13207489724395276840990928372610055495,mcl_centre,44.784,-8.836,-37.717,0.0764,2.784,1.2.826.0.1.3680043.8.498.75995422442957411485267699088650075294,35,3.51,1,True
1.2.826.0.1.3680043.8.498.13210084125872700841685814144002495145,mcl_centre,-77.542,-46.304,-27.714,0.094,0.776,1.2.826.0.1.3680043.8.498.12797237278706555140493717270551268212,30,3.3,1,True
1.2.826.0.1.3680043.8.498.13211838518836535713919214396985811434,mcl_centre,-47.793,-15.553,2.37,0.0757,0.994,1.2.826.0.1.3680043.8.498.74138381258344375258100239434788111310,30,3.6,1,True
1.2.826.0.1.3680043.8.498.13212280182729018182073794487313115605,mcl_centre,-42.502,-4.192,-43.703,0.0981,0.784,1.2.826.0.1.3680043.8.498.12222796520419887914102149478633520285,32,3.3,1,True
1.2.826.0.1.3680043.8.498.13214267416673058581197714011913363750,mcl_centre,70.353,-47.154,-25.383,0.12,2.096,1.2.826.0.1.3680043.8.498.27182895313784726362989759743919405010,18,5.0,1,True
1.2.826.0.1.3680043.8.498.13222515831888962408632292783773537312,mcl_centre,-75.155,-35.32,-28.819,0.0782,0.758,1.2.826.0.1.3680043.8.498.30131984417750880029115479879583693391,30,4.597,1,True
1.2.826.0.1.3680043.8.498.13224933005220329091792052916905776921,mcl_centre,-18.74,-60.252,-24.598,0.1373,2.338,1.2.826.0.1.3680043.8.498.93319098130843696153014887822815453600,18,6.066,1,True
1.2.826.0.1.3680043.8.498.13226961394403558608712498872213808226,mcl_centre,-44.459,-20.733,-35.856,0.0655,2.423,1.2.826.0.1.3680043.8.498.82375644972737885347523511219199726716,30,3.6,1,True
1.2.826.0.1.3680043.8.498.13229563888378977350299319159748823477,mcl_centre,-64.837,-41.688,-39.694,0.0972,1.197,1.2.826.0.1.3680043.8.498.15219473032464831095562174985863402426,30,3.5,1,True
1.2.826.0.1.3680043.8.498.13232501202175905676335982676386953813,mcl_centre,-87.645,-1.827,-9.087,0.0656,41.005,1.2.826.0.1.3680043.8.498.12007154498049981923839921358511354010,34,3.3,1,True
1.2.826.0.1.3680043.8.498.13234278816788324761159326624155958655,mcl_centre,-33.634,-4.173,-23.667,0.1203,0.711,1.2.826.0.1.3680043.8.498.10117599435938402069124839118685619527,30,4.0,1,True
1.2.826.0.1.3680043.8.498.13240749152416621711688053465035013133,mcl_centre,77.548,-46.107,-34.718,0.1012,0.502,1.2.826.0.1.3680043.8.498.74502786875827768095712443321214647747,18,5.259,1,True
1.2.826.0.1.3680043.8.498.13242536312535334908597493894251783308,mcl_centre,79.143,-59.49,-26.443,0.0908,0.881,1.2.826.0.1.3680043.8.498.72011431883477457970706483326473766089,23,4.4,1,True
1.2.826.0.1.3680043.8.498.13245409855393847268063261203253424169,mcl_centre,-53.95,-67.831,-13.444,0.1102,1.265,1.2.826.0.1.3680043.8.498.26762368894363633612747485584691583563,30,3.3,1,True
1.2.826.0.1.3680043.8.498.13246496699722524712272293738359002501,mcl_centre,-68.699,-30.079,-18.685,0.0897,1.312,1.2.826.0.1.3680043.8.498.28631485569552384681701721967275113293,28,3.7,1,True
1.2.826.0.1.3680043.8.498.13256173302993031630968402868348974108,mcl_centre,-25.557,-37.351,-7.72,0.0763,3.813,1.2.826.0.1.3680043.8.498.40115217237380824531574400386759046047,32,3.3,1,True
1.2.826.0.1.3680043.8.498.13261595972961358158990410740461308054,mcl_centre,60.566,-63.375,-28.613,0.159,1.088,1.2.826.0.1.3680043.8.498.15449252141627639375107549460899320980,19,4.4,1,True
1.2.826.0.1.3680043.8.498.13262053361139017457941697384315610025,mcl_centre,-58.336,-69.822,5.521,0.0917,0.889,1.2.826.0.1.3680043.8.498.84718863918876400686050945247678782282,20,5.316,1,True
1.2.826.0.1.3680043.8.498.13262473718294425031790270527413368245,mcl_centre,91.085,-51.947,-16.321,0.0976,2.131,1.2.826.0.1.3680043.8.498.88331617024988433105064362711020807627,23,4.0,1,True
1.2.826.0.1.3680043.8.498.13262583253812134425581922368942846684,mcl_centre,-50.288,-12.603,-38.319,0.0876,0.447,1.2.826.0.1.3680043.8.498.13023154910746582102184730769735292767,32,3.3,1,True
1.2.826.0.1.3680043.8.498.13263128568157735797391439005687112733,mcl_centre,75.938,-48.585,-18.926,0.0993,0.85,1.2.826.0.1.3680043.8.498.53979703006362751386679294709664350996,16,5.774,1,True
1.2.826.0.1.3680043.8.498.13267708980958529833316446819156908381,mcl_centre,-60.278,-80.081,-16.383,0.0711,6.336,1.2.826.0.1.3680043.8.498.22233408771360290614297260456034121157,21,4.4,1,True
1.2.826.0.1.3680043.8.498.13267780356245120052411517053322874891,mcl_centre,14.275,-3.498,23.384,0.1004,1.167,1.2.826.0.1.3680043.8.498.63041321193340816564494138555216466576,23,4.4,1,True
1.2.826.0.1.3680043.8.498.13269841239774089690227054060975903636,mcl_centre,-54.542,8.624,-33.003,0.1077,0.588,1.2.826.0.1.3680043.8.498.37529407673758290376377411313488967862,26,3.5,1,True
1.2.826.0.1.3680043.8.498.13273890409523605456488117581706115075,mcl_centre,-45.131,-3.437,-18.589,0.1009,3.73,1.2.826.0.1.3680043.8.498.52643156795052538751112587273963251774,27,3.6,1,True
1.2.826.0.1.3680043.8.498.13280017707177438711374726939683941320,mcl_centre,80.228,-54.808,-2.124,0.0996,1.819,1.2.826.0.1.3680043.8.498.73851977330105121795464971768349734099,30,3.3,1,True
1.2.826.0.1.3680043.8.498.13283411144589724334502427926341646116,mcl_centre,-79.049,-38.8,5.25,0.0608,1.444,1.2.826.0.1.3680043.8.498.12074756018258262201697558023606551643,40,3.3,1,True
1.2.826.0.1.3680043.8.498.13284123714012951608998434802430211634,mcl_centre,-12.425,-9.446,-29.617,0.1162,2.024,1.2.826.0.1.3680043.8.498.15349536531881217555964707474035504950,25,3.6,1,True
1.2.826.0.1.3680043.8.498.13286048014183811835847662577023535662,mcl_centre,-32.437,-14.122,-22.936,0.0832,1.835,1.2.826.0.1.3680043.8.498.26260895244099527901547331681734574474,34,3.0,1,True
1.2.826.0.1.3680043.8.498.13288244567806030859347115222642155186,mcl_centre,-17.333,-64.756,-57.229,0.0902,1.705,1.2.826.0.1.3680043.8.498.12867290419567181542557069032173351225,19,4.8,1,True
1.2.826.0.1.3680043.8.498.13290698873574296175460151724606672982,mcl_centre,-25.371,-15.983,-17.627,0.0926,0.598,1.2.826.0.1.3680043.8.498.26461379753488694330670758760253114841,33,3.6,1,True
1.2.826.0.1.3680043.8.498.13291943370279119939499960846843879156,mcl_centre,-69.433,-38.108,-24.606,0.098,1.164,1.2.826.0.1.3680043.8.498.59001493619550394751349444281465434364,30,3.3,1,True
1.2.826.0.1.3680043.8.498.13295231176137292542631413614945667314,mcl_centre,-40.852,-16.974,7.44,0.0701,1.028,1.2.826.0.1.3680043.8.498.12815869235381419255690573555101639618,30,3.6,1,True
1.2.826.0.1.3680043.8.498.13295633458001436592005068637719195786,mcl_centre,31.109,72.787,-130.964,0.0787,0.693,1.2.826.0.1.3680043.8.498.99305956556113827429147507931253038707,30,3.7,1,True
1.2.826.0.1.3680043.8.498.13297973188397662905314777604089528518,mcl_centre,-4.964,-39.287,-2.239,0.105,1.031,1.2.826.0.1.3680043.8.498.97420238106950882785296111648154930946,30,3.5,1,True
1.2.826.0.1.3680043.8.498.13309299049346932814529962458932580753,mcl_centre,-52.934,6.409,-18.356,0.0903,0.92,1.2.826.0.1.3680043.8.498.10170666500069174010174315542068695060,30,4.0,1,True
1.2.826.0.1.3680043.8.498.13312139694018789912028129989483016875,mcl_centre,-36.344,13.915,-20.682,0.1375,0.867,1.2.826.0.1.3680043.8.498.21078615491260298233993127447974420634,28,4.0,1,True
1.2.826.0.1.3680043.8.498.13314276151860609710431717811242659651,mcl_centre,-88.463,-72.554,-13.83,0.1365,0.571,1.2.826.0.1.3680043.8.498.10031285995955397064012296381020595912,16,5.872,1,True
1.2.826.0.1.3680043.8.498.13319886927127591971322856062062654146,mcl_centre,77.17,-81.231,-23.61,0.0498,0.637,1.2.826.0.1.3680043.8.498.60616598981412838032497260129578325155,30,4.95,1,True
1.2.826.0.1.3680043.8.498.13321746459276191365724686301267421531,mcl_centre,-27.725,-8.762,-42.155,0.0906,2.523,1.2.826.0.1.3680043.8.498.10056920235938228721112806853631031057,24,4.95,1,True
1.2.826.0.1.3680043.8.498.13323187196249612936800308722675884644,mcl_centre,-20.228,-11.73,-16.399,0.1277,0.836,1.2.826.0.1.3680043.8.498.44414614226155148407057287396152002003,25,3.6,1,True
1.2.826.0.1.3680043.8.498.13328029743559327467301971917273397645,mcl_centre,-59.089,-47.024,-10.269,0.0919,0.633,1.2.826.0.1.3680043.8.498.17844953298239780229395061591482758725,30,3.3,1,True
1.2.826.0.1.3680043.8.498.13330694332190836651711643932953274573,mcl_centre,-55.272,7.001,-31.22,0.0692,1.358,1.2.826.0.1.3680043.8.498.15870568859304326233369071321676057060,32,3.7,1,True
1.2.826.0.1.3680043.8.498.13332521365069604440230185026865466121,mcl_centre,-53.879,4.488,-28.767,0.0863,0.949,1.2.826.0.1.3680043.8.498.36973361533538448860596237858481995885,34,3.51,1,True
1.2.826.0.1.3680043.8.498.13335129881737731410081002627729200903,mcl_centre,-38.13,-38.362,-31.908,0.0878,1.439,1.2.826.0.1.3680043.8.498.96243991448267206821172339346422614701,30,3.6,1,True
1.2.826.0.1.3680043.8.498.13335786652653204791740906118815827207,mcl_centre,79.028,-36.225,12.09,0.0983,1.09,1.2.826.0.1.3680043.8.498.10887163356410239870353579463130645724,30,3.3,1,True
1.2.826.0.1.3680043.8.498.13341507176140340924941654608476073030,mcl_centre,-61.996,-59.078,-30.052,0.0799,0.598,1.2.826.0.1.3680043.8.498.44230712575747346565636948253868649990,36,3.3,1,True
1.2.826.0.1.3680043.8.498.13353249891620291438488727876474802879,mcl_centre,71.386,-49.034,-8.708,0.1414,0.721,1.2.826.0.1.3680043.8.498.83549501015517358914700255877680953948,18,5.0,1,True
1.2.826.0.1.3680043.8.498.13353409340862821090624127486679097099,mcl_centre,72.305,-47.43,-31.876,0.1108,0.676,1.2.826.0.1.3680043.8.498.46877612393197212793968702043928232274,30,3.5,1,True
1.2.826.0.1.3680043.8.498.13353966209257569249620562863006006441,mcl_centre,-34.313,-11.527,-11.204,0.1145,1.881,1.2.826.0.1.3680043.8.498.78734311110769661097016986391977466805,27,4.4,1,True
1.2.826.0.1.3680043.8.498.13357923062946813820390731946535198170,mcl_centre,51.924,-22.918,-39.058,0.0846,0.538,1.2.826.0.1.3680043.8.498.36289079379915726536357135659134743464,32,3.3,1,True
1.2.826.0.1.3680043.8.498.13358702230966891064267033765095124604,mcl_centre,87.874,-33.913,-18.001,0.0718,3.21,1.2.826.0.1.3680043.8.498.10925493581370554406046856240821845251,33,3.5,1,True
1.2.826.0.1.3680043.8.498.13361877959630120404875545203408927433,mcl_centre,22.616,-24.537,-21.622,0.0915,4.315,1.2.826.0.1.3680043.8.498.12656931828806985172369463495268251309,33,3.5,1,True
1.2.826.0.1.3680043.8.498.13363562142644508091380459785810556567,mcl_centre,-30.479,-44.66,-32.448,0.1071,0.874,1.2.826.0.1.3680043.8.498.14148528325732718875579978243692083577,30,3.3,1,True
1.2.826.0.1.3680043.8.498.13363856251607349805111249441972460575,mcl_centre,84.73,-43.359,-38.822,0.0989,1.038,1.2.826.0.1.3680043.8.498.12681373114144834753627642628008143377,30,3.5,1,True
1.2.826.0.1.3680043.8.498.13367691581890020433564928882602648123,mcl_centre,-69.304,-61.852,-16.462,0.0815,1.427,1.2.826.0.1.3680043.8.498.85433020514631650039110095305530853912,40,3.3,1,True
1.2.826.0.1.3680043.8.498.13367740087756379568826046059252678700,mcl_centre,1.749,-25.224,-20.433,0.0573,1.685,1.2.826.0.1.3680043.8.498.19250813797275052096685451150664746714,29,4.5,1,True
1.2.826.0.1.3680043.8.498.13368881691140330168876825436602977388,mcl_centre,41.184,5.972,-26.189,0.0796,1.26,1.2.826.0.1.3680043.8.498.11421308220342411005690795516415285897,30,3.7,1,True
1.2.826.0.1.3680043.8.498.13369443704765101449274062863864122737,mcl_centre,49.082,0.583,-44.708,0.0788,1.016,1.2.826.0.1.3680043.8.498.10942826437681700365030363156314973029,28,3.5,1,True
1.2.826.0.1.3680043.8.498.13371001997511542011416510364359588752,mcl_centre,-80.547,-53.138,3.27,0.0943,64.133,1.2.826.0.1.3680043.8.498.44070065043951540390673969631264908773,17,5.5,1,True
1.2.826.0.1.3680043.8.498.13377426362348493372112241208607685717,mcl_centre,-62.331,-50.013,-39.347,0.0945,0.723,1.2.826.0.1.3680043.8.498.90801965473727531153336280209964209562,26,4.0,1,True
1.2.826.0.1.3680043.8.498.13380735447520796902327272696579348141,mcl_centre,-41.573,-22.054,-36.716,0.0786,1.979,1.2.826.0.1.3680043.8.498.88547968405327450531435358663069741720,34,3.0,1,True
1.2.826.0.1.3680043.8.498.13383972749798909973472489456126521194,mcl_centre,30.89,-8.206,2.217,0.0937,0.812,1.2.826.0.1.3680043.8.498.43778766112235831323048269818689644000,33,3.3,1,True
1.2.826.0.1.3680043.8.498.13390551515761269433524925969561757962,mcl_centre,4.637,-49.187,3.103,0.1063,0.85,1.2.826.0.1.3680043.8.498.26249791782192171881033808838775284271,30,3.3,1,True
1.2.826.0.1.3680043.8.498.13391735462825209934041441767886593395,mcl_centre,71.71,97.566,-13.06,0.0677,1.427,1.2.826.0.1.3680043.8.498.10217649962990978089530568109904968250,23,5.0,1,True
1.2.826.0.1.3680043.8.498.13393268272072264469105890769640363680,mcl_centre,62.71,-45.859,-13.959,0.1118,0.855,1.2.826.0.1.3680043.8.498.58453171970620154456551738521399843924,30,3.3,1,True
1.2.826.0.1.3680043.8.498.13399254446600380420635633478666850540,mcl_centre,-30.839,0.262,-7.616,0.0639,1.31,1.2.826.0.1.3680043.8.498.12629739962208531892137224817020346276,24,5.0,1,True
1.2.826.0.1.3680043.8.498.13400273795954308944359576841942016981,mcl_centre,72.075,-47.435,-19.931,0.0876,0.831,1.2.826.0.1.3680043.8.498.61611426646839720966237352838441198861,35,3.3,1,True
1.2.826.0.1.3680043.8.498.13405120554981098042415743645998258385,mcl_centre,74.312,-63.04,-13.229,0.1228,1.055,1.2.826.0.1.3680043.8.498.28459331255422762523729996092665538340,30,3.5,1,True
1.2.826.0.1.3680043.8.498.13430522388784978790587514142693914965,mcl_centre,-50.345,-35.015,-24.996,0.08,1.181,1.2.826.0.1.3680043.8.498.56915500623135787595672207666939921384,32,3.3,1,True
1.2.826.0.1.3680043.8.498.13440909104569690641314836192184434461,mcl_centre,-39.091,-48.183,-36.991,0.1036,0.517,1.2.826.0.1.3680043.8.498.78215186478283206718932639891393172840,36,3.3,1,True
1.2.826.0.1.3680043.8.498.13455212888114594010716499984611216646,mcl_centre,-60.147,-32.649,-66.009,0.0935,0.675,1.2.826.0.1.3680043.8.498.71813330087786309399874373993184667855,28,3.7,1,True
1.2.826.0.1.3680043.8.498.13459473184684263663596121399737033933,mcl_centre,53.71,-57.787,0.351,0.0944,0.907,1.2.826.0.1.3680043.8.498.13142794401056816483948480640810903137,30,3.3,1,True
1.2.826.0.1.3680043.8.498.13460078631594032326006554321483799928,mcl_centre,54.979,-47.669,-16.371,0.1437,1.472,1.2.826.0.1.3680043.8.498.65769608325440510524895330892942689612,18,5.0,1,True
1.2.826.0.1.3680043.8.498.13460268079835549295338279322112693785,mcl_centre,57.245,9.358,-8.469,0.0665,65.337,1.2.826.0.1.3680043.8.498.48900108950423597673145391859397003145,27,4.0,1,True
1.2.826.0.1.3680043.8.498.13461073016327661159616957998589287085,mcl_centre,-72.958,-53.236,-12.817,0.115,2.423,1.2.826.0.1.3680043.8.498.89330924282837497351038943171171149912,30,3.5,1,True
1.2.826.0.1.3680043.8.498.13463672277039459152171414002273376185,mcl_centre,70.565,-20.865,-32.403,0.0788,0.503,1.2.826.0.1.3680043.8.498.72854672927998858684227481092484697692,34,4.0,1,True
1.2.826.0.1.3680043.8.498.13505671694940677161128783863912245059,mcl_centre,70.634,-22.439,-42.538,0.0976,0.777,1.2.826.0.1.3680043.8.498.48394330272708442161187884475172778393,30,3.7,1,True
1.2.826.0.1.3680043.8.498.13575953449958751965232580597585303226,mcl_centre,-78.948,-72.452,-16.982,0.0922,0.73,1.2.826.0.1.3680043.8.498.41459724417591746229429905870525495688,20,7.027,1,True
1.2.826.0.1.3680043.8.498.13597463452741791628023738080583139636,mcl_centre,-70.074,-46.588,21.418,0.1071,0.798,1.2.826.0.1.3680043.8.498.12668030742047794443569918056877292188,30,3.3,1,True
1.2.826.0.1.3680043.8.498.13616982533395291590655841043722813973,mcl_centre,-72.944,-39.467,-22.832,0.0891,0.819,1.2.826.0.1.3680043.8.498.71110794349651173186627170248617547989,30,3.3,1,True
1.2.826.0.1.3680043.8.498.13660439785395658826946769630921591235,mcl_centre,14.393,10.664,-40.649,0.1077,0.874,1.2.826.0.1.3680043.8.498.91837780147919383995470616215531865235,32,3.6,1,True
1.2.826.0.1.3680043.8.498.13695989890112408005495264068064110179,mcl_centre,-59.524,12.517,-30.024,0.0923,0.804,1.2.826.0.1.3680043.8.498.25072383915505970206154368352921394237,34,3.5,1,True
1.2.826.0.1.3680043.8.498.13737588520456064856233576393747389054,mcl_centre,-23.51,53.958,-8.974,0.0792,1.538,1.2.826.0.1.3680043.8.498.76641180234093995861290716256405201378,35,3.5,1,True
1.2.826.0.1.3680043.8.498.13762716088334302039143651507177887969,mcl_centre,-58.329,-67.866,-5.406,0.1353,0.835,1.2.826.0.1.3680043.8.498.11752207174069132236164374608319355607,16,4.812,1,True
1.2.826.0.1.3680043.8.498.13829111847660458141056077151781118782,mcl_centre,-31.468,-40.085,-38.345,0.0958,2.438,1.2.826.0.1.3680043.8.498.37018623125394049923299534128424335655,28,3.3,1,True
1.2.826.0.1.3680043.8.498.13843368750899904654034226115826130084,mcl_centre,-68.837,-50.286,-2.954,0.1118,0.821,1.2.826.0.1.3680043.8.498.12280187942957054853995700262870394015,28,3.7,1,True
1.2.826.0.1.3680043.8.498.13879163301346984697246311226647565712,mcl_centre,69.456,-64.316,-34.299,0.0609,0.975,1.2.826.0.1.3680043.8.498.11581687063757203840414746282562203591,26,4.95,1,True
1.2.826.0.1.3680043.8.498.13915367834258386094001181500560177470,mcl_centre,-68.992,-53.934,7.012,0.089,0.97,1.2.826.0.1.3680043.8.498.12692171625978580887408996263449876872,34,3.3,1,True
1.2.826.0.1.3680043.8.498.13958765761660666865188384031150827763,mcl_centre,-50.898,-32.062,-31.592,0.0854,1.246,1.2.826.0.1.3680043.8.498.32395110215759589163395645686326515183,32,3.3,1,True
1.2.826.0.1.3680043.8.498.13972325309264527611989585341636140156,mcl_centre,29.431,-24.912,-26.443,0.0941,2.255,1.2.826.0.1.3680043.8.498.92595789272599769707955166092086885419,38,3.5,1,True
1.2.826.0.1.3680043.8.498.13975027824128345697756313869165838055,mcl_centre,62.506,-45.9,-34.584,0.0993,0.918,1.2.826.0.1.3680043.8.498.45133718767024782194516783521288927096,30,3.7,1,True
1.2.826.0.1.3680043.8.498.14024129019390041106306062001538710978,mcl_centre,70.726,-35.97,-26.345,0.1059,1.466,1.2.826.0.1.3680043.8.498.76569979952991235615019413239624025965,40,3.3,1,True
1.2.826.0.1.3680043.8.498.14032903253348079919799627243690484791,mcl_centre,-37.383,-8.783,-51.553,0.0692,1.205,1.2.826.0.1.3680043.8.498.79298927630274883864926029902340677149,32,3.3,1,True
1.2.826.0.1.3680043.8.498.14061227335828384505403558788548348446,mcl_centre,28.794,20.544,-51.688,0.0925,0.735,1.2.826.0.1.3680043.8.498.32524759258264642848538705294327271474,31,3.85,1,True
1.2.826.0.1.3680043.8.498.14066537811671722419109228137841995847,mcl_centre,-63.514,-52.826,-20.128,0.0755,0.895,1.2.826.0.1.3680043.8.498.29842315591154130884173324180586072039,37,3.3,1,True
1.2.826.0.1.3680043.8.498.14117402902169664329719927863268363596,mcl_centre,-48.571,-27.712,-19.337,0.049,4.561,1.2.826.0.1.3680043.8.498.92022340056329196871395150777384331875,39,3.5,1,True
1.2.826.0.1.3680043.8.498.14137431039800236510749401303688858447,mcl_centre,-49.608,-52.942,-9.053,0.1003,0.799,1.2.826.0.1.3680043.8.498.45659214070400115978108961645052707810,21,4.4,1,True
1.2.826.0.1.3680043.8.498.14188540532926067083914263496492255704,mcl_centre,52.305,15.276,-67.376,0.1264,2.482,1.2.826.0.1.3680043.8.498.84093625140582342897132806935014270526,31,3.6,1,True
1.2.826.0.1.3680043.8.498.14218113768651197803980865495163189825,mcl_centre,-45.477,2.809,-30.167,0.0998,3.821,1.2.826.0.1.3680043.8.498.57067784282580908133866557667910129047,32,3.6,1,True
1.2.826.0.1.3680043.8.498.14229598279617168024212382336641104878,mcl_centre,-27.086,-10.765,-25.467,0.0692,1.159,1.2.826.0.1.3680043.8.498.10817292517810590487790339797526502182,34,3.3,1,True
1.2.826.0.1.3680043.8.498.14236519693915284584208989450687591759,mcl_centre,-16.494,21.617,4.476,0.0772,1.2,1.2.826.0.1.3680043.8.498.68309257162901271908542022072121353067,43,3.5,1,True
1.2.826.0.1.3680043.8.498.14300107110014472682373589824643789093,mcl_centre,49.929,-54.433,-17.893,0.1041,1.159,1.2.826.0.1.3680043.8.498.90940965337890969138779175265352480876,30,3.3,1,True
1.2.826.0.1.3680043.8.498.14325424371811230497993759959862738838,mcl_centre,-34.196,-11.581,11.275,0.095,0.879,1.2.826.0.1.3680043.8.498.97436884269166372400603740472534704635,30,3.6,1,True
1.2.826.0.1.3680043.8.498.14347036698014475959973071477777915575,mcl_centre,28.905,-55.866,-28.29,0.0972,0.931,1.2.826.0.1.3680043.8.498.13204302639611317127353024933529432138,23,4.5,1,True
1.2.826.0.1.3680043.8.498.14377917653321813299237274871837695586,mcl_centre,71.524,-49.903,-19.227,0.1035,0.891,1.2.826.0.1.3680043.8.498.97117617103730831401053398390541071604,28,3.5,1,True
1.2.826.0.1.3680043.8.498.14400292895187181989838122627394761532,mcl_centre,49.858,-12.558,-14.436,0.0752,0.786,1.2.826.0.1.3680043.8.498.95875593254469518994236310298572716865,30,3.0,1,True
1.2.826.0.1.3680043.8.498.14453847272947043746856632410254555895,mcl_centre,4.222,48.152,-19.438,0.1097,1.635,1.2.826.0.1.3680043.8.498.28011861625140900968117786968840272157,30,3.5,1,True
1.2.826.0.1.3680043.8.498.14472261871417480346162193127520918127,mcl_centre,74.529,-56.442,-70.654,0.0882,1.687,1.2.826.0.1.3680043.8.498.90726719143843427155669185780255922815,34,3.5,1,True
1.2.826.0.1.3680043.8.498.14477978091360159774052709992034078166,mcl_centre,50.702,-47.827,-37.367,0.0812,1.571,1.2.826.0.1.3680043.8.498.12512979049929551486649664757378615153,34,3.3,1,True
1.2.826.0.1.3680043.8.498.14479913217228604289584726096114526268,mcl_centre,47.738,-63.029,-28.313,0.0893,2.006,1.2.826.0.1.3680043.8.498.68731309260421221178206060419875669929,20,4.8,1,True
1.2.826.0.1.3680043.8.498.14490539215064287912254286565666891557,mcl_centre,39.223,-95.548,-45.14,0.0864,0.703,1.2.826.0.1.3680043.8.498.73151606215530194263189921650078829272,17,5.4,1,True
1.2.826.0.1.3680043.8.498.14495028403937132710814780922642512791,mcl_centre,-68.707,-45.102,-24.28,0.1035,2.065,1.2.826.0.1.3680043.8.498.78862485815010288283529715012863698940,30,3.3,1,True
1.2.826.0.1.3680043.8.498.14511862461248267537051973802039959211,mcl_centre,-67.846,5.365,-8.153,0.0877,1.714,1.2.826.0.1.3680043.8.498.12776317144904769408299851103772945558,32,3.5,1,True
1.2.826.0.1.3680043.8.498.14558486491688263090686005096911018438,mcl_centre,45.861,47.04,-12.919,0.0751,0.727,1.2.826.0.1.3680043.8.498.40467458821845670062190474048714921763,38,3.7,1,True
1.2.826.0.1.3680043.8.498.14679140388328648617386311272361396555,mcl_centre,-48.013,4.811,-0.089,0.0702,0.997,1.2.826.0.1.3680043.8.498.74276667692591008513597695492686994934,40,3.3,1,True
1.2.826.0.1.3680043.8.498.14728068688166107022558957899468489735,mcl_centre,63.305,-96.146,-41.15,0.1226,2.006,1.2.826.0.1.3680043.8.498.32682713555794910834620259419821400989,20,4.8,1,True
1.2.826.0.1.3680043.8.498.14744714658078107007743063095375646143,mcl_centre,-67.405,-48.827,-26.349,0.1079,1.864,1.2.826.0.1.3680043.8.498.42124904643662366714124313222102794977,30,3.3,1,True
1.2.826.0.1.3680043.8.498.14770617961376953596780345652892307570,mcl_centre,40.355,-14.547,-12.6,0.0837,0.925,1.2.826.0.1.3680043.8.498.57781237231925934815208630072175328012,35,3.3,1,True
1.2.826.0.1.3680043.8.498.14776241668061173271058268311868302014,mcl_centre,50.818,-23.475,-54.746,0.0955,1.591,1.2.826.0.1.3680043.8.498.17650945733091803148069698557780696599,30,4.5,1,True
1.2.826.0.1.3680043.8.498.14806659119591146961784818305031900863,mcl_centre,-34.292,-21.957,-5.895,0.0657,1.157,1.2.826.0.1.3680043.8.498.86667844187689107729696119115600750550,32,3.3,1,True
1.2.826.0.1.3680043.8.498.14845527334849156639306067473358712770,mcl_centre,67.865,-16.458,-18.111,0.0898,0.463,1.2.826.0.1.3680043.8.498.46570727660183872328887860399076413067,33,3.3,1,True
1.2.826.0.1.3680043.8.498.14850534390650184292244380816212794996,mcl_centre,50.299,-61.154,-26.084,0.0848,1.845,1.2.826.0.1.3680043.8.498.11648567984890204372100494414033841840,33,3.3,1,True
1.2.826.0.1.3680043.8.498.14958560978176121375035839707004667832,mcl_centre,-56.076,-2.482,-3.353,0.0594,1.202,1.2.826.0.1.3680043.8.498.12745481127900097143331668576381566974,30,3.3,1,True
1.2.826.0.1.3680043.8.498.14959561028578335448289993045623217861,mcl_centre,25.17,-16.292,-11.806,0.1109,1.041,1.2.826.0.1.3680043.8.498.83926311914754618541592532127099651984,31,4.0,1,True
1.2.826.0.1.3680043.8.498.14959732862523218997149041503831001633,mcl_centre,80.38,-43.632,-26.631,0.1006,1.51,1.2.826.0.1.3680043.8.498.31613561414444483494983829841191685872,30,3.5,1,True
1.2.826.0.1.3680043.8.498.14963472809950919852176661973255059069,mcl_centre,-42.011,-3.055,-22.583,0.1066,1.3,1.2.826.0.1.3680043.8.498.55845631348480691429073048531514802875,32,3.7,1,True
1.2.826.0.1.3680043.8.498.15024602758408626305833210011882949904,mcl_centre,27.626,35.417,-84.178,0.0995,1.694,1.2.826.0.1.3680043.8.498.62504914318647034155565795033005941107,28,4.2,1,True
1.2.826.0.1.3680043.8.498.15025957400098336605043184930980421418,mcl_centre,-36.225,19.055,-13.798,0.1164,0.782,1.2.826.0.1.3680043.8.498.13227156330997586585940293461814122733,25,4.0,1,True
1.2.826.0.1.3680043.8.498.15065556607080211420503043544482923211,mcl_centre,-66.081,-45.654,-67.345,0.0936,53.239,1.2.826.0.1.3680043.8.498.80043237350410960959365086204262222794,19,4.8,1,True
1.2.826.0.1.3680043.8.498.15090991392324602559982474708414427621,mcl_centre,64.481,-50.367,-43.729,0.0847,1.156,1.2.826.0.1.3680043.8.498.36664361745804637974259415452478954770,16,6.0,1,True
1.2.826.0.1.3680043.8.498.15103255966832759925770334719703425755,mcl_centre,58.619,-67.824,24.411,0.0625,78.24,1.2.826.0.1.3680043.8.498.11537928545300857688151899088522181955,36,3.3,1,True
1.2.826.0.1.3680043.8.498.15133818248365103660456294775831248835,mcl_centre,-33.827,-4.814,-26.702,0.0848,0.652,1.2.826.0.1.3680043.8.498.12495701555036223911988627707373123596,30,3.6,1,True
1.2.826.0.1.3680043.8.498.15219410096632334470101257478715035071,mcl_centre,-38.74,-73.227,3.034,0.0754,67.38,1.2.826.0.1.3680043.8.498.51871679587091401199635535309418306001,20,4.4,1,True
1.2.826.0.1.3680043.8.498.15219824433491621460467738389345697247,mcl_centre,29.325,-22.541,-18.239,0.0983,1.449,1.2.826.0.1.3680043.8.498.76743449480601223421451892130351976238,34,3.3,1,True
1.2.826.0.1.3680043.8.498.15297444019822621504849851092382560980,mcl_centre,48.042,-30.651,-29.404,0.0722,1.266,1.2.826.0.1.3680043.8.498.13374804614025648979830654979480187101,38,3.3,1,True
1.2.826.0.1.3680043.8.498.15326951535563258414956521742264374802,mcl_centre,-46.174,-55.246,-22.506,0.0614,0.629,1.2.826.0.1.3680043.8.498.17686472396988866378012308938108054575,32,3.3,1,True
1.2.826.0.1.3680043.8.498.15337067581747365729183643142512558411,mcl_centre,43.327,-10.177,-52.023,0.0858,2.223,1.2.826.0.1.3680043.8.498.12546750180485779506634171741176682250,30,3.6,1,True
1.2.826.0.1.3680043.8.498.15360150088598749206650025637914821738,mcl_centre,32.526,-27.75,-1.422,0.0804,1.002,1.2.826.0.1.3680043.8.498.85209447296560548781965949457490592337,32,3.3,1,True
1.2.826.0.1.3680043.8.498.15376535778246978844757121776560020722,mcl_centre,67.763,-49.32,-24.153,0.1023,0.776,1.2.826.0.1.3680043.8.498.59979640602337910455395408094947053981,28,3.5,1,True
1.2.826.0.1.3680043.8.498.15399233309269178192583032682669258885,mcl_centre,79.807,-46.796,-12.845,0.1125,0.562,1.2.826.0.1.3680043.8.498.32090945954276474544358549546238142054,30,3.3,1,True
1.2.826.0.1.3680043.8.498.15428051518761311558410606976607852351,mcl_centre,-86.526,-59.864,-26.94,0.0851,2.026,1.2.826.0.1.3680043.8.498.11351272094114649644789984461230635610,30,3.7,1,True
1.2.826.0.1.3680043.8.498.15444316810805746453392291780593934328,mcl_centre,31.717,1.503,-2.296,0.1383,0.425,1.2.826.0.1.3680043.8.498.11282986184446546202796853192709110745,22,4.0,1,True
1.2.826.0.1.3680043.8.498.15468179600399954478612037548577772269,mcl_centre,-51.491,-83.631,-41.266,0.0905,0.929,1.2.826.0.1.3680043.8.498.64944061470568845504786298171384742749,19,4.4,1,True
1.2.826.0.1.3680043.8.498.15486463042236628073590077209793828847,mcl_centre,-41.2,-4.726,-18.813,0.079,0.761,1.2.826.0.1.3680043.8.498.53001439960508191692531392664979540299,32,3.3,1,True
1.2.826.0.1.3680043.8.498.15522600887743817464976568872439594397,mcl_centre,-25.555,-3.394,-13.223,0.0588,2.264,1.2.826.0.1.3680043.8.498.90729909943541777278399310343577974575,29,5.0,1,True
1.2.826.0.1.3680043.8.498.15539098084847502447238233198010208924,mcl_centre,-43.533,-54.245,-6.552,0.1068,1.42,1.2.826.0.1.3680043.8.498.38027356970865916231145875540288522421,28,3.3,1,True
1.2.826.0.1.3680043.8.498.15593638897292057356864060466120253309,mcl_centre,61.968,-27.727,28.731,0.0965,0.608,1.2.826.0.1.3680043.8.498.73127499467939720527906202987466290278,32,3.3,1,True
1.2.826.0.1.3680043.8.498.15595595490910196952568459534537629865,mcl_centre,-74.567,-35.08,-35.84,0.0891,1.265,1.2.826.0.1.3680043.8.498.31795652286153805948478791096843053535,30,3.3,1,True
1.2.826.0.1.3680043.8.498.15599161312748548709240395406977042093,mcl_centre,-46.326,-7.675,-14.438,0.0534,1.273,1.2.826.0.1.3680043.8.498.12897389797232033766573204524033060085,40,3.5,1,True
1.2.826.0.1.3680043.8.498.15630146025588580188363070220779173742,mcl_centre,-18.679,-0.972,-38.095,0.0679,10.352,1.2.826.0.1.3680043.8.498.11901515020193471383757492965207397930,25,3.6,1,True
1.2.826.0.1.3680043.8.498.15709232000390534671340322807442769184,mcl_centre,34.667,-46.394,-35.902,0.1008,1.476,1.2.826.0.1.3680043.8.498.12570885588677558220219963751539923740,40,3.3,1,True
1.2.826.0.1.3680043.8.498.15744573360087157139672078937679122840,mcl_centre,-50.604,-51.923,-18.886,0.0725,3.635,1.2.826.0.1.3680043.8.498.10274959727429382362338613778199794539,27,4.0,1,True
1.2.826.0.1.3680043.8.498.15851463019383290210760064201595021029,mcl_centre,42.485,-28.376,-41.026,0.1107,1.057,1.2.826.0.1.3680043.8.498.59087903258225147013185279987130229217,22,4.95,1,True
1.2.826.0.1.3680043.8.498.15863325224755490561125835019647303556,mcl_centre,-67.014,-27.376,-23.599,0.1113,0.95,1.2.826.0.1.3680043.8.498.50514196817816487484404908007305477421,18,5.0,1,True
1.2.826.0.1.3680043.8.498.15969838281154273030237391394632849764,mcl_centre,-30.525,-51.12,-29.25,0.1018,1.21,1.2.826.0.1.3680043.8.498.13109147671558933273565629325083279436,28,3.3,1,True
1.2.826.0.1.3680043.8.498.16046164723877343553376490423345098256,mcl_centre,-74.587,-32.206,-63.569,0.0608,55.09,1.2.826.0.1.3680043.8.498.11097191250036571480459781109658421061,36,3.3,1,True
1.2.826.0.1.3680043.8.498.16051798246004436152597344963060310360,mcl_centre,14.081,-27.851,-15.638,0.1519,2.143,1.2.826.0.1.3680043.8.498.79501700565763159532180859145561748723,26,4.5,1,True
1.2.826.0.1.3680043.8.498.16060119389060497136231217718921482192,mcl_centre,-37.947,-45.347,-34.222,0.1026,0.636,1.2.826.0.1.3680043.8.498.56489188975219855943731152460524612324,35,3.5,1,True
1.2.826.0.1.3680043.8.498.16101435445990180482665354366724730305,mcl_centre,37.795,-58.426,-52.821,0.0847,1.155,1.2.826.0.1.3680043.8.498.81558154581772814011325313329220618042,33,3.3,1,True
1.2.826.0.1.3680043.8.498.16158812105029662172517682642229718094,mcl_centre,70.176,-69.365,7.236,0.1047,2.055,1.2.826.0.1.3680043.8.498.64697356717312527393176728436388958424,22,4.95,1,True
1.2.826.0.1.3680043.8.498.16164261456077269604929662134371603081,mcl_centre,-48.265,-17.075,-10.54,0.076,1.465,1.2.826.0.1.3680043.8.498.34375250786030727026773690676301401790,30,3.6,1,True
1.2.826.0.1.3680043.8.498.16189833935983604051983090678102023832,mcl_centre,71.006,-65.984,-44.338,0.0821,3.478,1.2.826.0.1.3680043.8.498.79431861790496719843037000361536288529,25,4.5,1,True
1.2.826.0.1.3680043.8.498.16200518336931321995379999168737787921,mcl_centre,37.624,-37.368,-23.054,0.1025,0.676,1.2.826.0.1.3680043.8.498.10273917972418396700537785096040650198,37,3.3,1,True
1.2.826.0.1.3680043.8.498.16225091905018667993201414191711776943,mcl_centre,-34.447,5.486,-16.055,0.1025,0.349,1.2.826.0.1.3680043.8.498.75937767717577301334391001171655537719,28,4.0,1,True
1.2.826.0.1.3680043.8.498.16258190393569006141285550986533848849,mcl_centre,-31.179,-44.688,-21.571,0.0957,1.127,1.2.826.0.1.3680043.8.498.13390506611005683476748645884843212805,27,3.85,1,True
1.2.826.0.1.3680043.8.498.16318078762749420171833135145622117452,mcl_centre,-38.065,-19.101,-32.487,0.0934,0.916,1.2.826.0.1.3680043.8.498.42424365143895266352185963707993414571,29,3.3,1,True
1.2.826.0.1.3680043.8.498.16338296537380784459604897543069625390,mcl_centre,55.164,-22.007,-11.426,0.1174,0.567,1.2.826.0.1.3680043.8.498.13034918818738639373300711871660196976,29,3.3,1,True
1.2.826.0.1.3680043.8.498.16364873390453802195568603605191835957,mcl_centre,45.698,-36.94,-43.288,0.0638,1.539,1.2.826.0.1.3680043.8.498.12443975860617311373673939452081959689,25,4.95,1,True
1.2.826.0.1.3680043.8.498.16370303687278282143772106415664171358,mcl_centre,-38.334,-45.403,-50.233,0.119,1.934,1.2.826.0.1.3680043.8.498.93000536059902033019934073406615850506,28,3.3,1,True
1.2.826.0.1.3680043.8.498.16397020531009156965821242117417547331,mcl_centre,50.031,52.862,32.556,0.0734,70.062,1.2.826.0.1.3680043.8.498.38662665861825841519249648166034217849,28,3.7,1,True
1.2.826.0.1.3680043.8.498.16469256144078887607437578587242258846,mcl_centre,-60.311,-8.529,-38.674,0.0855,1.353,1.2.826.0.1.3680043.8.498.26302070602049575401109396480371143715,32,3.6,1,True
1.2.826.0.1.3680043.8.498.16483470188406187000599644150600279596,mcl_centre,-30.75,-3.526,-15.208,0.1052,0.714,1.2.826.0.1.3680043.8.498.23261806647275196854334288553198356486,30,3.6,1,True
1.2.826.0.1.3680043.8.498.16527747624688737126118546487228060848,mcl_centre,42.995,-57.444,-57.337,0.0682,3.478,1.2.826.0.1.3680043.8.498.94289114197515144799389071375783987500,28,3.3,1,True
1.2.826.0.1.3680043.8.498.16534078612126477228267765508485297367,mcl_centre,75.776,-67.871,-24.531,0.0858,0.66,1.2.826.0.1.3680043.8.498.22573284671221511626087980913282556984,28,3.5,1,True
1.2.826.0.1.3680043.8.498.16538738179840493095338324009830673843,mcl_centre,49.987,-45.907,-35.768,0.0993,0.922,1.2.826.0.1.3680043.8.498.59164772246968645754590209453369238878,30,3.7,1,True
1.2.826.0.1.3680043.8.498.16550793987525699514242241133391355835,mcl_centre,77.472,-37.382,-9.27,0.1074,0.92,1.2.826.0.1.3680043.8.498.12773871760832130844346942260218749063,30,3.5,1,True
1.2.826.0.1.3680043.8.498.16581426215518472805200227992550139190,mcl_centre,42.656,-31.629,-25.913,0.0757,1.727,1.2.826.0.1.3680043.8.498.16028635993652686272204428091886530475,36,3.51,1,True
1.2.826.0.1.3680043.8.498.16589468854653713035210251187012168350,mcl_centre,82.676,-70.633,-23.477,0.0853,3.38,1.2.826.0.1.3680043.8.498.40439654807768111271850089654169398117,20,4.95,1,True
1.2.826.0.1.3680043.8.498.16657553974040122719239506008948241297,mcl_centre,-48.967,13.243,21.039,0.064,1.267,1.2.826.0.1.3680043.8.498.69762413298761185605758023912651630658,30,3.3,1,True
1.2.826.0.1.3680043.8.498.16666020201961191623151386398626511849,mcl_centre,73.353,-54.372,-44.626,0.1082,0.793,1.2.826.0.1.3680043.8.498.17262462761589987834957620507973347685,30,3.3,1,True
1.2.826.0.1.3680043.8.498.16674237773422474998796191258459643061,mcl_centre,-56.872,39.087,10.095,0.0779,0.828,1.2.826.0.1.3680043.8.498.29144578983940275874136607538448725359,28,3.7,1,True
1.2.826.0.1.3680043.8.498.16691383858003633107641297162554868325,mcl_centre,-44.962,-25.69,-27.487,0.0983,4.143,1.2.826.0.1.3680043.8.498.10789400917435187020582702414779185270,20,4.95,1,True
1.2.826.0.1.3680043.8.498.16709565360569239280032743619008187278,mcl_centre,45.961,59.72,-73.148,0.0922,0.592,1.2.826.0.1.3680043.8.498.95337096257908275675205516501718123203,30,3.7,1,True
1.2.826.0.1.3680043.8.498.16709696133689803501344038926512501779,mcl_centre,41.59,48.942,-21.424,0.0994,1.512,1.2.826.0.1.3680043.8.498.96815400880034569079690695996847158471,25,4.0,1,True
1.2.826.0.1.3680043.8.498.16718788321951483456195507236392554704,mcl_centre,-51.146,-39.6,-9.255,0.0632,2.283,1.2.826.0.1.3680043.8.498.53691276667943103178282327560973858717,36,4.2,1,True
1.2.826.0.1.3680043.8.498.16724013341359693140331158148551346369,mcl_centre,47.441,-41.086,-53.522,0.1026,0.634,1.2.826.0.1.3680043.8.498.63952818381988713704370543580975175984,28,3.3,1,True
1.2.826.0.1.3680043.8.498.16774450022563283092653506225603012645,mcl_centre,55.898,-53.921,-57.322,0.0548,1.242,1.2.826.0.1.3680043.8.498.18866315960380092352344078295665072388,36,3.3,1,True
1.2.826.0.1.3680043.8.498.16812524557513419866531695739014681414,mcl_centre,80.238,11.507,-33.001,0.115,2.264,1.2.826.0.1.3680043.8.498.77207325005228809695380601793615826402,30,3.3,1,True
1.2.826.0.1.3680043.8.498.16843381581429596234606436682284624187,mcl_centre,67.977,-38.111,-18.876,0.1059,0.636,1.2.826.0.1.3680043.8.498.89186693694269795828987544534570473115,30,3.7,1,True
1.2.826.0.1.3680043.8.498.16845451648760595922758166878121325861,mcl_centre,-72.058,-26.556,-97.495,0.1338,0.543,1.2.826.0.1.3680043.8.498.65967672811001322628298472116171892705,16,5.072,1,True
1.2.826.0.1.3680043.8.498.16862596867845295946732698348903803700,mcl_centre,-49.033,-84.566,-30.089,0.0805,2.945,1.2.826.0.1.3680043.8.498.53794421319470344804452278768014318188,20,4.8,1,True
1.2.826.0.1.3680043.8.498.16864649493021092944977766326505053153,mcl_centre,39.338,-25.436,-4.159,0.0691,1.871,1.2.826.0.1.3680043.8.498.55260488237414809001536308036811068419,30,3.5,1,True
1.2.826.0.1.3680043.8.498.16886658450293145802897654768506439494,mcl_centre,30.045,19.554,-0.857,0.0767,0.594,1.2.826.0.1.3680043.8.498.68120074886840050845716533146421727044,28,3.5,1,True
1.2.826.0.1.3680043.8.498.17049315826418217889213226790962592213,mcl_centre,42.757,-36.126,-21.902,0.1028,0.728,1.2.826.0.1.3680043.8.498.55362744780985950088090964573087688681,30,3.7,1,True
1.2.826.0.1.3680043.8.498.17056997047488992455301411194938263817,mcl_centre,82.283,-44.495,-9.681,0.0961,0.443,1.2.826.0.1.3680043.8.498.10582147383537756553120307350272049548,26,3.5,1,True
1.2.826.0.1.3680043.8.498.17070139245390396445395414066427036835,mcl_centre,-49.402,-109.194,-44.244,0.0942,0.995,1.2.826.0.1.3680043.8.498.10450132118492513079615987759298999272,19,5.2,1,True
1.2.826.0.1.3680043.8.498.17074746747536999918446136673966046653,mcl_centre,18.503,0.21,-50.498,0.1153,2.802,1.2.826.0.1.3680043.8.498.21391366533659449219705201843914186442,25,3.6,1,True
1.2.826.0.1.3680043.8.498.17092147498062993594620309531155267119,mcl_centre,-47.44,-43.425,-30.003,0.0301,3.038,1.2.826.0.1.3680043.8.498.49681633921337925891548087966569178377,30,3.5,1,True
1.2.826.0.1.3680043.8.498.17093025979426350838724553020541643719,mcl_centre,78.974,-53.508,-8.948,0.0844,2.106,1.2.826.0.1.3680043.8.498.68852367944812464711655373652978223705,28,3.5,1,True
1.2.826.0.1.3680043.8.498.17107696939614797679012793547913769707,mcl_centre,32.487,2.213,-19.231,0.091,0.571,1.2.826.0.1.3680043.8.498.11588956579551990766989965769026919681,32,3.3,1,True
1.2.826.0.1.3680043.8.498.17123244662958741977525806700986256210,mcl_centre,75.954,38.221,-123.458,0.072,72.244,1.2.826.0.1.3680043.8.498.22965301896021372832084670550611368524,30,3.7,1,True
1.2.826.0.1.3680043.8.498.17146868851921828837871671912815843012,mcl_centre,-71.469,-55.589,-6.467,0.0901,1.442,1.2.826.0.1.3680043.8.498.11476771885418266861239296371723887457,28,3.7,1,True
1.2.826.0.1.3680043.8.498.17160610480070701553118850947260201608,mcl_centre,-79.084,-86.386,3.692,0.1049,1.161,1.2.826.0.1.3680043.8.498.92699192625251480850446200000368341186,16,7.089,1,True
1.2.826.0.1.3680043.8.498.17241550277273207658303011467222594165,mcl_centre,46.865,-27.982,-2.473,0.0896,0.678,1.2.826.0.1.3680043.8.498.10862322256303236461435975213568110255,40,3.6,1,True
1.2.826.0.1.3680043.8.498.17265093113586420061761042467476063876,mcl_centre,110.486,-60.077,-18.683,0.0558,70.262,1.2.826.0.1.3680043.8.498.76127206873042321075993883548429763706,23,4.5,1,True
1.2.826.0.1.3680043.8.498.17274490471295558668613733667390457509,mcl_centre,-46.284,-70.443,-8.486,0.0974,1.447,1.2.826.0.1.3680043.8.498.98097764372629614440286018741857077266,19,5.0,1,True
1.2.826.0.1.3680043.8.498.17336223563862025807066700226971845206,mcl_centre,-34.344,-11.99,-16.578,0.0867,0.989,1.2.826.0.1.3680043.8.498.13318303750418016776038742575361219353,27,5.0,1,True
1.2.826.0.1.3680043.8.498.17389120886685633448235711042721669823,mcl_centre,34.343,-24.144,-3.76,0.069,2.966,1.2.826.0.1.3680043.8.498.63099281930950627147592391023205101372,36,3.5,1,True
1.2.826.0.1.3680043.8.498.17415936504684075438800895036740822145,mcl_centre,-54.366,-13.778,-20.756,0.0818,1.356,1.2.826.0.1.3680043.8.498.11024728298424910464618487626247858765,32,3.3,1,True
1.2.826.0.1.3680043.8.498.17420673628956367425739018933968443620,mcl_centre,51.112,-50.487,-18.295,0.1203,1.773,1.2.826.0.1.3680043.8.498.31921790475319649674194502669447688409,28,3.3,1,True
1.2.826.0.1.3680043.8.498.17427902052389033416295416299697276519,mcl_centre,-33.437,-64.749,-14.659,0.0553,3.569,1.2.826.0.1.3680043.8.498.91151170359306480259769935733596721058,40,3.3,1,True
1.2.826.0.1.3680043.8.498.17517950899674150719043097786728121608,mcl_centre,-75.149,-78.112,-38.39,0.0807,4.678,1.2.826.0.1.3680043.8.498.47719842455196806280053270980306491479,16,6.0,1,True
1.2.826.0.1.3680043.8.498.17547781127981007962008163248942714330,mcl_centre,57.317,30.037,-24.422,0.0711,1.29,1.2.826.0.1.3680043.8.498.18736504215983219410522103979884358100,36,3.5,1,True
1.2.826.0.1.3680043.8.498.17596657287050550465463272509976106854,mcl_centre,-47.429,-62.498,-35.298,0.0608,0.795,1.2.826.0.1.3680043.8.498.51392661961382110245623782712119849664,32,3.3,1,True
1.2.826.0.1.3680043.8.498.17618734998753079190687719289815512319,mcl_centre,-38.582,-13.122,-16.546,0.0814,0.844,1.2.826.0.1.3680043.8.498.94137563787345184996737983116755537359,30,3.0,1,True
1.2.826.0.1.3680043.8.498.17662880041629379035049367252086125592,mcl_centre,17.409,-60.026,-45.935,0.1353,0.538,1.2.826.0.1.3680043.8.498.62416699430061763998803994727864811090,19,5.0,1,True
1.2.826.0.1.3680043.8.498.17663005209256897892831319144686413853,mcl_centre,42.985,-70.521,-12.671,0.1036,1.655,1.2.826.0.1.3680043.8.498.76952731214291633998525765432835305136,19,4.4,1,True
1.2.826.0.1.3680043.8.498.17691941055331862184525411493110144433,mcl_centre,-63.818,-12.427,-27.34,0.0666,2.153,1.2.826.0.1.3680043.8.498.13289971568085285202641440452640579046,35,3.3,1,True
1.2.826.0.1.3680043.8.498.17741907690913585163443565102293192244,mcl_centre,-45.091,-3.312,-40.608,0.086,0.858,1.2.826.0.1.3680043.8.498.10372005409589310670542007822090048567,35,3.3,1,True
1.2.826.0.1.3680043.8.498.17768582402712001917772688462080201650,mcl_centre,44.543,10.082,-24.195,0.1118,1.115,1.2.826.0.1.3680043.8.498.45749044998377845507398973108555028784,30,4.0,1,True
1.2.826.0.1.3680043.8.498.17769942698581399165275319502954100325,mcl_centre,-81.767,-31.432,-68.384,0.0879,1.506,1.2.826.0.1.3680043.8.498.84708640769448954628924463003333037496,28,3.7,1,True
1.2.826.0.1.3680043.8.498.17813878802252660525798053577039470087,mcl_centre,42.44,-2.051,-67.08,0.0824,0.98,1.2.826.0.1.3680043.8.498.10036917905605875091613000644802338374,32,3.5,1,True
1.2.826.0.1.3680043.8.498.17836815413824722543229791044312174885,mcl_centre,-67.318,-74.251,-4.376,0.0846,1.027,1.2.826.0.1.3680043.8.498.35108987562543000396562068226962838786,20,5.0,1,True
1.2.826.0.1.3680043.8.498.17844546765907321649997094867791102711,mcl_centre,-26.811,-17.825,-28.669,0.0743,2.221,1.2.826.0.1.3680043.8.498.18449110770459991745936951397216109055,30,4.0,1,True
1.2.826.0.1.3680043.8.498.17856297841306582866782295284505406916,mcl_centre,-47.93,-40.25,-91.643,0.0986,0.746,1.2.826.0.1.3680043.8.498.13081920998212819949986092350869297017,27,5.0,1,True
1.2.826.0.1.3680043.8.498.17865613300681542407687000381594067366,mcl_centre,62.998,-1.485,-18.924,0.106,1.203,1.2.826.0.1.3680043.8.498.20353631680136808681844637637600026549,34,3.3,1,True
1.2.826.0.1.3680043.8.498.17909590711893200514107254988453660857,mcl_centre,38.578,-27.576,-3.009,0.0759,0.564,1.2.826.0.1.3680043.8.498.11728000183697805624297217875330929721,30,4.29,1,True
1.2.826.0.1.3680043.8.498.17931021655186901394796168474942485728,mcl_centre,77.88,-52.854,-15.212,0.0806,2.776,1.2.826.0.1.3680043.8.498.83101968046004431755437531790539336820,37,3.3,1,True
1.2.826.0.1.3680043.8.498.17967978373588651520812399064902037467,mcl_centre,-21.42,-3.803,-31.521,0.0799,1.813,1.2.826.0.1.3680043.8.498.64558542580508981890017293145643271134,35,3.6,1,True
1.2.826.0.1.3680043.8.498.17985756708438762670829959560049370730,mcl_centre,3.529,-32.587,-13.983,0.0928,0.55,1.2.826.0.1.3680043.8.498.72279334147075529866530189217253202750,30,4.5,1,True
1.2.826.0.1.3680043.8.498.18080511167840608448833484000937072258,mcl_centre,-54.383,3.017,-7.993,0.1034,1.487,1.2.826.0.1.3680043.8.498.27745898060703585699184067998517658860,24,4.0,1,True
1.2.826.0.1.3680043.8.498.18090147030578547920423840630147682826,mcl_centre,-43.43,-16.441,-25.563,0.0913,0.91,1.2.826.0.1.3680043.8.498.72962217867925374207888009689154612768,30,3.3,1,True
1.2.826.0.1.3680043.8.498.18092766733837308394607532608319746043,mcl_centre,-71.12,-34.651,-5.581,0.0462,1.551,1.2.826.0.1.3680043.8.498.17627026127787745899337714276753424265,38,3.627,1,True
1.2.826.0.1.3680043.8.498.18113123512696698441392990570166201548,mcl_centre,25.64,-15.921,-15.757,0.1164,0.662,1.2.826.0.1.3680043.8.498.26731660227058256885776530185400581594,27,3.6,1,True
1.2.826.0.1.3680043.8.498.18114567737638963627123562895002602285,mcl_centre,44.77,-9.031,-25.236,0.0922,0.632,1.2.826.0.1.3680043.8.498.23467885495122077521785372618975256610,38,3.0,1,True
1.2.826.0.1.3680043.8.498.18175450083338316799857698898702333009,mcl_centre,42.828,-55.208,9.522,0.1249,2.899,1.2.826.0.1.3680043.8.498.13566161825998721776038404346438260355,32,3.3,1,True
1.2.826.0.1.3680043.8.498.18176586296602067352845573876750324761,mcl_centre,-45.516,3.855,-29.12,0.1069,1.742,1.2.826.0.1.3680043.8.498.79194210985227202034577851019283308599,27,3.6,1,True
1.2.826.0.1.3680043.8.498.18199465156572252531439880765733639584,mcl_centre,-65.243,-7.588,-28.805,0.0865,59.162,1.2.826.0.1.3680043.8.498.85522355043680980470656903029114989459,27,3.3,1,True
1.2.826.0.1.3680043.8.498.18230847745299902998425838090653825745,mcl_centre,20.072,40.821,-20.65,0.1084,0.464,1.2.826.0.1.3680043.8.498.67621088918090038218729770378800160652,33,3.5,1,True
1.2.826.0.1.3680043.8.498.18245500498843512203508664874652003124,mcl_centre,-50.693,-45.681,-4.718,0.0848,1.649,1.2.826.0.1.3680043.8.498.96651944418049140684492424848939241072,28,4.5,1,True
1.2.826.0.1.3680043.8.498.18315708641533862849721595991941979080,mcl_centre,-42.262,-1.347,-6.778,0.0987,3.179,1.2.826.0.1.3680043.8.498.86816744093690547649210973158249456008,30,3.5,1,True
1.2.826.0.1.3680043.8.498.18344563362014614046776037921812502569,mcl_centre,41.856,-16.437,-22.728,0.1032,1.686,1.2.826.0.1.3680043.8.498.68503239599155108089978180019349267495,32,3.3,1,True
1.2.826.0.1.3680043.8.498.18350185433331570523543207086298834067,mcl_centre,81.469,-52.149,-1.946,0.111,0.753,1.2.826.0.1.3680043.8.498.46265379859765076909313129140106806846,30,3.3,1,True
1.2.826.0.1.3680043.8.498.18389676218363070462526838642303976332,mcl_centre,39.382,-16.911,-9.036,0.0951,1.914,1.2.826.0.1.3680043.8.498.98757675872762385986268708628382210226,38,3.3,1,True
1.2.826.0.1.3680043.8.498.18392509497170616983977319528036573378,mcl_centre,29.112,-11.689,-8.0,0.1234,2.801,1.2.826.0.1.3680043.8.498.99983693114250264488966342808044947409,27,3.6,1,True
1.2.826.0.1.3680043.8.498.18403627643718880914843209837672242908,mcl_centre,-49.162,-8.441,-22.735,0.089,1.403,1.2.826.0.1.3680043.8.498.40078005876572289199294408070278297835,30,3.3,1,True
1.2.826.0.1.3680043.8.498.18509793799833391995987656714798904411,mcl_centre,69.899,-50.12,-29.004,0.0986,0.924,1.2.826.0.1.3680043.8.498.31402757045664401022355136940296765727,28,3.3,1,True
1.2.826.0.1.3680043.8.498.18518393141873346710197645305647124682,mcl_centre,35.814,-14.638,35.685,0.1299,0.571,1.2.826.0.1.3680043.8.498.39328132517954807520571275882285831570,30,3.3,1,True
1.2.826.0.1.3680043.8.498.18529656610752887218162968403101035390,mcl_centre,-35.61,24.389,-34.756,0.1315,1.663,1.2.826.0.1.3680043.8.498.37723934877769701049493400415661836407,24,4.0,1,True
1.2.826.0.1.3680043.8.498.18592535981451766048952107991674227570,mcl_centre,-46.313,8.008,-27.018,0.0942,0.784,1.2.826.0.1.3680043.8.498.45829776133686333481972524256595365750,27,3.6,1,True
1.2.826.0.1.3680043.8.498.18614704377104425868545800677445972261,mcl_centre,-33.589,-3.743,-49.581,0.083,0.622,1.2.826.0.1.3680043.8.498.64305034932799882104662987032239299321,33,4.0,1,True
1.2.826.0.1.3680043.8.498.18625377919309205857120774497713011583,mcl_centre,36.664,-0.33,-48.549,0.1122,4.036,1.2.826.0.1.3680043.8.498.11318656946120748277670218044331499067,24,4.4,1,True
1.2.826.0.1.3680043.8.498.18653838887148864162027930218548124748,mcl_centre,-37.185,-6.323,1.237,0.0708,7.397,1.2.826.0.1.3680043.8.498.10218758814749689967521173856828499895,30,3.6,1,True
1.2.826.0.1.3680043.8.498.18671006890719350655167441375718348829,mcl_centre,-31.643,-78.973,-28.296,0.0681,73.688,1.2.826.0.1.3680043.8.498.11798026444077118809695110503527355760,19,4.8,1,True
1.2.826.0.1.3680043.8.498.18680059761479598675335345641208680006,mcl_centre,-39.706,7.503,-17.27,0.1278,0.823,1.2.826.0.1.3680043.8.498.11749736875502647655661426095860103249,26,4.0,1,True
1.2.826.0.1.3680043.8.498.18695727379446620258431748063749176639,mcl_centre,-35.939,-60.787,-23.41,0.0768,1.385,1.2.826.0.1.3680043.8.498.11237758114031564397884477050746184645,36,3.3,1,True
1.2.826.0.1.3680043.8.498.18721466442792788108431096912844719622,mcl_centre,42.918,-31.369,-15.673,0.0949,0.558,1.2.826.0.1.3680043.8.498.14198863253571655528615586887543292647,30,3.6,1,True
1.2.826.0.1.3680043.8.498.18758199166360428760124471581842191566,mcl_centre,-17.642,26.494,-4.181,0.1088,1.17,1.2.826.0.1.3680043.8.498.25663978079036825555065837074369260467,32,3.6,1,True
1.2.826.0.1.3680043.8.498.18792568294433896490648198192877693850,mcl_centre,-51.073,-12.865,-43.79,0.081,0.793,1.2.826.0.1.3680043.8.498.11223305827176241657521766630037455445,36,3.51,1,True
1.2.826.0.1.3680043.8.498.18807952338149288346040972005636698334,mcl_centre,-70.516,-39.007,-12.891,0.0904,1.127,1.2.826.0.1.3680043.8.498.45611411946423363432758567537894289655,30,3.3,1,True
1.2.826.0.1.3680043.8.498.18825393854436144614202928260751418496,mcl_centre,-23.292,-21.291,19.364,0.0869,1.012,1.2.826.0.1.3680043.8.498.83863612767551202348569895488392650375,32,3.3,1,True
1.2.826.0.1.3680043.8.498.18848481788456572234982139368351538716,mcl_centre,43.561,-0.22,-25.027,0.1029,1.152,1.2.826.0.1.3680043.8.498.12699192245877117948805640172811277651,33,3.6,1,True
1.2.826.0.1.3680043.8.498.18879049235810379709186936621085221483,mcl_centre,-59.479,-41.416,-7.89,0.0609,1.333,1.2.826.0.1.3680043.8.498.13380033733394810246809931227438452140,28,3.7,1,True
1.2.826.0.1.3680043.8.498.18899625751876258520147203904985857313,mcl_centre,69.047,-15.87,-67.921,0.1485,1.889,1.2.826.0.1.3680043.8.498.64158267422612640026701150826710275773,19,4.4,1,True
1.2.826.0.1.3680043.8.498.18931107448953327254073392032141677797,mcl_centre,-48.921,-36.697,-29.759,0.066,1.946,1.2.826.0.1.3680043.8.498.78304914063928858632963716483471780660,41,3.3,1,True
1.2.826.0.1.3680043.8.498.18968967345606818331567480514437075646,mcl_centre,-47.618,-1.348,-17.051,0.0828,1.625,1.2.826.0.1.3680043.8.498.41411143300652381748079413003552401259,26,4.5,1,True
1.2.826.0.1.3680043.8.498.18993960105596277135383396226525760874,mcl_centre,-51.083,-46.67,-38.078,0.1136,1.583,1.2.826.0.1.3680043.8.498.13224489138164491086503163950149421219,24,4.0,1,True
1.2.826.0.1.3680043.8.498.19034825848229751701363461935217290295,mcl_centre,43.227,2.201,-21.444,0.0813,1.323,1.2.826.0.1.3680043.8.498.11942774234894508724279171863947672415,32,4.0,1,True
1.2.826.0.1.3680043.8.498.19104350033985745058396432133828748480,mcl_centre,43.322,-45.414,-23.685,0.125,0.629,1.2.826.0.1.3680043.8.498.56355839812504047455304484894692082648,19,4.4,1,True
1.2.826.0.1.3680043.8.498.19124879088354547836118593585646705198,mcl_centre,-32.216,-19.377,-26.259,0.0974,1.652,1.2.826.0.1.3680043.8.498.53761027211682777482376557459709147455,30,3.6,1,True
1.2.826.0.1.3680043.8.498.19178214677492694135853596920291058397,mcl_centre,-68.329,-30.676,-43.606,0.0619,0.741,1.2.826.0.1.3680043.8.498.81288424764299439571414935566219060338,37,4.0,1,True
1.2.826.0.1.3680043.8.498.19183011851352129901149443549646899548,mcl_centre,38.517,-66.572,-46.306,0.1007,1.209,1.2.826.0.1.3680043.8.498.24106240665310953941289183395750893024,34,3.3,1,True
1.2.826.0.1.3680043.8.498.19194090255958016414082788444327981898,mcl_centre,70.831,-42.651,-29.7,0.1034,0.604,1.2.826.0.1.3680043.8.498.24555501325722382184149924819135514821,30,3.3,1,True
1.2.826.0.1.3680043.8.498.19197037365998103318720742154440921358,mcl_centre,2.845,-16.164,-24.293,0.0864,1.198,1.2.826.0.1.3680043.8.498.33340886658897049090745765854195773116,30,3.3,1,True
1.2.826.0.1.3680043.8.498.19198152070740205434848422424805073748,mcl_centre,-81.325,-91.815,-35.812,0.1217,1.419,1.2.826.0.1.3680043.8.498.12078297686559548116416952474717484278,19,4.6,1,True
1.2.826.0.1.3680043.8.498.19291375342005405073321673638971145777,mcl_centre,-55.841,-104.887,17.544,0.1116,1.026,1.2.826.0.1.3680043.8.498.77645048200393880604456247412508206178,19,5.0,1,True
1.2.826.0.1.3680043.8.498.19342628541833173544083802327412975225,mcl_centre,56.077,-57.488,13.312,0.0902,0.753,1.2.826.0.1.3680043.8.498.96381307703878084227334406399194675959,30,3.3,1,True
1.2.826.0.1.3680043.8.498.19374331384306309057311171252852774841,mcl_centre,-38.136,-75.924,-13.99,0.1204,0.926,1.2.826.0.1.3680043.8.498.11961421621753154148527099011483411328,19,5.0,1,True
1.2.826.0.1.3680043.8.498.19419878169415950073207624537163068568,mcl_centre,13.91,-34.653,-53.393,0.1311,1.885,1.2.826.0.1.3680043.8.498.99288163693602784830342006423470088249,26,3.5,1,True
1.2.826.0.1.3680043.8.498.19439950168933299231685815631786334293,mcl_centre,-15.294,-21.648,-26.16,0.0889,0.966,1.2.826.0.1.3680043.8.498.35983774880972928655011672989685511021,28,3.7,1,True
1.2.826.0.1.3680043.8.498.19486520578867272329833751210055639515,mcl_centre,47.432,-41.395,-35.371,0.095,0.536,1.2.826.0.1.3680043.8.498.13860707451262118206369362454880416819,36,3.3,1,True
1.2.826.0.1.3680043.8.498.19489875090732464985703624680756212359,mcl_centre,41.501,-7.483,-16.615,0.1023,1.23,1.2.826.0.1.3680043.8.498.18252599830100162219561577105406538673,31,3.3,1,True
1.2.826.0.1.3680043.8.498.19512754570664577075249836633718382506,mcl_centre,-61.347,-54.471,-3.828,0.1053,1.181,1.2.826.0.1.3680043.8.498.21740322436293871740715002903990674908,30,3.3,1,True
1.2.826.0.1.3680043.8.498.19516545000256238042886469152307943182,mcl_centre,-50.007,-69.131,-56.652,0.1194,1.66,1.2.826.0.1.3680043.8.498.10167955056646179667609464919974025593,17,4.8,1,True
1.2.826.0.1.3680043.8.498.19573195389434178432956976770560221462,mcl_centre,75.081,-52.733,3.86,0.0955,0.746,1.2.826.0.1.3680043.8.498.69482908092919995365799694884562884380,20,5.228,1,True
1.2.826.0.1.3680043.8.498.19592989024994864431870593504844309885,mcl_centre,13.601,-47.036,-21.926,0.0679,1.681,1.2.826.0.1.3680043.8.498.18060447069271491986943613416426523072,40,3.3,1,True
1.2.826.0.1.3680043.8.498.19601428113073026637547887698342670296,mcl_centre,-56.697,-37.817,-21.338,0.1009,3.098,1.2.826.0.1.3680043.8.498.94296561593232394477053075772753979874,16,6.066,1,True
1.2.826.0.1.3680043.8.498.19624674714110931897302481276137067638,mcl_centre,-51.122,-53.856,-52.776,0.083,0.985,1.2.826.0.1.3680043.8.498.13276839091817892595141422130800579912,19,4.4,1,True
1.2.826.0.1.3680043.8.498.19706775737718777290660344285046025310,mcl_centre,-45.922,-91.442,-25.624,0.0823,0.785,1.2.826.0.1.3680043.8.498.65875595848746561757418562875055234549,17,5.2,1,True
1.2.826.0.1.3680043.8.498.19722687746450343001601428638894755031,mcl_centre,-39.472,11.977,-20.219,0.0628,1.586,1.2.826.0.1.3680043.8.498.60975969724759000684070553639677081557,40,3.5,1,True
1.2.826.0.1.3680043.8.498.19788612491138642031531719942303619648,mcl_centre,-74.918,-68.228,-31.44,0.0804,1.971,1.2.826.0.1.3680043.8.498.12459333601058893601744394683006103121,25,4.95,1,True
1.2.826.0.1.3680043.8.498.19813267030974842239752491935957206955,mcl_centre,-43.36,-73.665,-26.524,0.0959,1.554,1.2.826.0.1.3680043.8.498.79694482717998342806956329779151130477,20,4.4,1,True
1.2.826.0.1.3680043.8.498.19821498229702528191367700655079805824,mcl_centre,-65.822,-56.955,-18.687,0.0957,2.905,1.2.826.0.1.3680043.8.498.49439013289068714743016242437967613713,30,3.3,1,True
1.2.826.0.1.3680043.8.498.19830663206351645385520268848711462246,mcl_centre,-22.207,-29.973,-71.294,0.1112,0.816,1.2.826.0.1.3680043.8.498.12573624812133653523205747144146765752,26,3.6,1,True
1.2.826.0.1.3680043.8.498.19832308119617081676615236082965891208,mcl_centre,-46.732,-31.661,-22.487,0.083,0.939,1.2.826.0.1.3680043.8.498.51017870623731928166957772603683046990,35,3.3,1,True
1.2.826.0.1.3680043.8.498.19845711038895023426012115550237130530,mcl_centre,-17.853,-2.519,11.993,0.0679,1.203,1.2.826.0.1.3680043.8.498.50090858481676976354583772153747238058,33,3.6,1,True
1.2.826.0.1.3680043.8.498.19871496221665809577186118817075295760,mcl_centre,-23.994,-7.451,-17.021,0.0919,1.488,1.2.826.0.1.3680043.8.498.91995224230478586911197067423156920097,28,4.2,1,True
1.2.826.0.1.3680043.8.498.19887850741193535685529812263489892001,mcl_centre,-65.716,-61.409,0.212,0.0907,1.358,1.2.826.0.1.3680043.8.498.56288722371435353867363112303841189347,28,3.3,1,True
1.2.826.0.1.3680043.8.498.19895710326297085463251295629948896948,mcl_centre,39.881,-9.423,-60.766,0.0732,1.459,1.2.826.0.1.3680043.8.498.58239794296938648330610814512490229054,32,3.3,1,True
1.2.826.0.1.3680043.8.498.19925337578871911327225897926650188274,mcl_centre,-38.349,-18.097,-26.256,0.0661,0.642,1.2.826.0.1.3680043.8.498.49245794465960565217368275009886989457,32,3.3,1,True
1.2.826.0.1.3680043.8.498.19965044457637713843792494926652048462,mcl_centre,66.027,10.628,-32.905,0.0947,0.433,1.2.826.0.1.3680043.8.498.67504449262735576264920595125838392059,39,3.5,1,True
1.2.826.0.1.3680043.8.498.19977273190231806393528180968361858122,mcl_centre,-49.162,-41.033,-40.668,0.0744,2.136,1.2.826.0.1.3680043.8.498.29910057985434548550826049558338532646,28,3.7,1,True
1.2.826.0.1.3680043.8.498.20023559426196341254845485444587607391,mcl_centre,59.696,-38.105,3.58,0.1322,1.228,1.2.826.0.1.3680043.8.498.57177290392493442737175320599956334090,18,5.0,1,True
1.2.826.0.1.3680043.8.498.20063306448698185569553477478719533390,mcl_centre,36.957,-33.094,-25.495,0.0596,3.293,1.2.826.0.1.3680043.8.498.97649334101626366289724790464760926261,32,3.3,1,True
1.2.826.0.1.3680043.8.498.20123813962665544845986028832159432587,mcl_centre,86.723,10.792,-75.834,0.0936,1.197,1.2.826.0.1.3680043.8.498.77913005389977338744237972910868903984,30,3.7,1,True
1.2.826.0.1.3680043.8.498.20134168618929769962391688049013971830,mcl_centre,51.836,-25.939,-34.235,0.0817,0.803,1.2.826.0.1.3680043.8.498.10037702445482286030346900811136595809,30,3.3,1,True
1.2.826.0.1.3680043.8.498.20156361590688072955579948030116579099,mcl_centre,-13.904,11.677,-6.947,0.0711,1.668,1.2.826.0.1.3680043.8.498.11326115210237828278674363965976312056,23,4.4,1,True
1.2.826.0.1.3680043.8.498.20184541870535223885310764061146422870,mcl_centre,-41.581,-27.682,-20.365,0.0825,0.655,1.2.826.0.1.3680043.8.498.89863571209784058452903438351005322426,43,3.3,1,True
1.2.826.0.1.3680043.8.498.20192024727432864451309151144591371229,mcl_centre,-61.675,-6.534,-18.287,0.0877,0.998,1.2.826.0.1.3680043.8.498.12224345473500792977042642450526536657,32,3.51,1,True
1.2.826.0.1.3680043.8.498.20196165276643741937915346646793735100,mcl_centre,-30.803,-52.571,-0.249,0.0902,0.843,1.2.826.0.1.3680043.8.498.11180470511504280971938836567073730120,36,3.0,1,True
1.2.826.0.1.3680043.8.498.20204907530808218314127264658715054041,mcl_centre,-14.763,-16.181,-31.335,0.0678,0.615,1.2.826.0.1.3680043.8.498.13370785903492304251833888338073507367,26,4.0,1,True
1.2.826.0.1.3680043.8.498.20232953944759707220316171133595554284,mcl_centre,-28.298,-2.896,-4.941,0.0747,0.609,1.2.826.0.1.3680043.8.498.86545704130244499050147753600066095908,31,3.3,1,True
1.2.826.0.1.3680043.8.498.20266523169651039493799975212435349766,mcl_centre,54.59,-13.486,-38.823,0.085,66.788,1.2.826.0.1.3680043.8.498.35554592625765518241292654775855428155,20,4.95,1,True
1.2.826.0.1.3680043.8.498.20269296702024202621734017056347194499,mcl_centre,39.505,-18.066,-10.735,0.0834,2.862,1.2.826.0.1.3680043.8.498.45956965499980276743977476089179958107,37,3.3,1,True
1.2.826.0.1.3680043.8.498.20301796413163444642416918108994411350,mcl_centre,-74.457,-34.527,-26.754,0.1148,2.937,1.2.826.0.1.3680043.8.498.94148050239879735287016843081842617875,23,4.5,1,True
1.2.826.0.1.3680043.8.498.20375739629244657719385962474248679850,mcl_centre,49.711,-24.469,-0.542,0.1269,0.428,1.2.826.0.1.3680043.8.498.12696950871477160937137670393072296598,22,5.0,1,True
1.2.826.0.1.3680043.8.498.20411068889491114730824265411248922690,mcl_centre,-38.24,-70.454,-10.041,0.0584,1.654,1.2.826.0.1.3680043.8.498.65365698403419319655554924214469093492,34,3.3,1,True
1.2.826.0.1.3680043.8.498.20427402498958253193571475926580142499,mcl_centre,-27.936,2.22,-72.18,0.0613,70.705,1.2.826.0.1.3680043.8.498.77708672181161778521791824583348544982,32,3.5,1,True
1.2.826.0.1.3680043.8.498.20472525526345683475357475395677168372,mcl_centre,-65.985,-54.689,-28.552,0.0648,1.164,1.2.826.0.1.3680043.8.498.49465864739061264559999315028273323702,37,3.5,1,True
1.2.826.0.1.3680043.8.498.20488337421252584047930242186072775007,mcl_centre,-67.917,-60.363,-39.546,0.0986,1.023,1.2.826.0.1.3680043.8.498.86341319586267935438866535001777386724,36,3.3,1,True
1.2.826.0.1.3680043.8.498.20509336519532058090925280050885010886,mcl_centre,-38.994,-56.916,-28.088,0.0992,2.587,1.2.826.0.1.3680043.8.498.41520201472889314874828763225571475338,30,3.5,1,True
1.2.826.0.1.3680043.8.498.20521417572710861366819886462837836465,mcl_centre,-40.075,7.866,2.349,0.1159,0.875,1.2.826.0.1.3680043.8.498.14171783791468747647708224152660582933,26,4.0,1,True
1.2.826.0.1.3680043.8.498.20522330861615570894210641293344468905,mcl_centre,-57.139,-48.677,29.249,0.0854,1.564,1.2.826.0.1.3680043.8.498.60908787912465111390075854624426449746,28,3.3,1,True
1.2.826.0.1.3680043.8.498.20587514285427671071934631922521946816,mcl_centre,-47.777,-10.647,-19.93,0.0915,0.442,1.2.826.0.1.3680043.8.498.82184541955473744443239611592037623135,30,3.3,1,True
1.2.826.0.1.3680043.8.498.20600318722531772866761132262772105640,mcl_centre,-34.975,-26.441,-27.853,0.0947,2.064,1.2.826.0.1.3680043.8.498.17985907610433988782076131883221955471,32,3.3,1,True
1.2.826.0.1.3680043.8.498.20640858366001462094044810443654811785,mcl_centre,-40.296,-41.466,-8.041,0.1065,1.687,1.2.826.0.1.3680043.8.498.27656020313463557720472797504760713810,28,3.7,1,True
1.2.826.0.1.3680043.8.498.20690227395174139480327772367312879333,mcl_centre,8.566,-13.921,-31.072,0.112,1.147,1.2.826.0.1.3680043.8.498.37980773824570750788020307139277092853,25,4.4,1,True
1.2.826.0.1.3680043.8.498.20733151481921261415295204209910573639,mcl_centre,-21.399,46.3,-18.143,0.1099,0.888,1.2.826.0.1.3680043.8.498.84888461092337926769044629386858993343,30,3.5,1,True
1.2.826.0.1.3680043.8.498.20781255814255169306555078952156148784,mcl_centre,76.824,-52.058,-53.566,0.0918,2.83,1.2.826.0.1.3680043.8.498.50620985065038566994907711351852463271,30,3.3,1,True
1.2.826.0.1.3680043.8.498.20801986011906346655458394198951999413,mcl_centre,-70.299,-15.537,-2.972,0.0872,0.761,1.2.826.0.1.3680043.8.498.10885616184232770500255428299550507394,35,3.3,1,True
1.2.826.0.1.3680043.8.498.20850785960533583051456342090773230767,mcl_centre,-65.664,-49.516,-42.575,0.1045,1.192,1.2.826.0.1.3680043.8.498.11828838034955874542942898062091784458,33,3.3,1,True
1.2.826.0.1.3680043.8.498.20852351697358589606507109300359572624,mcl_centre,-87.05,0.304,-50.482,0.0582,1.404,1.2.826.0.1.3680043.8.498.12162687547288340323398060324621118361,41,3.4,1,True
1.2.826.0.1.3680043.8.498.20859518005209632163032213488405671537,mcl_centre,72.187,-29.024,-40.83,0.0879,1.649,1.2.826.0.1.3680043.8.498.12629905245174372786947157617116948507,30,3.7,1,True
1.2.826.0.1.3680043.8.498.20933151653103548000061448393771614270,mcl_centre,-26.515,-10.565,-55.541,0.0596,3.284,1.2.826.0.1.3680043.8.498.11112070321128533021430860816288563789,48,3.51,1,True
1.2.826.0.1.3680043.8.498.20947841686457891570351579406919873254,mcl_centre,40.234,-48.219,-28.904,0.1102,0.765,1.2.826.0.1.3680043.8.498.86234323357918283113102331452645874097,28,3.3,1,True
1.2.826.0.1.3680043.8.498.20953536352252551462901259297974956430,mcl_centre,-40.276,30.679,-4.039,0.078,0.899,1.2.826.0.1.3680043.8.498.64365712748715542032006881150396437696,38,3.5,1,True
1.2.826.0.1.3680043.8.498.20969353615978236040448556356026349615,mcl_centre,14.864,38.153,-1.942,0.0719,0.84,1.2.826.0.1.3680043.8.498.12139928432601333888203434291422290560,32,3.5,1,True
1.2.826.0.1.3680043.8.498.21012635480218712816069264326295410954,mcl_centre,-49.572,-27.035,2.994,0.0826,0.668,1.2.826.0.1.3680043.8.498.90559927041646088871678803383383155158,35,3.3,1,True
1.2.826.0.1.3680043.8.498.21024377993947321291280779867493407199,mcl_centre,64.74,-44.564,-20.297,0.1164,0.579,1.2.826.0.1.3680043.8.498.66475728413155039241697114405814715672,18,4.547,1,True
1.2.826.0.1.3680043.8.498.21060274255072711241653174133146945101,mcl_centre,-61.35,-41.446,-58.083,0.0752,0.888,1.2.826.0.1.3680043.8.498.39700814287826387820591764398515957415,22,4.95,1,True
1.2.826.0.1.3680043.8.498.21116046804798247223618072736212944615,mcl_centre,-27.838,-7.482,-37.669,0.1115,0.907,1.2.826.0.1.3680043.8.498.52761238265664543425030312857659066627,27,3.6,1,True
1.2.826.0.1.3680043.8.498.21135201439483157418374033420156525658,mcl_centre,43.561,-62.463,-20.734,0.0815,0.565,1.2.826.0.1.3680043.8.498.79162764317395382737197874984686007249,36,3.3,1,True
1.2.826.0.1.3680043.8.498.21142867813782396036287673290033987859,mcl_centre,-61.154,-50.572,-18.122,0.0659,2.809,1.2.826.0.1.3680043.8.498.76387058802804550793216084565839161517,22,4.95,1,True
1.2.826.0.1.3680043.8.498.21239630702461934662855021164119114203,mcl_centre,-64.322,-58.83,-30.931,0.0894,1.259,1.2.826.0.1.3680043.8.498.50460137053640795246174653131566318968,30,3.3,1,True
1.2.826.0.1.3680043.8.498.21294732642571417618432023007693943849,mcl_centre,68.528,-51.867,-26.912,0.0982,0.784,1.2.826.0.1.3680043.8.498.24077587683640281423254266254347808266,30,3.3,1,True
1.2.826.0.1.3680043.8.498.21312254534068992054745674608909722454,mcl_centre,38.562,-4.189,-5.23,0.1173,1.673,1.2.826.0.1.3680043.8.498.53869872182175003893870931991100215708,30,3.6,1,True
1.2.826.0.1.3680043.8.498.21322638458116180116030396109651929596,mcl_centre,45.101,-20.258,-11.402,0.0767,0.821,1.2.826.0.1.3680043.8.498.25979081878412993668470183332414919751,30,3.6,1,True
1.2.826.0.1.3680043.8.498.21389336408905524316915532623385847283,mcl_centre,-27.356,-68.41,-9.217,0.0568,1.637,1.2.826.0.1.3680043.8.498.92392913614889495809267235079769947311,20,4.4,1,True
1.2.826.0.1.3680043.8.498.21403015320378798778538823075316902483,mcl_centre,-37.484,-3.549,-45.998,0.1096,1.238,1.2.826.0.1.3680043.8.498.67076132164116720465535985796401302936,32,3.3,1,True
1.2.826.0.1.3680043.8.498.21413285047211074156709106352750752275,mcl_centre,-83.0,-28.081,-44.348,0.0723,1.333,1.2.826.0.1.3680043.8.498.12303270633074752055630498437932259449,36,3.51,1,True
1.2.826.0.1.3680043.8.498.21449012857520712901884874638467532958,mcl_centre,-66.064,-62.442,-20.891,0.0793,0.987,1.2.826.0.1.3680043.8.498.46868322819853201327476159796033770128,27,4.95,1,True
1.2.826.0.1.3680043.8.498.21478660341431677113136859217606773871,mcl_centre,-76.747,-66.022,36.103,0.0973,1.493,1.2.826.0.1.3680043.8.498.91283649595621387221572161239572759687,28,3.5,1,True
1.2.826.0.1.3680043.8.498.21520719119040558609068952147312604007,mcl_centre,-28.25,-0.259,-31.13,0.1026,0.898,1.2.826.0.1.3680043.8.498.58929011086584440455776344968492716525,28,3.5,1,True
1.2.826.0.1.3680043.8.498.21556073772857867149576001337847113661,mcl_centre,-70.549,-74.239,-10.951,0.0812,0.693,1.2.826.0.1.3680043.8.498.24733102940695063235760361823100932422,22,4.95,1,True
1.2.826.0.1.3680043.8.498.21558570608416990974711670673431746511,mcl_centre,14.952,55.023,-42.435,0.1288,0.962,1.2.826.0.1.3680043.8.498.86521153825429427634939857350963424777,22,4.5,1,True
1.2.826.0.1.3680043.8.498.21584859831565112159503971937497384030,mcl_centre,-29.52,-71.562,-65.203,0.088,1.405,1.2.826.0.1.3680043.8.498.37602122132898681980613457197155766280,26,3.3,1,True
1.2.826.0.1.3680043.8.498.21605506484276750075895228202564072044,mcl_centre,-37.518,-28.251,-19.008,0.099,1.414,1.2.826.0.1.3680043.8.498.12337631723996443473990223021624773188,22,4.95,1,True
1.2.826.0.1.3680043.8.498.21606196343708804451390109412118036330,mcl_centre,-81.395,0.697,-4.776,0.088,0.891,1.2.826.0.1.3680043.8.498.14468084823565367887972935879691037860,25,5.0,1,True
1.2.826.0.1.3680043.8.498.21634792491972658759276025394685307053,mcl_centre,31.378,-3.969,-63.286,0.0882,0.948,1.2.826.0.1.3680043.8.498.86252377903266836424419458094816119188,28,4.0,1,True
1.2.826.0.1.3680043.8.498.21636337451527049130190928852193267826,mcl_centre,-66.963,-29.008,-10.606,0.1022,1.942,1.2.826.0.1.3680043.8.498.10966434502421244547605113349276759868,30,3.6,1,True
1.2.826.0.1.3680043.8.498.21726746202429506433532477857404854137,mcl_centre,-57.468,-74.562,-24.464,0.0515,65.344,1.2.826.0.1.3680043.8.498.52340590126764900515760488243554108565,21,4.8,1,True
1.2.826.0.1.3680043.8.498.21769352980698937182060933429354012104,mcl_centre,39.982,7.05,-4.991,0.1008,0.692,1.2.826.0.1.3680043.8.498.10190134994957865797837272671196513303,30,3.3,1,True
1.2.826.0.1.3680043.8.498.21798342483930597563659425189400765869,mcl_centre,92.652,-8.396,-18.888,0.1222,1.667,1.2.826.0.1.3680043.8.498.91560121236822692721956331722181000013,26,4.5,1,True
1.2.826.0.1.3680043.8.498.21862609534273524003153225756948913437,mcl_centre,105.808,-10.636,-48.474,0.0867,1.714,1.2.826.0.1.3680043.8.498.39745239140480014367975734241258609521,35,3.5,1,True
1.2.826.0.1.3680043.8.498.21868734450232158209414868901539475548,mcl_centre,-71.056,-10.537,-25.886,0.0802,1.896,1.2.826.0.1.3680043.8.498.63866269592458101917260090213134049840,38,3.3,1,True
1.2.826.0.1.3680043.8.498.21874562538764236819894456417694074673,mcl_centre,-65.092,-20.096,-11.976,0.1262,0.444,1.2.826.0.1.3680043.8.498.50486750424686219900301602637108518899,28,3.3,1,True
1.2.826.0.1.3680043.8.498.21904421326144238681996713485932410596,mcl_centre,38.173,-22.539,-37.494,0.0875,1.908,1.2.826.0.1.3680043.8.498.24617044784380768848435672354840618687,32,3.3,1,True
1.2.826.0.1.3680043.8.498.21937000442536121262190458446148124910,mcl_centre,-30.931,-26.645,-30.288,0.0991,1.985,1.2.826.0.1.3680043.8.498.58411422805788324251279975057313724480,32,3.6,1,True
1.2.826.0.1.3680043.8.498.21954482915702797371609582020715955762,mcl_centre,-29.526,-8.083,-16.993,0.082,0.829,1.2.826.0.1.3680043.8.498.23614350857393654552350098025989867927,30,3.6,1,True
1.2.826.0.1.3680043.8.498.21991252201684723900045301917670383228,mcl_centre,55.092,-18.451,-21.46,0.1182,0.862,1.2.826.0.1.3680043.8.498.15410608987934641344077739465114552356,32,3.3,1,True
1.2.826.0.1.3680043.8.498.22007253197523827371600763959266047295,mcl_centre,-70.303,-57.675,-7.066,0.1342,1.131,1.2.826.0.1.3680043.8.498.66629840789204122914903972284035684640,30,3.5,1,True
1.2.826.0.1.3680043.8.498.22025729757015485203756049440674914537,mcl_centre,74.716,-34.376,-2.325,0.096,1.082,1.2.826.0.1.3680043.8.498.10463711754458358542500176827160593489,28,4.5,1,True
1.2.826.0.1.3680043.8.498.22027914323057444746912555313058666950,mcl_centre,45.021,-4.057,-36.986,0.1189,0.616,1.2.826.0.1.3680043.8.498.30712196133548053027245391371969093834,26,4.0,1,True
1.2.826.0.1.3680043.8.498.22053727963380087706894183799325067544,mcl_centre,35.459,-11.111,-8.006,0.093,2.106,1.2.826.0.1.3680043.8.498.13219916791454989240471273762912059409,30,3.3,1,True
1.2.826.0.1.3680043.8.498.22057596860528658818833903685827585805,mcl_centre,-44.633,-28.556,-16.404,0.1047,1.414,1.2.826.0.1.3680043.8.498.42106304499569603147468504892356213304,30,3.6,1,True
1.2.826.0.1.3680043.8.498.22088734384869383587217556574382319654,mcl_centre,31.7,-44.335,-14.724,0.0673,0.758,1.2.826.0.1.3680043.8.498.69638440217878765278927666552270459762,32,3.3,1,True
1.2.826.0.1.3680043.8.498.22109739962224309418874538994436903404,mcl_centre,39.327,-74.695,-1.468,0.0893,1.405,1.2.826.0.1.3680043.8.498.48895343607454002164603680016381270063,40,3.6,1,True
1.2.826.0.1.3680043.8.498.22119720417177816110156744770171496965,mcl_centre,-69.695,-78.377,6.172,0.1059,1.16,1.2.826.0.1.3680043.8.498.25666140776715226080788997996627126775,33,3.3,1,True
1.2.826.0.1.3680043.8.498.22126824950877890715014783370071292997,mcl_centre,73.798,-54.931,21.103,0.0756,1.36,1.2.826.0.1.3680043.8.498.10122763195023616268374570020881825465,25,3.3,1,True
1.2.826.0.1.3680043.8.498.22135282054716841452811687331325271982,mcl_centre,-20.053,-8.661,-11.534,0.1484,0.929,1.2.826.0.1.3680043.8.498.65750886976806019437243784040949362099,19,5.0,1,True
1.2.826.0.1.3680043.8.498.22137222939487357840166329770642627189,mcl_centre,33.674,-37.318,-23.677,0.1061,1.656,1.2.826.0.1.3680043.8.498.49302343959027622739144379710212737862,30,3.3,1,True
1.2.826.0.1.3680043.8.498.22249763791584161324425922920269052844,mcl_centre,38.137,1.501,-37.68,0.0934,2.134,1.2.826.0.1.3680043.8.498.51088542169189356832014137451995552469,32,3.3,1,True
1.2.826.0.1.3680043.8.498.22263857526032448247006468310072414129,mcl_centre,67.39,-50.536,16.702,0.099,0.615,1.2.826.0.1.3680043.8.498.86345551044990407570724848906515356176,30,3.7,1,True
1.2.826.0.1.3680043.8.498.22275537949387641831010030150398063643,mcl_centre,-57.006,-7.689,-29.595,0.058,60.716,1.2.826.0.1.3680043.8.498.11809232047725985614296913945118662040,35,3.3,1,True
1.2.826.0.1.3680043.8.498.22338400095583099753286935111647807038,mcl_centre,40.027,-50.328,-53.325,0.1327,0.86,1.2.826.0.1.3680043.8.498.66791453672488411342525473736901724738,34,3.3,1,True
1.2.826.0.1.3680043.8.498.22357754074308826479280023393343731000,mcl_centre,79.722,50.142,-91.128,0.0747,4.96,1.2.826.0.1.3680043.8.498.27420792467883331262543574108784522968,36,3.7,1,True
1.2.826.0.1.3680043.8.498.22394208178597637441149549895512290013,mcl_centre,37.108,-26.102,-4.69,0.0714,0.995,1.2.826.0.1.3680043.8.498.89051954168025474193254997995258692560,38,3.3,1,True
1.2.826.0.1.3680043.8.498.22398041676780235097751294563297953841,mcl_centre,-73.214,-62.798,-12.134,0.0762,2.381,1.2.826.0.1.3680043.8.498.12182972646304550509070946257637553087,25,4.95,1,True
1.2.826.0.1.3680043.8.498.22398731807962276404889164827238996005,mcl_centre,-63.526,-33.99,15.488,0.067,1.511,1.2.826.0.1.3680043.8.498.71081959542479039008766877695344049217,31,4.5,1,True
1.2.826.0.1.3680043.8.498.22407175411826914385667795929161924645,mcl_centre,73.53,-44.164,7.13,0.147,1.269,1.2.826.0.1.3680043.8.498.13138486775571230585276087000203802683,22,4.4,1,True
1.2.826.0.1.3680043.8.498.22426390571898968732573184721547490379,mcl_centre,38.38,-79.199,-28.259,0.1133,1.406,1.2.826.0.1.3680043.8.498.23678419486182368379905120593558506499,16,5.4,1,True
1.2.826.0.1.3680043.8.498.22456525904575663955604077506103354060,mcl_centre,-55.307,-57.898,-5.492,0.1076,2.614,1.2.826.0.1.3680043.8.498.11247611492942014938450299640569190705,33,3.3,1,True
1.2.826.0.1.3680043.8.498.22480218016816209183384996714060953859,mcl_centre,-38.113,18.078,-31.584,0.0938,1.399,1.2.826.0.1.3680043.8.498.10720364591261893744746711984374105293,28,4.0,1,True
1.2.826.0.1.3680043.8.498.22508124641661887430614105328316053644,mcl_centre,-63.293,-27.295,-36.672,0.0722,1.763,1.2.826.0.1.3680043.8.498.55495339953017349829393840783140625711,32,3.7,1,True
1.2.826.0.1.3680043.8.498.22583985355672251619550173090948161714,mcl_centre,64.598,-42.867,7.494,0.0626,0.721,1.2.826.0.1.3680043.8.498.10722922164833357390641006419664384183,36,3.51,1,True
1.2.826.0.1.3680043.8.498.22594249996322566888700984133307337128,mcl_centre,-29.348,-22.364,-30.313,0.1098,1.559,1.2.826.0.1.3680043.8.498.72234563342736558759082483249304894088,32,3.3,1,True
1.2.826.0.1.3680043.8.498.22594742481654038247097269358877852869,mcl_centre,32.497,-17.184,-21.365,0.1501,1.677,1.2.826.0.1.3680043.8.498.12645010756548171145992116790763933811,24,3.5,1,True
1.2.826.0.1.3680043.8.498.22596004572382994883130705870731193046,mcl_centre,35.841,-79.903,0.778,0.1506,0.934,1.2.826.0.1.3680043.8.498.14990219036388817974432812768201351451,17,5.4,1,True
1.2.826.0.1.3680043.8.498.22617494262793136174349268379191631799,mcl_centre,-71.384,-33.659,-27.119,0.0757,1.173,1.2.826.0.1.3680043.8.498.45162131665018136819829223324170262840,30,3.3,1,True
1.2.826.0.1.3680043.8.498.22632919018724241015271844108954804020,mcl_centre,-44.081,-12.242,-33.267,0.069,1.161,1.2.826.0.1.3680043.8.498.31728962514254560677622471486487618192,33,3.3,1,True
1.2.826.0.1.3680043.8.498.22656222254273662937226093008714426490,mcl_centre,-38.518,-5.846,-26.246,0.0896,0.677,1.2.826.0.1.3680043.8.498.67567018630968509433831799907180981041,34,3.3,1,True
1.2.826.0.1.3680043.8.498.22678957404909201599340396039237525550,mcl_centre,24.591,14.687,-24.704,0.1153,1.264,1.2.826.0.1.3680043.8.498.29708722375286583654926491304915360363,34,3.6,1,True
1.2.826.0.1.3680043.8.498.22684505799921376181913295621462268931,mcl_centre,69.915,-33.396,-37.038,0.0947,0.966,1.2.826.0.1.3680043.8.498.10633521596412006807753833456931412906,30,3.7,1,True
1.2.826.0.1.3680043.8.498.22803020644232321685575897661362804423,mcl_centre,30.863,-20.245,-8.65,0.1076,1.09,1.2.826.0.1.3680043.8.498.70921189728814367182758099613470499122,25,4.5,1,True
1.2.826.0.1.3680043.8.498.22867776500261605752195206933939172136,mcl_centre,44.916,-47.962,-18.042,0.1134,1.355,1.2.826.0.1.3680043.8.498.39399060706827096468906813787506824456,30,3.3,1,True
1.2.826.0.1.3680043.8.498.22886251629508830700774506697670139848,mcl_centre,-45.564,-55.041,-29.712,0.0591,1.137,1.2.826.0.1.3680043.8.498.12951617795780537844603599003886257249,32,3.3,1,True
1.2.826.0.1.3680043.8.498.22938598188283919466040132624303635817,mcl_centre,43.588,-54.86,-57.536,0.1059,1.304,1.2.826.0.1.3680043.8.498.12240635137754156301037433932618630960,19,4.4,1,True
1.2.826.0.1.3680043.8.498.22985467719058223198642920273233975053,mcl_centre,-35.741,-47.981,-4.15,0.0756,0.843,1.2.826.0.1.3680043.8.498.96960887113358919529065626533742506883,34,3.3,1,True
1.2.826.0.1.3680043.8.498.22990786875064680564672188701015740170,mcl_centre,-59.04,-76.68,-16.794,0.1342,1.39,1.2.826.0.1.3680043.8.498.46377753465095808239640020762264758701,18,5.5,1,True
1.2.826.0.1.3680043.8.498.23043120269252616884307662769766701449,mcl_centre,71.2,-56.131,-15.654,0.0728,0.874,1.2.826.0.1.3680043.8.498.71176307654690899719678972540948510644,26,3.3,1,True
1.2.826.0.1.3680043.8.498.23046618786812839762801821364158313134,mcl_centre,23.73,13.118,-24.953,0.0834,0.557,1.2.826.0.1.3680043.8.498.69141967999084233465252455381631956479,32,4.0,1,True
1.2.826.0.1.3680043.8.498.23063675880057833741455102729816364091,mcl_centre,0.009,-63.841,-21.524,0.1028,0.871,1.2.826.0.1.3680043.8.498.50909861836097068869469977095576412304,19,4.4,1,True
1.2.826.0.1.3680043.8.498.23065868481290440008286663193810913414,mcl_centre,-34.047,-20.066,-27.783,0.0599,1.093,1.2.826.0.1.3680043.8.498.78928611441786014193756848656431837751,45,3.3,1,True
1.2.826.0.1.3680043.8.498.23073694267101759922738121732233014980,mcl_centre,-33.574,-15.436,-5.654,0.082,1.058,1.2.826.0.1.3680043.8.498.11977193893960515984685479353604337831,32,3.3,1,True
1.2.826.0.1.3680043.8.498.23081294963277525274551516232134221416,mcl_centre,60.786,-6.163,-33.346,0.0705,63.378,1.2.826.0.1.3680043.8.498.13576285460327562270489721560067493824,36,3.5,1,True
1.2.826.0.1.3680043.8.498.23094733099955217022059584418468076048,mcl_centre,-74.756,-53.366,-10.292,0.0714,1.386,1.2.826.0.1.3680043.8.498.11798557629210546415293520154697700942,21,5.3,1,True
1.2.826.0.1.3680043.8.498.23107903961514228607587963030481481744,mcl_centre,-45.153,-21.959,-14.048,0.0811,0.656,1.2.826.0.1.3680043.8.498.44508787788899483621498814438839746929,38,3.3,1,True
1.2.826.0.1.3680043.8.498.23166300530486600338569917595744444657,mcl_centre,-49.108,-58.007,-22.566,0.0993,2.419,1.2.826.0.1.3680043.8.498.67370592962379132871928521902421550782,21,4.95,1,True
1.2.826.0.1.3680043.8.498.23182005205627494484490011351673355568,mcl_centre,-41.057,-27.098,-14.916,0.0809,0.971,1.2.826.0.1.3680043.8.498.23917941350181989903401381737294391485,30,3.6,1,True
1.2.826.0.1.3680043.8.498.23378338408981699466914366379590099738,mcl_centre,41.931,15.057,3.32,0.1051,1.884,1.2.826.0.1.3680043.8.498.32064259970155227095472959192628373287,24,3.5,1,True
1.2.826.0.1.3680043.8.498.23394601328148358087542766577727876635,mcl_centre,-41.076,-32.915,-25.338,0.0845,1.438,1.2.826.0.1.3680043.8.498.93907780885839481665793072175656106037,32,3.3,1,True
1.2.826.0.1.3680043.8.498.23409201792139701921731647470152180932,mcl_centre,-43.092,-11.09,-21.164,0.0957,1.215,1.2.826.0.1.3680043.8.498.96043767365578405808497489886271788851,25,3.6,1,True
1.2.826.0.1.3680043.8.498.23422918444346962998731376196027420200,mcl_centre,-58.943,-46.28,-20.497,0.1158,0.691,1.2.826.0.1.3680043.8.498.13656190730632248805206204359272353482,18,4.857,1,True
1.2.826.0.1.3680043.8.498.23427198594727947883953289189443006288,mcl_centre,-38.039,2.268,-27.628,0.0996,1.359,1.2.826.0.1.3680043.8.498.75710620862872733146195272593271584974,28,3.7,1,True
1.2.826.0.1.3680043.8.498.23518857399095666263158269685495375084,mcl_centre,34.254,-5.815,9.182,0.1208,0.629,1.2.826.0.1.3680043.8.498.37189816932667406411856861222288598398,30,3.3,1,True
1.2.826.0.1.3680043.8.498.23523176367321534630723586470190430254,mcl_centre,-22.357,51.521,-48.286,0.1099,1.351,1.2.826.0.1.3680043.8.498.10384888573508554161005993734963741711,30,3.5,1,True
1.2.826.0.1.3680043.8.498.23677916081296740815989149501889343663,mcl_centre,-66.147,-50.008,-25.266,0.097,0.785,1.2.826.0.1.3680043.8.498.19881206539187265123945071601449576104,30,3.5,1,True
1.2.826.0.1.3680043.8.498.23686732555936573712275826587678502899,mcl_centre,-31.802,-17.987,-22.836,0.1011,6.454,1.2.826.0.1.3680043.8.498.32777980175611390481454327384408215287,25,3.6,1,True
1.2.826.0.1.3680043.8.498.23703817737293327679300330167234268929,mcl_centre,-6.243,-9.639,26.645,0.075,1.49,1.2.826.0.1.3680043.8.498.11124248686344041665830607150250842409,36,3.3,1,True
1.2.826.0.1.3680043.8.498.23713320796530316370039202981138376061,mcl_centre,29.828,-1.604,-1.575,0.0987,0.611,1.2.826.0.1.3680043.8.498.68372221597166303712990944660788325991,21,4.0,1,True
1.2.826.0.1.3680043.8.498.23719982492392272262684855675016475265,mcl_centre,-36.107,-22.575,-16.685,0.0966,1.749,1.2.826.0.1.3680043.8.498.11092699578548198220102107123595596468,30,3.6,1,True
1.2.826.0.1.3680043.8.498.23733147518259581649562651915997449088,mcl_centre,-31.83,-29.562,-20.945,0.0944,1.947,1.2.826.0.1.3680043.8.498.89720130515207778822887718965902789826,32,3.3,1,True
1.2.826.0.1.3680043.8.498.23757007145576852496599816072431075057,mcl_centre,36.503,-29.777,11.897,0.0935,1.254,1.2.826.0.1.3680043.8.498.10104563271668494054247203100202540652,35,3.3,1,True
1.2.826.0.1.3680043.8.498.23822313132245448173452915228147497501,mcl_centre,71.062,-19.033,-20.718,0.0825,0.541,1.2.826.0.1.3680043.8.498.88910103466947298530714953911111920374,38,3.3,1,True
1.2.826.0.1.3680043.8.498.23833933822461809237193998300076847210,mcl_centre,-40.311,-51.187,-25.785,0.0959,1.721,1.2.826.0.1.3680043.8.498.76392502676362061372559739475165497986,30,3.3,1,True
1.2.826.0.1.3680043.8.498.23849672490426589132734390202638283865,mcl_centre,-48.057,31.022,-8.616,0.0716,0.602,1.2.826.0.1.3680043.8.498.10307576786978928446860717171819607793,38,3.5,1,True
1.2.826.0.1.3680043.8.498.23911658810234305013984976739924353704,mcl_centre,-68.002,-55.749,-45.117,0.0518,2.293,1.2.826.0.1.3680043.8.498.48730816840403656075973607769697372467,24,4.95,1,True
1.2.826.0.1.3680043.8.498.23939313916974849526459717576344063277,mcl_centre,-86.817,-48.15,-37.478,0.1136,1.022,1.2.826.0.1.3680043.8.498.17779640430046740334312730451682461624,18,4.764,1,True
1.2.826.0.1.3680043.8.498.23956169649865635269920565218680494366,mcl_centre,46.632,-64.925,-47.488,0.0883,4.877,1.2.826.0.1.3680043.8.498.98109019056441502541420084792910705229,35,3.3,1,True
1.2.826.0.1.3680043.8.498.23986051274386630509877205174270047762,mcl_centre,33.922,-29.793,-19.835,0.1011,1.714,1.2.826.0.1.3680043.8.498.43123209844004057570859504710598562875,22,4.95,1,True
1.2.826.0.1.3680043.8.498.24012076387083114283116476459425015413,mcl_centre,-39.5,-15.566,-19.28,0.0897,1.911,1.2.826.0.1.3680043.8.498.10598306950753591814836745755856823805,30,4.0,1,True
1.2.826.0.1.3680043.8.498.24068239310155798723127213793623172530,mcl_centre,-40.514,-27.843,-15.409,0.069,0.594,1.2.826.0.1.3680043.8.498.10581073027762054080116036461787352548,30,4.0,1,True
1.2.826.0.1.3680043.8.498.24101792822866991033671006059283560916,mcl_centre,55.678,-38.638,-33.661,0.142,0.977,1.2.826.0.1.3680043.8.498.37698888610335873883886105860096200978,16,6.33,1,True
1.2.826.0.1.3680043.8.498.24126422042626612740219325272793737656,mcl_centre,-25.826,-39.342,-22.953,0.1161,1.815,1.2.826.0.1.3680043.8.498.13115708793194672010984090462193265002,27,4.025,1,True
1.2.826.0.1.3680043.8.498.24209643225939781032698894992032106781,mcl_centre,63.754,-42.86,-8.343,0.0939,1.239,1.2.826.0.1.3680043.8.498.57942148712961695867429756478457786528,30,3.7,1,True
1.2.826.0.1.3680043.8.498.24219103446788192052503003052696523200,mcl_centre,49.189,-54.908,-40.13,0.0908,1.845,1.2.826.0.1.3680043.8.498.13028520037296832209340842331503827475,36,3.3,1,True
1.2.826.0.1.3680043.8.498.24220732394554303343522053195582322788,mcl_centre,34.04,12.291,-33.231,0.1347,1.518,1.2.826.0.1.3680043.8.498.12710626739743068719749944883498853304,24,4.0,1,True
1.2.826.0.1.3680043.8.498.24267153760943721146187182369810590631,mcl_centre,69.263,-41.915,-29.009,0.0889,0.537,1.2.826.0.1.3680043.8.498.49672275578894090248657860384611525673,37,3.3,1,True
1.2.826.0.1.3680043.8.498.24283484945988825507450239904606754405,mcl_centre,-65.753,-72.076,-23.981,0.1021,1.118,1.2.826.0.1.3680043.8.498.10012828714165121366819225414906643234,16,4.973,1,True
1.2.826.0.1.3680043.8.498.24291465113360632954006568021942978765,mcl_centre,-45.189,-53.46,-42.809,0.1001,1.498,1.2.826.0.1.3680043.8.498.18425223660531619972078807865702171417,30,3.3,1,True
1.2.826.0.1.3680043.8.498.24302889622350917085868032747474929504,mcl_centre,-34.329,-29.908,25.274,0.0725,0.75,1.2.826.0.1.3680043.8.498.84305742153809043790707807562862178297,30,3.6,1,True
1.2.826.0.1.3680043.8.498.24313647347273496316728514161733307557,mcl_centre,72.904,-62.94,-17.813,0.1143,1.857,1.2.826.0.1.3680043.8.498.20436618059908878034404081718049093303,19,5.933,1,True
1.2.826.0.1.3680043.8.498.24369332907731805266450307536793220148,mcl_centre,43.88,-61.337,-6.791,0.1027,0.698,1.2.826.0.1.3680043.8.498.29265242399891341093351675303514899706,32,3.3,1,True
1.2.826.0.1.3680043.8.498.24432243084670627958434695475653885175,mcl_centre,-38.857,-15.027,-33.25,0.0801,71.243,1.2.826.0.1.3680043.8.498.99857535489029023141630947485179380194,30,3.3,1,True
1.2.826.0.1.3680043.8.498.24478195415117310702720951368429189290,mcl_centre,39.716,-27.526,-7.822,0.1063,1.056,1.2.826.0.1.3680043.8.498.10720509818110360461054149042640321207,30,3.3,1,True
1.2.826.0.1.3680043.8.498.24502332819381293694020055836255028614,mcl_centre,-64.908,-57.803,-9.61,0.0747,0.597,1.2.826.0.1.3680043.8.498.42833313646351121965321396459892056591,32,3.3,1,True
1.2.826.0.1.3680043.8.498.24529300482982370922479679056174585978,mcl_centre,-57.857,-66.434,-13.849,0.0987,0.983,1.2.826.0.1.3680043.8.498.88891132139321289273350793177360154346,20,5.0,1,True
1.2.826.0.1.3680043.8.498.24555528844026121007453886375651403314,mcl_centre,42.811,-42.041,-55.877,0.0686,2.412,1.2.826.0.1.3680043.8.498.11549213876970033121794064638899639384,36,3.3,1,True
1.2.826.0.1.3680043.8.498.24563801799946310644914912532825629118,mcl_centre,47.829,-57.32,-19.909,0.0845,1.197,1.2.826.0.1.3680043.8.498.10941408198935855267565325596547171335,36,3.3,1,True
1.2.826.0.1.3680043.8.498.24588524807799377432185260702152371503,mcl_centre,-72.671,-55.515,-9.2,0.117,1.235,1.2.826.0.1.3680043.8.498.79349802455862430800530761630684350687,30,3.3,1,True
1.2.826.0.1.3680043.8.498.24635589616467409099788838058892886889,mcl_centre,62.079,-44.637,-44.193,0.1065,1.917,1.2.826.0.1.3680043.8.498.12172405046052761412603871232663392655,25,3.6,1,True
1.2.826.0.1.3680043.8.498.24661137747502154216858169258339731263,mcl_centre,-37.775,-39.483,-9.06,0.1163,3.098,1.2.826.0.1.3680043.8.498.82265794394407384087285396800868977082,26,3.3,1,True
1.2.826.0.1.3680043.8.498.24679905857546029995247839380830345841,mcl_centre,-15.309,-13.019,-20.445,0.0937,0.835,1.2.826.0.1.3680043.8.498.11083399466179773163137919808431813129,35,3.0,1,True
1.2.826.0.1.3680043.8.498.24680736086205072406257935876858402593,mcl_centre,45.848,-61.463,-45.727,0.0633,1.935,1.2.826.0.1.3680043.8.498.10114667493665088162113840742513274701,19,5.0,1,True
1.2.826.0.1.3680043.8.498.24714029982431301486050388345836960910,mcl_centre,0.777,-15.073,-43.063,0.1264,1.084,1.2.826.0.1.3680043.8.498.11756994226611525609852329022653575083,18,4.4,1,True
1.2.826.0.1.3680043.8.498.24758830794084473905762034032291806038,mcl_centre,36.782,29.13,-54.232,0.0921,1.525,1.2.826.0.1.3680043.8.498.12754040892284764694413359852388488118,30,3.3,1,True
1.2.826.0.1.3680043.8.498.24808246532191535554375304081795021306,mcl_centre,-41.948,-21.294,-10.96,0.0765,0.479,1.2.826.0.1.3680043.8.498.64284887074984722367630060776741723496,30,3.3,1,True
1.2.826.0.1.3680043.8.498.24826041178550854190310664677274404684,mcl_centre,49.712,-24.297,-44.315,0.1131,0.668,1.2.826.0.1.3680043.8.498.55129485458615463752744561113872172998,24,3.8,1,True
1.2.826.0.1.3680043.8.498.24866943620580666216571030343221534720,mcl_centre,-63.336,-81.316,-2.996,0.12,2.502,1.2.826.0.1.3680043.8.498.45842529525670678006073039227487221602,16,5.961,1,True
1.2.826.0.1.3680043.8.498.24872746733270791851241663716306993824,mcl_centre,-32.808,-31.275,-31.085,0.1151,0.875,1.2.826.0.1.3680043.8.498.53432058470723243924833030114784870789,30,3.3,1,True
1.2.826.0.1.3680043.8.498.24875052319550288230112434151792125187,mcl_centre,-26.11,8.115,1.471,0.1127,2.873,1.2.826.0.1.3680043.8.498.70048579514557033690451756448195142755,27,3.6,1,True
1.2.826.0.1.3680043.8.498.24940437326555494150792221007907527983,mcl_centre,38.457,-2.032,-26.17,0.1332,1.271,1.2.826.0.1.3680043.8.498.61480987283897623659434166661785670290,28,4.0,1,True
1.2.826.0.1.3680043.8.498.25006652485159423287561656594171884310,mcl_centre,38.775,-12.637,7.255,0.0876,1.038,1.2.826.0.1.3680043.8.498.14511440724505552650919347127706140504,35,3.3,1,True
1.2.826.0.1.3680043.8.498.25010661650105533302140829168731585935,mcl_centre,44.836,-11.381,-5.816,0.0929,1.929,1.2.826.0.1.3680043.8.498.20655541246328983002949336724072440140,32,3.0,1,True
1.2.826.0.1.3680043.8.498.25088333117273619121936521384053709674,mcl_centre,59.692,-43.078,-28.959,0.0761,1.019,1.2.826.0.1.3680043.8.498.62684475436712872334773881654595778700,25,4.1,1,True
1.2.826.0.1.3680043.8.498.25103708168569906591706406794385334861,mcl_centre,47.483,-86.018,1.219,0.0825,1.825,1.2.826.0.1.3680043.8.498.52072487145766227898902390934934788043,18,6.266,1,True
1.2.826.0.1.3680043.8.498.25107837907285885353845034555062540189,mcl_centre,-75.048,-48.131,-13.349,0.1011,1.517,1.2.826.0.1.3680043.8.498.11320146095100417690709768043651414471,30,3.3,1,True
1.2.826.0.1.3680043.8.498.25145588904873072866960435474159832047,mcl_centre,44.05,4.165,-24.733,0.091,1.874,1.2.826.0.1.3680043.8.498.36126260752946615878331170504968497079,37,3.51,1,True
1.2.826.0.1.3680043.8.498.25156207169523051276979595262558652072,mcl_centre,49.599,-18.331,-42.751,0.0949,2.644,1.2.826.0.1.3680043.8.498.80152301548443414553843754351301686976,31,3.3,1,True
1.2.826.0.1.3680043.8.498.25167060436407065195851060078175404789,mcl_centre,-57.232,-25.152,-10.934,0.1037,0.483,1.2.826.0.1.3680043.8.498.41286566905981900446095142418715931374,26,3.7,1,True
1.2.826.0.1.3680043.8.498.25188196199869378521949969245728443004,mcl_centre,-33.815,-40.715,-6.828,0.0933,1.958,1.2.826.0.1.3680043.8.498.12599785702932895642490945656611397807,30,3.3,1,True
1.2.826.0.1.3680043.8.498.25196393144875332073285250936506555534,mcl_centre,31.211,-55.379,-14.585,0.1231,0.697,1.2.826.0.1.3680043.8.498.11858283442034825730666548894167105665,19,4.4,1,True
1.2.826.0.1.3680043.8.498.25206096958520407302630747466352252249,mcl_centre,-36.565,-48.838,-32.996,0.0726,0.92,1.2.826.0.1.3680043.8.498.91296812670894724322492595736742515494,19,4.8,1,True
1.2.826.0.1.3680043.8.498.25252553477605568387898480443616118724,mcl_centre,56.281,-72.749,14.824,0.0712,2.107,1.2.826.0.1.3680043.8.498.28519868389452758272892187097882501222,19,4.8,1,True
1.2.826.0.1.3680043.8.498.25259588756496584739814764896903786709,mcl_centre,-51.779,-44.523,-36.484,0.105,0.688,1.2.826.0.1.3680043.8.498.10133898271966557360580225428554849371,15,5.371,1,True
1.2.826.0.1.3680043.8.498.25266231062774974303723359806535863810,mcl_centre,25.969,-36.425,-4.931,0.1112,1.227,1.2.826.0.1.3680043.8.498.20453109350314436866483740937175879232,18,5.245,1,True
1.2.826.0.1.3680043.8.498.25292715244575997322139502072242615319,mcl_centre,61.631,-27.526,-45.431,0.162,0.9,1.2.826.0.1.3680043.8.498.38875784419894428861692806965902193702,16,5.02,1,True
1.2.826.0.1.3680043.8.498.25359770839263995354733835365510047109,mcl_centre,24.433,-54.248,-31.042,0.1366,0.92,1.2.826.0.1.3680043.8.498.10278708218513111258444658592411019917,17,5.0,1,True
1.2.826.0.1.3680043.8.498.25394815405242666778213609728680620077,mcl_centre,-88.58,-50.879,-57.787,0.1038,3.692,1.2.826.0.1.3680043.8.498.80028633841746797775060258799675518691,32,3.3,1,True
1.2.826.0.1.3680043.8.498.25431207706481141354761246438973384670,mcl_centre,-77.777,-21.088,-55.118,0.0668,0.702,1.2.826.0.1.3680043.8.498.86351831797114707208263788040521114867,24,5.0,1,True
1.2.826.0.1.3680043.8.498.25440342930186170531037102906687829898,mcl_centre,-72.741,-37.514,-28.06,0.102,0.947,1.2.826.0.1.3680043.8.498.13126797635568389469871381358035871355,22,4.5,1,True
1.2.826.0.1.3680043.8.498.25480883220477368504575353972328124891,mcl_centre,-75.113,-48.942,-55.377,0.0858,1.024,1.2.826.0.1.3680043.8.498.41268965822871675631415849849761655987,30,3.5,1,True
1.2.826.0.1.3680043.8.498.25487225187305802150215261512092051199,mcl_centre,-53.766,-23.591,-19.877,0.0856,0.851,1.2.826.0.1.3680043.8.498.10663359560299628397809943179215083650,30,3.3,1,True
1.2.826.0.1.3680043.8.498.25505153402978560400776672230220616863,mcl_centre,45.351,-18.692,-14.168,0.0835,1.221,1.2.826.0.1.3680043.8.498.13386034457533304825326265725534243220,38,3.3,1,True
1.2.826.0.1.3680043.8.498.25512240159357553134500245590935010104,mcl_centre,63.364,-6.303,-31.216,0.0846,1.736,1.2.826.0.1.3680043.8.498.25331823657548182591333082075781038189,37,3.3,1,True
1.2.826.0.1.3680043.8.498.25549974159486441938843396591725289882,mcl_centre,-52.652,-2.05,-25.852,0.1032,0.602,1.2.826.0.1.3680043.8.498.39931841223499963056910631071107808746,22,4.0,1,True
1.2.826.0.1.3680043.8.498.25550871519416839807700061317524004550,mcl_centre,62.816,-59.422,-8.987,0.0958,0.635,1.2.826.0.1.3680043.8.498.12903598843732841266294311842066760383,32,3.3,1,True
1.2.826.0.1.3680043.8.498.25558526735614916746398919603493693652,mcl_centre,32.224,-37.675,-10.753,0.0652,1.339,1.2.826.0.1.3680043.8.498.32892100099142242842321710711033735831,40,3.3,1,True
1.2.826.0.1.3680043.8.498.25604547074218147115077644853162295379,mcl_centre,16.655,-3.396,-51.124,0.1095,0.853,1.2.826.0.1.3680043.8.498.97751683836630868446089922763345084240,27,3.6,1,True
1.2.826.0.1.3680043.8.498.25616615589791001678067099907823838797,mcl_centre,-19.123,-3.926,-31.66,0.0836,1.412,1.2.826.0.1.3680043.8.498.15755633841664393015558520467781747203,32,3.3,1,True
1.2.826.0.1.3680043.8.498.25635522141852534580088120697977308505,mcl_centre,-20.282,-46.548,-45.463,0.0696,0.643,1.2.826.0.1.3680043.8.498.11525273190495616886704798039407254672,21,4.993,1,True
1.2.826.0.1.3680043.8.498.25643897330283020467388814112594686690,mcl_centre,-39.66,-37.634,-15.933,0.0845,1.473,1.2.826.0.1.3680043.8.498.79278678489554502828992603333631226637,34,3.3,1,True
1.2.826.0.1.3680043.8.498.25650384476012633612528314070894186451,mcl_centre,29.233,49.602,-44.064,0.1262,1.482,1.2.826.0.1.3680043.8.498.77395331490345813187028438672005532430,23,4.5,1,True
1.2.826.0.1.3680043.8.498.25663557443141366332431300959089922567,mcl_centre,-41.356,-19.109,-15.239,0.0794,1.826,1.2.826.0.1.3680043.8.498.69424242864603587968136288315964371466,32,3.3,1,True
1.2.826.0.1.3680043.8.498.25663827732039068221184137540713755716,mcl_centre,71.341,-45.75,-16.598,0.1101,1.952,1.2.826.0.1.3680043.8.498.91766886639559734183540213303933244308,30,3.3,1,True
1.2.826.0.1.3680043.8.498.25679930222284447338484621953345520487,mcl_centre,-72.477,-32.396,-33.526,0.0894,0.983,1.2.826.0.1.3680043.8.498.57444450490175456847297167184201623083,30,3.3,1,True
1.2.826.0.1.3680043.8.498.25695966186129395049687747156570466645,mcl_centre,-41.618,-69.859,-14.184,0.1133,0.464,1.2.826.0.1.3680043.8.498.36118508777211385472312430441958848682,19,4.8,1,True
1.2.826.0.1.3680043.8.498.25697539332996211770844878649053316629,mcl_centre,-73.151,-44.423,-38.473,0.1096,0.74,1.2.826.0.1.3680043.8.498.57292875564238378715215793673935415716,30,3.3,1,True
1.2.826.0.1.3680043.8.498.25758766525934930593672922246867704103,mcl_centre,-23.878,0.127,-10.122,0.0813,1.947,1.2.826.0.1.3680043.8.498.13272239568570606290978637512561842021,32,3.6,1,True
1.2.826.0.1.3680043.8.498.25765711614507755527825654507920391096,mcl_centre,-61.908,-39.959,-17.863,0.0975,1.162,1.2.826.0.1.3680043.8.498.10188220657721638432671532193102467344,30,3.5,1,True
1.2.826.0.1.3680043.8.498.25766387275525303860953321689718246405,mcl_centre,51.21,-61.404,-19.995,0.1095,0.438,1.2.826.0.1.3680043.8.498.12327801996462058571367534371868963186,16,6.0,1,True
1.2.826.0.1.3680043.8.498.25766673238950703352855821505938941878,mcl_centre,43.486,-62.924,-50.188,0.1104,2.389,1.2.826.0.1.3680043.8.498.97285082592822843951511058743726606325,28,3.3,1,True
1.2.826.0.1.3680043.8.498.25792216289349936450377008453709520260,mcl_centre,-11.198,49.159,-11.895,0.0957,1.052,1.2.826.0.1.3680043.8.498.67161297521784910799333220675069677480,21,4.5,1,True
1.2.826.0.1.3680043.8.498.25815857653380672532983223088817283976,mcl_centre,-26.891,41.099,-21.29,0.0901,2.017,1.2.826.0.1.3680043.8.498.11252821884951370073263563558394784591,36,3.5,1,True
1.2.826.0.1.3680043.8.498.25818541516137783435601858274495597736,mcl_centre,-92.908,-17.29,-64.369,0.0882,1.197,1.2.826.0.1.3680043.8.498.50603347111143347813567240928003536866,28,3.7,1,True
1.2.826.0.1.3680043.8.498.25856396695552621816673203639618612020,mcl_centre,29.867,-34.002,-37.8,0.0992,0.591,1.2.826.0.1.3680043.8.498.19890616605936060801160044457302425019,30,3.6,1,True
1.2.826.0.1.3680043.8.498.25899681172115698926926115441929702502,mcl_centre,-46.313,-23.724,-60.439,0.065,0.904,1.2.826.0.1.3680043.8.498.46571600937150466493528952576254181117,38,3.3,1,True
1.2.826.0.1.3680043.8.498.25904473139226718487560978103077541725,mcl_centre,-39.804,-4.348,-8.458,0.0884,0.827,1.2.826.0.1.3680043.8.498.12613831064111235491488745794649765246,32,3.3,1,True
1.2.826.0.1.3680043.8.498.25909078145370189195643713208718315003,mcl_centre,65.988,-10.02,-66.953,0.0972,1.203,1.2.826.0.1.3680043.8.498.52292662736800713593216549112862152609,27,4.4,1,True
1.2.826.0.1.3680043.8.498.25928779639851562853500186715690156268,mcl_centre,36.828,-24.805,-12.22,0.0872,0.687,1.2.826.0.1.3680043.8.498.33538658679879079607248232528143346353,32,3.3,1,True
1.2.826.0.1.3680043.8.498.25953117039631879376428439063599611036,mcl_centre,-54.382,-67.554,-7.459,0.0286,1.397,1.2.826.0.1.3680043.8.498.81383762313594490464030019117181047266,29,4.5,1,True
1.2.826.0.1.3680043.8.498.25977532612504997807641730439567378227,mcl_centre,32.497,57.306,-27.836,0.0856,2.269,1.2.826.0.1.3680043.8.498.86031275832282998277133984481919560914,34,3.5,1,True
1.2.826.0.1.3680043.8.498.26002972602557466222471260313257965551,mcl_centre,-48.955,-57.552,-52.024,0.0892,1.864,1.2.826.0.1.3680043.8.498.19252443779891975273509912881345386233,38,3.3,1,True
1.2.826.0.1.3680043.8.498.26004572902429209855865822977387283547,mcl_centre,48.918,-17.907,-42.22,0.1315,1.616,1.2.826.0.1.3680043.8.498.52075218526162058729744163345966846369,30,3.3,1,True
1.2.826.0.1.3680043.8.498.26006372873438224908989402529530833528,mcl_centre,70.438,-53.114,-16.352,0.0804,0.952,1.2.826.0.1.3680043.8.498.57831131583737466356869960890296585706,34,3.3,1,True
1.2.826.0.1.3680043.8.498.26023120405608635089544039694812003604,mcl_centre,-7.633,2.624,9.204,0.1199,2.272,1.2.826.0.1.3680043.8.498.10291061323658794309113805318110098227,25,3.6,1,True
1.2.826.0.1.3680043.8.498.26066524302907849854339129271283426208,mcl_centre,6.374,5.272,-12.042,0.1217,2.946,1.2.826.0.1.3680043.8.498.67691908351427983967388616295367523122,20,5.0,1,True
1.2.826.0.1.3680043.8.498.26072622476167889001255150030772906081,mcl_centre,64.069,-49.721,-9.535,0.0883,0.676,1.2.826.0.1.3680043.8.498.92623010222057153274686015895337233667,20,5.0,1,True
1.2.826.0.1.3680043.8.498.26150637525321126007832687915610995568,mcl_centre,-78.505,-72.295,-16.065,0.0794,0.634,1.2.826.0.1.3680043.8.498.15509168988352948201576488538374016031,25,5.0,1,True
1.2.826.0.1.3680043.8.498.26201626427712146573573952548179938304,mcl_centre,39.18,-55.86,-35.886,0.0897,0.536,1.2.826.0.1.3680043.8.498.42445518571592526495470401234201163365,32,4.4,1,True
1.2.826.0.1.3680043.8.498.26257425287121280175418060407044075705,mcl_centre,81.128,-43.055,-25.902,0.0971,0.71,1.2.826.0.1.3680043.8.498.12983129180289081939194183880744431598,30,3.5,1,True
1.2.826.0.1.3680043.8.498.26266119962108543565575361589492142091,mcl_centre,70.904,-57.838,4.488,0.0898,0.794,1.2.826.0.1.3680043.8.498.85037406443627175359561191220597507119,30,3.3,1,True
1.2.826.0.1.3680043.8.498.26325951519908477683595799515094966069,mcl_centre,45.218,-1.448,-85.073,0.1214,1.141,1.2.826.0.1.3680043.8.498.13219393900958445637912195068303287515,27,3.6,1,True
1.2.826.0.1.3680043.8.498.26333849754345698117396119042432557445,mcl_centre,76.639,-37.439,-57.527,0.0949,0.743,1.2.826.0.1.3680043.8.498.64398940143800291032140475284456439065,30,3.7,1,True
1.2.826.0.1.3680043.8.498.26351577824204863242390892891061594387,mcl_centre,37.478,-60.71,-12.769,0.1239,1.284,1.2.826.0.1.3680043.8.498.63344312950302782990499150882930988800,30,3.6,1,True
1.2.826.0.1.3680043.8.498.26373657290121957625263322898744712730,mcl_centre,-39.638,-47.578,-19.971,0.0775,1.905,1.2.826.0.1.3680043.8.498.12510392199893595332079004548286376584,40,3.3,1,True
1.2.826.0.1.3680043.8.498.26408081008482310696738068933718440200,mcl_centre,33.762,-6.56,-44.737,0.1251,2.188,1.2.826.0.1.3680043.8.498.81438689137845392819505542471113150309,28,4.4,1,True
1.2.826.0.1.3680043.8.498.26431974442245797095978351976773354669,mcl_centre,43.59,-24.521,20.281,0.1066,2.308,1.2.826.0.1.3680043.8.498.84012350468592798048870649826653892362,30,3.6,1,True
1.2.826.0.1.3680043.8.498.26474456265903975319674669470473661691,mcl_centre,58.191,7.263,-36.1,0.1259,1.867,1.2.826.0.1.3680043.8.498.10734534740204958355383287320420072850,27,3.6,1,True
1.2.826.0.1.3680043.8.498.26485916396240515006042297316506505324,mcl_centre,52.752,-39.379,-69.197,0.0797,0.8,1.2.826.0.1.3680043.8.498.67692066318721542441672895353298671051,25,4.5,1,True
1.2.826.0.1.3680043.8.498.26512333939158074470511885252122191522,mcl_centre,53.542,1.051,4.144,0.1293,0.927,1.2.826.0.1.3680043.8.498.43309588032822734826435523894698569610,22,5.0,1,True
1.2.826.0.1.3680043.8.498.26536992666456596813876340849399448897,mcl_centre,76.862,9.427,-26.708,0.0795,0.795,1.2.826.0.1.3680043.8.498.12723581492299541090934368710946177132,40,3.48,1,True
1.2.826.0.1.3680043.8.498.26542435427465415008860869796504112727,mcl_centre,-41.129,-28.869,2.251,0.0782,0.94,1.2.826.0.1.3680043.8.498.80534597305312767338883847929616047368,41,3.3,1,True
1.2.826.0.1.3680043.8.498.26619973716086136503589916868066348957,mcl_centre,42.257,-20.111,-41.227,0.0971,1.661,1.2.826.0.1.3680043.8.498.94021548006860003414087462984340082468,35,3.3,1,True
1.2.826.0.1.3680043.8.498.26651323353208729423825552073457972796,mcl_centre,32.931,-52.488,-9.348,0.0712,3.588,1.2.826.0.1.3680043.8.498.23729397168911234341886447570521662157,34,3.3,1,True
1.2.826.0.1.3680043.8.498.26698126402727061400851465377574886112,mcl_centre,0.761,-23.122,-21.263,0.1201,0.582,1.2.826.0.1.3680043.8.498.91159993076282188341661139199230292099,25,4.5,1,True
1.2.826.0.1.3680043.8.498.26725172078893286313351418435377708028,mcl_centre,-41.65,-24.437,-20.601,0.1263,0.554,1.2.826.0.1.3680043.8.498.97180010542738205712438442926064461192,20,4.95,1,True
1.2.826.0.1.3680043.8.498.26790702379506190936834447203448882465,mcl_centre,-36.859,-39.017,-26.099,0.0898,1.212,1.2.826.0.1.3680043.8.498.11361238702894937883953390052085014194,28,3.7,1,True
1.2.826.0.1.3680043.8.498.26792665054823243997838322477587733719,mcl_centre,13.178,-15.901,-20.329,0.0786,65.967,1.2.826.0.1.3680043.8.498.94266101128661337865918060280767634351,28,3.5,1,True
1.2.826.0.1.3680043.8.498.26842258746390750314059176647398369242,mcl_centre,-37.576,-17.582,-48.992,0.1033,0.36,1.2.826.0.1.3680043.8.498.71862395983913257546145082389247848927,32,3.3,1,True
1.2.826.0.1.3680043.8.498.26843088620128166809417361066548447201,mcl_centre,73.507,-42.836,-21.875,0.0956,0.536,1.2.826.0.1.3680043.8.498.81763839914255610350423665189687803667,30,3.3,1,True
1.2.826.0.1.3680043.8.498.26848412380762311150802301982233072694,mcl_centre,-8.301,-0.859,-7.726,0.0673,1.0,1.2.826.0.1.3680043.8.498.17374658499156206279245260881313123805,34,3.85,1,True
1.2.826.0.1.3680043.8.498.26875920364303755911342338961252130512,mcl_centre,-47.781,-11.083,-34.308,0.0914,1.336,1.2.826.0.1.3680043.8.498.30208695441195548450271679356624765695,32,3.3,1,True
1.2.826.0.1.3680043.8.498.26880562799522930458745136318439622601,mcl_centre,29.308,-6.908,-18.386,0.0842,1.832,1.2.826.0.1.3680043.8.498.33242921367015950924783448667738519015,30,4.0,1,True
1.2.826.0.1.3680043.8.498.26946980494141305258556994153410856428,mcl_centre,30.908,-14.962,-28.239,0.1248,1.371,1.2.826.0.1.3680043.8.498.40766117580075519310751931175900143409,23,5.0,1,True
1.2.826.0.1.3680043.8.498.26978027400525885904983020900996228004,mcl_centre,-33.764,-30.72,-31.757,0.0805,1.198,1.2.826.0.1.3680043.8.498.58026938057683241099708259340889039358,30,3.9,1,True
1.2.826.0.1.3680043.8.498.26989584479346775218799121753035575730,mcl_centre,64.543,-24.801,-41.287,0.0864,1.147,1.2.826.0.1.3680043.8.498.44373730510978665887627354331401411697,30,3.7,1,True
1.2.826.0.1.3680043.8.498.27020884753639915245324093232218617967,mcl_centre,-30.364,-23.333,-9.899,0.0967,1.338,1.2.826.0.1.3680043.8.498.17863609084745560316673436499585100723,27,3.85,1,True
1.2.826.0.1.3680043.8.498.27023892731021470476500135946317920771,mcl_centre,73.764,16.379,-3.141,0.1246,0.87,1.2.826.0.1.3680043.8.498.86527540727058879607191476275492866724,18,4.5,1,True
1.2.826.0.1.3680043.8.498.27025989808002468335294585261291982661,mcl_centre,-47.187,-51.773,-32.459,0.0994,1.251,1.2.826.0.1.3680043.8.498.60482865334256086067129881072519865543,16,5.5,1,True
1.2.826.0.1.3680043.8.498.27034189091164693165076510006436405194,mcl_centre,-28.299,-9.574,-32.275,0.0725,1.562,1.2.826.0.1.3680043.8.498.11737191167317906488573611304418034595,34,4.0,1,True
1.2.826.0.1.3680043.8.498.27059975738703546675398620281849285863,mcl_centre,68.207,-64.664,-14.289,0.0885,1.517,1.2.826.0.1.3680043.8.498.60858825744700372941852899699445091789,30,3.7,1,True
1.2.826.0.1.3680043.8.498.27157074709305277871045901905120405881,mcl_centre,49.566,-63.221,13.054,0.0855,3.568,1.2.826.0.1.3680043.8.498.30660292325680891360698224788471129812,19,5.0,1,True
1.2.826.0.1.3680043.8.498.27161418589407291713644384596541786246,mcl_centre,32.344,24.164,-24.316,0.1302,0.939,1.2.826.0.1.3680043.8.498.11149206967333191886054541442841651026,24,4.0,1,True
1.2.826.0.1.3680043.8.498.27184343589256623289925252380526385858,mcl_centre,37.499,4.039,-48.245,0.1004,0.553,1.2.826.0.1.3680043.8.498.96512257644808009784090669576921272298,32,3.6,1,True
1.2.826.0.1.3680043.8.498.27186001621007168581611489439038285508,mcl_centre,38.438,-40.783,-15.832,0.1038,1.554,1.2.826.0.1.3680043.8.498.93585661267223958094508585812967817690,32,3.3,1,True
1.2.826.0.1.3680043.8.498.27191574009501966309382307682020135126,mcl_centre,35.168,-8.189,-44.787,0.0814,2.03,1.2.826.0.1.3680043.8.498.47930091758997612669879534135310583421,35,3.3,1,True
1.2.826.0.1.3680043.8.498.27192678730060203972082511503480566620,mcl_centre,-41.943,-35.593,-10.137,0.0713,1.213,1.2.826.0.1.3680043.8.498.29119707506243242010517943353217828924,30,3.6,1,True
1.2.826.0.1.3680043.8.498.27197413293500684424735285039923168926,mcl_centre,79.862,-42.511,-23.776,0.0744,1.402,1.2.826.0.1.3680043.8.498.35496205181006359389698046522561940506,30,3.3,1,True
1.2.826.0.1.3680043.8.498.27224327142578332905227939015479767285,mcl_centre,64.706,-38.793,-11.745,0.1135,1.046,1.2.826.0.1.3680043.8.498.73084224539615474896673276879736168555,30,3.3,1,True
1.2.826.0.1.3680043.8.498.27245171350765293537022546751529180545,mcl_centre,-43.483,-55.447,-47.116,0.0795,2.108,1.2.826.0.1.3680043.8.498.36239668680213559387898119761598984166,38,3.5,1,True
1.2.826.0.1.3680043.8.498.27306039618857661522863167157208122018,mcl_centre,21.781,-4.469,-32.197,0.1544,1.221,1.2.826.0.1.3680043.8.498.47697555772137913999473045868695505987,17,5.0,1,True
1.2.826.0.1.3680043.8.498.27311413427137994435573903541974122355,mcl_centre,-40.924,3.691,2.835,0.1246,1.12,1.2.826.0.1.3680043.8.498.49822624596745433983578061102145295981,24,3.5,1,True
1.2.826.0.1.3680043.8.498.27319908980978184820438244981035567211,mcl_centre,-52.118,24.651,-34.931,0.0753,0.79,1.2.826.0.1.3680043.8.498.28307510470778401166765726885731055319,28,3.5,1,True
1.2.826.0.1.3680043.8.498.27324284859290040148888098857880927353,mcl_centre,-77.706,-32.613,-9.839,0.1004,1.003,1.2.826.0.1.3680043.8.498.18195068213198375064905836793141793840,28,3.5,1,True
1.2.826.0.1.3680043.8.498.27339999385861467858422021400023533486,mcl_centre,52.103,-6.401,-16.944,0.1121,0.75,1.2.826.0.1.3680043.8.498.64786788936862617526537579955012347247,20,5.0,1,True
1.2.826.0.1.3680043.8.498.27398034409980350921804398626171135707,mcl_centre,-60.06,-58.082,-14.697,0.1012,0.875,1.2.826.0.1.3680043.8.498.12297004800080352419619496249601568362,28,3.5,1,True
1.2.826.0.1.3680043.8.498.27422742748182689233651649793019570511,mcl_centre,27.432,-0.01,-8.028,0.0815,0.951,1.2.826.0.1.3680043.8.498.19604596287847967601601839723311301990,22,4.0,1,True
1.2.826.0.1.3680043.8.498.27437263843446879932281897446100134924,mcl_centre,-25.276,3.754,-38.407,0.1033,1.736,1.2.826.0.1.3680043.8.498.52966130058305317432166084275691469532,28,4.0,1,True
1.2.826.0.1.3680043.8.498.27456622705361831116491505615162380604,mcl_centre,-36.506,-18.059,-38.696,0.0994,1.169,1.2.826.0.1.3680043.8.498.87989434377287930754964431872497919417,32,3.3,1,True
1.2.826.0.1.3680043.8.498.27460982183399364904497832933739191826,mcl_centre,62.032,-64.845,-27.166,0.1237,0.81,1.2.826.0.1.3680043.8.498.12954526294362646298429828490407518283,18,5.637,1,True
1.2.826.0.1.3680043.8.498.27474440682441854303485403899867525864,mcl_centre,-41.365,-18.737,-12.415,0.1011,0.779,1.2.826.0.1.3680043.8.498.77822779895550148763126151726121972725,33,3.3,1,True
1.2.826.0.1.3680043.8.498.27593710915588175306316595263625481601,mcl_centre,78.24,-31.127,-62.299,0.0846,1.632,1.2.826.0.1.3680043.8.498.45875608360947838055752829716962939699,30,3.7,1,True
1.2.826.0.1.3680043.8.498.27627190971637735537007595480396264063,mcl_centre,-36.226,-11.883,-56.948,0.1043,0.643,1.2.826.0.1.3680043.8.498.98847459976613309943861891740708470970,30,3.6,1,True
1.2.826.0.1.3680043.8.498.27644321991318957631114727895883331622,mcl_centre,-38.975,7.689,-42.901,0.0696,0.916,1.2.826.0.1.3680043.8.498.29660068881991262492269807077322774266,37,3.51,1,True
1.2.826.0.1.3680043.8.498.27653320597564308144389724321115208375,mcl_centre,49.96,-6.455,-42.381,0.1296,1.914,1.2.826.0.1.3680043.8.498.13002380457334993559385155082478779764,27,3.6,1,True
1.2.826.0.1.3680043.8.498.27655410895168998898506695863000928400,mcl_centre,-30.352,-79.362,8.018,0.0428,1.645,1.2.826.0.1.3680043.8.498.13333740438328989090367355133231948143,17,5.0,1,True
1.2.826.0.1.3680043.8.498.27656830051511853680197276412365020780,mcl_centre,58.515,-1.613,-115.227,0.0851,0.692,1.2.826.0.1.3680043.8.498.12388427988605855724495048002231666010,39,3.5,1,True
1.2.826.0.1.3680043.8.498.27671779587445983390840223475173360482,mcl_centre,-9.107,-8.697,-35.304,0.1419,1.052,1.2.826.0.1.3680043.8.498.56676015270531392509759570251894657374,19,4.4,1,True
1.2.826.0.1.3680043.8.498.27681651277422558344520227187021583924,mcl_centre,-52.645,-24.735,-10.933,0.0629,1.26,1.2.826.0.1.3680043.8.498.90183771466143440254584459521416778775,35,3.3,1,True
1.2.826.0.1.3680043.8.498.27710718386318170070605046744941324421,mcl_centre,79.654,-58.133,-31.689,0.0867,1.333,1.2.826.0.1.3680043.8.498.45572999019295825925037024858934860609,22,4.95,1,True
1.2.826.0.1.3680043.8.498.27723413941379681806317930349613970721,mcl_centre,-37.11,-1.326,-10.99,0.0862,0.427,1.2.826.0.1.3680043.8.498.54194477611218842447218121343341069388,30,3.45,1,True
1.2.826.0.1.3680043.8.498.27723573213501259053792522608339812759,mcl_centre,-40.484,-5.833,-22.837,0.0762,0.449,1.2.826.0.1.3680043.8.498.11829648284702890839262701698857506221,32,3.3,1,True
1.2.826.0.1.3680043.8.498.27737101979486411869208236811885597351,mcl_centre,-45.394,-18.203,-2.242,0.0697,0.822,1.2.826.0.1.3680043.8.498.11363609493067147357751157713318216579,30,3.6,1,True
1.2.826.0.1.3680043.8.498.27793455627426963285485957211105588905,mcl_centre,-74.261,-88.117,-27.979,0.116,0.468,1.2.826.0.1.3680043.8.498.67883296575838734555696737211685446638,19,5.0,1,True
1.2.826.0.1.3680043.8.498.27796604203156439069742212039368371002,mcl_centre,-20.211,-7.333,-24.044,0.0996,2.359,1.2.826.0.1.3680043.8.498.13072910794981884240098910082225675130,34,3.6,1,True
1.2.826.0.1.3680043.8.498.27883371281368994280894952749865160316,mcl_centre,-22.916,-25.488,-31.508,0.0628,1.162,1.2.826.0.1.3680043.8.498.12191617424041831122024014080019632742,31,4.5,1,True
1.2.826.0.1.3680043.8.498.27890860883826681731748268459485259935,mcl_centre,-57.269,0.382,-43.501,0.1123,1.936,1.2.826.0.1.3680043.8.498.93812965768041296260506404742557386138,24,5.0,1,True
1.2.826.0.1.3680043.8.498.27921111050680927418542588425335218896,mcl_centre,46.288,-69.93,-31.568,0.0606,3.218,1.2.826.0.1.3680043.8.498.51439415682917373612608555622407332142,20,4.8,1,True
1.2.826.0.1.3680043.8.498.27925145307825795804342879375835424449,mcl_centre,30.51,3.111,-50.349,0.0851,1.408,1.2.826.0.1.3680043.8.498.29559271439143682801720603797532811997,30,3.6,1,True
1.2.826.0.1.3680043.8.498.27934397251575987048967084987994202973,mcl_centre,24.402,-73.635,-37.789,0.1016,0.54,1.2.826.0.1.3680043.8.498.79765867196658305739221024960435029306,19,4.4,1,True
1.2.826.0.1.3680043.8.498.27946605663086243142356841956045514227,mcl_centre,-65.744,-33.487,-17.492,0.102,1.116,1.2.826.0.1.3680043.8.498.59286132867057790560740967962989151466,30,3.3,1,True
1.2.826.0.1.3680043.8.498.27990965288663885936880638302158503894,mcl_centre,-38.514,-68.727,-35.301,0.0842,3.534,1.2.826.0.1.3680043.8.498.74736122799382952287115888781287779859,31,3.3,1,True
1.2.826.0.1.3680043.8.498.28011057282528460306257420499560926354,mcl_centre,-64.012,-37.992,-21.478,0.097,3.003,1.2.826.0.1.3680043.8.498.71036629567317742417520120382248032131,30,3.3,1,True
1.2.826.0.1.3680043.8.498.28023795363827851445172311810918021563,mcl_centre,-39.3,-3.256,-14.664,0.1033,0.675,1.2.826.0.1.3680043.8.498.39657607520213260885331049714871518302,32,3.3,1,True
1.2.826.0.1.3680043.8.498.28028890493668487238845659163252231337,mcl_centre,24.297,-9.467,-23.968,0.1388,0.929,1.2.826.0.1.3680043.8.498.12658798564436867084657657760017384423,17,6.0,1,True
1.2.826.0.1.3680043.8.498.28040645186226259590182363324146810031,mcl_centre,52.341,-21.028,-45.631,0.1026,1.165,1.2.826.0.1.3680043.8.498.11885480950723007271245615893490522335,25,4.5,1,True
1.2.826.0.1.3680043.8.498.28045606887691550130031344985830975325,mcl_centre,-69.34,-84.516,-10.567,0.1074,0.872,1.2.826.0.1.3680043.8.498.81047524254423065524186088707910033109,18,5.595,1,True
1.2.826.0.1.3680043.8.498.28132506470634542229651932141193521661,mcl_centre,-40.417,-10.021,-44.848,0.0927,0.75,1.2.826.0.1.3680043.8.498.37539052914478368929039320716422037037,20,4.95,1,True
1.2.826.0.1.3680043.8.498.28134711422142706763867845558971485241,mcl_centre,-73.521,-35.876,-24.96,0.1022,1.261,1.2.826.0.1.3680043.8.498.11205761527676259962659276430211377208,30,3.5,1,True
1.2.826.0.1.3680043.8.498.28153286315438977482271934270979508349,mcl_centre,-18.445,-28.3,-16.188,0.0899,1.947,1.2.826.0.1.3680043.8.498.88919293598711895926687885239275621044,25,3.6,1,True
1.2.826.0.1.3680043.8.498.28218476802410349760103243990109474475,mcl_centre,-29.094,8.592,-57.316,0.1124,1.023,1.2.826.0.1.3680043.8.498.30079231528904836540382944698853050566,20,5.0,1,True
1.2.826.0.1.3680043.8.498.28220626968612492259133318770141901567,mcl_centre,72.874,-47.443,-10.923,0.1209,0.827,1.2.826.0.1.3680043.8.498.11060488300907106055453001110990438939,30,3.5,1,True
1.2.826.0.1.3680043.8.498.28237068093947300427040925444622840795,mcl_centre,-33.327,14.407,-12.121,0.1176,0.617,1.2.826.0.1.3680043.8.498.18203423874958594406292912997398334734,24,4.5,1,True
1.2.826.0.1.3680043.8.498.28269350392124251309834584420564806882,mcl_centre,41.63,-10.147,-9.979,0.1036,1.579,1.2.826.0.1.3680043.8.498.38360685258816451760635878839975735629,30,3.3,1,True
1.2.826.0.1.3680043.8.498.28289838818003822677994912735532050038,mcl_centre,75.823,-64.177,-5.619,0.0863,1.149,1.2.826.0.1.3680043.8.498.80813658986416590391912153956458218683,22,5.012,1,True
1.2.826.0.1.3680043.8.498.28295265939946677460838974253299313798,mcl_centre,-42.519,26.999,-0.101,0.098,0.764,1.2.826.0.1.3680043.8.498.36269621175613227903639795257662031015,25,5.0,1,True
1.2.826.0.1.3680043.8.498.28309626953500461628112343997868050028,mcl_centre,40.424,-14.102,-4.347,0.0756,1.191,1.2.826.0.1.3680043.8.498.92377831856468380672280305178126860238,30,3.45,1,True
1.2.826.0.1.3680043.8.498.28333127304382930639614800697959296306,mcl_centre,46.319,-0.038,-21.251,0.1105,2.114,1.2.826.0.1.3680043.8.498.11242584930019313614216021355777811089,30,3.3,1,True
1.2.826.0.1.3680043.8.498.28351884945918062351436698411322252525,mcl_centre,48.292,10.271,-45.318,0.0711,1.926,1.2.826.0.1.3680043.8.498.36007956206567840613457153587604291748,36,3.5,1,True
1.2.826.0.1.3680043.8.498.28360174615866226538417948042981668998,mcl_centre,-45.638,53.699,-107.108,0.0891,1.529,1.2.826.0.1.3680043.8.498.63476696912074265939414396272434764472,31,3.7,1,True
1.2.826.0.1.3680043.8.498.28425280718252632810092859612928047098,mcl_centre,-32.329,3.916,-8.938,0.082,2.27,1.2.826.0.1.3680043.8.498.58538535192706044789422942655001140265,30,3.6,1,True
1.2.826.0.1.3680043.8.498.28481442608487320644829189127206806471,mcl_centre,51.595,-57.355,-9.806,0.092,0.661,1.2.826.0.1.3680043.8.498.39245469748590485449044864490555750271,30,3.3,1,True
1.2.826.0.1.3680043.8.498.28488216314048990109149780234417422948,mcl_centre,-55.831,-59.679,-43.85,0.0859,4.401,1.2.826.0.1.3680043.8.498.56121508730642526082032872713806566229,28,4.0,1,True
1.2.826.0.1.3680043.8.498.28490861391717560759667589681288427737,mcl_centre,45.583,-14.535,-22.601,0.1113,0.878,1.2.826.0.1.3680043.8.498.19612200141617878156234337514456602505,34,2.75,1,True
1.2.826.0.1.3680043.8.498.28539130184243787339297053654373783542,mcl_centre,-36.111,-66.61,-22.079,0.0985,0.476,1.2.826.0.1.3680043.8.498.10748757560261680520958283504172658774,32,3.3,1,True
1.2.826.0.1.3680043.8.498.28579372595938810820078670002733005121,mcl_centre,-62.518,-79.039,-16.842,0.084,0.719,1.2.826.0.1.3680043.8.498.13328014367750779264633070828714085682,18,5.257,1,True
1.2.826.0.1.3680043.8.498.28595729988867300278425411189173775382,mcl_centre,-64.06,-38.356,-6.969,0.1068,0.752,1.2.826.0.1.3680043.8.498.10582446812781706134476928937778802488,18,5.933,1,True
1.2.826.0.1.3680043.8.498.28626044336302232656987963623687293705,mcl_centre,-31.652,-48.386,-30.487,0.1069,0.6,1.2.826.0.1.3680043.8.498.82677537152732364810610717397132750054,19,4.4,1,True
1.2.826.0.1.3680043.8.498.28628472249424790112957421215774036156,mcl_centre,-36.397,-7.926,-10.659,0.0579,2.533,1.2.826.0.1.3680043.8.498.11350268817395511587368806062369792644,34,3.0,1,True
1.2.826.0.1.3680043.8.498.28634248756653012357434232845788268719,mcl_centre,61.912,-27.083,-24.71,0.1277,1.614,1.2.826.0.1.3680043.8.498.52997879340576030342633474808444804219,27,3.4,1,True
1.2.826.0.1.3680043.8.498.28638490997780173004029312240334483157,mcl_centre,37.795,-27.539,-58.892,0.0857,2.393,1.2.826.0.1.3680043.8.498.72248529454872974892197395121269516195,28,4.725,1,True
1.2.826.0.1.3680043.8.498.28646304373057947277669139986982208473,mcl_centre,-6.871,-66.917,7.829,0.0801,1.186,1.2.826.0.1.3680043.8.498.12696107551239672286846805073186638949,30,3.5,1,True
1.2.826.0.1.3680043.8.498.28655385212214986812679045835025619123,mcl_centre,32.963,-17.501,-33.481,0.0972,0.58,1.2.826.0.1.3680043.8.498.60227365849335900772722117333632900502,30,3.3,1,True
1.2.826.0.1.3680043.8.498.28670999234453413675502551916979760344,mcl_centre,-14.382,-27.856,-12.68,0.0886,1.243,1.2.826.0.1.3680043.8.498.38590257738908909065861204217070520432,32,3.3,1,True
1.2.826.0.1.3680043.8.498.28686498221359515429184385385077600687,mcl_centre,41.905,-41.447,-29.742,0.0997,1.115,1.2.826.0.1.3680043.8.498.94850441761448309745632361155034448983,28,3.3,1,True
1.2.826.0.1.3680043.8.498.28697216332632397717077153882513537456,mcl_centre,-68.322,-34.645,3.465,0.0888,1.968,1.2.826.0.1.3680043.8.498.30718589226363502621225402435997584723,28,3.7,1,True
1.2.826.0.1.3680043.8.498.28746954364434312909368235768936980607,mcl_centre,-80.724,-17.04,-67.497,0.104,0.967,1.2.826.0.1.3680043.8.498.11598971004955638092908442211531844854,24,4.5,1,True
1.2.826.0.1.3680043.8.498.28770594655815108010532953376271504596,mcl_centre,-5.402,33.495,-14.965,0.1145,1.298,1.2.826.0.1.3680043.8.498.70028056887469304606592555777642734664,30,3.6,1,True
1.2.826.0.1.3680043.8.498.28779021651975021236045277212517629154,mcl_centre,-25.036,12.781,-39.087,0.0914,1.564,1.2.826.0.1.3680043.8.498.12157477096914155631977045611643487184,30,4.2,1,True
1.2.826.0.1.3680043.8.498.28848511016500781798837621261660844237,mcl_centre,39.835,-16.057,-25.942,0.1663,1.374,1.2.826.0.1.3680043.8.498.59269635849791275362629708621917632088,20,4.4,1,True
1.2.826.0.1.3680043.8.498.28873180831637763124652074775631752918,mcl_centre,33.055,-33.589,-23.645,0.1031,3.802,1.2.826.0.1.3680043.8.498.12522910947249306845305325100739726511,32,3.3,1,True
1.2.826.0.1.3680043.8.498.28888941572409703700315590339486528256,mcl_centre,39.257,-30.111,-14.139,0.065,1.254,1.2.826.0.1.3680043.8.498.17387681867672602389064614976683389689,30,3.6,1,True
1.2.826.0.1.3680043.8.498.28925345859498351203477642741908452608,mcl_centre,-71.484,-13.059,-20.017,0.0903,1.315,1.2.826.0.1.3680043.8.498.48669435010734548926088990885351646056,27,3.6,1,True
1.2.826.0.1.3680043.8.498.28944156754203202831026290463520445489,mcl_centre,-80.865,-76.089,2.036,0.1138,0.911,1.2.826.0.1.3680043.8.498.74808118701575628431852981172639127942,20,5.024,1,True
1.2.826.0.1.3680043.8.498.28946722216615442736212359468410891872,mcl_centre,37.074,-27.77,-12.208,0.1163,0.734,1.2.826.0.1.3680043.8.498.49334423973384921589145949606220828229,28,3.3,1,True
1.2.826.0.1.3680043.8.498.28951331578236330522646806432827370713,mcl_centre,-39.472,-2.736,-20.116,0.1263,1.588,1.2.826.0.1.3680043.8.498.26417155334927457491675477088721211429,30,3.3,1,True
1.2.826.0.1.3680043.8.498.28954361146470748868500417103935640742,mcl_centre,36.734,-19.768,-60.874,0.0868,0.432,1.2.826.0.1.3680043.8.498.11879865673699131556860652970244268473,30,3.6,1,True
1.2.826.0.1.3680043.8.498.29039872266866623711060910233238440882,mcl_centre,-31.392,-102.661,-30.619,0.0806,1.101,1.2.826.0.1.3680043.8.498.93450319017267502077494549920227824765,20,5.0,1,True
1.2.826.0.1.3680043.8.498.29055892482211392922525222851162308510,mcl_centre,-3.695,-68.355,1.689,0.0848,2.293,1.2.826.0.1.3680043.8.498.31107385463189872350406956647345460573,33,3.7,1,True
1.2.826.0.1.3680043.8.498.29090158364700006304493717187346344597,mcl_centre,26.999,3.793,-42.465,0.069,2.277,1.2.826.0.1.3680043.8.498.35352237674187229391916386479084381267,30,4.2,1,True
1.2.826.0.1.3680043.8.498.29227028592609694700827329867343028944,mcl_centre,-38.614,-10.705,-7.477,0.0809,1.283,1.2.826.0.1.3680043.8.498.20326170412114854529943692613755436228,32,3.3,1,True
1.2.826.0.1.3680043.8.498.29280448517432444306374036429824425668,mcl_centre,25.023,-23.265,-30.122,0.1112,1.104,1.2.826.0.1.3680043.8.498.45441829078144942888318832991550642996,38,3.3,1,True
1.2.826.0.1.3680043.8.498.29292398668403593100514493322849770181,mcl_centre,-18.361,8.678,-32.929,0.1253,1.064,1.2.826.0.1.3680043.8.498.10705232377807841085399262656899568357,17,5.0,1,True
1.2.826.0.1.3680043.8.498.29294899952044311440141172596030689586,mcl_centre,69.551,-22.473,-24.216,0.048,3.821,1.2.826.0.1.3680043.8.498.33952322388052600339153187816627963231,38,3.627,1,True
1.2.826.0.1.3680043.8.498.29343735048224321966824641432873034291,mcl_centre,42.866,-28.905,-77.656,0.0817,1.254,1.2.826.0.1.3680043.8.498.12922456837707575798757388937858191890,20,4.95,1,True
1.2.826.0.1.3680043.8.498.29354469534263517460113311852821643665,mcl_centre,-33.772,-45.403,-15.898,0.0769,0.556,1.2.826.0.1.3680043.8.498.24169729653905315031484394146967050006,34,3.3,1,True
1.2.826.0.1.3680043.8.498.29364640434226980751405780979697632001,mcl_centre,47.87,-10.444,-24.411,0.1131,0.512,1.2.826.0.1.3680043.8.498.12394752451733649554341499574403331632,30,3.6,1,True
1.2.826.0.1.3680043.8.498.29371692234061436334815897970798625595,mcl_centre,31.356,-51.807,-0.943,0.1305,0.791,1.2.826.0.1.3680043.8.498.69136802965764332759892441372485449086,17,5.0,1,True
1.2.826.0.1.3680043.8.498.29375052467745327893128894062568944496,mcl_centre,36.833,-28.357,10.632,0.0954,1.686,1.2.826.0.1.3680043.8.498.84064637255012396651839263352176551233,30,3.6,1,True
1.2.826.0.1.3680043.8.498.29384016102624554484300773136383156153,mcl_centre,-77.413,-33.498,-31.294,0.0925,1.841,1.2.826.0.1.3680043.8.498.77111716065888991201278340806888102375,38,3.5,1,True
1.2.826.0.1.3680043.8.498.29418130858182890216867847991592582370,mcl_centre,10.903,59.088,-33.627,0.0871,0.56,1.2.826.0.1.3680043.8.498.12457352365186449429319512120019176158,39,3.5,1,True
1.2.826.0.1.3680043.8.498.29443692810539372078922146461173545451,mcl_centre,66.637,13.843,-16.166,0.0902,1.138,1.2.826.0.1.3680043.8.498.78097161498539620945791108040601576757,32,3.7,1,True
1.2.826.0.1.3680043.8.498.29473278891551292295080887778714088878,mcl_centre,-53.386,-14.762,-15.228,0.1164,1.591,1.2.826.0.1.3680043.8.498.29927399140683157557450106379360457671,16,5.371,1,True
1.2.826.0.1.3680043.8.498.29509443439138257275071354031180789464,mcl_centre,-67.849,-39.123,-13.679,0.0829,1.917,1.2.826.0.1.3680043.8.498.10942068970649667120765369766810424191,23,4.5,1,True
1.2.826.0.1.3680043.8.498.29579560656789178333629609998252952856,mcl_centre,67.912,-58.869,-34.958,0.1031,1.811,1.2.826.0.1.3680043.8.498.96534282341222322759982852934039453392,30,3.3,1,True
1.2.826.0.1.3680043.8.498.29735852958813434703969490187047665950,mcl_centre,71.167,-72.45,10.878,0.1222,1.473,1.2.826.0.1.3680043.8.498.67824163808029282682098917353295552034,30,3.3,1,True
1.2.826.0.1.3680043.8.498.29739171278960083313048266628194182569,mcl_centre,37.954,-30.783,-25.649,0.0995,1.232,1.2.826.0.1.3680043.8.498.86611393192343250335066685378209336231,36,3.0,1,True
1.2.826.0.1.3680043.8.498.29741673719687535294395668150749894623,mcl_centre,78.414,-44.608,-13.529,0.1161,1.354,1.2.826.0.1.3680043.8.498.19078353791719111780213416656294079838,30,3.7,1,True
1.2.826.0.1.3680043.8.498.29758331841591711520514486913006094054,mcl_centre,-62.564,-61.649,-55.142,0.1177,1.193,1.2.826.0.1.3680043.8.498.26088299299406851916843010050832832936,20,5.0,1,True
1.2.826.0.1.3680043.8.498.29764868091238287072166823522853419550,mcl_centre,34.949,-27.596,-6.705,0.0938,0.888,1.2.826.0.1.3680043.8.498.93049579888925063520771775891465039949,30,3.7,1,True
1.2.826.0.1.3680043.8.498.29794301133358685635777478470865282350,mcl_centre,-54.931,-33.096,6.454,0.0761,2.219,1.2.826.0.1.3680043.8.498.10582767282153759006652720100204909285,38,3.3,1,True
1.2.826.0.1.3680043.8.498.29826129803278661744835136993610646069,mcl_centre,-37.92,-18.52,-11.887,0.0869,0.617,1.2.826.0.1.3680043.8.498.29680543845414116685620386457774259127,32,3.3,1,True
1.2.826.0.1.3680043.8.498.29866827083314645739444078187995496049,mcl_centre,69.287,-55.675,-22.204,0.0939,0.994,1.2.826.0.1.3680043.8.498.12247836491947814384365993916361852785,30,3.3,1,True
1.2.826.0.1.3680043.8.498.29943089198208468441240036404506927883,mcl_centre,81.139,-68.279,-27.596,0.1033,3.436,1.2.826.0.1.3680043.8.498.69311067432303848441531341870019119314,20,4.95,1,True
1.2.826.0.1.3680043.8.498.29971686675947075024168289004002445393,mcl_centre,-22.258,-34.59,-20.857,0.075,2.024,1.2.826.0.1.3680043.8.498.45253761805923850071884544219036559927,33,3.5,1,True
1.2.826.0.1.3680043.8.498.29976611818313906970687136815346573471,mcl_centre,63.064,-42.272,-31.388,0.1601,0.761,1.2.826.0.1.3680043.8.498.65519576855866307207830134667124542524,18,4.706,1,True
1.2.826.0.1.3680043.8.498.30058585660043363937345050478072453854,mcl_centre,52.669,-0.323,27.438,0.0961,1.802,1.2.826.0.1.3680043.8.498.90936477132864508040681376245130641227,32,3.7,1,True
1.2.826.0.1.3680043.8.498.30066410959464367576375502522994033142,mcl_centre,66.666,-54.37,-3.108,0.1029,1.172,1.2.826.0.1.3680043.8.498.12636071194952765762679366004383986396,30,3.3,1,True
1.2.826.0.1.3680043.8.498.30104491808697888642424160917715722238,mcl_centre,-47.643,-21.959,-35.804,0.1035,0.901,1.2.826.0.1.3680043.8.498.10477206028803068139106517656305958126,30,3.3,1,True
1.2.826.0.1.3680043.8.498.30131339052241668380936148362472245259,mcl_centre,41.869,-5.796,-31.568,0.0953,0.898,1.2.826.0.1.3680043.8.498.44576895405778054026019391609100391152,32,3.3,1,True
1.2.826.0.1.3680043.8.498.30150613585152527569197215147135001922,mcl_centre,-78.223,-69.407,18.169,0.0754,0.976,1.2.826.0.1.3680043.8.498.88692815668661743082653327483966016414,30,3.5,1,True
1.2.826.0.1.3680043.8.498.30167179890902431464942556467698238073,mcl_centre,-79.711,-57.661,-54.672,0.0893,1.357,1.2.826.0.1.3680043.8.498.11881222448506041171705732727313412907,30,3.5,1,True
1.2.826.0.1.3680043.8.498.30174064884443577177838026250637902388,mcl_centre,56.599,-92.234,15.324,0.0995,1.464,1.2.826.0.1.3680043.8.498.12829703652044011094257295539659204933,19,5.0,1,True
1.2.826.0.1.3680043.8.498.30206987686375669521451035370290737934,mcl_centre,81.744,-44.052,-37.953,0.091,1.351,1.2.826.0.1.3680043.8.498.98090535634793800625843536808117259858,30,3.7,1,True
1.2.826.0.1.3680043.8.498.30222189977108980260768952691472020722,mcl_centre,-68.483,-40.454,-49.835,0.1036,0.515,1.2.826.0.1.3680043.8.498.12472786297303417605912520360889357201,28,3.8,1,True
1.2.826.0.1.3680043.8.498.30233578499383083757206211752001832047,mcl_centre,-40.737,-15.681,-36.337,0.1017,0.454,1.2.826.0.1.3680043.8.498.67057646394980283253404629359472255850,32,3.3,1,True
1.2.826.0.1.3680043.8.498.30246079718471552972130572444383079911,mcl_centre,38.0,-50.305,-2.291,0.0708,1.121,1.2.826.0.1.3680043.8.498.10125030789765676430404935648431987209,31,4.5,1,True
1.2.826.0.1.3680043.8.498.30248682294786626375369374249874501600,mcl_centre,68.145,-50.773,-23.954,0.1104,0.914,1.2.826.0.1.3680043.8.498.92139942785919610552771792048237854520,30,3.5,1,True
1.2.826.0.1.3680043.8.498.30252501257451878373370333329266264057,mcl_centre,68.528,-15.083,-28.469,0.0901,0.47,1.2.826.0.1.3680043.8.498.78291777698430986274842522190549787071,30,3.3,1,True
1.2.826.0.1.3680043.8.498.30264599677934095429161619981918944098,mcl_centre,40.143,29.324,-30.973,0.0866,1.908,1.2.826.0.1.3680043.8.498.40266574990380322506254792835648208050,33,3.5,1,True
1.2.826.0.1.3680043.8.498.30282025087399390929963075109487390046,mcl_centre,-80.387,-56.405,-6.461,0.098,1.57,1.2.826.0.1.3680043.8.498.85001092727284184583317110343868937455,22,4.95,1,True
1.2.826.0.1.3680043.8.498.30330001893437233719772129404417384472,mcl_centre,50.296,-18.426,12.633,0.1334,0.929,1.2.826.0.1.3680043.8.498.29746158558647159871680208479407013786,24,5.0,1,True
1.2.826.0.1.3680043.8.498.30381005430261460472880465705496199540,mcl_centre,43.512,-15.98,-8.964,0.1118,2.402,1.2.826.0.1.3680043.8.498.68736040768804538774515494497425601550,25,3.6,1,True
1.2.826.0.1.3680043.8.498.30420245540489522189154634720778032533,mcl_centre,-44.885,-18.735,-51.839,0.1067,1.087,1.2.826.0.1.3680043.8.498.69207531165245546531453447547652471037,30,3.6,1,True
1.2.826.0.1.3680043.8.498.30423643741419627789701272644909134762,mcl_centre,46.989,-12.016,-68.993,0.068,1.035,1.2.826.0.1.3680043.8.498.13084212301309701865523812476487503851,40,3.3,1,True
1.2.826.0.1.3680043.8.498.30435446905709054197096833427672604260,mcl_centre,-36.572,-16.512,-11.195,0.0866,0.935,1.2.826.0.1.3680043.8.498.11440023133062596829746957792032700839,35,3.3,1,True
1.2.826.0.1.3680043.8.498.30490857770169699336468319880130884989,mcl_centre,-38.502,-20.488,-14.012,0.0591,2.037,1.2.826.0.1.3680043.8.498.11425095346697087387836589151202503451,37,3.6,1,True
1.2.826.0.1.3680043.8.498.30517381653283520211188050362394799510,mcl_centre,50.05,-18.186,-60.922,0.1245,2.11,1.2.826.0.1.3680043.8.498.79903178901631815887723138992579710544,27,4.4,1,True
1.2.826.0.1.3680043.8.498.30520444048368652235940346583890702451,mcl_centre,42.386,-27.385,-14.28,0.0855,3.168,1.2.826.0.1.3680043.8.498.64872339537733325487636039454452267712,30,3.5,1,True
1.2.826.0.1.3680043.8.498.30537361712821464927469618193893850465,mcl_centre,-29.858,-44.873,-25.754,0.1101,1.048,1.2.826.0.1.3680043.8.498.12800216888969143935005355308001916348,28,3.3,1,True
1.2.826.0.1.3680043.8.498.30557810085867943803354292590079995622,mcl_centre,-69.476,-4.667,11.545,0.0551,0.904,1.2.826.0.1.3680043.8.498.40833257929355083046447756595275338947,36,3.5,1,True
1.2.826.0.1.3680043.8.498.30613528335797277620843542280889823612,mcl_centre,-38.235,-24.921,-3.169,0.1006,1.77,1.2.826.0.1.3680043.8.498.11933943832775909235288889053347467927,32,3.3,1,True
1.2.826.0.1.3680043.8.498.30662407196303880392459287553277761223,mcl_centre,-39.03,-24.33,-20.473,0.1065,1.035,1.2.826.0.1.3680043.8.498.11729332688919014987643381756105170331,32,3.3,1,True
1.2.826.0.1.3680043.8.498.30672390215843894382866701432377109444,mcl_centre,-41.378,-19.368,-16.945,0.0731,1.065,1.2.826.0.1.3680043.8.498.40760349688941955027111760297871899909,36,3.0,1,True
1.2.826.0.1.3680043.8.498.30673411238679998084995204090753297949,mcl_centre,24.201,9.153,-35.41,0.0863,1.062,1.2.826.0.1.3680043.8.498.10075850923678625558751478713371734745,38,3.6,1,True
1.2.826.0.1.3680043.8.498.30690232747840004203140392776057147177,mcl_centre,-29.357,-44.041,-23.741,0.1183,1.296,1.2.826.0.1.3680043.8.498.61430453634556909157680505158449539636,32,3.3,1,True
1.2.826.0.1.3680043.8.498.30746167840159843733412534591988948270,mcl_centre,32.331,5.998,-40.262,0.1217,4.212,1.2.826.0.1.3680043.8.498.11360770261665698001535522224605906325,27,3.6,1,True
1.2.826.0.1.3680043.8.498.30756534269149851281518502475458067520,mcl_centre,42.614,-16.457,0.066,0.0827,0.972,1.2.826.0.1.3680043.8.498.20643162464420248234443285354937591898,30,3.6,1,True
1.2.826.0.1.3680043.8.498.30763696628968291934469221453461209579,mcl_centre,80.259,-34.022,-17.9,0.0879,0.796,1.2.826.0.1.3680043.8.498.18801147442513873227923318358865028129,28,3.5,1,True
1.2.826.0.1.3680043.8.498.30800677497901063887487934675082066316,mcl_centre,31.256,1.861,-25.936,0.0487,1.343,1.2.826.0.1.3680043.8.498.44417292681149319043201457973884189076,28,4.2,1,True
1.2.826.0.1.3680043.8.498.30832771419882354941430609179589560374,mcl_centre,38.167,-28.653,14.632,0.1119,1.173,1.2.826.0.1.3680043.8.498.63876905052857568802629667076401576433,30,3.5,1,True
1.2.826.0.1.3680043.8.498.30836611607735372299752226690388090391,mcl_centre,-30.497,-16.049,-16.409,0.0955,1.036,1.2.826.0.1.3680043.8.498.94743730538490529759039418564214757276,30,3.3,1,True
1.2.826.0.1.3680043.8.498.30838586189496669675465778955893367497,mcl_centre,-93.39,-94.711,-5.453,0.1,1.17,1.2.826.0.1.3680043.8.498.95817642989531218308253485002790176173,23,4.5,1,True
1.2.826.0.1.3680043.8.498.30842406081180392627544336691360658070,mcl_centre,-36.003,-3.411,-15.316,0.0702,51.209,1.2.826.0.1.3680043.8.498.11432563015399976786951923774678010218,33,3.3,1,True
1.2.826.0.1.3680043.8.498.30888379005655662168586864728687777425,mcl_centre,-47.849,-53.302,-14.446,0.0983,0.59,1.2.826.0.1.3680043.8.498.79493700062862183685328047676577894171,32,3.3,1,True
1.2.826.0.1.3680043.8.498.30942874102560162331831960649006411381,mcl_centre,71.168,-28.219,-32.027,0.1068,0.72,1.2.826.0.1.3680043.8.498.10568028957966866187992963807955413226,30,3.3,1,True
1.2.826.0.1.3680043.8.498.30947630416867960170317316514422933066,mcl_centre,37.619,1.675,-13.166,0.095,1.375,1.2.826.0.1.3680043.8.498.11738168882864593583050468510342507452,32,3.7,1,True
1.2.826.0.1.3680043.8.498.30978547345367837000803077743620171961,mcl_centre,17.225,1.303,-17.24,0.1463,2.05,1.2.826.0.1.3680043.8.498.61795421272670030055356095917431865930,19,5.0,1,True
1.2.826.0.1.3680043.8.498.30998941785989496591079894962766360976,mcl_centre,-49.933,-8.679,-43.882,0.0804,0.48,1.2.826.0.1.3680043.8.498.78436895603792252411726734003124858956,30,3.8,1,True
1.2.826.0.1.3680043.8.498.31079821574648958955911441626193848961,mcl_centre,-60.817,-57.052,8.928,0.0899,0.587,1.2.826.0.1.3680043.8.498.11449841620369646929510224830085679244,30,3.3,1,True
1.2.826.0.1.3680043.8.498.31080452089421812812019413302222437434,mcl_centre,19.264,3.098,-20.364,0.0896,0.938,1.2.826.0.1.3680043.8.498.45631167911929093169143507422888717146,30,3.6,1,True
1.2.826.0.1.3680043.8.498.31082592133742929889611857821843859701,mcl_centre,-58.486,-4.338,16.501,0.0864,0.607,1.2.826.0.1.3680043.8.498.71680497536735939110506583202121495453,34,3.3,1,True
1.2.826.0.1.3680043.8.498.31099878224304681441631176766255029271,mcl_centre,72.422,-70.488,5.577,0.0905,0.797,1.2.826.0.1.3680043.8.498.93823448894983654879575945771055954803,21,4.652,1,True
1.2.826.0.1.3680043.8.498.31137162827930164367134811210741362416,mcl_centre,-57.942,-29.857,-25.276,0.0859,0.996,1.2.826.0.1.3680043.8.498.98089374102748422926522718070878288228,30,3.7,1,True
1.2.826.0.1.3680043.8.498.31145453746697192222724674918300432873,mcl_centre,47.266,-44.962,-34.675,0.1027,1.063,1.2.826.0.1.3680043.8.498.10711254052105074090829150881104336555,30,3.7,1,True
1.2.826.0.1.3680043.8.498.31171050331393253655760166990008263793,mcl_centre,-40.527,-20.808,-32.662,0.0863,2.368,1.2.826.0.1.3680043.8.498.10002978947438170388686989793017172190,30,3.3,1,True
1.2.826.0.1.3680043.8.498.31175171249406459042393597291141275669,mcl_centre,-31.334,-4.172,-9.411,0.0977,1.164,1.2.826.0.1.3680043.8.498.10467565478080414540106809928062339472,30,3.3,1,True
1.2.826.0.1.3680043.8.498.31175617350083221245857813741060042777,mcl_centre,-38.998,-13.896,-22.503,0.0826,1.157,1.2.826.0.1.3680043.8.498.12329576747322496669651474482352418228,30,3.3,1,True
1.2.826.0.1.3680043.8.498.31193772347652083986607183406944630716,mcl_centre,14.939,16.137,-42.039,0.1131,2.296,1.2.826.0.1.3680043.8.498.12999381162434582070748886784228521250,28,3.5,1,True
1.2.826.0.1.3680043.8.498.31218039240665208717816408042644491715,mcl_centre,-68.336,-40.113,-43.371,0.09,0.697,1.2.826.0.1.3680043.8.498.43960999255854690261151135338733914263,28,3.7,1,True
1.2.826.0.1.3680043.8.498.31220970065722563280311764269386457090,mcl_centre,-34.751,20.287,-36.67,0.1007,1.518,1.2.826.0.1.3680043.8.498.90016376573249983972238808052593062113,28,4.0,1,True
1.2.826.0.1.3680043.8.498.31257542772176806182696506252925365119,mcl_centre,34.892,-22.665,-31.142,0.0909,0.824,1.2.826.0.1.3680043.8.498.48408256092890792791746616731057052860,32,4.55,1,True
1.2.826.0.1.3680043.8.498.31280487369922340170695453174997912050,mcl_centre,44.706,-22.463,-43.303,0.11,1.383,1.2.826.0.1.3680043.8.498.10670479927252278494415955060458328419,31,3.3,1,True
1.2.826.0.1.3680043.8.498.31282366761674650660824706600044115805,mcl_centre,-53.624,-54.778,-18.375,0.0894,1.753,1.2.826.0.1.3680043.8.498.18535848529936912963313417099912518191,30,3.3,1,True
1.2.826.0.1.3680043.8.498.31284572943302383501947308874558551301,mcl_centre,47.767,-32.47,-41.13,0.1295,2.305,1.2.826.0.1.3680043.8.498.41040318930560023151777244567687625814,24,4.4,1,True
1.2.826.0.1.3680043.8.498.31352187408311685267245948214616940728,mcl_centre,48.058,-55.542,-7.132,0.0945,0.627,1.2.826.0.1.3680043.8.498.32821315637068260467497930731920769568,32,3.6,1,True
1.2.826.0.1.3680043.8.498.31373064397225665483187291274194812486,mcl_centre,-70.876,-44.796,-9.031,0.1103,1.051,1.2.826.0.1.3680043.8.498.29161152004896481549207452658084389938,30,3.3,1,True
1.2.826.0.1.3680043.8.498.31421989235441217674752676866539112529,mcl_centre,43.892,-53.936,-12.458,0.0801,4.082,1.2.826.0.1.3680043.8.498.12152665780343990151518190489459206617,32,3.3,1,True
1.2.826.0.1.3680043.8.498.31461240229123701082444627629841504099,mcl_centre,-52.275,9.657,-1.712,0.1122,0.325,1.2.826.0.1.3680043.8.498.68942275822504824749095981274004681772,22,4.0,1,True
1.2.826.0.1.3680043.8.498.31482725509752510642857072190147133461,mcl_centre,46.004,-29.898,10.459,0.0799,1.195,1.2.826.0.1.3680043.8.498.26792186253148179480266429478115419409,40,3.3,1,True
1.2.826.0.1.3680043.8.498.31555333355990829772911515362502000209,mcl_centre,-43.336,-38.521,4.377,0.1061,3.523,1.2.826.0.1.3680043.8.498.80809100919300911284479453514836013270,30,3.3,1,True
1.2.826.0.1.3680043.8.498.31565705236407722278921437231164204914,mcl_centre,92.408,-58.316,-84.459,0.0701,68.216,1.2.826.0.1.3680043.8.498.12907384873526046659696886746671720942,30,4.5,1,True
1.2.826.0.1.3680043.8.498.31610133883321894510649078615659708431,mcl_centre,-48.587,-22.816,-25.915,0.0468,68.563,1.2.826.0.1.3680043.8.498.97699688604028357511584958574146934914,38,3.3,1,True
1.2.826.0.1.3680043.8.498.31640159014711750808214354395404624815,mcl_centre,-31.92,12.239,-33.171,0.0794,1.496,1.2.826.0.1.3680043.8.498.39036092948196240185675430445589811711,30,3.7,1,True
1.2.826.0.1.3680043.8.498.31745644522310786426860265012373331979,mcl_centre,77.545,-41.992,-7.782,0.0663,50.623,1.2.826.0.1.3680043.8.498.49857083817678339585385859428213417330,18,6.066,1,True
1.2.826.0.1.3680043.8.498.31790457319528233269194462675995569260,mcl_centre,52.257,3.459,-15.32,0.0509,1.329,1.2.826.0.1.3680043.8.498.61339567050409973294129200885715928554,32,3.5,1,True
1.2.826.0.1.3680043.8.498.31792234576444017394182974951507838927,mcl_centre,4.997,0.818,-33.248,0.1622,1.249,1.2.826.0.1.3680043.8.498.42521366664406243984235972836390397785,18,5.0,1,True
1.2.826.0.1.3680043.8.498.31806829168516955528191705338336428721,mcl_centre,-49.833,-11.429,-13.114,0.0924,0.935,1.2.826.0.1.3680043.8.498.11508558407774666215287981144793425152,32,3.3,1,True
1.2.826.0.1.3680043.8.498.31827987476038668074615045841102711882,mcl_centre,-61.643,-11.798,-3.144,0.0659,73.089,1.2.826.0.1.3680043.8.498.55942710480828292950133062088459227303,32,3.3,1,True
1.2.826.0.1.3680043.8.498.31842732064173292828619477783097732181,mcl_centre,-74.016,-70.198,-30.997,0.0824,1.435,1.2.826.0.1.3680043.8.498.66011297307024134948135965611282477658,28,3.5,1,True
1.2.826.0.1.3680043.8.498.31851627014639252866084081561126592250,mcl_centre,-67.157,-11.616,-26.419,0.1272,0.923,1.2.826.0.1.3680043.8.498.87503225018017311531697288657837808562,20,4.5,1,True
1.2.826.0.1.3680043.8.498.31898017986762601111404430885432769100,mcl_centre,-50.736,-65.978,-17.223,0.0677,0.985,1.2.826.0.1.3680043.8.498.42257035587593024654668896148923828626,34,3.5,1,True
1.2.826.0.1.3680043.8.498.31899121807187535405063131351086765296,mcl_centre,44.042,-17.622,-50.362,0.0978,1.489,1.2.826.0.1.3680043.8.498.12636594412550970977492568528316983669,30,4.2,1,True
1.2.826.0.1.3680043.8.498.31949224274318638796196151105617844024,mcl_centre,68.487,-53.233,-8.826,0.0828,2.432,1.2.826.0.1.3680043.8.498.59463140672332282172465816594055336858,32,3.3,1,True
1.2.826.0.1.3680043.8.498.32043012602421532910420313983803503778,mcl_centre,-20.018,2.606,-33.155,0.1168,1.631,1.2.826.0.1.3680043.8.498.11355244393581400866930616741553627496,35,3.6,1,True
1.2.826.0.1.3680043.8.498.32078592787308498852570411454111970699,mcl_centre,37.79,-59.606,-19.719,0.09,0.858,1.2.826.0.1.3680043.8.498.78858565248652037496917243670201752316,37,3.3,1,True
1.2.826.0.1.3680043.8.498.32109377199577933060124357239881959602,mcl_centre,41.762,-37.962,6.224,0.0869,4.17,1.2.826.0.1.3680043.8.498.66030423504473522746223425498993854031,31,3.3,1,True
1.2.826.0.1.3680043.8.498.32138869097959653224534642965199855627,mcl_centre,34.1,-45.058,2.09,0.0868,1.978,1.2.826.0.1.3680043.8.498.60268194781784971344067857198083650860,33,3.3,1,True
1.2.826.0.1.3680043.8.498.32172672595181417103935593872811182816,mcl_centre,-78.667,-84.722,-53.208,0.0819,1.135,1.2.826.0.1.3680043.8.498.50816920845531698674157273670020820692,26,4.5,1,True
1.2.826.0.1.3680043.8.498.32179217289301203414651193280580594771,mcl_centre,-40.223,-11.454,-13.867,0.1107,0.694,1.2.826.0.1.3680043.8.498.52983608450618214560553745209921760616,30,3.3,1,True
1.2.826.0.1.3680043.8.498.32226253011052584155674401943276961907,mcl_centre,-47.114,-67.927,3.35,0.1021,0.949,1.2.826.0.1.3680043.8.498.20376797085516267164156864075035478095,18,5.538,1,True
1.2.826.0.1.3680043.8.498.32241219263926672894433308808653719495,mcl_centre,88.75,-27.316,5.564,0.0955,69.695,1.2.826.0.1.3680043.8.498.23461323100591602817084410256142963832,26,3.7,1,True
1.2.826.0.1.3680043.8.498.32265622493980668732317541941196894795,mcl_centre,72.957,-56.317,-8.27,0.1293,1.316,1.2.826.0.1.3680043.8.498.30848831968705957297444995275247159749,30,3.3,1,True
1.2.826.0.1.3680043.8.498.32299120582647333604770626110392750631,mcl_centre,-70.997,-49.509,-23.948,0.0884,0.888,1.2.826.0.1.3680043.8.498.57456665090555746873355295098081690847,30,3.3,1,True
1.2.826.0.1.3680043.8.498.32321830776739689645700555055955725945,mcl_centre,-38.731,-50.775,-8.818,0.0516,1.114,1.2.826.0.1.3680043.8.498.12475417103671366572286789031735364146,19,4.8,1,True
1.2.826.0.1.3680043.8.498.32328699307307661181881949763360098439,mcl_centre,-72.719,-35.479,-48.073,0.0709,0.78,1.2.826.0.1.3680043.8.498.16189604842685064086907493150979430829,33,3.5,1,True
1.2.826.0.1.3680043.8.498.32329374180424300100441619205766536205,mcl_centre,37.505,-15.262,-38.962,0.1081,0.703,1.2.826.0.1.3680043.8.498.31333433951548434296414129744090483606,32,3.3,1,True
1.2.826.0.1.3680043.8.498.32413534416513678586709935453506443461,mcl_centre,-43.605,1.366,-26.528,0.08,1.652,1.2.826.0.1.3680043.8.498.83218321867348166803697788823337126298,32,3.7,1,True
1.2.826.0.1.3680043.8.498.32417506901165787885027994386927321654,mcl_centre,10.456,-33.57,-31.921,0.0982,1.048,1.2.826.0.1.3680043.8.498.60996082917212496063506930968412982059,30,3.3,1,True
1.2.826.0.1.3680043.8.498.32479930837336533083798155873656743007,mcl_centre,48.68,-22.837,20.754,0.0986,1.219,1.2.826.0.1.3680043.8.498.12491855560053499506831196313017484367,30,3.3,1,True
1.2.826.0.1.3680043.8.498.32488933488399304214586978746578986823,mcl_centre,-105.444,19.565,-21.106,0.0616,1.302,1.2.826.0.1.3680043.8.498.70520475770229948761245414251779149172,18,4.5,1,True
1.2.826.0.1.3680043.8.498.32501049887140121289143479773995481982,mcl_centre,88.057,-68.941,-9.525,0.1142,0.824,1.2.826.0.1.3680043.8.498.11171145952597255136461853746479002333,20,5.0,1,True
1.2.826.0.1.3680043.8.498.32504785212530110880087745488871181111,mcl_centre,45.805,-63.811,-37.017,0.092,0.909,1.2.826.0.1.3680043.8.498.50514528896686574694012001445343174612,32,3.3,1,True
1.2.826.0.1.3680043.8.498.32513010438338970418994141548516096399,mcl_centre,-87.527,-27.375,-24.353,0.0906,55.892,1.2.826.0.1.3680043.8.498.39619707993850630953848715130755261018,24,4.5,1,True
1.2.826.0.1.3680043.8.498.32521102053110469817073126425955562934,mcl_centre,80.877,-61.837,5.952,0.1371,1.513,1.2.826.0.1.3680043.8.498.29824423478408356020241375471503273100,18,4.5,1,True
1.2.826.0.1.3680043.8.498.32571577475600416042179474541176580933,mcl_centre,-68.018,-39.288,-20.157,0.1243,1.403,1.2.826.0.1.3680043.8.498.11421099661234685238074439398657291957,19,5.0,1,True
1.2.826.0.1.3680043.8.498.32593583441236180433075435541777683664,mcl_centre,-32.672,-98.44,-15.38,0.1037,0.875,1.2.826.0.1.3680043.8.498.32272594237382645810654126384151764513,19,4.4,1,True
1.2.826.0.1.3680043.8.498.32611545463217490575457831874695918229,mcl_centre,-63.283,-21.19,-22.226,0.0989,1.945,1.2.826.0.1.3680043.8.498.12126623712046680628976719190026289436,29,4.5,1,True
1.2.826.0.1.3680043.8.498.32624291809937483520460431326945616461,mcl_centre,69.929,-48.866,-31.401,0.0828,1.344,1.2.826.0.1.3680043.8.498.20507202626171779659393214804895684549,30,3.3,1,True
1.2.826.0.1.3680043.8.498.32680606387445562892045224227371304764,mcl_centre,-46.464,-9.508,-16.37,0.0888,1.671,1.2.826.0.1.3680043.8.498.17757557232288032072385938945011849860,24,3.5,1,True
1.2.826.0.1.3680043.8.498.32704159300269838731722725240928883385,mcl_centre,-52.712,6.146,-26.912,0.0886,2.281,1.2.826.0.1.3680043.8.498.63442204518291265647779028019882557967,33,3.3,1,True
1.2.826.0.1.3680043.8.498.32723296226443325838892542529446214677,mcl_centre,38.956,-19.349,-15.674,0.0831,1.036,1.2.826.0.1.3680043.8.498.46248199612972683595545764991879715190,30,3.6,1,True
1.2.826.0.1.3680043.8.498.32742383730417896527915284404039812924,mcl_centre,75.758,-48.686,-33.245,0.0985,0.573,1.2.826.0.1.3680043.8.498.11712223204019693221641902520744452406,30,3.7,1,True
1.2.826.0.1.3680043.8.498.32784816158214124982843838883515640569,mcl_centre,-35.346,17.654,-28.13,0.1087,2.693,1.2.826.0.1.3680043.8.498.40474193395221627556170427852793293905,26,4.0,1,True
1.2.826.0.1.3680043.8.498.32835080036019877751472792740274297358,mcl_centre,-62.514,-41.461,-15.963,0.1171,0.646,1.2.826.0.1.3680043.8.498.54310232210658516414529017781227913783,30,3.5,1,True
1.2.826.0.1.3680043.8.498.32862727544234948830522036721585095753,mcl_centre,-73.897,-27.369,-24.627,0.091,1.451,1.2.826.0.1.3680043.8.498.63651442567731832235546321563651661729,36,3.51,1,True
1.2.826.0.1.3680043.8.498.32910372391370203605482772577821971133,mcl_centre,-54.039,37.8,-35.909,0.0703,1.119,1.2.826.0.1.3680043.8.498.39764856440440663129337735665030597357,25,5.0,1,True
1.2.826.0.1.3680043.8.498.32916544979513354644075485240094539251,mcl_centre,47.822,-40.112,-48.123,0.0651,3.571,1.2.826.0.1.3680043.8.498.12253366467967786089145544675366358193,43,4.0,1,True
1.2.826.0.1.3680043.8.498.32996271790302034744448837505729856569,mcl_centre,-33.333,-75.265,-38.51,0.0855,0.86,1.2.826.0.1.3680043.8.498.46450798611651996818921356604391112722,19,4.8,1,True
1.2.826.0.1.3680043.8.498.33045687849853291066101186962073873042,mcl_centre,67.044,-45.776,-28.342,0.0901,0.64,1.2.826.0.1.3680043.8.498.98935189648345348802981929176091145073,39,3.3,1,True
1.2.826.0.1.3680043.8.498.33085434860684110795966817803985794300,mcl_centre,-38.666,-15.962,-40.786,0.1057,1.088,1.2.826.0.1.3680043.8.498.50077020120550465675940794420437010495,32,3.3,1,True
1.2.826.0.1.3680043.8.498.33114390259375873203134285352951765534,mcl_centre,-69.73,-49.077,32.877,0.0553,2.989,1.2.826.0.1.3680043.8.498.11410890577611298797120452103413710024,30,4.5,1,True
1.2.826.0.1.3680043.8.498.33215387283623093392227819856970670071,mcl_centre,74.052,-46.367,-40.107,0.0978,1.41,1.2.826.0.1.3680043.8.498.76055879297204019142231338377251135405,30,3.3,1,True
1.2.826.0.1.3680043.8.498.33247377165700300890880607485836825807,mcl_centre,-22.779,2.272,-34.063,0.1345,2.734,1.2.826.0.1.3680043.8.498.11564625333363025812007477916509888758,24,4.5,1,True
1.2.826.0.1.3680043.8.498.33273874534046658504935877940537027702,mcl_centre,-34.331,-38.657,-34.228,0.1026,1.939,1.2.826.0.1.3680043.8.498.58469835620717960282667268734858517880,33,3.3,1,True
1.2.826.0.1.3680043.8.498.33284228284209148349668722931307588402,mcl_centre,-64.973,-31.617,-40.211,0.0846,1.145,1.2.826.0.1.3680043.8.498.11713332236977176787155775869216954885,28,3.7,1,True
1.2.826.0.1.3680043.8.498.33324606756355240783076971858231422510,mcl_centre,-41.631,-10.572,-15.958,0.0825,0.79,1.2.826.0.1.3680043.8.498.18569073229648713118444464396962725644,30,3.6,1,True
1.2.826.0.1.3680043.8.498.33324670630108603340869986205298694836,mcl_centre,-46.72,-70.584,-30.974,0.101,1.802,1.2.826.0.1.3680043.8.498.13420170857279251416750619700177157973,28,3.3,1,True
1.2.826.0.1.3680043.8.498.33339945632086976351786752793064764443,mcl_centre,44.004,-76.129,5.047,0.1197,2.776,1.2.826.0.1.3680043.8.498.49744161340805442722138508639003380410,20,6.066,1,True
1.2.826.0.1.3680043.8.498.33387430823462011959198830568803117633,mcl_centre,-43.82,-12.66,2.931,0.1022,0.956,1.2.826.0.1.3680043.8.498.10271016864369318810721343160072928827,30,3.3,1,True
1.2.826.0.1.3680043.8.498.33393833442961030521286257650328223086,mcl_centre,-75.393,-40.313,-28.27,0.0926,1.747,1.2.826.0.1.3680043.8.498.36340005991080193454570434488746840436,30,3.3,1,True
1.2.826.0.1.3680043.8.498.33419086668421177906530808458004386826,mcl_centre,57.619,-16.927,-19.425,0.1254,0.749,1.2.826.0.1.3680043.8.498.73096267657989031356727605297949770184,30,3.7,1,True
1.2.826.0.1.3680043.8.498.33427080769740419588952225424281396684,mcl_centre,-48.572,-37.769,-8.634,0.1058,0.976,1.2.826.0.1.3680043.8.498.10621488047542633610438487352704341212,30,3.3,1,True
1.2.826.0.1.3680043.8.498.33432461096351771607862098991677662209,mcl_centre,-46.057,23.023,-14.382,0.0478,1.372,1.2.826.0.1.3680043.8.498.79084916623782543795304080212854844123,29,4.4,1,True
1.2.826.0.1.3680043.8.498.33479806419966566464727310013949313521,mcl_centre,56.942,-20.655,-9.015,0.101,0.876,1.2.826.0.1.3680043.8.498.29238683240019420436430522435918872801,35,3.3,1,True
1.2.826.0.1.3680043.8.498.33584205642521728950676369503690551550,mcl_centre,-34.425,-62.483,-36.969,0.1005,1.909,1.2.826.0.1.3680043.8.498.10791620373549834409527191409070657606,28,3.3,1,True
1.2.826.0.1.3680043.8.498.33614319611050071354692274770073371314,mcl_centre,-35.648,-62.155,-39.499,0.0753,3.196,1.2.826.0.1.3680043.8.498.85204574051917475995622848572218986215,38,3.3,1,True
1.2.826.0.1.3680043.8.498.33620268340279901383196638228030589893,mcl_centre,60.111,-48.904,9.988,0.121,1.205,1.2.826.0.1.3680043.8.498.32985471088688625488920205108424636075,30,3.3,1,True
1.2.826.0.1.3680043.8.498.33657688895130083119886800524324572941,mcl_centre,36.238,-43.494,-38.874,0.1145,0.873,1.2.826.0.1.3680043.8.498.28710403184720131542439354916051169658,29,3.3,1,True
1.2.826.0.1.3680043.8.498.33707148112045883958228656491167647755,mcl_centre,45.959,5.489,-12.031,0.0653,1.212,1.2.826.0.1.3680043.8.498.42124705220579937516767718465894536355,30,3.3,1,True
1.2.826.0.1.3680043.8.498.33709759248055631658322056320849494088,mcl_centre,-38.294,-15.73,-26.15,0.0969,1.441,1.2.826.0.1.3680043.8.498.73821954825825145367605030537825999011,30,3.6,1,True
1.2.826.0.1.3680043.8.498.33734536545775442043827840341408174347,mcl_centre,60.834,-69.145,-39.815,0.0722,1.122,1.2.826.0.1.3680043.8.498.82450802407338014381480290827636695148,27,4.95,1,True
1.2.826.0.1.3680043.8.498.33834227140201599591317512187502720859,mcl_centre,42.289,-19.378,-29.444,0.0627,3.85,1.2.826.0.1.3680043.8.498.51297956533110434921063885960487705794,37,3.3,1,True
1.2.826.0.1.3680043.8.498.33841907095190352493353075864604147687,mcl_centre,34.669,-13.587,-11.196,0.0803,1.656,1.2.826.0.1.3680043.8.498.15277080513887558001898073345641704161,28,3.5,1,True
1.2.826.0.1.3680043.8.498.33880013318702285028756482543453984598,mcl_centre,77.487,-40.689,-22.963,0.0877,1.766,1.2.826.0.1.3680043.8.498.58598223371714259566817627040661820551,21,4.758,1,True
1.2.826.0.1.3680043.8.498.33885566709305241744786004177260915650,mcl_centre,-45.847,-35.692,5.092,0.1083,1.088,1.2.826.0.1.3680043.8.498.11813658567039665325632827278519844275,30,3.3,1,True
1.2.826.0.1.3680043.8.498.33899056854391617633929258302459140830,mcl_centre,44.762,18.444,-34.086,0.1,1.506,1.2.826.0.1.3680043.8.498.44043878307645081336201280587976993033,33,3.51,1,True
1.2.826.0.1.3680043.8.498.33947148016115721563601115463364787679,mcl_centre,38.584,76.082,-73.34,0.0845,2.306,1.2.826.0.1.3680043.8.498.52605439280782483027129040081386632260,28,3.7,1,True
1.2.826.0.1.3680043.8.498.33957165685646407808982253731894148028,mcl_centre,68.996,-46.494,-15.426,0.1096,0.445,1.2.826.0.1.3680043.8.498.73356733211301520459252955340108231409,30,3.3,1,True
1.2.826.0.1.3680043.8.498.33990091057243328830745904178686745167,mcl_centre,-47.939,3.83,-5.288,0.076,1.931,1.2.826.0.1.3680043.8.498.52306703205794875738655262318723666158,28,3.5,1,True
1.2.826.0.1.3680043.8.498.33997019840409023169542161093833920630,mcl_centre,-70.413,-23.361,-61.353,0.1074,2.43,1.2.826.0.1.3680043.8.498.11386107710605058607928783880822631779,28,3.7,1,True
1.2.826.0.1.3680043.8.498.34002185870196144582348922158474418674,mcl_centre,-50.15,-41.11,-51.021,0.1023,1.935,1.2.826.0.1.3680043.8.498.11113927183362954887566221479847169904,30,3.3,1,True
1.2.826.0.1.3680043.8.498.34040631818813472592501398076075999835,mcl_centre,-34.437,-30.635,1.452,0.1144,1.416,1.2.826.0.1.3680043.8.498.81395570270168516395950876710379380549,29,3.5,1,True
1.2.826.0.1.3680043.8.498.34058295828142876023659425586740832405,mcl_centre,-66.185,-43.177,-7.807,0.0972,1.354,1.2.826.0.1.3680043.8.498.10238616576525085120298891402195101756,30,3.3,1,True
1.2.826.0.1.3680043.8.498.34076627216941578548083498328399240999,mcl_centre,-41.705,-50.489,-47.215,0.0586,1.398,1.2.826.0.1.3680043.8.498.10651165482836223029261548579608413117,40,3.5,1,True
1.2.826.0.1.3680043.8.498.34096149829586714035779314398766243514,mcl_centre,-72.644,-45.434,-10.576,0.0913,0.816,1.2.826.0.1.3680043.8.498.50408683918501383379340876847217619053,20,5.504,1,True
1.2.826.0.1.3680043.8.498.34109091435857467600499949506940613037,mcl_centre,-40.385,-70.543,-22.9,0.0958,1.364,1.2.826.0.1.3680043.8.498.47142278289081770612835043797513345520,32,3.3,1,True
1.2.826.0.1.3680043.8.498.34126843286927697018624309801437341727,mcl_centre,32.866,-16.73,3.21,0.0786,2.059,1.2.826.0.1.3680043.8.498.72958215562514358914183425256886467544,30,3.3,1,True
1.2.826.0.1.3680043.8.498.34206043272866138622475050809785944941,mcl_centre,68.425,-2.42,-35.788,0.1283,1.592,1.2.826.0.1.3680043.8.498.38609012253602413973348375461425265735,25,3.6,1,True
1.2.826.0.1.3680043.8.498.34262242337778924864334788374037992215,mcl_centre,21.395,-9.616,-18.268,0.0826,2.645,1.2.826.0.1.3680043.8.498.50088943160291410205354195784673952871,32,3.3,1,True
1.2.826.0.1.3680043.8.498.34294522885703132478119231619149118745,mcl_centre,12.677,35.541,-19.866,0.0977,1.028,1.2.826.0.1.3680043.8.498.26601832261391565367775939111731206423,30,3.6,1,True
1.2.826.0.1.3680043.8.498.34360298211002490108642003575962873984,mcl_centre,78.726,-59.468,-33.528,0.0828,0.881,1.2.826.0.1.3680043.8.498.44973247544084401612889617508979760589,34,3.3,1,True
1.2.826.0.1.3680043.8.498.34379812274299658721362253287768041613,mcl_centre,-35.967,-29.554,-36.88,0.0813,1.574,1.2.826.0.1.3680043.8.498.11697769467818821002763368737480739022,32,3.3,1,True
1.2.826.0.1.3680043.8.498.34404554752241524210538769325381023947,mcl_centre,-44.927,-18.547,10.48,0.0521,0.829,1.2.826.0.1.3680043.8.498.12676543887866783628639940755360431543,28,4.2,1,True
1.2.826.0.1.3680043.8.498.34433343440016591348979084714300062954,mcl_centre,-49.87,-10.402,-54.987,0.0451,1.04,1.2.826.0.1.3680043.8.498.89430804326513432915062758006141101246,44,3.5,1,True
1.2.826.0.1.3680043.8.498.34441662343660776323013762699640240389,mcl_centre,67.066,-43.015,-38.811,0.089,2.283,1.2.826.0.1.3680043.8.498.88018136755123871404163218809977436230,25,4.5,1,True
1.2.826.0.1.3680043.8.498.34461302710296907289543656738174044465,mcl_centre,-42.98,-16.567,1.934,0.0591,1.248,1.2.826.0.1.3680043.8.498.86355677353229478165641193058044666247,30,3.6,1,True
1.2.826.0.1.3680043.8.498.34501976934829436985900782482912019868,mcl_centre,-41.686,-8.088,-11.176,0.0832,0.857,1.2.826.0.1.3680043.8.498.54353027835814886113359367926829569376,28,3.6,1,True
1.2.826.0.1.3680043.8.498.34546106114963066554367298449299214677,mcl_centre,-77.99,-43.154,-26.309,0.1035,0.698,1.2.826.0.1.3680043.8.498.79301989843969756072303423326355493616,30,3.3,1,True
1.2.826.0.1.3680043.8.498.34572444983416782410188788741787280444,mcl_centre,15.073,-8.689,-22.342,0.0765,0.996,1.2.826.0.1.3680043.8.498.12445890653975852753922197340594162415,29,5.0,1,True
1.2.826.0.1.3680043.8.498.34574046861696910828478657346725687542,mcl_centre,-42.438,-53.877,-28.097,0.102,2.673,1.2.826.0.1.3680043.8.498.40220839366666714879008923693690913551,32,3.3,1,True
1.2.826.0.1.3680043.8.498.34636178772986348716257313987840123906,mcl_centre,37.501,-34.984,-9.438,0.0742,3.304,1.2.826.0.1.3680043.8.498.10424136630372831497479450454535622686,34,3.0,1,True
1.2.826.0.1.3680043.8.498.34654275504962399799861007974465776328,mcl_centre,-45.938,-3.502,7.216,0.0714,1.371,1.2.826.0.1.3680043.8.498.93904655020658200028477811054248313746,30,3.3,1,True
1.2.826.0.1.3680043.8.498.34685905030370793639196564723935583035,mcl_centre,-44.968,-22.187,-41.198,0.0656,1.233,1.2.826.0.1.3680043.8.498.64923993132617839685637225229996868277,39,3.3,1,True
1.2.826.0.1.3680043.8.498.34690162612328981644511154212357885455,mcl_centre,-22.178,-2.536,14.832,0.08,0.778,1.2.826.0.1.3680043.8.498.60804217678609138842476612961840682957,25,3.6,1,True
1.2.826.0.1.3680043.8.498.34717974828302316666446325243570202245,mcl_centre,-45.282,13.227,-33.497,0.058,2.018,1.2.826.0.1.3680043.8.498.81385186709935449979534220810783497140,16,5.284,1,True
1.2.826.0.1.3680043.8.498.34740783941206992242367609204835771599,mcl_centre,-43.384,-61.172,-23.479,0.1003,0.743,1.2.826.0.1.3680043.8.498.11342811059308329081502316290218180230,19,4.4,1,True
1.2.826.0.1.3680043.8.498.34753112960188810416088070814158959510,mcl_centre,-31.176,-3.98,-16.5,0.1169,0.69,1.2.826.0.1.3680043.8.498.13323207405466330340975863829265675923,24,4.0,1,True
1.2.826.0.1.3680043.8.498.34791780913322886484171421115861604853,mcl_centre,67.271,-63.28,-53.491,0.0949,0.586,1.2.826.0.1.3680043.8.498.12467618510936228784132528528498918173,28,3.5,1,True
1.2.826.0.1.3680043.8.498.34795373994453585401035013232069587413,mcl_centre,43.486,-35.322,-18.382,0.0773,2.121,1.2.826.0.1.3680043.8.498.93548718829246801600094774962378621850,32,4.5,1,True
1.2.826.0.1.3680043.8.498.34826100703045042103752460066224521343,mcl_centre,-36.764,-85.559,-21.498,0.0602,72.848,1.2.826.0.1.3680043.8.498.11785286603832634775472589429194453035,19,5.2,1,True
1.2.826.0.1.3680043.8.498.34858782760614383566891001610985452165,mcl_centre,-26.8,-3.315,4.721,0.1098,3.481,1.2.826.0.1.3680043.8.498.67830276063031494303229655707699492522,25,3.6,1,True
1.2.826.0.1.3680043.8.498.34861721301001052975626513770908147451,mcl_centre,-39.761,-17.256,-5.192,0.0694,1.38,1.2.826.0.1.3680043.8.498.10196170436371404993212763481864372311,36,3.51,1,True
1.2.826.0.1.3680043.8.498.34895742092137516664772577251243433579,mcl_centre,82.513,-42.361,-30.679,0.1032,1.0,1.2.826.0.1.3680043.8.498.58972222648973778170819220813499720770,30,3.3,1,True
1.2.826.0.1.3680043.8.498.35015675197378142698488944856288804597,mcl_centre,25.354,55.071,-61.528,0.0697,1.672,1.2.826.0.1.3680043.8.498.12715713876631037807026079642602269313,28,3.5,1,True
1.2.826.0.1.3680043.8.498.35017973257585430544005763350601015208,mcl_centre,31.563,-16.882,0.179,0.084,0.882,1.2.826.0.1.3680043.8.498.10213289126459350939330224107930907312,27,3.85,1,True
1.2.826.0.1.3680043.8.498.35026052487843947230089350615730580521,mcl_centre,38.66,-23.177,3.595,0.0787,1.338,1.2.826.0.1.3680043.8.498.52697903967096964772393433976662142728,30,3.6,1,True
1.2.826.0.1.3680043.8.498.35027750475162395113025853006474122989,mcl_centre,84.928,-31.681,-56.387,0.079,0.906,1.2.826.0.1.3680043.8.498.12540048720229287479828311305726703528,37,3.3,1,True
1.2.826.0.1.3680043.8.498.35064504053970754752690367203246822139,mcl_centre,52.541,-24.155,-4.113,0.0981,0.898,1.2.826.0.1.3680043.8.498.11257831575902063247050000337871186980,37,3.3,1,True
1.2.826.0.1.3680043.8.498.35090276406828326770336478753776261776,mcl_centre,75.633,-42.253,-11.221,0.089,1.2,1.2.826.0.1.3680043.8.498.11847655895575556597066951778898613720,30,3.5,1,True
1.2.826.0.1.3680043.8.498.35121262802959257590413582180924083425,mcl_centre,42.684,-3.127,-45.308,0.0935,0.815,1.2.826.0.1.3680043.8.498.89709281990171897292510962809400999895,32,3.51,1,True
1.2.826.0.1.3680043.8.498.35127678462764233938878060108411012978,mcl_centre,-39.432,-11.917,5.511,0.0628,1.398,1.2.826.0.1.3680043.8.498.10530513922595988130307784229545135871,30,3.6,1,True
1.2.826.0.1.3680043.8.498.35210451107308788915675910467662426761,mcl_centre,-35.638,-4.028,-20.281,0.0914,1.999,1.2.826.0.1.3680043.8.498.10041991293677454742693078448112712633,32,3.3,1,True
1.2.826.0.1.3680043.8.498.35230417208602644083092414161817929841,mcl_centre,-28.26,-5.427,-14.816,0.1045,0.425,1.2.826.0.1.3680043.8.498.13210622960158979213494101435774080486,30,3.3,1,True
1.2.826.0.1.3680043.8.498.35257158249961136373696255071228322165,mcl_centre,-26.032,-16.471,-30.637,0.1272,1.125,1.2.826.0.1.3680043.8.498.98248715649760589227253969875793488965,30,3.3,1,True
1.2.826.0.1.3680043.8.498.35273590880523815297008790288567354883,mcl_centre,-86.652,-34.432,31.573,0.0939,58.141,1.2.826.0.1.3680043.8.498.53959632145172352144150875120285308051,18,4.706,1,True
1.2.826.0.1.3680043.8.498.35330802038595377723999341992570259909,mcl_centre,-66.784,-38.727,-34.601,0.1067,0.714,1.2.826.0.1.3680043.8.498.47358988121897516139726163007346861992,30,3.3,1,True
1.2.826.0.1.3680043.8.498.35338198410583984337908932327787063577,mcl_centre,-96.549,-43.737,-12.586,0.0958,57.804,1.2.826.0.1.3680043.8.498.56074104995044367849843435839577866875,16,5.379,1,True
1.2.826.0.1.3680043.8.498.35526385429946467546636621603749416429,mcl_centre,-33.342,-36.633,-30.822,0.1006,3.2,1.2.826.0.1.3680043.8.498.65544136928829907584675266674952511878,22,4.95,1,True
1.2.826.0.1.3680043.8.498.35542843700847404584397532402313561503,mcl_centre,-72.6,-45.958,-59.025,0.0823,0.92,1.2.826.0.1.3680043.8.498.62951588096541114385451136953757545754,22,4.95,1,True
1.2.826.0.1.3680043.8.498.35549628666222168741574331855838621990,mcl_centre,-76.299,-64.115,11.293,0.0977,1.739,1.2.826.0.1.3680043.8.498.32554705748925480269066097960364926532,28,3.5,1,True
1.2.826.0.1.3680043.8.498.35572306796137927247415883445612561056,mcl_centre,45.656,7.657,-25.127,0.0862,1.685,1.2.826.0.1.3680043.8.498.99289716907012131361267331802598311755,30,4.0,1,True
1.2.826.0.1.3680043.8.498.35633121799529901420381085923067525212,mcl_centre,71.148,-43.014,0.951,0.0968,1.869,1.2.826.0.1.3680043.8.498.98093373291582264909258138380728401642,26,3.6,1,True
1.2.826.0.1.3680043.8.498.35639250779062198905356481136455419313,mcl_centre,-72.044,-37.639,-9.11,0.0898,1.19,1.2.826.0.1.3680043.8.498.11699546500044649782463948315300939017,33,3.5,1,True
1.2.826.0.1.3680043.8.498.35664741425496814074030858561751287211,mcl_centre,-36.108,27.858,-22.699,0.118,1.596,1.2.826.0.1.3680043.8.498.13051783784828467044497599122552388826,26,4.0,1,True
1.2.826.0.1.3680043.8.498.35677515667357567818845364400903668190,mcl_centre,-58.295,-42.187,-54.462,0.0676,1.12,1.2.826.0.1.3680043.8.498.99368002095516669662967025280051884003,36,3.3,1,True
1.2.826.0.1.3680043.8.498.35717294165699019392845830077937768611,mcl_centre,29.627,-44.934,-49.654,0.1028,1.279,1.2.826.0.1.3680043.8.498.86367310919973598186458360281745808249,32,3.3,1,True
1.2.826.0.1.3680043.8.498.35769002792415947424087098083674166777,mcl_centre,48.938,-54.277,6.143,0.1309,0.824,1.2.826.0.1.3680043.8.498.56630439647767553676435432715000811942,20,5.0,1,True
1.2.826.0.1.3680043.8.498.35777075794856195065665011443485613681,mcl_centre,45.76,-35.449,-11.365,0.0829,5.644,1.2.826.0.1.3680043.8.498.63802031066696705323342780735625090114,32,3.3,1,True
1.2.826.0.1.3680043.8.498.35790589718590759254855277551289842944,mcl_centre,22.697,-23.357,14.018,0.0748,2.777,1.2.826.0.1.3680043.8.498.88008642774969788015939189027816886031,38,3.5,1,True
1.2.826.0.1.3680043.8.498.35820650938063925991582813178954225720,mcl_centre,-68.601,-47.468,14.847,0.0746,2.221,1.2.826.0.1.3680043.8.498.12574013478475882778063253394000830698,30,3.3,1,True
1.2.826.0.1.3680043.8.498.35826402289277331555736683320175912112,mcl_centre,-35.687,-59.618,-33.944,0.0781,1.26,1.2.826.0.1.3680043.8.498.46746337493552861710391331927293484531,38,3.3,1,True
1.2.826.0.1.3680043.8.498.35835033603115368194824573270370351403,mcl_centre,-45.604,-42.142,-30.115,0.0901,2.604,1.2.826.0.1.3680043.8.498.64665681069451258593196329865421156080,30,3.3,1,True
1.2.826.0.1.3680043.8.498.35836928928058091851993989259747528067,mcl_centre,-70.717,-22.944,3.2,0.1023,1.85,1.2.826.0.1.3680043.8.498.28139840869513357347470951634074842116,30,3.3,1,True
1.2.826.0.1.3680043.8.498.35853404993418331599021266761280794201,mcl_centre,-49.127,-62.29,-7.315,0.097,1.097,1.2.826.0.1.3680043.8.498.46829231309380398622785608568523336097,32,3.3,1,True
1.2.826.0.1.3680043.8.498.35871201339095431578743898508613853278,mcl_centre,-35.827,12.163,-28.083,0.1319,1.082,1.2.826.0.1.3680043.8.498.87299105448159642647887775985519169421,26,4.0,1,True
1.2.826.0.1.3680043.8.498.35892665011493087075493127252825546314,mcl_centre,54.583,-15.762,-51.626,0.0879,0.476,1.2.826.0.1.3680043.8.498.12237366139005282165982861925179144786,35,4.0,1,True
1.2.826.0.1.3680043.8.498.35906584224533966870202042352292878668,mcl_centre,43.401,-63.401,-6.293,0.1091,0.779,1.2.826.0.1.3680043.8.498.99170385417805295768906328587018931073,28,3.3,1,True
1.2.826.0.1.3680043.8.498.35923146679164443588381195543533271939,mcl_centre,46.944,22.347,-27.633,0.0588,1.332,1.2.826.0.1.3680043.8.498.56108295895501435590740421172820612095,26,4.5,1,True
1.2.826.0.1.3680043.8.498.35923183633813281697521537744486885300,mcl_centre,38.681,-2.666,-35.118,0.0924,1.359,1.2.826.0.1.3680043.8.498.64768537996711607949060065458438390235,30,3.375,1,True
1.2.826.0.1.3680043.8.498.35923753382244056317223397206343376734,mcl_centre,69.179,-41.347,-22.72,0.104,0.802,1.2.826.0.1.3680043.8.498.13178589006851897436811439598521615496,30,3.3,1,True
1.2.826.0.1.3680043.8.498.35932368810339127867306228699757809449,mcl_centre,-78.421,-64.874,-30.932,0.0712,1.458,1.2.826.0.1.3680043.8.498.12050472475496662150882104629121166658,32,4.0,1,True
1.2.826.0.1.3680043.8.498.35942316720546803304976641081186518384,mcl_centre,-47.48,-12.713,-8.506,0.0836,0.425,1.2.826.0.1.3680043.8.498.12379043873372197095602717985636151057,32,3.3,1,True
1.2.826.0.1.3680043.8.498.35961087303991442751747064990497975939,mcl_centre,34.793,-15.15,-23.689,0.088,0.992,1.2.826.0.1.3680043.8.498.21710179686469502564660941170451889704,32,3.3,1,True
1.2.826.0.1.3680043.8.498.35965770865730278787229040370963322662,mcl_centre,-79.851,-19.506,-23.008,0.0734,1.325,1.2.826.0.1.3680043.8.498.11528870704946483008989427890337073854,36,3.3,1,True
1.2.826.0.1.3680043.8.498.35971292331621735865925455612813197566,mcl_centre,-45.154,-14.977,-42.675,0.0648,0.87,1.2.826.0.1.3680043.8.498.14471545386167857541165917670983716406,39,3.51,1,True
1.2.826.0.1.3680043.8.498.35991881811942962264382690224767291006,mcl_centre,-65.38,-17.778,-96.38,0.0946,0.606,1.2.826.0.1.3680043.8.498.21382607958338990345059293309321040150,28,3.7,1,True
1.2.826.0.1.3680043.8.498.36013620117872095227314165026090752632,mcl_centre,45.327,-35.688,-44.336,0.0753,0.854,1.2.826.0.1.3680043.8.498.61475672355499480486655343662804415020,30,3.7,1,True
1.2.826.0.1.3680043.8.498.36035264348264378094569428634302238394,mcl_centre,-37.643,-37.355,-29.193,0.0839,1.374,1.2.826.0.1.3680043.8.498.13363113710269073089885764264317868673,38,3.3,1,True
1.2.826.0.1.3680043.8.498.36083794505435625841225237415909011547,mcl_centre,-40.127,-39.572,-43.206,0.0881,1.076,1.2.826.0.1.3680043.8.498.82663539423967555414788529366620642037,32,3.3,1,True
1.2.826.0.1.3680043.8.498.36090989845682961399757203739039806565,mcl_centre,33.781,-12.586,-18.28,0.0904,0.464,1.2.826.0.1.3680043.8.498.45492075504056209141904997246479574339,32,3.6,1,True
1.2.826.0.1.3680043.8.498.36131369236532190338276701919104598475,mcl_centre,18.301,-26.746,-29.886,0.1229,0.993,1.2.826.0.1.3680043.8.498.13123333396140301962278223474111052814,30,3.6,1,True
1.2.826.0.1.3680043.8.498.36158956431673597472934120620368656246,mcl_centre,-76.854,-40.274,-13.456,0.1009,0.907,1.2.826.0.1.3680043.8.498.84812104403122978495983748930507968158,15,6.616,1,True
1.2.826.0.1.3680043.8.498.36180248571044206939894546783755557323,mcl_centre,-41.279,-50.265,-30.394,0.0731,1.437,1.2.826.0.1.3680043.8.498.81714587722657347907534386356827854744,25,4.95,1,True
1.2.826.0.1.3680043.8.498.36185754164795053628650116141620545139,mcl_centre,26.767,-28.409,71.258,0.1145,1.045,1.2.826.0.1.3680043.8.498.51128772462985377915969105352040950496,30,3.3,1,True
1.2.826.0.1.3680043.8.498.36193046155628980489031133466840036976,mcl_centre,-68.837,-19.205,-6.502,0.0911,1.035,1.2.826.0.1.3680043.8.498.12779090179190840973937744194340699014,24,4.5,1,True
1.2.826.0.1.3680043.8.498.36221680997794815863088530960610069278,mcl_centre,-61.816,-55.073,-64.302,0.1044,1.026,1.2.826.0.1.3680043.8.498.41480040749453604436434669491617452096,28,3.5,1,True
1.2.826.0.1.3680043.8.498.36235892729383338522021416304853301198,mcl_centre,30.679,-14.509,-7.87,0.1035,1.219,1.2.826.0.1.3680043.8.498.11430622179650794578229114950729089695,30,3.6,1,True
1.2.826.0.1.3680043.8.498.36293583160636884934622362743062825202,mcl_centre,61.489,-58.357,-27.123,0.0882,3.82,1.2.826.0.1.3680043.8.498.57120685837500566154018493387914065825,30,3.3,1,True
1.2.826.0.1.3680043.8.498.36314809560682514762544085885005264167,mcl_centre,33.929,-24.174,-23.992,0.1021,1.682,1.2.826.0.1.3680043.8.498.43967344730312781820642659559877370792,32,3.3,1,True
1.2.826.0.1.3680043.8.498.36315811661139684771871696847516662339,mcl_centre,-35.918,8.607,8.351,0.0582,1.372,1.2.826.0.1.3680043.8.498.72483638850507697226215786094865952252,40,3.85,1,True
1.2.826.0.1.3680043.8.498.36431753977367847587395456605556703040,mcl_centre,-70.084,-72.251,-11.641,0.1223,0.997,1.2.826.0.1.3680043.8.498.70384250579865988647021503930426887172,18,5.024,1,True
1.2.826.0.1.3680043.8.498.36470828078108352859868482351276699300,mcl_centre,65.96,-58.986,-6.816,0.0643,6.005,1.2.826.0.1.3680043.8.498.11633917809434730608601837128199551715,33,3.3,1,True
1.2.826.0.1.3680043.8.498.36488342368050295711098478501722217415,mcl_centre,55.623,-73.121,-13.558,0.1123,0.799,1.2.826.0.1.3680043.8.498.62189820757868298011919928253167859056,19,4.4,1,True
1.2.826.0.1.3680043.8.498.36521162836904095186654423648490092035,mcl_centre,-54.598,-15.112,44.204,0.0632,2.51,1.2.826.0.1.3680043.8.498.52793820069406889486245070045293275915,30,3.3,1,True
1.2.826.0.1.3680043.8.498.36588608184578739092409073014150374185,mcl_centre,63.74,-60.781,-34.333,0.1062,0.651,1.2.826.0.1.3680043.8.498.97155737734263922935282667461413237341,30,3.5,1,True
1.2.826.0.1.3680043.8.498.36599566036331923007586730435849419272,mcl_centre,-69.935,50.921,-44.277,0.0876,0.55,1.2.826.0.1.3680043.8.498.11175521672694273128524214356354676773,32,3.7,1,True
1.2.826.0.1.3680043.8.498.36645945703275956149107297016813148264,mcl_centre,-35.851,0.02,-9.821,0.0661,1.372,1.2.826.0.1.3680043.8.498.11790638330140457038841288513118690998,30,3.3,1,True
1.2.826.0.1.3680043.8.498.36648377536792309029975432419163533533,mcl_centre,-72.103,-43.723,-11.653,0.1032,0.767,1.2.826.0.1.3680043.8.498.17174068714383047715613379784318513617,30,3.3,1,True
1.2.826.0.1.3680043.8.498.36679002788952511154610176614545192374,mcl_centre,44.004,48.486,-42.781,0.1058,0.833,1.2.826.0.1.3680043.8.498.72447162411313875375367907202128261392,22,4.5,1,True
1.2.826.0.1.3680043.8.498.36688959138536319644194458211515765203,mcl_centre,-42.376,-46.469,-62.265,0.0679,2.554,1.2.826.0.1.3680043.8.498.10532660944604882380620478577036038830,32,3.6,1,True
1.2.826.0.1.3680043.8.498.36743562653862381001280112332273495985,mcl_centre,-31.554,-8.055,1.119,0.1441,1.416,1.2.826.0.1.3680043.8.498.62151868570145568821981936883081242954,24,3.5,1,True
1.2.826.0.1.3680043.8.498.36757476214794170118868510630678488185,mcl_centre,-50.371,-50.758,-19.883,0.0715,1.462,1.2.826.0.1.3680043.8.498.65738906256354315638618798278218932797,30,3.5,1,True
1.2.826.0.1.3680043.8.498.36812284468308169396147366740331573100,mcl_centre,-57.866,-54.043,-48.42,0.1189,1.424,1.2.826.0.1.3680043.8.498.33094556885647399753090115511794572661,18,5.288,1,True
1.2.826.0.1.3680043.8.498.36825274340853796392762195174336452919,mcl_centre,23.958,-34.765,-19.149,0.0767,1.575,1.2.826.0.1.3680043.8.498.25345520820743111916803366879837283649,35,3.3,1,True
1.2.826.0.1.3680043.8.498.36846391753332367835804699576399553980,mcl_centre,38.346,-18.845,6.35,0.1073,0.857,1.2.826.0.1.3680043.8.498.39092290483647838514059439547667497866,30,3.6,1,True
1.2.826.0.1.3680043.8.498.36891467514776207809384804066253854193,mcl_centre,45.661,-30.258,-20.841,0.0607,1.096,1.2.826.0.1.3680043.8.498.54137064041943429052914059314696098339,36,3.51,1,True
1.2.826.0.1.3680043.8.498.36914870739904705183135763739850515617,mcl_centre,49.605,-1.874,-36.276,0.0811,0.967,1.2.826.0.1.3680043.8.498.57465159760300182196987001421145304436,35,3.3,1,True
1.2.826.0.1.3680043.8.498.36924091633099385100942228071545017565,mcl_centre,-37.789,-12.398,-23.214,0.1216,2.455,1.2.826.0.1.3680043.8.498.11624019166784337431847252238738032935,20,4.95,1,True
1.2.826.0.1.3680043.8.498.36930256628357053046574486650916442047,mcl_centre,-80.917,-40.972,-38.328,0.0724,59.586,1.2.826.0.1.3680043.8.498.81866300531707627459385599735357705481,28,3.3,1,True
1.2.826.0.1.3680043.8.498.36995206854684735704099881847485073991,mcl_centre,17.351,28.08,-12.014,0.104,1.294,1.2.826.0.1.3680043.8.498.13121129983651897996608312606536475458,26,5.0,1,True
1.2.826.0.1.3680043.8.498.37005775889857426034942587344620888398,mcl_centre,-60.261,-67.792,-48.217,0.081,0.588,1.2.826.0.1.3680043.8.498.66623875748589446440888822496177496374,24,4.0,1,True
1.2.826.0.1.3680043.8.498.37007302166102452703965686598524467188,mcl_centre,-45.297,-68.222,-4.182,0.0698,0.71,1.2.826.0.1.3680043.8.498.27628924516744520824824088789752341639,34,3.3,1,True
1.2.826.0.1.3680043.8.498.37030593568962187244853961673610373876,mcl_centre,-22.599,-56.715,-45.262,0.1031,0.625,1.2.826.0.1.3680043.8.498.12938649190925176791668147819924702046,19,4.6,1,True
1.2.826.0.1.3680043.8.498.37040910196459054543310335064167212742,mcl_centre,-28.124,-1.442,-13.011,0.0843,1.385,1.2.826.0.1.3680043.8.498.22306721889799850550972691123555559051,20,4.4,1,True
1.2.826.0.1.3680043.8.498.37046961643473249831189497076699393868,mcl_centre,16.98,-49.357,-6.201,0.0849,0.821,1.2.826.0.1.3680043.8.498.92843860266172051363358095386955070975,17,6.066,1,True
1.2.826.0.1.3680043.8.498.37057548998853865829402084168010676727,mcl_centre,35.724,-23.418,5.934,0.0727,1.007,1.2.826.0.1.3680043.8.498.67649742548688741720552290704762242590,36,3.3,1,True
1.2.826.0.1.3680043.8.498.37110727485959679337431199930441321268,mcl_centre,37.027,-28.303,-10.354,0.1263,1.008,1.2.826.0.1.3680043.8.498.12063788573257342115416209441821187343,18,5.072,1,True
1.2.826.0.1.3680043.8.498.37147839676713817130306478240352601535,mcl_centre,76.414,-30.284,-23.774,0.1197,0.892,1.2.826.0.1.3680043.8.498.35898040918710096013232196875756583104,30,3.3,1,True
1.2.826.0.1.3680043.8.498.37210322466522537523056852160944888029,mcl_centre,38.167,-30.366,-18.031,0.0837,0.635,1.2.826.0.1.3680043.8.498.67102667009699495526973048133227506961,23,4.95,1,True
1.2.826.0.1.3680043.8.498.37257728513136112802363958568529758895,mcl_centre,60.981,62.863,10.101,0.0807,1.665,1.2.826.0.1.3680043.8.498.19821380533799163234962245815954150559,30,3.7,1,True
1.2.826.0.1.3680043.8.498.37270291131952413969044156276264153316,mcl_centre,-29.203,3.859,-31.115,0.1121,0.62,1.2.826.0.1.3680043.8.498.73365050290015987652911028048785480116,24,4.0,1,True
1.2.826.0.1.3680043.8.498.37332768072749723117839591872457536315,mcl_centre,-46.751,20.768,-48.041,0.1156,1.134,1.2.826.0.1.3680043.8.498.37357508489378518541185440880746318859,43,3.5,1,True
1.2.826.0.1.3680043.8.498.37347132459817985668038603215490355489,mcl_centre,-16.14,-2.854,-36.084,0.1284,2.602,1.2.826.0.1.3680043.8.498.95989729399502472653472241710824334842,25,3.6,1,True
1.2.826.0.1.3680043.8.498.37371365833775442014007234936409739360,mcl_centre,57.236,-61.819,-14.948,0.0946,1.052,1.2.826.0.1.3680043.8.498.10924162523772897182454097032929906690,32,3.3,1,True
1.2.826.0.1.3680043.8.498.37390494423735156928337187351900345080,mcl_centre,-52.892,-16.582,-3.264,0.0887,0.882,1.2.826.0.1.3680043.8.498.12896486653106334445850440614197752985,38,3.3,1,True
1.2.826.0.1.3680043.8.498.37392127307867238524251864751713143683,mcl_centre,36.785,-20.934,-10.628,0.0982,1.168,1.2.826.0.1.3680043.8.498.10917225783091709760242231737882484221,32,3.3,1,True
1.2.826.0.1.3680043.8.498.37413349933694832641902637847629969234,mcl_centre,66.924,-11.402,-17.87,0.0742,1.111,1.2.826.0.1.3680043.8.498.69054129796246182337666805590756648784,30,3.7,1,True
1.2.826.0.1.3680043.8.498.37427993203943111265113924891058049338,mcl_centre,-64.968,-30.983,-6.293,0.1008,1.356,1.2.826.0.1.3680043.8.498.57464490409972577962382468570658976210,22,3.3,1,True
1.2.826.0.1.3680043.8.498.37432328401993499374675847888297416449,mcl_centre,-28.316,-14.621,-8.506,0.1049,0.404,1.2.826.0.1.3680043.8.498.11291227501697595969276467347757330519,32,3.3,1,True
1.2.826.0.1.3680043.8.498.37438631765770807892914198396852544668,mcl_centre,71.092,-52.904,-59.999,0.0992,0.752,1.2.826.0.1.3680043.8.498.38397474135403526399862835841730646141,30,3.7,1,True
1.2.826.0.1.3680043.8.498.37447511763482014027579634343525200849,mcl_centre,-29.356,3.246,-29.276,0.0579,57.88,1.2.826.0.1.3680043.8.498.12587011278833911912411038763701457229,32,3.7,1,True
1.2.826.0.1.3680043.8.498.37463970179664003092832463732043124908,mcl_centre,-55.307,-8.586,1.999,0.0999,1.248,1.2.826.0.1.3680043.8.498.74424371673301601191381873037919979349,30,3.3,1,True
1.2.826.0.1.3680043.8.498.37485075271886447709158414670394650122,mcl_centre,-31.546,-25.106,-34.793,0.0983,2.449,1.2.826.0.1.3680043.8.498.10109710642798592293014977999655447032,26,4.5,1,True
1.2.826.0.1.3680043.8.498.37508036912473928281276902883575142611,mcl_centre,-66.967,-32.187,-22.732,0.1122,0.943,1.2.826.0.1.3680043.8.498.68776319947325238011853459005424466886,30,3.3,1,True
1.2.826.0.1.3680043.8.498.37510478969810784660124747242051166554,mcl_centre,79.249,-14.389,-70.931,0.0699,2.596,1.2.826.0.1.3680043.8.498.24674688080865753636441059068750585858,24,4.5,1,True
1.2.826.0.1.3680043.8.498.37519350121906786941281770770693979271,mcl_centre,32.279,-1.58,-0.962,0.1165,1.458,1.2.826.0.1.3680043.8.498.86141039281409001625389065597778168601,27,5.0,1,True
1.2.826.0.1.3680043.8.498.37558426555271635608942179071280432530,mcl_centre,-74.965,-62.27,-16.228,0.0691,48.906,1.2.826.0.1.3680043.8.498.20241526401693177468327261354103927153,20,4.4,1,True
1.2.826.0.1.3680043.8.498.37572710131396388050286115883363501023,mcl_centre,-60.848,-48.456,24.648,0.1,1.912,1.2.826.0.1.3680043.8.498.12126123445215923593063983473421636550,33,3.3,1,True
1.2.826.0.1.3680043.8.498.37580209294522316445963449455348371815,mcl_centre,-29.08,-10.302,-39.992,0.0918,1.75,1.2.826.0.1.3680043.8.498.10517537198581015558235114344029700574,23,4.95,1,True
1.2.826.0.1.3680043.8.498.37591186611460576939009950935820113903,mcl_centre,-38.926,-28.815,7.303,0.0873,0.833,1.2.826.0.1.3680043.8.498.65287934857724425506523482916842947826,32,3.6,1,True
1.2.826.0.1.3680043.8.498.37591590536870291237852764995372956522,mcl_centre,-73.012,-48.025,-30.489,0.1088,0.846,1.2.826.0.1.3680043.8.498.52224187838617119889449988945168923273,18,5.096,1,True
1.2.826.0.1.3680043.8.498.37633035024065331400434438202028794597,mcl_centre,-56.328,21.862,-13.454,0.0915,1.501,1.2.826.0.1.3680043.8.498.90019655624257943881391622495306492156,30,4.0,1,True
1.2.826.0.1.3680043.8.498.37644754953609976838298110418046213654,mcl_centre,33.176,-54.3,14.398,0.1352,0.833,1.2.826.0.1.3680043.8.498.73087825654886321525444281377357182262,19,5.44,1,True
1.2.826.0.1.3680043.8.498.37695832484726177391252504639155717084,mcl_centre,-33.107,16.415,-69.673,0.0873,0.919,1.2.826.0.1.3680043.8.498.10544564453084309446872602662699564465,32,3.4,1,True
1.2.826.0.1.3680043.8.498.37713008080610827760634302982073393454,mcl_centre,-71.319,-61.846,-25.75,0.0525,1.335,1.2.826.0.1.3680043.8.498.58782993977377596186625467063869560287,29,4.95,1,True
1.2.826.0.1.3680043.8.498.37729566534337521443213426693965453255,mcl_centre,-32.266,3.497,-11.311,0.1472,0.722,1.2.826.0.1.3680043.8.498.84512734321685695030073400412787629334,24,4.0,1,True
1.2.826.0.1.3680043.8.498.37782918081276484321055690005029111967,mcl_centre,37.279,-20.923,8.571,0.0994,0.932,1.2.826.0.1.3680043.8.498.13385067250833224970793468918801217093,30,3.3,1,True
1.2.826.0.1.3680043.8.498.37833587429731221455928642963031995680,mcl_centre,-54.886,-33.017,3.396,0.0758,1.623,1.2.826.0.1.3680043.8.498.31160785238781353848727311763596115703,37,3.0,1,True
1.2.826.0.1.3680043.8.498.37838990693631869129590283596686992710,mcl_centre,76.965,3.557,-32.305,0.1207,0.745,1.2.826.0.1.3680043.8.498.56828052296050332460547311050168487088,27,3.6,1,True
1.2.826.0.1.3680043.8.498.37846940236952007502147453013489359606,mcl_centre,74.79,-44.473,-26.995,0.0868,1.531,1.2.826.0.1.3680043.8.498.10216685221704468701923371753850119821,30,3.5,1,True
1.2.826.0.1.3680043.8.498.37862788793597360072184753016994526122,mcl_centre,77.525,-42.963,-39.827,0.1,0.696,1.2.826.0.1.3680043.8.498.96696206707219583032598996817830671268,30,3.5,1,True
1.2.826.0.1.3680043.8.498.37879265071349098151803248077034280617,mcl_centre,40.694,-2.064,-0.783,0.0706,5.603,1.2.826.0.1.3680043.8.498.10838050201626370619213121403874972934,22,4.0,1,True
1.2.826.0.1.3680043.8.498.37885316830093262977685802809269466252,mcl_centre,-46.933,-16.153,-3.501,0.0599,0.726,1.2.826.0.1.3680043.8.498.47677787456619788464749163762514469630,38,3.3,1,True
1.2.826.0.1.3680043.8.498.37921127120678939078868474340027123335,mcl_centre,-38.606,-20.865,-11.202,0.0856,0.601,1.2.826.0.1.3680043.8.498.73583036917780805836382616029376481796,32,3.3,1,True
1.2.826.0.1.3680043.8.498.37936061471366103885185528435327650981,mcl_centre,-50.475,-121.608,-27.564,0.1209,1.147,1.2.826.0.1.3680043.8.498.95941055006982860811063365203644837682,19,5.0,1,True
1.2.826.0.1.3680043.8.498.37969790195791584440906553207150666923,mcl_centre,44.771,-36.535,-15.702,0.0975,1.813,1.2.826.0.1.3680043.8.498.10530065906084984005255436442511283163,25,4.95,1,True
1.2.826.0.1.3680043.8.498.38005916106577944091708997377832932938,mcl_centre,-70.531,-48.199,12.947,0.0775,1.631,1.2.826.0.1.3680043.8.498.12422603181508769181681643319054299908,20,4.95,1,True
1.2.826.0.1.3680043.8.498.38010459551726691601986492657296948013,mcl_centre,-71.455,-36.53,-45.941,0.0997,1.338,1.2.826.0.1.3680043.8.498.10894026281107411051127819578933787962,28,3.7,1,True
1.2.826.0.1.3680043.8.498.38013372055010421273425628837282557767,mcl_centre,-46.13,32.448,-6.448,0.0569,2.036,1.2.826.0.1.3680043.8.498.13137337493186513395992505024933764404,30,4.8,1,True
1.2.826.0.1.3680043.8.498.38039631093067555454700266397073080430,mcl_centre,-68.946,-13.142,-5.58,0.0357,4.843,1.2.826.0.1.3680043.8.498.68350538603496389211592495570786846793,44,3.3,1,True
1.2.826.0.1.3680043.8.498.38056024157303576597111203925091929489,mcl_centre,-81.8,-58.011,-35.046,0.1112,1.493,1.2.826.0.1.3680043.8.498.59583296032063039783036802461420697474,22,4.4,1,True
1.2.826.0.1.3680043.8.498.38069035744880456154810472748123499221,mcl_centre,-44.226,-38.713,-19.429,0.0547,1.444,1.2.826.0.1.3680043.8.498.97491022174071438645280665287113499548,32,3.3,1,True
1.2.826.0.1.3680043.8.498.38085359363401170553191582038767900323,mcl_centre,33.795,-9.099,-34.785,0.0603,1.389,1.2.826.0.1.3680043.8.498.11910920592147986874246468642413922040,30,3.6,1,True
1.2.826.0.1.3680043.8.498.38095098835657518803781210111463995296,mcl_centre,-54.358,-90.035,-0.92,0.1199,1.086,1.2.826.0.1.3680043.8.498.16634182093245103245936722384045084532,21,3.7,1,True
1.2.826.0.1.3680043.8.498.38104228771638294693272534500734878990,mcl_centre,-47.224,6.83,-18.388,0.1125,1.398,1.2.826.0.1.3680043.8.498.41450057703909419015014818800052842601,32,3.7,1,True
1.2.826.0.1.3680043.8.498.38173249623713271734596884672770674290,mcl_centre,70.523,-66.074,10.334,0.0813,0.751,1.2.826.0.1.3680043.8.498.24931563655909426467023482193823000418,25,4.95,1,True
1.2.826.0.1.3680043.8.498.38224750236138877853888930317337541394,mcl_centre,-39.017,-63.524,-38.174,0.1114,0.924,1.2.826.0.1.3680043.8.498.31817400782751859452246194369956406439,19,4.4,1,True
1.2.826.0.1.3680043.8.498.38233845434092134418342290639986261345,mcl_centre,85.825,-65.312,-117.428,0.068,1.848,1.2.826.0.1.3680043.8.498.12454664445819493617582761589985125200,29,4.5,1,True
1.2.826.0.1.3680043.8.498.38238963443939714344730201261512911003,mcl_centre,-71.931,-12.0,-14.062,0.0984,0.653,1.2.826.0.1.3680043.8.498.13286557386035180461638347707293646845,32,3.3,1,True
1.2.826.0.1.3680043.8.498.38272345519163551901865251730721530169,mcl_centre,-61.297,-52.093,37.757,0.1668,1.366,1.2.826.0.1.3680043.8.498.98857750621083131598679961947406262148,16,4.398,1,True
1.2.826.0.1.3680043.8.498.38303182087206935163155565441234078389,mcl_centre,69.197,-48.105,-43.876,0.1074,2.03,1.2.826.0.1.3680043.8.498.11456368913339470162985078890598585192,30,3.5,1,True
1.2.826.0.1.3680043.8.498.38303307720827621886420004896097661262,mcl_centre,-68.873,-10.573,-18.794,0.0942,1.034,1.2.826.0.1.3680043.8.498.78950294212288316034919214465025924619,30,3.3,1,True
1.2.826.0.1.3680043.8.498.38306262614552497897681886368029860358,mcl_centre,46.67,1.149,5.448,0.0958,1.43,1.2.826.0.1.3680043.8.498.29724081171457094649581066844424006902,26,3.6,1,True
1.2.826.0.1.3680043.8.498.38325494489236992123219618004392575979,mcl_centre,11.954,13.695,-46.239,0.1144,1.696,1.2.826.0.1.3680043.8.498.10544918362883081202305683971265387881,26,3.85,1,True
1.2.826.0.1.3680043.8.498.38333934623775971943734069301776225018,mcl_centre,-45.182,-61.129,-55.706,0.0916,1.307,1.2.826.0.1.3680043.8.498.34436580109961958403672320788230270666,19,4.4,1,True
1.2.826.0.1.3680043.8.498.38361762550587464310603057450403132552,mcl_centre,38.398,-31.422,-11.861,0.1104,0.689,1.2.826.0.1.3680043.8.498.87638378603685201352950101669000650334,28,4.2,1,True
1.2.826.0.1.3680043.8.498.38365187857616428023213060377488046375,mcl_centre,68.138,-1.703,-50.009,0.0744,4.237,1.2.826.0.1.3680043.8.498.64921426710814803463362782330929759543,38,3.5,1,True
1.2.826.0.1.3680043.8.498.38373204312077453422262347769111605003,mcl_centre,25.189,-25.956,-23.646,0.1,2.979,1.2.826.0.1.3680043.8.498.94058580469479024207672330683698950176,30,3.6,1,True
1.2.826.0.1.3680043.8.498.38420384692181444061893234153745102059,mcl_centre,44.654,-31.215,-25.131,0.0953,0.909,1.2.826.0.1.3680043.8.498.99934153046137973925117271455351545458,32,3.3,1,True
1.2.826.0.1.3680043.8.498.38427680930662301114332563903957471851,mcl_centre,-66.932,-43.82,-39.269,0.0756,0.93,1.2.826.0.1.3680043.8.498.13319642355522565525276906947304901021,30,3.3,1,True
1.2.826.0.1.3680043.8.498.38457315909459574570206119213798163082,mcl_centre,-47.987,-59.268,-17.283,0.0768,2.583,1.2.826.0.1.3680043.8.498.41403167635496499904282258601874548576,30,3.3,1,True
1.2.826.0.1.3680043.8.498.38485168845116671268554752030254772359,mcl_centre,70.309,-46.189,-35.277,0.1036,1.94,1.2.826.0.1.3680043.8.498.78481185995896349595994291515667145179,30,3.3,1,True
1.2.826.0.1.3680043.8.498.38518069950656326194016175319535174299,mcl_centre,-47.704,-6.831,-40.67,0.0977,0.614,1.2.826.0.1.3680043.8.498.32290101526726317970857824609985834511,32,3.3,1,True
1.2.826.0.1.3680043.8.498.38528511947818361078957998546327084024,mcl_centre,-52.572,5.623,-21.648,0.0689,1.219,1.2.826.0.1.3680043.8.498.75443400945627442055405692992168039500,35,3.6,1,True
1.2.826.0.1.3680043.8.498.38554121831397903041461691318968151267,mcl_centre,-79.831,-56.974,-51.282,0.0786,0.897,1.2.826.0.1.3680043.8.498.64713346715310947612954572765808866316,24,4.95,1,True
1.2.826.0.1.3680043.8.498.38567342184301320850258918666303107813,mcl_centre,-10.883,-47.531,3.304,0.0798,1.301,1.2.826.0.1.3680043.8.498.25708785360583926157385762513816263533,32,3.7,1,True
1.2.826.0.1.3680043.8.498.38584486469155131627808759862008577200,mcl_centre,-68.799,2.647,-42.962,0.0999,0.691,1.2.826.0.1.3680043.8.498.12154818471831866008072907766966773415,27,4.4,1,True
1.2.826.0.1.3680043.8.498.38591915802992557518846862828618375715,mcl_centre,44.144,-40.727,-28.25,0.0771,1.954,1.2.826.0.1.3680043.8.498.12643178794637069413169242106731200168,32,4.41,1,True
1.2.826.0.1.3680043.8.498.38593351637971248239815933638950449587,mcl_centre,52.811,-50.827,-10.914,0.1037,0.941,1.2.826.0.1.3680043.8.498.41117925977552250288164736479705218027,30,3.3,1,True
1.2.826.0.1.3680043.8.498.38617606118499305781729905815407382451,mcl_centre,34.388,-21.597,-103.717,0.0463,2.759,1.2.826.0.1.3680043.8.498.30573441844161757723278420036899706051,31,5.0,1,True
1.2.826.0.1.3680043.8.498.38628165743951175602803204505216754926,mcl_centre,30.984,-58.878,-49.663,0.1157,1.347,1.2.826.0.1.3680043.8.498.11041492633897606865584039085294750101,19,4.4,1,True
1.2.826.0.1.3680043.8.498.38655145317957160440692625317823254736,mcl_centre,35.561,-10.581,-73.132,0.129,0.958,1.2.826.0.1.3680043.8.498.89410977455869933116335844015030477823,27,3.6,1,True
1.2.826.0.1.3680043.8.498.38701927697650476092773702704871872598,mcl_centre,-34.533,-24.205,-27.455,0.0771,0.675,1.2.826.0.1.3680043.8.498.97167042218896372545471764579237297387,28,3.7,1,True
1.2.826.0.1.3680043.8.498.38702677049080452580748506476598606517,mcl_centre,-57.683,-3.146,-41.251,0.1274,1.51,1.2.826.0.1.3680043.8.498.43684834072142449550962094490197370496,26,3.5,1,True
1.2.826.0.1.3680043.8.498.38717329577625255474350472405748992219,mcl_centre,-35.724,-52.724,-58.955,0.1054,3.202,1.2.826.0.1.3680043.8.498.66888040920096266668619571690056280400,30,3.8,1,True
1.2.826.0.1.3680043.8.498.38750761816114659458563557493234655604,mcl_centre,-88.222,-86.938,-37.347,0.1327,1.126,1.2.826.0.1.3680043.8.498.11716184616305287029325531920730673891,16,7.592,1,True
1.2.826.0.1.3680043.8.498.38774313460931748278644354956408578813,mcl_centre,-39.878,-28.534,-45.887,0.0741,2.732,1.2.826.0.1.3680043.8.498.11935411618727132867829530964949478942,20,4.95,1,True
1.2.826.0.1.3680043.8.498.38795933423959135237935740989825843893,mcl_centre,82.282,-47.532,-7.257,0.0638,0.812,1.2.826.0.1.3680043.8.498.36071554355184637610618624163323625714,30,3.3,1,True
1.2.826.0.1.3680043.8.498.38796519786809225694393617946244012065,mcl_centre,34.925,-35.739,-17.632,0.0498,2.296,1.2.826.0.1.3680043.8.498.59643786981635405570833564480327149903,39,3.3,1,True
1.2.826.0.1.3680043.8.498.38844149478205202385909887748058004820,mcl_centre,38.858,-12.35,-11.77,0.0775,1.372,1.2.826.0.1.3680043.8.498.20795853606280876721847967908182191092,30,3.3,1,True
1.2.826.0.1.3680043.8.498.38862475907405766248096419059100131863,mcl_centre,-25.189,-10.517,-48.682,0.0696,1.813,1.2.826.0.1.3680043.8.498.10502516332832957171731605223848275608,40,3.3,1,True
1.2.826.0.1.3680043.8.498.38870467957974446108337293912930572060,mcl_centre,-31.719,-57.344,-26.249,0.0817,1.213,1.2.826.0.1.3680043.8.498.76974611283354223096468006527198467738,32,3.3,1,True
1.2.826.0.1.3680043.8.498.38893522232848525819919092148478879455,mcl_centre,-52.904,-58.195,-37.939,0.1047,1.005,1.2.826.0.1.3680043.8.498.77515014135954270348133815810781898089,20,4.8,1,True
1.2.826.0.1.3680043.8.498.38898732985465285166803609252960353405,mcl_centre,33.705,3.918,4.997,0.0851,0.603,1.2.826.0.1.3680043.8.498.77249539368280424121963808239405144352,32,3.3,1,True
1.2.826.0.1.3680043.8.498.38900640030483599614088224967855884221,mcl_centre,-54.26,-39.307,-28.636,0.0824,1.461,1.2.826.0.1.3680043.8.498.80961740096143710156745873416293298445,38,3.3,1,True
1.2.826.0.1.3680043.8.498.38912715505731269998129663552068223373,mcl_centre,33.703,-64.515,-13.632,0.0916,1.015,1.2.826.0.1.3680043.8.498.37894792761589055124747983072236302963,27,3.85,1,True
1.2.826.0.1.3680043.8.498.38925755872951351471027638563742132144,mcl_centre,-62.988,-17.812,-24.564,0.0872,1.46,1.2.826.0.1.3680043.8.498.23828477817697753245431248068900228721,26,4.5,1,True
1.2.826.0.1.3680043.8.498.38928323954764175259962816410233336718,mcl_centre,-74.461,-45.992,-42.664,0.0751,0.931,1.2.826.0.1.3680043.8.498.10831971930546414756368379593369752148,18,5.559,1,True
1.2.826.0.1.3680043.8.498.38935694477580522005505074220300062204,mcl_centre,73.87,-66.614,-26.277,0.0851,0.835,1.2.826.0.1.3680043.8.498.60413341810996626390498155223199932424,24,4.95,1,True
1.2.826.0.1.3680043.8.498.38940868544480800333574786964232944756,mcl_centre,-76.28,30.869,-34.74,0.0814,2.362,1.2.826.0.1.3680043.8.498.81374623421709895093063729418690776818,25,4.4,1,True
1.2.826.0.1.3680043.8.498.38974023308452365783768081643215200948,mcl_centre,-39.214,-30.002,-41.258,0.0614,0.973,1.2.826.0.1.3680043.8.498.19835186477875212394515435123174922487,42,3.3,1,True
1.2.826.0.1.3680043.8.498.38981318408220047366318316620365040799,mcl_centre,47.415,-1.166,-33.559,0.1352,1.391,1.2.826.0.1.3680043.8.498.13245658709197490671399389119846950756,27,3.6,1,True
1.2.826.0.1.3680043.8.498.39020025030013167602991688044932114354,mcl_centre,10.18,-29.555,-13.722,0.1279,0.684,1.2.826.0.1.3680043.8.498.80250661619408693646552957650959238859,25,3.6,1,True
1.2.826.0.1.3680043.8.498.39020232951771672617852805188845504161,mcl_centre,-30.271,-33.945,-34.729,0.0902,3.714,1.2.826.0.1.3680043.8.498.10430231251482995489100451449181037144,30,3.3,1,True
1.2.826.0.1.3680043.8.498.39025433784711757736168236829157583043,mcl_centre,42.694,41.382,22.27,0.1048,1.537,1.2.826.0.1.3680043.8.498.88571439354525113398849445746474127488,28,3.7,1,True
1.2.826.0.1.3680043.8.498.39064406065534097226924475518005522427,mcl_centre,24.125,-44.563,-2.886,0.0795,2.043,1.2.826.0.1.3680043.8.498.90016982436257865286869111933906843633,34,3.3,1,True
1.2.826.0.1.3680043.8.498.39068632185013624181565849012182917752,mcl_centre,-49.236,3.034,14.509,0.0895,1.057,1.2.826.0.1.3680043.8.498.11912157634582512293102503339936052975,30,4.5,1,True
1.2.826.0.1.3680043.8.498.39070169128115370701189151138307035053,mcl_centre,14.276,43.12,-43.737,0.1101,0.986,1.2.826.0.1.3680043.8.498.60866523925853256623139846227102455943,38,3.5,1,True
1.2.826.0.1.3680043.8.498.39135770176150551756142329948474103964,mcl_centre,-50.408,-21.478,-3.389,0.0953,1.213,1.2.826.0.1.3680043.8.498.12167459513186122903832010581435745329,26,4.0,1,True
1.2.826.0.1.3680043.8.498.39190090804401525573012570218955054016,mcl_centre,56.268,-64.436,18.274,0.1357,1.11,1.2.826.0.1.3680043.8.498.88729266017452199456530445105928228221,16,6.71,1,True
1.2.826.0.1.3680043.8.498.39197976722851762826265579540678924584,mcl_centre,70.518,-43.8,-39.748,0.1117,1.057,1.2.826.0.1.3680043.8.498.77431198198668556284174156727516251297,30,3.3,1,True
1.2.826.0.1.3680043.8.498.39250844287482885227700969308333354206,mcl_centre,-65.371,-59.641,-0.005,0.1189,1.74,1.2.826.0.1.3680043.8.498.28134914265091025899724807663469852924,30,3.3,1,True
1.2.826.0.1.3680043.8.498.39264696726258404531295961801831089064,mcl_centre,-41.732,16.116,25.409,0.0738,1.81,1.2.826.0.1.3680043.8.498.10436059040667727133930058338870019771,36,3.85,1,True
1.2.826.0.1.3680043.8.498.39275838957651450909114440721012584183,mcl_centre,-33.339,38.514,-27.133,0.0593,0.939,1.2.826.0.1.3680043.8.498.72854825281938868801257638804102340035,30,3.6,1,True
1.2.826.0.1.3680043.8.498.39324076659429494696721784912308233388,mcl_centre,-54.326,-29.074,-11.926,0.0708,1.1,1.2.826.0.1.3680043.8.498.11557991886730907726770066559332080491,35,3.3,1,True
1.2.826.0.1.3680043.8.498.39375796600811714870169173423682043709,mcl_centre,-63.538,-90.278,26.2,0.1006,1.442,1.2.826.0.1.3680043.8.498.90984831969845653576494166313937093269,16,6.595,1,True
1.2.826.0.1.3680043.8.498.39394842976048577715164357752399606924,mcl_centre,45.698,-55.068,-39.087,0.0912,1.867,1.2.826.0.1.3680043.8.498.11004498966001266555592957328903938986,32,3.3,1,True
1.2.826.0.1.3680043.8.498.39399668753650041254826892657562722764,mcl_centre,65.338,-21.172,-14.66,0.1193,1.234,1.2.826.0.1.3680043.8.498.91453022531139758456377917679540363407,26,4.5,1,True
1.2.826.0.1.3680043.8.498.39468803878805753474151381590569125402,mcl_centre,54.197,-6.297,-47.679,0.081,1.165,1.2.826.0.1.3680043.8.498.47916514425762126852288936064018974231,30,3.3,1,True
1.2.826.0.1.3680043.8.498.39500553372517290823815606829518305500,mcl_centre,-29.609,5.437,-22.034,0.0884,0.767,1.2.826.0.1.3680043.8.498.12798253935401276011357924521785184170,30,3.3,1,True
1.2.826.0.1.3680043.8.498.39507184510584030713933330702725991027,mcl_centre,66.824,-49.321,-3.074,0.1048,0.693,1.2.826.0.1.3680043.8.498.68384294127195734241053695728868762172,30,3.3,1,True
1.2.826.0.1.3680043.8.498.39547752108509751520306190293259313911,mcl_centre,-45.643,-51.686,-28.217,0.0869,2.182,1.2.826.0.1.3680043.8.498.40835314928811159365868108308215637941,30,3.3,1,True
1.2.826.0.1.3680043.8.498.39578126940710463296572383286587298912,mcl_centre,0.489,-33.206,-49.063,0.1114,1.3,1.2.826.0.1.3680043.8.498.10549674831208489531373998571583097991,30,3.3,1,True
1.2.826.0.1.3680043.8.498.39624624539323722688093816284210287611,mcl_centre,-74.45,-47.267,-12.878,0.0637,2.1,1.2.826.0.1.3680043.8.498.75399727713738991505916344840691065831,30,3.3,1,True
1.2.826.0.1.3680043.8.498.39636073039676814228254715705296535819,mcl_centre,-60.975,-47.341,-16.075,0.0738,1.352,1.2.826.0.1.3680043.8.498.32649564267499545621944471422122040403,21,5.27,1,True
1.2.826.0.1.3680043.8.498.39642276506855996181597769215091644995,mcl_centre,-38.697,-7.048,-58.94,0.0583,0.578,1.2.826.0.1.3680043.8.498.13306376038042703442478071760738485661,40,3.3,1,True
1.2.826.0.1.3680043.8.498.39787654910948635229369478006027304578,mcl_centre,53.369,-34.383,-41.626,0.1057,1.487,1.2.826.0.1.3680043.8.498.54878626462839366449657754464161243219,25,4.5,1,True
1.2.826.0.1.3680043.8.498.39799597341675508044808282472428242917,mcl_centre,-74.611,-52.974,-31.392,0.108,1.598,1.2.826.0.1.3680043.8.498.12671936527487066109882935772951246331,30,3.3,1,True
1.2.826.0.1.3680043.8.498.39845300426582562781355154625767485381,mcl_centre,-71.817,-74.202,-8.195,0.1001,0.938,1.2.826.0.1.3680043.8.498.62917574242250118935578549885185494347,20,6.879,1,True
1.2.826.0.1.3680043.8.498.39875636232483792306109110284167439592,mcl_centre,-59.312,-50.274,-10.932,0.0843,2.145,1.2.826.0.1.3680043.8.498.82258771963812367400724623904652238283,30,3.3,1,True
1.2.826.0.1.3680043.8.498.39895705984068714346274689335576595443,mcl_centre,49.115,-50.63,5.122,0.0893,1.468,1.2.826.0.1.3680043.8.498.15632228200284220590585986379810438569,38,3.3,1,True
1.2.826.0.1.3680043.8.498.39932424305167611414527482641898907759,mcl_centre,-39.295,-47.311,271.887,0.1061,1.728,1.2.826.0.1.3680043.8.498.10019629802122213675374932250349863152,30,3.5,1,True
1.2.826.0.1.3680043.8.498.39954567501513957418422043089587980092,mcl_centre,-50.904,-23.137,-35.452,0.0885,0.622,1.2.826.0.1.3680043.8.498.53460355451092606558915340877957421937,30,3.6,1,True
1.2.826.0.1.3680043.8.498.39959632509842689058626880477779808473,mcl_centre,-81.323,-66.551,-9.665,0.1045,0.658,1.2.826.0.1.3680043.8.498.95659366826017961867163037886942268709,20,5.024,1,True
1.2.826.0.1.3680043.8.498.39969071491383654382076256213867635377,mcl_centre,75.63,-63.981,-9.593,0.1367,1.43,1.2.826.0.1.3680043.8.498.68472185615684985634577766675738978529,28,3.5,1,True
1.2.826.0.1.3680043.8.498.40036526071307024601256787605725348112,mcl_centre,28.569,-60.869,-64.524,0.1434,0.563,1.2.826.0.1.3680043.8.498.11320126249681275732227507036639175677,19,4.4,1,True
1.2.826.0.1.3680043.8.498.40041164441539690764994039690598305675,mcl_centre,-44.068,-31.29,-13.437,0.0721,0.533,1.2.826.0.1.3680043.8.498.79320491945302658005862273346229265161,38,3.3,1,True
1.2.826.0.1.3680043.8.498.40086005762552976451418579375198597540,mcl_centre,-24.171,-2.533,7.532,0.0646,1.067,1.2.826.0.1.3680043.8.498.13248116070745293528945248087568622499,33,3.3,1,True
1.2.826.0.1.3680043.8.498.40131899651518057045444739705301716085,mcl_centre,72.949,-23.463,-29.743,0.0873,1.181,1.2.826.0.1.3680043.8.498.86962996356861619633458576903164237603,24,5.0,1,True
1.2.826.0.1.3680043.8.498.40154708689850542672289658249059660788,mcl_centre,-35.455,-28.467,-5.695,0.0754,1.833,1.2.826.0.1.3680043.8.498.43459181085703893987700532550393746243,32,4.4,1,True
1.2.826.0.1.3680043.8.498.40196271329411009311273016603705560443,mcl_centre,34.047,-20.77,-18.232,0.113,0.782,1.2.826.0.1.3680043.8.498.24665705778576556044796896493293346734,30,3.3,1,True
1.2.826.0.1.3680043.8.498.40223239401390462911823193489179244754,mcl_centre,-52.553,-45.107,-13.758,0.0821,1.056,1.2.826.0.1.3680043.8.498.13002361408024705794849207139320195944,30,3.3,1,True
1.2.826.0.1.3680043.8.498.40239104167848425290754606013326180693,mcl_centre,-32.733,44.305,-26.923,0.094,1.705,1.2.826.0.1.3680043.8.498.46295907476678870883770804352341996043,28,3.5,1,True
1.2.826.0.1.3680043.8.498.40254123984175499564145728084464192446,mcl_centre,-68.722,-55.705,-48.631,0.0851,1.327,1.2.826.0.1.3680043.8.498.88660450107759030811245768880465115130,32,3.3,1,True
1.2.826.0.1.3680043.8.498.40257126480600927758308319831518876543,mcl_centre,37.623,-82.531,-33.725,0.1294,0.749,1.2.826.0.1.3680043.8.498.95905329339158493145394893532948223183,19,4.4,1,True
1.2.826.0.1.3680043.8.498.40269807401373034066229810558300266830,mcl_centre,30.054,9.712,-13.581,0.1287,1.499,1.2.826.0.1.3680043.8.498.69633098930645675095893238009264645437,19,4.4,1,True
1.2.826.0.1.3680043.8.498.40308838286515017547707130085914948230,mcl_centre,-25.01,8.493,-11.476,0.1018,0.763,1.2.826.0.1.3680043.8.498.25501130212659782085879161875422502262,24,5.0,1,True
1.2.826.0.1.3680043.8.498.40317527233615709136328116805254969837,mcl_centre,25.374,-5.515,-20.005,0.1073,1.615,1.2.826.0.1.3680043.8.498.83600440023475903328475554590610820744,27,3.85,1,True
1.2.826.0.1.3680043.8.498.40372643537313871452054321931253684619,mcl_centre,39.787,-13.144,-23.294,0.1011,0.918,1.2.826.0.1.3680043.8.498.85211254162796946471058150514717217236,32,3.3,1,True
1.2.826.0.1.3680043.8.498.40386781168330493993852288092654487818,mcl_centre,-40.296,-15.696,1.924,0.0903,1.085,1.2.826.0.1.3680043.8.498.54611562286046750449652023962273195549,30,3.6,1,True
1.2.826.0.1.3680043.8.498.40419759559020255481034237210540871312,mcl_centre,-73.907,-64.76,-26.752,0.1302,0.981,1.2.826.0.1.3680043.8.498.80645892546025846637900603572140073364,21,5.048,1,True
1.2.826.0.1.3680043.8.498.40436886205373732563782477802719203679,mcl_centre,56.005,-26.769,3.702,0.1042,3.315,1.2.826.0.1.3680043.8.498.12114721488586862213375775948559145716,30,4.0,1,True
1.2.826.0.1.3680043.8.498.40437305053062892226978469238653825745,mcl_centre,-28.87,-1.343,-7.128,0.0789,1.308,1.2.826.0.1.3680043.8.498.67085641265246585563592760282015522292,32,3.3,1,True
1.2.826.0.1.3680043.8.498.40441879276927383122480339472406105572,mcl_centre,-42.853,-37.204,-12.134,0.1062,0.822,1.2.826.0.1.3680043.8.498.13295285310966801886968952819297234451,30,3.3,1,True
1.2.826.0.1.3680043.8.498.40487147942341753806704765355921322161,mcl_centre,-51.372,12.766,2.325,0.1156,73.064,1.2.826.0.1.3680043.8.498.12737364540991312803704539662414426460,28,4.0,1,True
1.2.826.0.1.3680043.8.498.40533893516114346078820881178450524201,mcl_centre,31.371,-72.621,-39.472,0.1322,1.93,1.2.826.0.1.3680043.8.498.11619835364720138198531288819091490087,19,5.0,1,True
1.2.826.0.1.3680043.8.498.40547250250566982489293057895661861722,mcl_centre,-49.049,-85.892,13.495,0.1104,0.772,1.2.826.0.1.3680043.8.498.41856431174256977739201708769924922352,19,4.4,1,True
1.2.826.0.1.3680043.8.498.40576954651310602807432132614823906315,mcl_centre,6.468,-38.876,-19.996,0.1246,2.015,1.2.826.0.1.3680043.8.498.85549233657875509124180208600414244211,26,4.5,1,True
1.2.826.0.1.3680043.8.498.40608233778918249560056537030108548037,mcl_centre,-68.93,-34.579,-85.831,0.0808,2.131,1.2.826.0.1.3680043.8.498.25199542011464849640003629558508325328,30,3.5,1,True
1.2.826.0.1.3680043.8.498.40612173652156509478338094582396889655,mcl_centre,-67.468,-45.728,-11.388,0.116,0.879,1.2.826.0.1.3680043.8.498.48428783675329418004412952160224586543,23,3.7,1,True
1.2.826.0.1.3680043.8.498.40618283771317160262473004328692613267,mcl_centre,-74.591,-66.661,-17.186,0.0785,1.047,1.2.826.0.1.3680043.8.498.50988590438971842741235594001925318086,32,3.3,1,True
1.2.826.0.1.3680043.8.498.40627043074325458726412346974457616938,mcl_centre,69.389,-51.307,7.971,0.0895,0.757,1.2.826.0.1.3680043.8.498.28914566140164588975198377975783903254,30,3.3,1,True
1.2.826.0.1.3680043.8.498.40654763252951267464957826289984701872,mcl_centre,73.231,-45.701,47.633,0.0927,1.258,1.2.826.0.1.3680043.8.498.78776594352265007875045034033730563403,36,3.3,1,True
1.2.826.0.1.3680043.8.498.40703974473944295875248011843170371394,mcl_centre,-31.406,16.786,-14.969,0.1245,0.741,1.2.826.0.1.3680043.8.498.44664696467444045309216389826259374933,24,4.0,1,True
1.2.826.0.1.3680043.8.498.40718200801895968234499223301900799376,mcl_centre,35.226,6.583,-17.255,0.0724,1.531,1.2.826.0.1.3680043.8.498.21634851387875416519063084073634328001,27,3.6,1,True
1.2.826.0.1.3680043.8.498.40723835064354784133289444204866484476,mcl_centre,-52.726,10.465,26.967,0.0783,1.951,1.2.826.0.1.3680043.8.498.12278740528912895743548397123889964293,36,3.5,1,True
1.2.826.0.1.3680043.8.498.40765829900885943055669918091033014654,mcl_centre,12.499,-27.443,7.299,0.0925,2.55,1.2.826.0.1.3680043.8.498.36080662845624872107489131255977057976,18,5.5,1,True
1.2.826.0.1.3680043.8.498.40823842819404259265489417470859248075,mcl_centre,-69.037,-71.1,-13.844,0.121,0.718,1.2.826.0.1.3680043.8.498.12345797745201233471656310237346524607,16,6.0,1,True
1.2.826.0.1.3680043.8.498.40828786094337186697222449293183309391,mcl_centre,18.243,-31.595,-11.584,0.0722,70.741,1.2.826.0.1.3680043.8.498.39363165183676433582495067617041128058,28,4.5,1,True
1.2.826.0.1.3680043.8.498.40837296112545776586904280088902000849,mcl_centre,-43.968,-2.544,-39.331,0.0929,0.857,1.2.826.0.1.3680043.8.498.10564375790442693776625247179568584583,30,3.3,1,True
1.2.826.0.1.3680043.8.498.40898220266193841898869905714214454387,mcl_centre,-73.197,-53.034,2.099,0.1076,0.508,1.2.826.0.1.3680043.8.498.13326787438999959463074781776659238601,21,4.4,1,True
1.2.826.0.1.3680043.8.498.40910368031948275476880475208016058754,mcl_centre,63.473,-69.855,-13.179,0.0861,2.58,1.2.826.0.1.3680043.8.498.24352145204436282707754446809502761973,20,5.7,1,True
1.2.826.0.1.3680043.8.498.40930045208346676628855922755791787949,mcl_centre,-30.099,-72.969,-32.555,0.1113,0.825,1.2.826.0.1.3680043.8.498.52545372585662158255897697315352895208,19,4.8,1,True
1.2.826.0.1.3680043.8.498.40967435550546093348221485942169879116,mcl_centre,-34.876,-50.44,-31.056,0.1047,1.834,1.2.826.0.1.3680043.8.498.10140083188814656590021764608926196067,30,3.3,1,True
1.2.826.0.1.3680043.8.498.40987687016832998820664054439678138878,mcl_centre,-61.928,-47.612,-43.011,0.1077,3.487,1.2.826.0.1.3680043.8.498.11175132846165175526776981483225070294,28,3.7,1,True
1.2.826.0.1.3680043.8.498.40994616246264625946610553907227975893,mcl_centre,-37.864,-14.179,-11.155,0.0783,0.764,1.2.826.0.1.3680043.8.498.53680653058035071309502513129487894578,32,3.3,1,True
1.2.826.0.1.3680043.8.498.41036022211588451079713314564568887994,mcl_centre,18.204,18.108,-14.748,0.1069,2.507,1.2.826.0.1.3680043.8.498.85997223158787518282049647464495630301,32,3.5,1,True
1.2.826.0.1.3680043.8.498.41057428195711190931490429649014776496,mcl_centre,-22.947,-9.899,-49.634,0.0911,1.782,1.2.826.0.1.3680043.8.498.11592139375810578901377955303455634085,26,3.5,1,True
1.2.826.0.1.3680043.8.498.41108421820714108307078614688022098388,mcl_centre,17.218,-106.381,-51.085,0.0706,5.026,1.2.826.0.1.3680043.8.498.17583678470660204634283680800497765133,19,4.8,1,True
1.2.826.0.1.3680043.8.498.41124244151692842048993594448992046260,mcl_centre,-48.975,-54.463,-33.626,0.1116,0.849,1.2.826.0.1.3680043.8.498.89289484860578548018377355663439282994,20,5.072,1,True
1.2.826.0.1.3680043.8.498.41129090437522031508960438281451672212,mcl_centre,41.307,-6.308,-2.097,0.0875,0.599,1.2.826.0.1.3680043.8.498.87995145545138838232262576153518544705,30,3.6,1,True
1.2.826.0.1.3680043.8.498.41197678541534079475667407055098243437,mcl_centre,-30.403,-21.324,-17.151,0.0866,0.818,1.2.826.0.1.3680043.8.498.27591183174421025048386409705417889893,36,3.3,1,True
1.2.826.0.1.3680043.8.498.41240503248178304281405515398211762506,mcl_centre,44.641,-38.219,8.019,0.0533,1.049,1.2.826.0.1.3680043.8.498.63390814724384722546998757068689017454,38,3.3,1,True
1.2.826.0.1.3680043.8.498.41254472410580125134596211010943842213,mcl_centre,-30.174,-34.37,17.293,0.11,1.901,1.2.826.0.1.3680043.8.498.37407304328647389759764967335325862957,32,3.3,1,True
1.2.826.0.1.3680043.8.498.41315359092354940082611381451934245995,mcl_centre,-64.114,-44.929,-22.61,0.1003,0.97,1.2.826.0.1.3680043.8.498.78789314790388000971400069262288769505,30,3.5,1,True
1.2.826.0.1.3680043.8.498.41326575785634778198143222323166756210,mcl_centre,83.985,-34.521,-19.506,0.0996,0.916,1.2.826.0.1.3680043.8.498.58130538049445444619876950374610824952,30,3.5,1,True
1.2.826.0.1.3680043.8.498.41363979247025384202932112601795525615,mcl_centre,29.528,4.111,-23.642,0.1129,1.172,1.2.826.0.1.3680043.8.498.21269540090863000685167990639961559702,32,3.3,1,True
1.2.826.0.1.3680043.8.498.41366889271483886167284378157366992074,mcl_centre,16.035,26.625,-18.617,0.1203,1.63,1.2.826.0.1.3680043.8.498.16708994535314616008210116881470540532,30,3.6,1,True
1.2.826.0.1.3680043.8.498.41382780862853765983216810855531499640,mcl_centre,39.844,-4.312,-44.195,0.1189,0.778,1.2.826.0.1.3680043.8.498.11638620410303303001811570976398880632,29,4.0,1,True
1.2.826.0.1.3680043.8.498.41439889720274233955076963938741061358,mcl_centre,-71.387,-50.381,-54.496,0.1032,1.486,1.2.826.0.1.3680043.8.498.11202788753650891198368615511798873022,30,3.3,1,True
1.2.826.0.1.3680043.8.498.41440206520769979754790425253631809212,mcl_centre,-69.347,-46.913,-9.391,0.0972,0.571,1.2.826.0.1.3680043.8.498.71362715290433874967711982214327848862,30,3.5,1,True
1.2.826.0.1.3680043.8.498.41454762422897656673710145732036115764,mcl_centre,100.879,-63.15,-13.142,0.1052,1.57,1.2.826.0.1.3680043.8.498.90939772138004632542848264549557780807,22,4.0,1,True
1.2.826.0.1.3680043.8.498.41564229176277158115386256329157870722,mcl_centre,-81.54,-94.728,-2.97,0.0795,1.247,1.2.826.0.1.3680043.8.498.39534796374132298720656171224740828633,23,4.5,1,True
1.2.826.0.1.3680043.8.498.41587640208769641326416798167574152049,mcl_centre,-42.623,-12.711,-17.622,0.087,1.828,1.2.826.0.1.3680043.8.498.18908560411803081249764230324799019269,28,4.2,1,True
1.2.826.0.1.3680043.8.498.41600498783384864111179175518614837125,mcl_centre,-72.123,-48.566,-4.342,0.0887,1.212,1.2.826.0.1.3680043.8.498.42449379145780158531187185761913058425,28,3.3,1,True
1.2.826.0.1.3680043.8.498.41605033773891953796694219242501252567,mcl_centre,34.198,-46.338,-16.539,0.1141,0.323,1.2.826.0.1.3680043.8.498.45216752245787168433348135963095824027,30,3.7,1,True
1.2.826.0.1.3680043.8.498.41619164749467663852546208143469380415,mcl_centre,75.821,41.5,-11.315,0.0961,1.014,1.2.826.0.1.3680043.8.498.11086047179126770658969878757602368527,27,3.6,1,True
1.2.826.0.1.3680043.8.498.41623512571866040054960002151226127775,mcl_centre,-34.807,-63.219,-33.416,0.0701,0.541,1.2.826.0.1.3680043.8.498.77104380097957723550226521038734890898,21,4.8,1,True
1.2.826.0.1.3680043.8.498.41640481150213029810772014344448781554,mcl_centre,-74.135,-37.97,-3.552,0.0715,1.736,1.2.826.0.1.3680043.8.498.88894569373213304493563628118937692498,30,4.5,1,True
1.2.826.0.1.3680043.8.498.41657361598083583047831423768034379414,mcl_centre,-75.264,-31.407,-42.158,0.0935,1.166,1.2.826.0.1.3680043.8.498.36881074940626836936465899890655351112,23,4.5,1,True
1.2.826.0.1.3680043.8.498.41662013720606493874198348776219875496,mcl_centre,-46.395,-40.814,-41.153,0.0786,0.756,1.2.826.0.1.3680043.8.498.12007106519684682440822683250096390140,30,3.3,1,True
1.2.826.0.1.3680043.8.498.41672145969790132883562432403529293545,mcl_centre,30.509,-18.261,-4.728,0.0609,3.23,1.2.826.0.1.3680043.8.498.92696705326655520362635530139405667168,34,3.6,1,True
1.2.826.0.1.3680043.8.498.41696746845418651508748386392327996143,mcl_centre,10.54,39.346,46.177,0.0971,0.934,1.2.826.0.1.3680043.8.498.42771547752886908025601203699527943159,32,3.5,1,True
1.2.826.0.1.3680043.8.498.41698150452794914665945455397334605778,mcl_centre,141.986,81.967,-41.667,0.0162,113.916,1.2.826.0.1.3680043.8.498.74389339348633000283070126504845546392,31,3.6,1,True
1.2.826.0.1.3680043.8.498.41717437729988689273718049162153247404,mcl_centre,-65.1,-48.524,-16.918,0.0777,0.77,1.2.826.0.1.3680043.8.498.54535241926884001732721739815396122101,21,4.758,1,True
1.2.826.0.1.3680043.8.498.41751049067043481681879071436091069601,mcl_centre,-34.219,-1.274,-11.171,0.0643,3.944,1.2.826.0.1.3680043.8.498.12410810928182649919250177203097790666,28,3.6,1,True
1.2.826.0.1.3680043.8.498.41769275806689876192405091865340286535,mcl_centre,48.845,-46.62,-33.312,0.1038,0.61,1.2.826.0.1.3680043.8.498.89388514725046743903242618173021368291,30,3.5,1,True
1.2.826.0.1.3680043.8.498.41776233288569201013095816839442161537,mcl_centre,34.394,22.499,-42.119,0.0802,0.757,1.2.826.0.1.3680043.8.498.68336524232920097944945456223526527986,38,3.6,1,True
1.2.826.0.1.3680043.8.498.41810826648175757249770990269365542940,mcl_centre,72.844,-50.729,-7.58,0.0884,1.08,1.2.826.0.1.3680043.8.498.22976017895287557571122777852760338932,30,3.7,1,True
1.2.826.0.1.3680043.8.498.41837648239243141231469586963862388683,mcl_centre,-77.414,-24.401,-28.197,0.074,1.229,1.2.826.0.1.3680043.8.498.65041254621911892794407126627595246829,38,3.3,1,True
1.2.826.0.1.3680043.8.498.41852534027066121760361035269460584004,mcl_centre,-38.971,-22.954,-44.101,0.0775,0.974,1.2.826.0.1.3680043.8.498.17783956652208022034647152306645226276,30,3.6,1,True
1.2.826.0.1.3680043.8.498.41854610297797849683195403204758363476,mcl_centre,-25.27,-44.177,-17.178,0.0941,2.996,1.2.826.0.1.3680043.8.498.10226022167829533466848790324004110951,32,3.3,1,True
1.2.826.0.1.3680043.8.498.41856137734822068230231773222820851271,mcl_centre,41.838,12.579,-49.742,0.1137,2.291,1.2.826.0.1.3680043.8.498.11744847833875650463259596689433989103,30,3.51,1,True
1.2.826.0.1.3680043.8.498.41939824564209194493855981805593285528,mcl_centre,-40.674,-65.415,-1.176,0.0723,1.049,1.2.826.0.1.3680043.8.498.13363801066221107870596619823552106691,36,3.3,1,True
1.2.826.0.1.3680043.8.498.41990779875873214154237496750949660480,mcl_centre,-67.872,-99.237,24.97,0.1062,0.585,1.2.826.0.1.3680043.8.498.10965898031780219077283475547632664537,18,5.725,1,True
1.2.826.0.1.3680043.8.498.42018410640565840140895012243840256810,mcl_centre,-59.257,-21.628,-59.709,0.0509,78.682,1.2.826.0.1.3680043.8.498.12410682734190081021064588099807594384,37,3.3,1,True
1.2.826.0.1.3680043.8.498.42018683052544325209168649309206539721,mcl_centre,-13.528,-5.166,-57.103,0.0866,0.807,1.2.826.0.1.3680043.8.498.88557868880959732384589055030157635889,34,4.0,1,True
1.2.826.0.1.3680043.8.498.42023788139360998656558751921918860808,mcl_centre,60.471,-64.516,-38.213,0.1198,1.296,1.2.826.0.1.3680043.8.498.83527284941424003440417899363330689092,34,3.3,1,True
1.2.826.0.1.3680043.8.498.42051385452979123325023608442860201782,mcl_centre,-71.739,-51.023,-40.312,0.0981,0.681,1.2.826.0.1.3680043.8.498.72517258705949716884431050071119036945,30,3.3,1,True
1.2.826.0.1.3680043.8.498.42057349781448469704191384429694247725,mcl_centre,35.111,-33.982,-11.04,0.1243,1.476,1.2.826.0.1.3680043.8.498.62764992569230170429134853337192526679,30,3.3,1,True
1.2.826.0.1.3680043.8.498.42120645248710860870761681999665860884,mcl_centre,55.247,-56.581,-27.055,0.1183,1.346,1.2.826.0.1.3680043.8.498.12014049628500866308797071781385073806,25,3.85,1,True
1.2.826.0.1.3680043.8.498.42130173624033946465704266507948122088,mcl_centre,85.748,-35.813,-57.047,0.0892,1.626,1.2.826.0.1.3680043.8.498.62096776366952580901191885015101847665,35,3.54,1,True
1.2.826.0.1.3680043.8.498.42162585695624963017992042571207363427,mcl_centre,21.636,-43.936,-40.784,0.0805,1.985,1.2.826.0.1.3680043.8.498.73124421961414236350219346103056802905,31,3.3,1,True
1.2.826.0.1.3680043.8.498.42221373360893091454504422964928099406,mcl_centre,-39.48,-9.049,6.077,0.0984,0.746,1.2.826.0.1.3680043.8.498.58717293991579553715954610026916884789,32,3.3,1,True
1.2.826.0.1.3680043.8.498.42225165085995728538373532053227662192,mcl_centre,43.324,-42.703,-26.126,0.104,0.686,1.2.826.0.1.3680043.8.498.11388574511462185102378735263008272260,32,3.3,1,True
1.2.826.0.1.3680043.8.498.42287188181305579531212818123200473947,mcl_centre,-80.491,-53.22,-5.412,0.086,1.513,1.2.826.0.1.3680043.8.498.34342389249712345617355430043158843384,29,4.5,1,True
1.2.826.0.1.3680043.8.498.42389063782063360163798575455522539633,mcl_centre,-32.274,8.155,-22.768,0.1389,1.632,1.2.826.0.1.3680043.8.498.62785065277922913180543675215803750217,24,4.0,1,True
1.2.826.0.1.3680043.8.498.42396216793489016293032290339618185275,mcl_centre,76.409,-38.691,-28.601,0.0892,0.852,1.2.826.0.1.3680043.8.498.55741659680256605054180705285951123555,30,3.5,1,True
1.2.826.0.1.3680043.8.498.42414269167296543219685897036829241885,mcl_centre,69.679,-62.67,8.824,0.134,1.175,1.2.826.0.1.3680043.8.498.10227226099293827882789748525718506953,28,3.5,1,True
1.2.826.0.1.3680043.8.498.42476443240785038044326483794941265936,mcl_centre,57.507,-47.188,-8.303,0.1181,1.358,1.2.826.0.1.3680043.8.498.19973602209437644060799618080031297780,21,4.177,1,True
1.2.826.0.1.3680043.8.498.42486421970612099441197418307958561877,mcl_centre,65.561,-37.96,-9.48,0.0867,2.222,1.2.826.0.1.3680043.8.498.82263730299678112813211150495313606654,25,3.3,1,True
1.2.826.0.1.3680043.8.498.42499092649567991851673654940784921876,mcl_centre,-27.426,8.257,-53.121,0.0579,3.639,1.2.826.0.1.3680043.8.498.25395001047441323014558756794088120093,27,3.5,1,True
1.2.826.0.1.3680043.8.498.42566296562794128096734153388840524012,mcl_centre,16.156,-53.91,-46.003,0.1215,1.233,1.2.826.0.1.3680043.8.498.88325675991640074216313231142366002280,19,5.0,1,True
1.2.826.0.1.3680043.8.498.42580107838226807862930203257414265276,mcl_centre,31.293,-15.612,9.775,0.0863,1.367,1.2.826.0.1.3680043.8.498.13364252902398355213020162170457353464,34,2.75,1,True
1.2.826.0.1.3680043.8.498.42587087495729026068405824960397052997,mcl_centre,-51.187,-17.071,-7.489,0.085,0.74,1.2.826.0.1.3680043.8.498.46446965534119686728782896352697046525,30,3.6,1,True
1.2.826.0.1.3680043.8.498.42598518026540237824479232797503218019,mcl_centre,37.743,-39.162,-36.044,0.0906,1.42,1.2.826.0.1.3680043.8.498.37439861471292704193535503594776782975,30,3.7,1,True
1.2.826.0.1.3680043.8.498.42609322631348207494943622999125822017,mcl_centre,-40.126,-3.144,-0.673,0.0825,0.803,1.2.826.0.1.3680043.8.498.10116304832745128212628048203262986996,30,4.5,1,True
1.2.826.0.1.3680043.8.498.42634709955067416383713194799683605006,mcl_centre,79.023,-36.942,-14.658,0.109,0.797,1.2.826.0.1.3680043.8.498.50663331821027604010263998316417766713,30,3.5,1,True
1.2.826.0.1.3680043.8.498.42719592405241698450757802131459694665,mcl_centre,76.169,-47.909,-28.501,0.0958,1.765,1.2.826.0.1.3680043.8.498.11154856714595400511481727388749216907,30,3.7,1,True
1.2.826.0.1.3680043.8.498.42768603719459834345001093623865167866,mcl_centre,22.846,-35.572,-11.734,0.092,1.6,1.2.826.0.1.3680043.8.498.12909177574736982709304621111959067607,29,3.5,1,True
1.2.826.0.1.3680043.8.498.42776652100045349404152232788825670056,mcl_centre,-38.499,7.244,-18.22,0.1347,0.605,1.2.826.0.1.3680043.8.498.81109974607530202047863548254012656487,28,4.0,1,True
1.2.826.0.1.3680043.8.498.42778524243264061817587398263842942394,mcl_centre,-85.686,-63.884,30.752,0.0598,1.115,1.2.826.0.1.3680043.8.498.62603322073199615302226281522585863974,28,4.5,1,True
1.2.826.0.1.3680043.8.498.42816339547796375466199938922141987775,mcl_centre,42.619,-42.71,-5.614,0.0867,0.773,1.2.826.0.1.3680043.8.498.93177164635963558590465708093429808378,35,3.3,1,True
1.2.826.0.1.3680043.8.498.42829490507052740062127365747846030214,mcl_centre,37.616,-92.579,-46.691,0.1431,2.156,1.2.826.0.1.3680043.8.498.58066752621718323204037303835575855898,20,4.4,1,True
1.2.826.0.1.3680043.8.498.42847376403722341195083350288786052637,mcl_centre,-9.166,-6.015,-23.078,0.0915,1.647,1.2.826.0.1.3680043.8.498.70571864561606847524304828140223895671,27,3.6,1,True
1.2.826.0.1.3680043.8.498.42887028634948156598417204377884297339,mcl_centre,-76.932,-38.361,-5.961,0.1,1.427,1.2.826.0.1.3680043.8.498.75777502188840642342112518414317702869,28,3.3,1,True
1.2.826.0.1.3680043.8.498.42896117106271721157113072562739356381,mcl_centre,-74.734,-40.64,17.392,0.0551,1.738,1.2.826.0.1.3680043.8.498.79351386391002748618484408405580998151,35,3.54,1,True
1.2.826.0.1.3680043.8.498.42921593713351589642747633505679170597,mcl_centre,76.061,-60.976,23.359,0.143,1.873,1.2.826.0.1.3680043.8.498.96023023998929089449072934506292288286,18,4.5,1,True
1.2.826.0.1.3680043.8.498.42942844751304929338846069579289911684,mcl_centre,-62.636,-22.427,-19.96,0.0173,60.414,1.2.826.0.1.3680043.8.498.11388557033882805833070303516525544252,40,3.3,1,True
1.2.826.0.1.3680043.8.498.42965031665568825650795822006244115609,mcl_centre,-58.662,-14.458,-18.382,0.0966,1.079,1.2.826.0.1.3680043.8.498.41499378005437031675309516054192907529,25,4.4,1,True
1.2.826.0.1.3680043.8.498.42967970121147528831983176261453235744,mcl_centre,47.153,1.329,-16.324,0.0909,0.629,1.2.826.0.1.3680043.8.498.11736489880372335375865228447775569844,32,3.3,1,True
1.2.826.0.1.3680043.8.498.42990542863216044717944418712887800295,mcl_centre,68.759,-27.737,-55.623,0.13,1.062,1.2.826.0.1.3680043.8.498.75307636053326994529585915509818064705,17,5.072,1,True
1.2.826.0.1.3680043.8.498.43014288535685961874615794778401152033,mcl_centre,-65.245,-56.532,9.423,0.0746,0.7,1.2.826.0.1.3680043.8.498.72759375453505005520988777727982009974,38,3.3,1,True
1.2.826.0.1.3680043.8.498.43046713539641995841029654207663845887,mcl_centre,-30.764,-26.336,-44.825,0.1497,2.309,1.2.826.0.1.3680043.8.498.62966321450173067339903490074889047075,19,4.4,1,True
1.2.826.0.1.3680043.8.498.43065391907984821806263204343792008938,mcl_centre,-34.958,-1.061,-99.559,0.0794,1.229,1.2.826.0.1.3680043.8.498.47928104834429086615359478299994101626,30,3.3,1,True
1.2.826.0.1.3680043.8.498.43117007553940146763245418710268028741,mcl_centre,32.299,-22.39,-17.831,0.1008,1.228,1.2.826.0.1.3680043.8.498.66921719609929770060078380067961720786,27,3.6,1,True
1.2.826.0.1.3680043.8.498.43127139928509033152155587499980767364,mcl_centre,-23.988,-12.861,-12.179,0.1288,0.618,1.2.826.0.1.3680043.8.498.10313130387660051047309348069367416839,24,4.0,1,True
1.2.826.0.1.3680043.8.498.43144544376687968624598661376472625623,mcl_centre,-17.215,-14.181,-4.833,0.0851,1.736,1.2.826.0.1.3680043.8.498.63446884159424179822170787777246741798,35,3.3,1,True
1.2.826.0.1.3680043.8.498.43256282639827216310036033378453939750,mcl_centre,-36.442,-38.467,5.136,0.1199,0.944,1.2.826.0.1.3680043.8.498.12231893101289284108575112072982333496,28,3.3,1,True
1.2.826.0.1.3680043.8.498.43256905750043156063416845850825787417,mcl_centre,-44.967,-36.073,-22.178,0.0932,0.828,1.2.826.0.1.3680043.8.498.11915939178281699758743439898986210432,30,3.6,1,True
1.2.826.0.1.3680043.8.498.43300763182450509440662392516941842389,mcl_centre,-45.378,-39.044,-40.537,0.0959,0.952,1.2.826.0.1.3680043.8.498.65352089584968371259169331663777383317,32,3.3,1,True
1.2.826.0.1.3680043.8.498.43325226037168674077736336919956196684,mcl_centre,32.567,-61.121,-49.104,0.1521,0.948,1.2.826.0.1.3680043.8.498.13084558074149905797431385478851595907,19,4.4,1,True
1.2.826.0.1.3680043.8.498.43339007024446439709455570527734115557,mcl_centre,-30.574,-18.225,4.56,0.1294,1.288,1.2.826.0.1.3680043.8.498.26569392920702428921657672517283343098,25,3.6,1,True
1.2.826.0.1.3680043.8.498.43351215447181735764667371462573550267,mcl_centre,49.226,-29.903,-25.392,0.0813,0.849,1.2.826.0.1.3680043.8.498.12632673997770665726158582403995674768,36,3.3,1,True
1.2.826.0.1.3680043.8.498.43355923025859051425546451466843844346,mcl_centre,21.994,-34.944,-33.375,0.0964,0.96,1.2.826.0.1.3680043.8.498.32995559924096839313521201030777389768,38,3.5,1,True
1.2.826.0.1.3680043.8.498.43412154740072739455825163326814980838,mcl_centre,47.029,-57.646,-12.945,0.0788,0.846,1.2.826.0.1.3680043.8.498.55543254845463069711032842672107992199,31,3.3,1,True
1.2.826.0.1.3680043.8.498.43432499267536761263202158662502957684,mcl_centre,-66.459,-85.533,-22.345,0.0836,2.769,1.2.826.0.1.3680043.8.498.41672174561866286546929293154242945656,22,4.8,1,True
1.2.826.0.1.3680043.8.498.43439413368880313042951208701983487343,mcl_centre,-51.015,-52.556,-25.318,0.1215,1.182,1.2.826.0.1.3680043.8.498.13000177169313725100209663912635115540,28,3.7,1,True
1.2.826.0.1.3680043.8.498.43442933855807685981061557274166869461,mcl_centre,-26.341,-47.569,7.74,0.088,2.074,1.2.826.0.1.3680043.8.498.35390864735619064923910605530827646841,31,3.3,1,True
1.2.826.0.1.3680043.8.498.43445351322695981909807931874796758490,mcl_centre,-55.987,37.761,-5.462,0.1172,1.823,1.2.826.0.1.3680043.8.498.64411987083423429141679849854673258957,18,4.5,1,True
1.2.826.0.1.3680043.8.498.43483537125776347707929354413013709736,mcl_centre,-54.215,10.754,-21.093,0.0646,5.056,1.2.826.0.1.3680043.8.498.37371751046368566310673922146554007084,31,3.6,1,True
1.2.826.0.1.3680043.8.498.43587191909319947256183198986671106743,mcl_centre,-15.337,32.421,-48.475,0.0494,1.131,1.2.826.0.1.3680043.8.498.29549024700343261774682452897657319319,32,4.4,1,True
1.2.826.0.1.3680043.8.498.43587826365647713044374316837330397375,mcl_centre,49.929,-27.945,-8.93,0.0747,1.64,1.2.826.0.1.3680043.8.498.56809810480652457713367242306985153582,38,3.3,1,True
1.2.826.0.1.3680043.8.498.43692339773096477132070133629776394739,mcl_centre,-49.581,-35.745,-38.747,0.1199,2.143,1.2.826.0.1.3680043.8.498.52799257336802068784685802489910493268,30,3.3,1,True
1.2.826.0.1.3680043.8.498.43709699920591091261137846976272625163,mcl_centre,-73.016,-56.17,-9.875,0.0928,2.141,1.2.826.0.1.3680043.8.498.11253050832409393889626523751003658022,36,3.3,1,True
1.2.826.0.1.3680043.8.498.43779228281849457650343989788070421822,mcl_centre,41.352,-25.54,4.257,0.1224,1.685,1.2.826.0.1.3680043.8.498.12871308870176550749947542028708653917,32,3.3,1,True
1.2.826.0.1.3680043.8.498.43797037142729611453626414920554246615,mcl_centre,65.125,-87.615,-5.29,0.0776,0.906,1.2.826.0.1.3680043.8.498.81678589942092366556910779444153753191,19,5.0,1,True
1.2.826.0.1.3680043.8.498.43832771919542075229536000564653592465,mcl_centre,35.338,-12.545,-60.672,0.1198,2.733,1.2.826.0.1.3680043.8.498.54321312892953197712163934313934985297,20,4.4,1,True
1.2.826.0.1.3680043.8.498.43870319732657730742794291443940225011,mcl_centre,54.061,8.925,-35.361,0.0859,0.777,1.2.826.0.1.3680043.8.498.91771999109348120650340699379717964455,32,3.7,1,True
1.2.826.0.1.3680043.8.498.43967752580489865323542041346927244370,mcl_centre,-36.667,-12.748,-52.464,0.1167,1.176,1.2.826.0.1.3680043.8.498.96833661815444498731459162295808264268,30,3.3,1,True
1.2.826.0.1.3680043.8.498.44002376543340544410495269060824194475,mcl_centre,-87.263,22.068,-48.112,0.0674,1.345,1.2.826.0.1.3680043.8.498.82036055747194726743961569774922615355,38,3.5,1,True
1.2.826.0.1.3680043.8.498.44024350801191362011463613321559949052,mcl_centre,-74.917,-57.008,-25.694,0.0796,1.036,1.2.826.0.1.3680043.8.498.10966748574481340699786223161260396611,32,3.5,1,True
1.2.826.0.1.3680043.8.498.44149403030093858908988179411336839587,mcl_centre,-43.326,-33.706,-32.545,0.1019,1.052,1.2.826.0.1.3680043.8.498.66238923140346031434581882473390475160,30,3.3,1,True
1.2.826.0.1.3680043.8.498.44239214982361627984688924889728201208,mcl_centre,14.38,-7.859,-14.586,0.1462,2.297,1.2.826.0.1.3680043.8.498.13366143444990456279823484019829238008,19,6.0,1,True
1.2.826.0.1.3680043.8.498.44259687212868598275713310246316207497,mcl_centre,-78.881,-9.699,-9.779,0.1073,0.62,1.2.826.0.1.3680043.8.498.11786031488627750510773004337362864363,34,3.3,1,True
1.2.826.0.1.3680043.8.498.44261256084247541720465769177956875383,mcl_centre,-66.587,-37.614,-31.928,0.0692,63.847,1.2.826.0.1.3680043.8.498.71052968279148530028967493742768506587,36,3.3,1,True
1.2.826.0.1.3680043.8.498.44321626715626508427287815810252844889,mcl_centre,-64.293,-70.618,-5.045,0.1189,0.615,1.2.826.0.1.3680043.8.498.95803243434096582483287850726966193133,18,5.023,1,True
1.2.826.0.1.3680043.8.498.44323131330689365651417881352766725366,mcl_centre,-33.821,14.738,4.342,0.0851,2.012,1.2.826.0.1.3680043.8.498.83485572631281964275687454049662360578,37,3.5,1,True
1.2.826.0.1.3680043.8.498.44333089398623004498721836325723633455,mcl_centre,34.776,23.454,-0.485,0.0945,1.435,1.2.826.0.1.3680043.8.498.10111652225840538093245637319275535212,36,3.5,1,True
1.2.826.0.1.3680043.8.498.44350638600163778456163342454087669278,mcl_centre,51.432,-17.104,-34.837,0.0875,68.902,1.2.826.0.1.3680043.8.498.77410344123876936289425833766071514262,32,3.3,1,True
1.2.826.0.1.3680043.8.498.44365814642869065241166313231424697474,mcl_centre,-37.118,-36.555,8.073,0.1252,2.673,1.2.826.0.1.3680043.8.498.11131607393059253208448684148117349466,30,3.3,1,True
1.2.826.0.1.3680043.8.498.44405554266141576380633014711246118209,mcl_centre,-39.945,-30.519,-9.542,0.0738,0.62,1.2.826.0.1.3680043.8.498.97452699101798448003772932020106521159,40,3.3,1,True
1.2.826.0.1.3680043.8.498.44417768181231991989438194369583907493,mcl_centre,38.268,-53.857,-11.009,0.0783,2.04,1.2.826.0.1.3680043.8.498.13258600070972176826943509166521531604,34,3.3,1,True
1.2.826.0.1.3680043.8.498.44424196147366603683090692394096032727,mcl_centre,-67.131,-71.956,-3.468,0.1055,1.103,1.2.826.0.1.3680043.8.498.11569123892617964372628169987514613652,30,3.5,1,True
1.2.826.0.1.3680043.8.498.44441813293962885868294317830142850713,mcl_centre,66.183,-17.001,-14.515,0.0863,1.488,1.2.826.0.1.3680043.8.498.12728676083010906333441665515790664240,42,3.3,1,True
1.2.826.0.1.3680043.8.498.44476475746458439091354236934188679569,mcl_centre,-71.787,-44.514,-42.079,0.0614,7.949,1.2.826.0.1.3680043.8.498.11752465756834608864149078084366756279,28,3.7,1,True
1.2.826.0.1.3680043.8.498.44525218699266472141419416162979441275,mcl_centre,73.918,-44.14,-10.889,0.0823,0.966,1.2.826.0.1.3680043.8.498.13293394390048577140275085504496478003,35,3.3,1,True
1.2.826.0.1.3680043.8.498.44629238055006732101555855930071163428,mcl_centre,72.944,-44.113,-40.491,0.0937,1.275,1.2.826.0.1.3680043.8.498.75594312182272238773163940026245969826,28,3.5,1,True
1.2.826.0.1.3680043.8.498.44654558140536370040701171884970036040,mcl_centre,-39.311,-5.33,-25.922,0.0875,1.778,1.2.826.0.1.3680043.8.498.68714611630653526462757519415373492467,32,3.3,1,True
1.2.826.0.1.3680043.8.498.44670636848627131733157841382853275817,mcl_centre,50.748,-37.271,-21.179,0.0916,2.057,1.2.826.0.1.3680043.8.498.57247782243636709196135132704875987903,32,3.3,1,True
1.2.826.0.1.3680043.8.498.44713330360073884105636085566230396530,mcl_centre,-54.103,-25.56,-22.49,0.091,1.474,1.2.826.0.1.3680043.8.498.66503296065832965495633527196252750685,36,3.3,1,True
1.2.826.0.1.3680043.8.498.44733200650377282012534389271385687852,mcl_centre,-38.38,-7.053,-3.958,0.1241,1.601,1.2.826.0.1.3680043.8.498.87214256513856283270411098337556243644,24,4.0,1,True
1.2.826.0.1.3680043.8.498.44758766790156297849747618145458535803,mcl_centre,-72.045,-45.413,-20.862,0.1005,2.159,1.2.826.0.1.3680043.8.498.10966378929391113067204923450061714601,21,4.5,1,True
1.2.826.0.1.3680043.8.498.44792591585917525576461101442761037507,mcl_centre,36.088,-21.062,-5.613,0.1128,2.226,1.2.826.0.1.3680043.8.498.12057149255458531629994172986772705601,20,4.95,1,True
1.2.826.0.1.3680043.8.498.44863396093454506630473164990623458425,mcl_centre,47.117,-20.08,-20.135,0.092,1.325,1.2.826.0.1.3680043.8.498.15356663572163681466224454558998823288,35,3.51,1,True
1.2.826.0.1.3680043.8.498.44875593707781066742286566388388035791,mcl_centre,-34.86,22.207,-20.747,0.1265,1.417,1.2.826.0.1.3680043.8.498.12443035089620159632412763653165197462,27,4.0,1,True
1.2.826.0.1.3680043.8.498.44879085997210091159117906674172231025,mcl_centre,-81.68,-49.354,-27.061,0.0737,2.038,1.2.826.0.1.3680043.8.498.11264508781676662114172793996655057373,30,3.5,1,True
1.2.826.0.1.3680043.8.498.44879493336213912007673875382158420811,mcl_centre,-41.355,-12.684,-9.894,0.0723,0.967,1.2.826.0.1.3680043.8.498.10357810434675101822561414411808175567,38,3.3,1,True
1.2.826.0.1.3680043.8.498.44902036121220687805715010480088379768,mcl_centre,-63.341,-56.338,-28.465,0.0856,0.976,1.2.826.0.1.3680043.8.498.98065771722046478291134307574795901200,30,3.5,1,True
1.2.826.0.1.3680043.8.498.44941174190375343987327566550204051010,mcl_centre,-35.866,-13.602,-40.48,0.0888,1.388,1.2.826.0.1.3680043.8.498.11810368109524245394040516454707362097,29,3.6,1,True
1.2.826.0.1.3680043.8.498.44996883917122941421301655137158093858,mcl_centre,-34.388,17.508,-53.957,0.1248,0.855,1.2.826.0.1.3680043.8.498.16762900805226699036681306330351785964,23,4.5,1,True
1.2.826.0.1.3680043.8.498.45033326048521572717771708818514772861,mcl_centre,-34.478,-2.43,-14.363,0.096,0.316,1.2.826.0.1.3680043.8.498.44641571065403881513075910626767643412,31,3.3,1,True
1.2.826.0.1.3680043.8.498.45059917085750212913588683242522799083,mcl_centre,23.836,-7.287,-14.078,0.0437,0.511,1.2.826.0.1.3680043.8.498.49904916560427023163558370586129841927,30,4.0,1,True
1.2.826.0.1.3680043.8.498.45072896942121803896760563154385918032,mcl_centre,78.924,-62.498,-10.882,0.1023,1.39,1.2.826.0.1.3680043.8.498.11448668855829331408478452781899054462,24,4.95,1,True
1.2.826.0.1.3680043.8.498.45082393649917309927267478072569185694,mcl_centre,-42.709,-4.268,-15.565,0.0757,1.733,1.2.826.0.1.3680043.8.498.29965917981323773789333926940148056458,32,3.7,1,True
1.2.826.0.1.3680043.8.498.45118217412917282413100913670807141634,mcl_centre,-35.156,-67.14,-16.757,0.1096,1.024,1.2.826.0.1.3680043.8.498.10134472018255864476885113147105493655,18,5.5,1,True
1.2.826.0.1.3680043.8.498.45170517567841608067443743961197123093,mcl_centre,-76.786,-28.263,-48.787,0.0781,2.186,1.2.826.0.1.3680043.8.498.13304641341287046191228614953521652852,32,3.3,1,True
1.2.826.0.1.3680043.8.498.45207812477654339877341538582090218293,mcl_centre,77.516,-51.021,-40.998,0.1161,0.622,1.2.826.0.1.3680043.8.498.71690735438547011524485287190612529367,30,3.3,1,True
1.2.826.0.1.3680043.8.498.45251306032215692953561852960585282987,mcl_centre,84.787,-27.388,14.542,0.061,1.508,1.2.826.0.1.3680043.8.498.75458951990137493512441713863583889316,48,3.3,1,True
1.2.826.0.1.3680043.8.498.45273393220765922863913956738614783632,mcl_centre,74.093,-60.851,-5.904,0.1171,1.079,1.2.826.0.1.3680043.8.498.86443066165180412900568910074079520519,16,5.709,1,True
1.2.826.0.1.3680043.8.498.45286493874121093392171044034263851961,mcl_centre,77.429,-43.835,-16.365,0.1233,0.52,1.2.826.0.1.3680043.8.498.44840285733962751848685923840573751492,30,3.5,1,True
1.2.826.0.1.3680043.8.498.45304570280714567513866386380356988876,mcl_centre,-38.857,-33.941,-11.623,0.0895,1.525,1.2.826.0.1.3680043.8.498.10245475887210009992147130573566107713,30,3.6,1,True
1.2.826.0.1.3680043.8.498.45316453179223822297459860764883030492,mcl_centre,-40.003,-14.372,13.582,0.1089,0.74,1.2.826.0.1.3680043.8.498.10062808718118342708343930875375542876,31,3.6,1,True
1.2.826.0.1.3680043.8.498.45326662718293919909188368237039419949,mcl_centre,44.287,-33.198,-18.089,0.096,1.959,1.2.826.0.1.3680043.8.498.13053949868397496659717600947187087580,32,3.3,1,True
1.2.826.0.1.3680043.8.498.45332185607602495786497298658937575959,mcl_centre,-2.378,9.056,-56.058,0.0957,0.87,1.2.826.0.1.3680043.8.498.98762648805757038024428385073135471220,32,3.6,1,True
1.2.826.0.1.3680043.8.498.45367987334597713963053051542179369641,mcl_centre,6.968,-13.267,-32.496,0.1253,0.856,1.2.826.0.1.3680043.8.498.17863998514103268926123081855303025153,22,4.5,1,True
1.2.826.0.1.3680043.8.498.45368532788186860828867663606651818835,mcl_centre,46.935,-19.29,-3.472,0.0722,0.856,1.2.826.0.1.3680043.8.498.11039756871454522037107999973865424200,30,4.2,1,True
1.2.826.0.1.3680043.8.498.45380312679924593883892686293576260616,mcl_centre,-30.217,-38.17,-22.503,0.0828,1.679,1.2.826.0.1.3680043.8.498.41764548681454101694668359291813217765,28,3.3,1,True
1.2.826.0.1.3680043.8.498.45392604471538776666611947492530314159,mcl_centre,-70.68,-51.389,3.864,0.0583,1.601,1.2.826.0.1.3680043.8.498.11777984056531664581007137588127795329,18,5.024,1,True
1.2.826.0.1.3680043.8.498.45406212529450909512649737062964080190,mcl_centre,-38.696,-17.768,-20.995,0.0731,1.333,1.2.826.0.1.3680043.8.498.89012702049780032197195847714513835306,38,3.3,1,True
1.2.826.0.1.3680043.8.498.45454539422542821586939369440135728144,mcl_centre,-57.167,-10.88,-8.464,0.0642,5.215,1.2.826.0.1.3680043.8.498.66340693101573047215290374264773057760,27,3.6,1,True
1.2.826.0.1.3680043.8.498.45462389009834095091353507592651342877,mcl_centre,37.762,-33.039,-55.72,0.068,3.846,1.2.826.0.1.3680043.8.498.90592034088783775521537153409918473256,46,3.3,1,True
1.2.826.0.1.3680043.8.498.45463321406810606039579747001339703552,mcl_centre,41.227,-2.129,-37.504,0.15,1.032,1.2.826.0.1.3680043.8.498.46860826667982728788243308401669504462,25,3.6,1,True
1.2.826.0.1.3680043.8.498.45491168638937605395466251659273753775,mcl_centre,-40.307,-1.457,-54.232,0.0973,1.138,1.2.826.0.1.3680043.8.498.28615654812133410691041753498103603927,22,5.0,1,True
1.2.826.0.1.3680043.8.498.45504348071514081636909771148066956410,mcl_centre,43.156,16.769,-39.415,0.1054,1.166,1.2.826.0.1.3680043.8.498.94739157380274463386905665270117561267,24,3.5,1,True
1.2.826.0.1.3680043.8.498.45519502487291848581539950159353124045,mcl_centre,33.984,16.403,-33.238,0.1042,1.913,1.2.826.0.1.3680043.8.498.13261071202956925361214714126622485414,22,4.0,1,True
1.2.826.0.1.3680043.8.498.45625191292968830335971647388746041117,mcl_centre,-54.216,-14.278,-12.122,0.0967,1.774,1.2.826.0.1.3680043.8.498.12487647594567484295984506911697976808,33,3.3,1,True
1.2.826.0.1.3680043.8.498.45630051398709774279703407401383545642,mcl_centre,56.111,-49.145,-11.003,0.09,1.192,1.2.826.0.1.3680043.8.498.72305863333073517062013130091214126775,20,5.291,1,True
1.2.826.0.1.3680043.8.498.45644703214235636656820126625301033696,mcl_centre,52.689,-41.847,-29.594,0.1272,1.592,1.2.826.0.1.3680043.8.498.90474633486813499598004630186127200436,30,3.3,1,True
1.2.826.0.1.3680043.8.498.45678969592219293243366784683191701674,mcl_centre,-40.665,-6.137,29.903,0.0637,1.322,1.2.826.0.1.3680043.8.498.10411020546042022702942748887477961461,42,3.5,1,True
1.2.826.0.1.3680043.8.498.45755198489211010290512228906807170657,mcl_centre,-53.753,3.413,-43.591,0.0631,5.992,1.2.826.0.1.3680043.8.498.48414112119273690247135239367695222942,26,3.5,1,True
1.2.826.0.1.3680043.8.498.45768777378108699271714894225826640121,mcl_centre,45.041,-16.999,-9.861,0.0624,1.219,1.2.826.0.1.3680043.8.498.36676111592592131504980924735239054627,34,3.51,1,True
1.2.826.0.1.3680043.8.498.45811964949115542204306831813385709206,mcl_centre,-72.996,-33.29,-4.672,0.0921,0.655,1.2.826.0.1.3680043.8.498.22967718706862862898351940166099484446,30,3.45,1,True
1.2.826.0.1.3680043.8.498.45862157701704991290669186265816463426,mcl_centre,-31.617,-62.541,-19.978,0.0795,1.391,1.2.826.0.1.3680043.8.498.98101160251079523102871218205162875143,32,3.6,1,True
1.2.826.0.1.3680043.8.498.45865541491386404818767748310365919685,mcl_centre,-32.025,-2.131,-42.153,0.1276,1.012,1.2.826.0.1.3680043.8.498.26218259767099949543639111738875866162,26,4.0,1,True
1.2.826.0.1.3680043.8.498.45868806544202339567395643235910857549,mcl_centre,-29.526,-0.915,-31.658,0.1053,1.383,1.2.826.0.1.3680043.8.498.11742661850590017134898521714768808046,26,3.6,1,True
1.2.826.0.1.3680043.8.498.45894475516096841241467193775629362381,mcl_centre,59.335,-0.373,3.593,0.12,0.957,1.2.826.0.1.3680043.8.498.31926658975355966302633718100746091971,35,3.51,1,True
1.2.826.0.1.3680043.8.498.45968957856865486437256472516713628614,mcl_centre,-49.284,-59.495,11.713,0.078,1.753,1.2.826.0.1.3680043.8.498.32487617485839375993248724519436539878,34,3.3,1,True
1.2.826.0.1.3680043.8.498.46001596547902477402837300565271742663,mcl_centre,46.514,-46.496,-8.708,0.1007,2.42,1.2.826.0.1.3680043.8.498.60886388272956837577161903167708240357,36,3.3,1,True
1.2.826.0.1.3680043.8.498.46016776602328665980436110567854612595,mcl_centre,38.624,-33.975,-24.112,0.0523,2.624,1.2.826.0.1.3680043.8.498.45984952056921978268841253852385334621,32,3.3,1,True
1.2.826.0.1.3680043.8.498.46036209147177723970966724006242055397,mcl_centre,-34.885,5.66,-36.537,0.1499,1.345,1.2.826.0.1.3680043.8.498.10291632104391532612227134181336655022,19,4.4,1,True
1.2.826.0.1.3680043.8.498.46051119885630602872050329412008545893,mcl_centre,-67.451,-48.295,-15.4,0.0643,1.546,1.2.826.0.1.3680043.8.498.83519009836331791328880127949875169045,37,3.3,1,True
1.2.826.0.1.3680043.8.498.46052469424267861803032899866428547156,mcl_centre,40.619,-20.783,22.082,0.1007,1.741,1.2.826.0.1.3680043.8.498.41562459581213296339380891328251833123,30,3.6,1,True
1.2.826.0.1.3680043.8.498.46123761840464615814604226041496278995,mcl_centre,30.556,-53.508,-64.279,0.1293,2.125,1.2.826.0.1.3680043.8.498.38582168257874606404890019649989598700,19,4.4,1,True
1.2.826.0.1.3680043.8.498.46172451572836863687073454997158931662,mcl_centre,-82.258,37.552,0.916,0.0462,58.432,1.2.826.0.1.3680043.8.498.35313574804080516711014517994642675898,30,3.5,1,True
1.2.826.0.1.3680043.8.498.46222691720198967161306520058359099856,mcl_centre,48.969,-76.534,-8.869,0.1251,1.811,1.2.826.0.1.3680043.8.498.47499058030747191185224501701799997114,18,5.5,1,True
1.2.826.0.1.3680043.8.498.46228189366201925238527911905072482095,mcl_centre,-48.503,-73.207,20.578,0.0718,0.687,1.2.826.0.1.3680043.8.498.17019512572495584938092661035775622718,32,3.3,1,True
1.2.826.0.1.3680043.8.498.46259494895672269475940484605821837768,mcl_centre,-68.834,-53.783,-30.545,0.081,0.631,1.2.826.0.1.3680043.8.498.11103183836643097767153119330357773290,30,3.3,1,True
1.2.826.0.1.3680043.8.498.46268820642949526111807948525363811264,mcl_centre,-85.55,-39.954,-15.631,0.1251,1.092,1.2.826.0.1.3680043.8.498.33516325023884607682531787533461516325,15,6.623,1,True
1.2.826.0.1.3680043.8.498.46282234455466954264170065462242039568,mcl_centre,-33.784,2.661,-35.456,0.0917,1.275,1.2.826.0.1.3680043.8.498.60796414777164085165944027537396625244,34,3.5,1,True
1.2.826.0.1.3680043.8.498.46297226877524853395345229615300658523,mcl_centre,-37.472,-30.701,-41.425,0.1197,0.857,1.2.826.0.1.3680043.8.498.43550919479488263545697405289931263001,32,3.3,1,True
1.2.826.0.1.3680043.8.498.46305694398420300356121078124030126469,mcl_centre,47.197,-18.145,-45.109,0.0903,1.215,1.2.826.0.1.3680043.8.498.19770768429155687460227729937730645445,35,3.6,1,True
1.2.826.0.1.3680043.8.498.46309540159823359540686782651264853894,mcl_centre,58.374,26.802,-40.076,0.131,0.832,1.2.826.0.1.3680043.8.498.39471661234209367683601858426362452953,21,4.5,1,True
1.2.826.0.1.3680043.8.498.46335849264221717416382765091672040855,mcl_centre,-45.071,-48.973,-44.118,0.0714,0.837,1.2.826.0.1.3680043.8.498.10269701892217916482498589143739935701,32,3.3,1,True
1.2.826.0.1.3680043.8.498.46407639440476738746130651250276012493,mcl_centre,-42.0,-32.607,-12.66,0.1024,2.631,1.2.826.0.1.3680043.8.498.13475299336634695101462093373491619176,32,3.3,1,True
1.2.826.0.1.3680043.8.498.46427879286435198611282055405541286766,mcl_centre,29.169,-12.802,-21.751,0.1024,0.825,1.2.826.0.1.3680043.8.498.11947252699812647640195945492252611090,32,3.3,1,True
1.2.826.0.1.3680043.8.498.46452612704507986055186132736451572677,mcl_centre,-45.48,1.208,-1.814,0.0785,0.873,1.2.826.0.1.3680043.8.498.34588018661635481672164496843814442566,24,4.4,1,True
1.2.826.0.1.3680043.8.498.46491051379327985199309365945879841064,mcl_centre,-66.203,-53.711,-5.927,0.0724,0.868,1.2.826.0.1.3680043.8.498.11721504699496140107344726147373395303,35,3.3,1,True
1.2.826.0.1.3680043.8.498.46506161284114284997220751358509505380,mcl_centre,-45.744,-13.27,-25.264,0.0857,1.033,1.2.826.0.1.3680043.8.498.43299955150578416874720182505723693714,30,3.7,1,True
1.2.826.0.1.3680043.8.498.46658713832425741743740258795376270265,mcl_centre,65.015,22.795,-23.609,0.1086,0.845,1.2.826.0.1.3680043.8.498.55841395361476140515289061478310388507,19,5.0,1,True
1.2.826.0.1.3680043.8.498.46700895961751940291334058396794206479,mcl_centre,-42.495,59.526,-58.424,0.0776,1.68,1.2.826.0.1.3680043.8.498.87677123519034406084600221799247472759,30,3.5,1,True
1.2.826.0.1.3680043.8.498.46713978512945139851373191422321462143,mcl_centre,45.344,-29.7,-5.492,0.0861,1.331,1.2.826.0.1.3680043.8.498.13234752475889871837062999424929876750,36,3.3,1,True
1.2.826.0.1.3680043.8.498.46715670142711601593792518196789347552,mcl_centre,-71.548,-45.657,-16.362,0.0876,0.705,1.2.826.0.1.3680043.8.498.12643998478551654415862580530002504852,30,4.438,1,True
1.2.826.0.1.3680043.8.498.46745172905542117506863575411125924241,mcl_centre,-42.82,-12.971,-28.926,0.0821,2.282,1.2.826.0.1.3680043.8.498.10388068854509388645591025124962474792,32,3.6,1,True
1.2.826.0.1.3680043.8.498.46770589129181839292542004762882468541,mcl_centre,42.613,-47.916,-21.532,0.0985,4.073,1.2.826.0.1.3680043.8.498.11468777967764533398144538975576210099,30,3.7,1,True
1.2.826.0.1.3680043.8.498.46776367027887983105817631582518625639,mcl_centre,71.626,-67.537,-15.451,0.0912,1.501,1.2.826.0.1.3680043.8.498.11207432943155587917380714631080130468,24,4.95,1,True
1.2.826.0.1.3680043.8.498.46797419946872257347118338518757027995,mcl_centre,-44.343,-16.823,14.967,0.133,1.213,1.2.826.0.1.3680043.8.498.23057658517714568961175469527632575373,30,3.3,1,True
1.2.826.0.1.3680043.8.498.46825768767498441994570613185981335949,mcl_centre,-42.815,-64.729,-30.924,0.0977,2.199,1.2.826.0.1.3680043.8.498.12466056251177415701749102373853749178,32,3.3,1,True
1.2.826.0.1.3680043.8.498.46842734152337184482152392783260161845,mcl_centre,-26.652,-43.489,1.867,0.1099,1.057,1.2.826.0.1.3680043.8.498.12498877996849761744224515997669561791,30,3.3,1,True
1.2.826.0.1.3680043.8.498.46884541791777826238103426426267571657,mcl_centre,-5.057,-12.548,32.322,0.0982,1.041,1.2.826.0.1.3680043.8.498.36831890189912186552222028293944478276,30,3.3,1,True
1.2.826.0.1.3680043.8.498.46893956584698923808118623450380169212,mcl_centre,30.431,-50.308,-16.845,0.1056,1.294,1.2.826.0.1.3680043.8.498.15073077928725208119297629911284608296,30,3.7,1,True
1.2.826.0.1.3680043.8.498.46909729013880708074310736136355969956,mcl_centre,-35.284,-3.973,-47.905,0.1022,1.324,1.2.826.0.1.3680043.8.498.85641871514214129985527264050034289269,32,3.6,1,True
1.2.826.0.1.3680043.8.498.46925959240037679795735705370016021232,mcl_centre,40.709,0.53,-9.721,0.1066,1.077,1.2.826.0.1.3680043.8.498.10194177062987556934840407609958084206,33,3.6,1,True
1.2.826.0.1.3680043.8.498.47004674612174010017653097242531940431,mcl_centre,53.59,-61.12,-21.377,0.0806,1.536,1.2.826.0.1.3680043.8.498.53095564691930218629541635037170588568,28,4.0,1,True
1.2.826.0.1.3680043.8.498.47036446751578280498105392189811189787,mcl_centre,41.283,-39.277,-41.719,0.082,0.96,1.2.826.0.1.3680043.8.498.48873585419484354886382146659640313595,32,3.3,1,True
1.2.826.0.1.3680043.8.498.47061252152535181371772020997295000029,mcl_centre,35.042,-31.199,4.932,0.1099,1.014,1.2.826.0.1.3680043.8.498.41597838660454579397036006576394373506,30,3.6,1,True
1.2.826.0.1.3680043.8.498.47063694709201049930726855357000925037,mcl_centre,79.322,-33.854,-22.11,0.1289,0.859,1.2.826.0.1.3680043.8.498.24081395400527878314935473030792061785,30,3.5,1,True
1.2.826.0.1.3680043.8.498.47080537724499166054609508776778189902,mcl_centre,83.895,-31.424,1.694,0.0936,0.935,1.2.826.0.1.3680043.8.498.12918674512645447259610376823865037719,35,3.3,1,True
1.2.826.0.1.3680043.8.498.47094981922544354899183959858078311972,mcl_centre,-71.341,-60.82,-6.882,0.0492,1.675,1.2.826.0.1.3680043.8.498.28698524388491641984346970183073400992,28,4.95,1,True
1.2.826.0.1.3680043.8.498.47130872195336642107576758658144949813,mcl_centre,-39.25,-37.371,-25.411,0.0861,2.668,1.2.826.0.1.3680043.8.498.10210927511402851828777772068971553093,30,3.6,1,True
1.2.826.0.1.3680043.8.498.47239511009810375185594384849101241004,mcl_centre,49.122,-15.496,-33.671,0.0816,0.549,1.2.826.0.1.3680043.8.498.71653599112502691025936023641556330330,32,3.3,1,True
1.2.826.0.1.3680043.8.498.47255564202539432049700324486197024855,mcl_centre,-38.681,-30.412,-50.711,0.0864,0.701,1.2.826.0.1.3680043.8.498.50202632759097966590981007681607031084,38,4.0,1,True
1.2.826.0.1.3680043.8.498.47267174205472073784818634988669693642,mcl_centre,-44.871,-30.188,-32.166,0.0819,1.152,1.2.826.0.1.3680043.8.498.37767599637506166089746084198831312116,32,3.3,1,True
1.2.826.0.1.3680043.8.498.47268599732083036147289040424392838620,mcl_centre,-34.433,-14.847,-48.499,0.0797,2.772,1.2.826.0.1.3680043.8.498.54334635823458915257239540040302725432,35,3.3,1,True
1.2.826.0.1.3680043.8.498.47336007784831556446570294227732688335,mcl_centre,87.791,-54.23,-21.039,0.1607,0.561,1.2.826.0.1.3680043.8.498.12582575303115632022303502518651243988,15,5.072,1,True
1.2.826.0.1.3680043.8.498.47339093185444044578247608022398494955,mcl_centre,-35.151,-12.026,-27.476,0.0834,0.822,1.2.826.0.1.3680043.8.498.10715763686515083755927290255558669571,42,3.0,1,True
1.2.826.0.1.3680043.8.498.47391919345230380216864709248400573953,mcl_centre,82.165,-31.925,-59.686,0.0773,1.134,1.2.826.0.1.3680043.8.498.11248953021770098948491119272815822603,30,3.7,1,True
1.2.826.0.1.3680043.8.498.47449893776425045020340604662487159684,mcl_centre,88.512,-63.224,-35.891,0.0724,1.025,1.2.826.0.1.3680043.8.498.13053924557139387848581510398711563873,31,4.5,1,True
1.2.826.0.1.3680043.8.498.47465512474718256570933149642267926825,mcl_centre,-45.842,-3.93,-3.069,0.0883,0.913,1.2.826.0.1.3680043.8.498.11711989166919537641556058501264168103,31,3.3,1,True
1.2.826.0.1.3680043.8.498.47495385306095610608327984787779011133,mcl_centre,31.192,-22.547,-8.9,0.0872,3.623,1.2.826.0.1.3680043.8.498.80804841900594557074631315867975806031,33,3.6,1,True
1.2.826.0.1.3680043.8.498.47531034194300620953276025401018051246,mcl_centre,39.241,-21.78,-28.024,0.0781,0.884,1.2.826.0.1.3680043.8.498.58181932119981739577966729315913991450,32,3.3,1,True
1.2.826.0.1.3680043.8.498.47651715105501347255071941051553742767,mcl_centre,37.315,-11.547,-6.482,0.0931,0.806,1.2.826.0.1.3680043.8.498.83456851323553107881270209681965289357,30,3.3,1,True
1.2.826.0.1.3680043.8.498.47655269404919497034805209368250028981,mcl_centre,-29.15,11.925,-61.249,0.1334,1.152,1.2.826.0.1.3680043.8.498.71913217784834344743950599170066065473,24,3.5,1,True
1.2.826.0.1.3680043.8.498.47666607805434428477774854287399691400,mcl_centre,-44.576,-61.378,-12.092,0.1133,1.806,1.2.826.0.1.3680043.8.498.33728178871169872204773753530308824834,19,4.4,1,True
1.2.826.0.1.3680043.8.498.47678121014268671436574141288012829166,mcl_centre,-79.064,-63.77,-40.519,0.094,1.576,1.2.826.0.1.3680043.8.498.12149213058933319964997605593917389487,28,3.5,1,True
1.2.826.0.1.3680043.8.498.47707670074001059720671838493302874710,mcl_centre,-72.778,-102.839,-28.617,0.0811,0.737,1.2.826.0.1.3680043.8.498.13063880277364995250041081090402109837,21,4.4,1,True
1.2.826.0.1.3680043.8.498.47753549323738763346112850705924843959,mcl_centre,-66.427,-20.04,16.081,0.0961,1.221,1.2.826.0.1.3680043.8.498.59317264803824080646039730196173813925,22,4.4,1,True
1.2.826.0.1.3680043.8.498.47784065888386216103165400551121771174,mcl_centre,30.834,-15.672,11.783,0.089,1.004,1.2.826.0.1.3680043.8.498.42818709250108236038637797120027093970,28,4.2,1,True
1.2.826.0.1.3680043.8.498.47855330524708374523226349383799712473,mcl_centre,104.472,-36.83,-6.482,0.0694,1.765,1.2.826.0.1.3680043.8.498.91567473710585569295382775985895707391,23,4.95,1,True
1.2.826.0.1.3680043.8.498.47864423097056282241181943425451597067,mcl_centre,37.143,-9.918,-14.597,0.1041,0.713,1.2.826.0.1.3680043.8.498.15342539369131425377495490339839565294,28,3.3,1,True
1.2.826.0.1.3680043.8.498.47870074144891988520855535250618228390,mcl_centre,43.229,-4.666,-6.403,0.1068,0.884,1.2.826.0.1.3680043.8.498.21804286337019509271793121226932960757,33,3.3,1,True
1.2.826.0.1.3680043.8.498.47921753480592595198052407850568677187,mcl_centre,68.644,-26.655,15.992,0.0995,0.704,1.2.826.0.1.3680043.8.498.11132163689159405062570165604773563273,28,4.5,1,True
1.2.826.0.1.3680043.8.498.47925688677871325890380893763458019552,mcl_centre,72.462,-38.941,-12.042,0.072,1.003,1.2.826.0.1.3680043.8.498.55713156297033203569285766033589401318,30,3.45,1,True
1.2.826.0.1.3680043.8.498.47949251060660360953300340380324578835,mcl_centre,70.864,-28.685,-13.107,0.0838,0.822,1.2.826.0.1.3680043.8.498.72776483266259440721638119251391842613,27,4.5,1,True
1.2.826.0.1.3680043.8.498.48033467661219494489168041469309669510,mcl_centre,-73.604,-38.054,-26.418,0.0987,2.329,1.2.826.0.1.3680043.8.498.23980442247045483844523038949090061763,27,4.5,1,True
1.2.826.0.1.3680043.8.498.48068031587855513429324313927339963541,mcl_centre,-32.028,28.094,-12.656,0.0866,1.7,1.2.826.0.1.3680043.8.498.10314913733045728769740114321737115704,35,3.5,1,True
1.2.826.0.1.3680043.8.498.48141366506505611287110229972010695331,mcl_centre,-41.905,-64.584,-6.856,0.0777,6.392,1.2.826.0.1.3680043.8.498.37101433006786027034662990659272782561,36,3.3,1,True
1.2.826.0.1.3680043.8.498.48160569779413970442472500116176876660,mcl_centre,-26.837,-23.504,-21.848,0.0942,2.686,1.2.826.0.1.3680043.8.498.41068090559727243699000989681159700317,22,4.4,1,True
1.2.826.0.1.3680043.8.498.48308485987218296338173512060246238691,mcl_centre,-30.189,-25.551,15.011,0.0944,1.184,1.2.826.0.1.3680043.8.498.50969077806815765662077192434347893569,30,3.6,1,True
1.2.826.0.1.3680043.8.498.48348615349418615469875801439348424274,mcl_centre,53.637,-54.325,-8.488,0.097,2.146,1.2.826.0.1.3680043.8.498.34236568294478626291652935651911222474,36,3.3,1,True
1.2.826.0.1.3680043.8.498.48367523758673249284754003765836877239,mcl_centre,-47.349,50.668,-29.355,0.0759,44.678,1.2.826.0.1.3680043.8.498.12326610874209177111674275790891789804,33,3.5,1,True
1.2.826.0.1.3680043.8.498.48368929760320103375578806071106317953,mcl_centre,-58.022,-29.238,-12.603,0.0876,0.536,1.2.826.0.1.3680043.8.498.73592682936657880228906962611354194380,38,3.3,1,True
1.2.826.0.1.3680043.8.498.48417903971145834309474934717837250776,mcl_centre,69.393,-53.119,0.696,0.0997,1.047,1.2.826.0.1.3680043.8.498.82085974246638773831867825318714864018,28,3.5,1,True
1.2.826.0.1.3680043.8.498.48435973333068748044485658920315789799,mcl_centre,47.033,-34.011,-64.356,0.0877,2.981,1.2.826.0.1.3680043.8.498.44440297976353479716385458650094744906,42,3.5,1,True
1.2.826.0.1.3680043.8.498.48486018503198264262324670490116120612,mcl_centre,-69.952,-70.002,-13.278,0.0826,1.832,1.2.826.0.1.3680043.8.498.28163514420345808735896923717886973131,22,4.95,1,True
1.2.826.0.1.3680043.8.498.48520238688122533624681796433258211236,mcl_centre,-28.459,-2.901,-69.433,0.0805,1.085,1.2.826.0.1.3680043.8.498.12644487516604648225924740249540260193,30,3.7,1,True
1.2.826.0.1.3680043.8.498.48521453765449688946535921546652765399,mcl_centre,-60.654,-47.429,-34.95,0.0843,3.732,1.2.826.0.1.3680043.8.498.74120296037141566010690143984918875383,32,3.7,1,True
1.2.826.0.1.3680043.8.498.48531746264504523370547117933271161633,mcl_centre,94.611,12.904,-28.954,0.0981,1.582,1.2.826.0.1.3680043.8.498.84225547434549226852977006790212002805,28,3.7,1,True
1.2.826.0.1.3680043.8.498.48564780460694033783288540237012068889,mcl_centre,-63.227,-34.37,-16.549,0.0927,0.915,1.2.826.0.1.3680043.8.498.70849905288648444552721197331717702724,37,3.3,1,True
1.2.826.0.1.3680043.8.498.48658459018915173972212724570862424208,mcl_centre,27.512,-27.436,-5.355,0.0933,1.478,1.2.826.0.1.3680043.8.498.32953407123364667675802576048108480520,38,3.0,1,True
1.2.826.0.1.3680043.8.498.48697800450463192944610588533290320545,mcl_centre,51.267,-44.954,-30.328,0.0953,1.842,1.2.826.0.1.3680043.8.498.39491015429862297181038425739357226230,35,3.5,1,True
1.2.826.0.1.3680043.8.498.48750912584073496502856009873745362236,mcl_centre,-24.77,-65.607,-25.787,0.0745,1.32,1.2.826.0.1.3680043.8.498.44576595289690456410838093497065457781,19,5.0,1,True
1.2.826.0.1.3680043.8.498.48771187298294322173131630438467163244,mcl_centre,-60.617,-40.962,6.134,0.1077,0.572,1.2.826.0.1.3680043.8.498.10680601133839305782622950174083761571,30,3.3,1,True
1.2.826.0.1.3680043.8.498.48780598610511011488578963416186905560,mcl_centre,73.47,-49.839,-28.948,0.1167,0.708,1.2.826.0.1.3680043.8.498.73829016441924985593541788465682511471,18,4.712,1,True
1.2.826.0.1.3680043.8.498.48784244479029704181755878324450207126,mcl_centre,-53.852,-2.623,-18.709,0.0839,1.182,1.2.826.0.1.3680043.8.498.73026215482666720127431919027342479596,22,4.0,1,True
1.2.826.0.1.3680043.8.498.48818931767017230678539144135307491171,mcl_centre,65.852,-51.832,-39.538,0.099,0.916,1.2.826.0.1.3680043.8.498.15047894924743222704920785766795746728,30,3.3,1,True
1.2.826.0.1.3680043.8.498.48829151552094424673693975665028690142,mcl_centre,47.356,41.067,-41.979,0.0687,60.432,1.2.826.0.1.3680043.8.498.49099459857908936607446954129862733215,30,3.7,1,True
1.2.826.0.1.3680043.8.498.48855562507887692822284056171390459619,mcl_centre,37.48,-15.75,-1.772,0.1095,1.83,1.2.826.0.1.3680043.8.498.91753004047487447109612948173025379181,30,3.6,1,True
1.2.826.0.1.3680043.8.498.48872083192774100826667097552356058756,mcl_centre,-38.751,-21.132,-33.758,0.0851,1.246,1.2.826.0.1.3680043.8.498.16887932217001996186485567420881566564,34,3.0,1,True
1.2.826.0.1.3680043.8.498.48918090379630186340047006216221526186,mcl_centre,43.495,-49.039,-26.439,0.082,1.193,1.2.826.0.1.3680043.8.498.10723412479261436371720870836312279004,31,3.3,1,True
1.2.826.0.1.3680043.8.498.48933020429865163393792899740045803587,mcl_centre,38.457,-13.092,-56.671,0.0962,0.768,1.2.826.0.1.3680043.8.498.88901493655451865879965778758265177317,30,4.2,1,True
1.2.826.0.1.3680043.8.498.48946580946665031852355005294734101132,mcl_centre,74.941,-77.873,-27.915,0.0681,2.024,1.2.826.0.1.3680043.8.498.11236565374022897997382241900647492488,26,4.95,1,True
1.2.826.0.1.3680043.8.498.48977699132767849812826572970218325717,mcl_centre,39.169,-23.251,-23.348,0.0891,0.906,1.2.826.0.1.3680043.8.498.72151358085631681865188469695059040712,40,3.3,1,True
1.2.826.0.1.3680043.8.498.49025249926859976858200443939208207124,mcl_centre,23.838,-30.788,-14.473,0.1097,1.442,1.2.826.0.1.3680043.8.498.12311344902890598588654770704454801018,26,4.5,1,True
1.2.826.0.1.3680043.8.498.49047255106144196602523585429683869547,mcl_centre,71.505,-66.226,-11.182,0.0978,1.975,1.2.826.0.1.3680043.8.498.20014359371345743551168975656863757410,30,3.5,1,True
1.2.826.0.1.3680043.8.498.49048739684287632681242054218807611262,mcl_centre,-61.682,-34.321,-45.527,0.0985,0.666,1.2.826.0.1.3680043.8.498.13370537507100956681944133980755399343,33,3.5,1,True
1.2.826.0.1.3680043.8.498.49054454369199540406654153762248931799,mcl_centre,-97.03,-54.331,-26.238,0.0837,1.375,1.2.826.0.1.3680043.8.498.81146997407467703477664111691209737756,30,3.5,1,True
1.2.826.0.1.3680043.8.498.49094276335794811195117175603556929507,mcl_centre,-51.298,-71.411,0.226,0.0918,0.597,1.2.826.0.1.3680043.8.498.11166405340284520484188236519650572027,19,5.2,1,True
1.2.826.0.1.3680043.8.498.49163335688297423808344168197551387860,mcl_centre,-64.124,-39.22,-23.011,0.0912,1.377,1.2.826.0.1.3680043.8.498.34081959981338237359337515926483899692,30,4.5,1,True
1.2.826.0.1.3680043.8.498.49186859342644783675130322288585477727,mcl_centre,-41.319,-53.262,-5.187,0.08,0.939,1.2.826.0.1.3680043.8.498.78836795040368942589377984110841313271,34,3.3,1,True
1.2.826.0.1.3680043.8.498.49219586198038249030222134813685536295,mcl_centre,-41.585,-15.76,-37.21,0.1193,0.574,1.2.826.0.1.3680043.8.498.92887283673218101721034581101890884417,28,4.0,1,True
1.2.826.0.1.3680043.8.498.49287143478474218875661109488367501329,mcl_centre,-38.278,-14.075,-8.376,0.0889,1.087,1.2.826.0.1.3680043.8.498.33888729961559942528508657825524311325,32,3.3,1,True
1.2.826.0.1.3680043.8.498.49347024975371539869871751159907613638,mcl_centre,-37.449,-59.934,-32.899,0.088,0.607,1.2.826.0.1.3680043.8.498.55933986742404825225538250280057292036,20,4.4,1,True
1.2.826.0.1.3680043.8.498.49379034023506626029648394840207360925,mcl_centre,-70.19,-43.52,-10.104,0.1295,1.181,1.2.826.0.1.3680043.8.498.99220091280764761222570760858383425958,30,3.3,1,True
1.2.826.0.1.3680043.8.498.49394404966674633152360206835416205330,mcl_centre,43.07,-33.377,-46.682,0.0898,1.165,1.2.826.0.1.3680043.8.498.94203631381709152674308128677694860404,32,3.3,1,True
1.2.826.0.1.3680043.8.498.49441835811239898312243678447796777305,mcl_centre,38.944,-99.817,1.354,0.0965,0.822,1.2.826.0.1.3680043.8.498.12205360120681928693313474688725055281,19,4.8,1,True
1.2.826.0.1.3680043.8.498.49443962795025989994487968185070137217,mcl_centre,40.483,-33.195,-43.104,0.0826,0.909,1.2.826.0.1.3680043.8.498.65637195761761662482584329841621327514,34,3.3,1,True
1.2.826.0.1.3680043.8.498.49481811111224238761880576486796603139,mcl_centre,-25.529,-14.776,-21.631,0.0732,1.287,1.2.826.0.1.3680043.8.498.11956509073408998836685136529298595509,32,3.3,1,True
1.2.826.0.1.3680043.8.498.49492260217998945587168161555623476238,mcl_centre,41.706,-16.357,-0.63,0.0892,64.975,1.2.826.0.1.3680043.8.498.74645541540960190362832089083451754572,32,3.3,1,True
1.2.826.0.1.3680043.8.498.49495644703047055149965226028097259207,mcl_centre,27.28,-72.637,-30.798,0.1415,1.551,1.2.826.0.1.3680043.8.498.93621927139303104926388272885521866710,19,4.4,1,True
1.2.826.0.1.3680043.8.498.49500752658775616590911569693817273205,mcl_centre,-72.105,-17.608,-19.583,0.1187,0.611,1.2.826.0.1.3680043.8.498.73499102647279839850790976046083875600,23,4.5,1,True
1.2.826.0.1.3680043.8.498.49575149159425506211571562732929634662,mcl_centre,50.336,-39.045,-56.317,0.0899,0.645,1.2.826.0.1.3680043.8.498.18368610099869582088483884753460633427,32,3.3,1,True
1.2.826.0.1.3680043.8.498.49583348226932515919984811293816232513,mcl_centre,-50.192,-57.797,22.658,0.1104,0.595,1.2.826.0.1.3680043.8.498.38021093066816134221073666513556292228,30,3.3,1,True
1.2.826.0.1.3680043.8.498.49603554452147117475589797389254733654,mcl_centre,34.013,5.741,-14.225,0.0814,2.182,1.2.826.0.1.3680043.8.498.12076461446701190788585412865504850640,30,3.3,1,True
1.2.826.0.1.3680043.8.498.49660659440268002826070581802625582554,mcl_centre,56.676,-95.612,-46.356,0.0731,1.375,1.2.826.0.1.3680043.8.498.39372420185810450287053917149438247171,19,5.0,1,True
1.2.826.0.1.3680043.8.498.49679916686449433962263937489400526112,mcl_centre,60.736,-38.789,-24.435,0.1326,1.847,1.2.826.0.1.3680043.8.498.10095976511552480616263531780754388395,30,3.3,1,True
1.2.826.0.1.3680043.8.498.49703744074809050221928706774732375079,mcl_centre,90.696,22.18,-46.516,0.0393,53.375,1.2.826.0.1.3680043.8.498.64410534990184149454762621778900400107,46,3.3,1,True
1.2.826.0.1.3680043.8.498.49818874332345742217581267858748819921,mcl_centre,49.953,-19.591,-15.822,0.1446,1.133,1.2.826.0.1.3680043.8.498.11202400453001933516691791775974566303,25,3.6,1,True
1.2.826.0.1.3680043.8.498.49847104080351361589960954776757484668,mcl_centre,57.564,-43.832,-20.983,0.1089,0.954,1.2.826.0.1.3680043.8.498.19614126249806044249277531486741739952,30,3.3,1,True
1.2.826.0.1.3680043.8.498.49850672111501136862025523789202033809,mcl_centre,-38.621,41.998,-46.767,0.0804,0.665,1.2.826.0.1.3680043.8.498.21226117104406785484689676556842578550,25,5.0,1,True
1.2.826.0.1.3680043.8.498.49855677166670499939366963036804180912,mcl_centre,-37.804,-2.577,-37.201,0.0826,1.129,1.2.826.0.1.3680043.8.498.72441681528407455887554370383898306759,28,3.6,1,True
1.2.826.0.1.3680043.8.498.49866252311077397175807461727885923657,mcl_centre,58.845,-70.419,-9.397,0.1158,0.936,1.2.826.0.1.3680043.8.498.12759835862426511299400462393950814166,16,7.198,1,True
1.2.826.0.1.3680043.8.498.49880369313850883713947031303955494125,mcl_centre,15.691,-37.192,-30.432,0.125,0.812,1.2.826.0.1.3680043.8.498.24903399134970743066219175867988073924,18,5.749,1,True
1.2.826.0.1.3680043.8.498.49884243466758407760126403944842240776,mcl_centre,-23.975,-6.052,-17.205,0.1012,1.134,1.2.826.0.1.3680043.8.498.86854204286003744093676373522118389754,26,3.5,1,True
1.2.826.0.1.3680043.8.498.49887758195164927372912584780941789021,mcl_centre,-60.318,-21.43,-58.613,0.0774,1.13,1.2.826.0.1.3680043.8.498.10641039076705724840850567566778181933,33,3.5,1,True
1.2.826.0.1.3680043.8.498.49926524898703962863714803838421958913,mcl_centre,37.798,-16.6,-14.313,0.0886,2.161,1.2.826.0.1.3680043.8.498.60883810610429353621387666064620943023,30,3.6,1,True
1.2.826.0.1.3680043.8.498.49942556484410764813681696157580687854,mcl_centre,44.065,-43.366,-27.736,0.1087,1.918,1.2.826.0.1.3680043.8.498.23852129302756023082931152238245602539,31,3.3,1,True
1.2.826.0.1.3680043.8.498.49984662916977328110175445895515541267,mcl_centre,-63.3,-40.154,-54.968,0.1028,1.463,1.2.826.0.1.3680043.8.498.11356336503458860200939439212887949195,28,3.7,1,True
1.2.826.0.1.3680043.8.498.50051845967696843074391018845332480653,mcl_centre,33.473,-17.716,-32.827,0.1001,1.695,1.2.826.0.1.3680043.8.498.92612628698853438684785983013247647250,32,3.3,1,True
1.2.826.0.1.3680043.8.498.50069224337753933811759198830086956116,mcl_centre,51.016,-20.084,-0.724,0.1152,2.741,1.2.826.0.1.3680043.8.498.95154401635694198563048001755689791287,31,3.3,1,True
1.2.826.0.1.3680043.8.498.50073674465735509400964384004695041387,mcl_centre,82.567,-61.852,8.231,0.1136,1.181,1.2.826.0.1.3680043.8.498.18414489651685149937770999543442942222,30,3.3,1,True
1.2.826.0.1.3680043.8.498.50089015780087008332657793589955395952,mcl_centre,66.907,60.171,-3.937,0.071,60.842,1.2.826.0.1.3680043.8.498.68615986224017810815998653682622502224,30,3.7,1,True
1.2.826.0.1.3680043.8.498.50107479256735739327080544431929221135,mcl_centre,-53.255,-3.63,-11.344,0.0737,0.683,1.2.826.0.1.3680043.8.498.88693607782593109350755788506058592202,31,3.3,1,True
1.2.826.0.1.3680043.8.498.50109255875403812845391217314726500341,mcl_centre,15.117,53.118,-7.939,0.1619,1.053,1.2.826.0.1.3680043.8.498.51844017636017256311351210930243997979,18,4.5,1,True
1.2.826.0.1.3680043.8.498.50144715912379960437506930683683218333,mcl_centre,-43.972,-35.021,-1.576,0.0633,0.971,1.2.826.0.1.3680043.8.498.12854810061402211868166583319830091576,20,4.95,1,True
1.2.826.0.1.3680043.8.498.50182378358892377789975570268512056553,mcl_centre,50.724,-0.255,-52.854,0.1157,0.937,1.2.826.0.1.3680043.8.498.11115808148933420799804983642041670734,27,3.6,1,True
1.2.826.0.1.3680043.8.498.50183004658202912273462671442829139110,mcl_centre,-43.704,-66.185,-15.914,0.0959,0.607,1.2.826.0.1.3680043.8.498.37475115608375846650720167892975384807,32,3.3,1,True
1.2.826.0.1.3680043.8.498.50215409013618353346619153290049205718,mcl_centre,42.149,-20.784,-22.904,0.1127,1.327,1.2.826.0.1.3680043.8.498.67167035522496233120080062429211200869,25,4.375,1,True
1.2.826.0.1.3680043.8.498.50220991646207533313828550949660577504,mcl_centre,-48.881,-48.925,-20.72,0.075,1.46,1.2.826.0.1.3680043.8.498.96059154221237767954457951452869450189,36,3.3,1,True
1.2.826.0.1.3680043.8.498.50248717336781045512984550029203786086,mcl_centre,46.555,-36.352,-22.23,0.0879,0.705,1.2.826.0.1.3680043.8.498.11490536291115990448352644588327589484,34,3.3,1,True
1.2.826.0.1.3680043.8.498.50259348432783983788186173025555513832,mcl_centre,-53.978,-36.255,-31.864,0.0757,0.98,1.2.826.0.1.3680043.8.498.23658110272452429142289509893461256908,30,5.5,1,True
1.2.826.0.1.3680043.8.498.50261788831539215224639813005933285052,mcl_centre,42.792,-19.176,-24.698,0.0762,0.848,1.2.826.0.1.3680043.8.498.66957136753349862633984449850269391438,32,3.3,1,True
1.2.826.0.1.3680043.8.498.50287512028986928372350279452197816661,mcl_centre,42.708,5.55,-28.699,0.0843,1.905,1.2.826.0.1.3680043.8.498.36567731649046354105169890009263523187,31,3.3,1,True
1.2.826.0.1.3680043.8.498.50318760104506317341991314680640521601,mcl_centre,-59.007,-62.249,13.34,0.0907,1.774,1.2.826.0.1.3680043.8.498.86909750854263036579964057235844657846,33,3.7,1,True
1.2.826.0.1.3680043.8.498.50342726517205151681842826322659275894,mcl_centre,43.689,-32.359,-7.897,0.0705,1.395,1.2.826.0.1.3680043.8.498.57987989697026785913084038444721362506,43,3.3,1,True
1.2.826.0.1.3680043.8.498.50392110746914984873009735588879049321,mcl_centre,62.698,-11.758,-26.379,0.1186,3.564,1.2.826.0.1.3680043.8.498.12765312076272447119504702400409439685,30,3.3,1,True
1.2.826.0.1.3680043.8.498.50424421287869498746932271082980000521,mcl_centre,-47.786,-8.191,-28.711,0.0873,1.37,1.2.826.0.1.3680043.8.498.84822031771315257036420369113622737433,34,3.3,1,True
1.2.826.0.1.3680043.8.498.50458745240631577290185672298591447264,mcl_centre,-45.732,-47.375,-27.647,0.0841,1.763,1.2.826.0.1.3680043.8.498.87888689973955745287235001101882263172,36,3.5,1,True
1.2.826.0.1.3680043.8.498.50487158921933419035809338652990508020,mcl_centre,-29.147,-32.241,-25.467,0.1095,1.0,1.2.826.0.1.3680043.8.498.48877369629592430806470867242342534543,36,3.3,1,True
1.2.826.0.1.3680043.8.498.50501020658943435430736717390350999395,mcl_centre,75.689,-43.035,28.97,0.149,0.858,1.2.826.0.1.3680043.8.498.59806679379512614043223568079316986187,16,4.954,1,True
1.2.826.0.1.3680043.8.498.50512021577184367495598050974910055550,mcl_centre,-39.034,-7.406,-36.31,0.1114,0.861,1.2.826.0.1.3680043.8.498.11237772545849268522155980511201459535,32,3.3,1,True
1.2.826.0.1.3680043.8.498.50571692547974449396635351108344029536,mcl_centre,-61.34,-45.255,-17.306,0.1029,1.381,1.2.826.0.1.3680043.8.498.64455617395823466248898129762055062476,30,3.3,1,True
1.2.826.0.1.3680043.8.498.50648934951234229265309905009982297515,mcl_centre,-16.431,-20.135,-7.391,0.1086,1.868,1.2.826.0.1.3680043.8.498.11453778483156573187513297670691692086,25,3.6,1,True
1.2.826.0.1.3680043.8.498.50666048236278074641860077012751071758,mcl_centre,-57.622,-49.012,-15.396,0.087,0.731,1.2.826.0.1.3680043.8.498.83505674932581332830935135571697682511,30,3.5,1,True
1.2.826.0.1.3680043.8.498.50667444467788034101157821576803778774,mcl_centre,68.99,-45.047,-0.569,0.104,0.941,1.2.826.0.1.3680043.8.498.14582914458760378678395554680058521218,30,3.3,1,True
1.2.826.0.1.3680043.8.498.50680622091377404463269575858175673158,mcl_centre,47.037,2.485,-13.54,0.113,1.627,1.2.826.0.1.3680043.8.498.81114129017396666299233599940618950221,26,4.0,1,True
1.2.826.0.1.3680043.8.498.50687743970686088872471288288960579306,mcl_centre,86.033,-34.964,-49.401,0.0633,0.378,1.2.826.0.1.3680043.8.498.12596471916835297358890038444477708563,36,4.0,1,True
1.2.826.0.1.3680043.8.498.50689256431939553935971505794681061679,mcl_centre,-71.881,-111.857,-43.544,0.0416,71.248,1.2.826.0.1.3680043.8.498.67970644816420189411804849779708083793,19,5.4,1,True
1.2.826.0.1.3680043.8.498.50694733929204626284366818623993960684,mcl_centre,48.542,48.208,37.347,0.0945,0.813,1.2.826.0.1.3680043.8.498.23462076251555123555510268743408277032,30,3.7,1,True
1.2.826.0.1.3680043.8.498.50707407856055788475528375847872674241,mcl_centre,-77.151,-42.994,-22.779,0.0908,0.934,1.2.826.0.1.3680043.8.498.19979849893833081607223956611200795230,30,3.3,1,True
1.2.826.0.1.3680043.8.498.50777252749942894325007417893973309310,mcl_centre,41.491,19.931,-16.787,0.118,0.413,1.2.826.0.1.3680043.8.498.11032232415947807771056431679541477925,28,4.0,1,True
1.2.826.0.1.3680043.8.498.50780438941220579448947609376330661130,mcl_centre,71.688,-47.267,-7.215,0.1083,0.947,1.2.826.0.1.3680043.8.498.63899944800860034582719889561066669839,25,3.3,1,True
1.2.826.0.1.3680043.8.498.50810596378229719761556926464290468652,mcl_centre,-40.474,-3.743,18.282,0.0877,1.735,1.2.826.0.1.3680043.8.498.79962947819004209493261046599721627415,27,4.0,1,True
1.2.826.0.1.3680043.8.498.50813123035221058777203670043892828582,mcl_centre,-42.31,-31.837,-16.008,0.1142,1.503,1.2.826.0.1.3680043.8.498.84106794595630268763160906078641543164,19,4.4,1,True
1.2.826.0.1.3680043.8.498.50819987120895374623148160166392914169,mcl_centre,-69.596,-17.671,-24.542,0.0704,1.987,1.2.826.0.1.3680043.8.498.20008144600750511524414202223371587641,27,4.5,1,True
1.2.826.0.1.3680043.8.498.50823279853002320074080586693604976784,mcl_centre,33.197,-92.878,-43.679,0.1439,0.747,1.2.826.0.1.3680043.8.498.90122116565683830614800449521346707886,19,4.4,1,True
1.2.826.0.1.3680043.8.498.50844227724977857739867646104945090414,mcl_centre,65.846,-65.0,37.012,0.0936,1.268,1.2.826.0.1.3680043.8.498.48407256682700512347722891357561343264,16,5.41,1,True
1.2.826.0.1.3680043.8.498.50848799900564667487859253004538870622,mcl_centre,-67.524,-50.984,2.997,0.0609,1.075,1.2.826.0.1.3680043.8.498.10868999964718772883988611241170571239,28,4.5,1,True
1.2.826.0.1.3680043.8.498.50880891504121357724276091096406248845,mcl_centre,-26.539,-26.104,-30.492,0.0262,2.892,1.2.826.0.1.3680043.8.498.22676793355053247286208769596182092881,27,3.85,1,True
1.2.826.0.1.3680043.8.498.50882628969985977810341532747520504841,mcl_centre,43.921,-41.785,-30.928,0.0991,2.193,1.2.826.0.1.3680043.8.498.78356998599869282719391510453104831629,32,3.3,1,True
1.2.826.0.1.3680043.8.498.50935247372419775856440294835587827419,mcl_centre,58.898,-32.898,-17.806,0.0993,2.038,1.2.826.0.1.3680043.8.498.12829345640639606866995847047842392815,31,3.3,1,True
1.2.826.0.1.3680043.8.498.50969691234820675847736765735133138324,mcl_centre,73.119,-53.722,-49.075,0.0786,0.778,1.2.826.0.1.3680043.8.498.61877742053169611540605895321757204699,33,3.7,1,True
1.2.826.0.1.3680043.8.498.50980137249034338585131194965993785201,mcl_centre,59.352,-14.858,3.256,0.0901,0.724,1.2.826.0.1.3680043.8.498.89501584879748058341341081665355537203,30,3.3,1,True
1.2.826.0.1.3680043.8.498.51006813205605862503064447831381009425,mcl_centre,-39.33,-60.734,-7.233,0.0328,1.504,1.2.826.0.1.3680043.8.498.72587115870847425960513987452779931152,40,3.3,1,True
1.2.826.0.1.3680043.8.498.51054592064718900209123281525185013961,mcl_centre,-40.731,-62.473,-40.768,0.108,0.68,1.2.826.0.1.3680043.8.498.11881723549017677657727056858549691889,19,4.4,1,True
1.2.826.0.1.3680043.8.498.51059575642903646008860869691477305022,mcl_centre,-50.343,-47.183,2.068,0.1069,1.439,1.2.826.0.1.3680043.8.498.13259711020426137741426539306021792561,18,5.0,1,True
1.2.826.0.1.3680043.8.498.51126807380879212261057967703844943102,mcl_centre,88.717,-13.133,-84.736,0.0794,2.027,1.2.826.0.1.3680043.8.498.68689669295292281099665468121178507218,19,4.4,1,True
1.2.826.0.1.3680043.8.498.51143994849141407980459861759302509053,mcl_centre,32.444,-73.919,21.038,0.1387,1.056,1.2.826.0.1.3680043.8.498.64522654059423036603742163525741261532,16,5.916,1,True
1.2.826.0.1.3680043.8.498.51179760508587500025973916664101120069,mcl_centre,-67.245,-61.308,-10.53,0.0943,0.934,1.2.826.0.1.3680043.8.498.56848554807340510190673313569595196279,30,3.5,1,True
1.2.826.0.1.3680043.8.498.51215847567976999838748705030071176367,mcl_centre,-60.529,-56.656,-47.47,0.1178,0.51,1.2.826.0.1.3680043.8.498.11762476813130838849251223954496892400,24,4.0,1,True
1.2.826.0.1.3680043.8.498.51297777726540529860433097009654453742,mcl_centre,-50.113,-18.827,-23.051,0.0651,1.559,1.2.826.0.1.3680043.8.498.31412817314575281309758997274598861631,30,3.3,1,True
1.2.826.0.1.3680043.8.498.51351386796317851725461803790273870995,mcl_centre,77.928,-51.334,-23.379,0.1045,0.612,1.2.826.0.1.3680043.8.498.93726039761649478295274473648786509267,37,3.3,1,True
1.2.826.0.1.3680043.8.498.51379389400506715529323532959275254794,mcl_centre,38.427,13.344,-3.425,0.1278,1.108,1.2.826.0.1.3680043.8.498.64143900612340102243929121290693368106,27,3.6,1,True
1.2.826.0.1.3680043.8.498.51426696939581135481763379246368970360,mcl_centre,-38.569,-24.672,-10.751,0.0699,1.584,1.2.826.0.1.3680043.8.498.53607220529281949797362954725791401391,36,3.3,1,True
1.2.826.0.1.3680043.8.498.51427159850769972151411336025891779423,mcl_centre,37.674,-83.235,-11.462,0.1202,1.303,1.2.826.0.1.3680043.8.498.80511946408498641772072105913272124524,19,4.4,1,True
1.2.826.0.1.3680043.8.498.51429653138043597611341459799295143598,mcl_centre,42.597,26.887,-29.351,0.0647,2.06,1.2.826.0.1.3680043.8.498.56647131023094566966482932728930717131,31,4.4,1,True
1.2.826.0.1.3680043.8.498.51469564445249084310991187819410005207,mcl_centre,-46.173,-51.087,-39.635,0.0954,1.693,1.2.826.0.1.3680043.8.498.13751445552676572798077777234117925807,34,3.3,1,True
1.2.826.0.1.3680043.8.498.51509214978951980397275258374070843967,mcl_centre,-5.695,7.276,-53.434,0.1086,1.306,1.2.826.0.1.3680043.8.498.13152340972358762292429542374107210899,27,3.6,1,True
1.2.826.0.1.3680043.8.498.51536234256866063100891626028999490545,mcl_centre,48.167,-41.872,-14.154,0.1326,2.464,1.2.826.0.1.3680043.8.498.26286971158421418683422550274718023269,24,3.3,1,True
1.2.826.0.1.3680043.8.498.51581188134109925758379838961317006116,mcl_centre,-24.553,9.419,-60.205,0.0866,4.829,1.2.826.0.1.3680043.8.498.17204312796144440897970580207484904713,34,3.6,1,True
1.2.826.0.1.3680043.8.498.51676679394093588751371807453793655464,mcl_centre,70.706,-101.646,-5.901,0.091,3.33,1.2.826.0.1.3680043.8.498.14234754517502799867709551562647219748,20,4.8,1,True
1.2.826.0.1.3680043.8.498.51684117251092766010524179062007524257,mcl_centre,73.004,-58.498,-24.498,0.1167,1.083,1.2.826.0.1.3680043.8.498.99612524592918850429902108679651481870,20,5.0,1,True
1.2.826.0.1.3680043.8.498.51752963441899958127321113249182970131,mcl_centre,-40.277,-7.637,-27.543,0.083,1.244,1.2.826.0.1.3680043.8.498.26155804725993873550289240215459438614,25,3.6,1,True
1.2.826.0.1.3680043.8.498.51768733026033198941231586462443503827,mcl_centre,28.314,-13.487,-8.222,0.1111,0.784,1.2.826.0.1.3680043.8.498.46379812658536833595184032027184160432,28,4.2,1,True
1.2.826.0.1.3680043.8.498.51770131897828080663537020812721042704,mcl_centre,-47.416,-73.906,-44.005,0.1171,0.868,1.2.826.0.1.3680043.8.498.11757507768755227842830538753431873683,20,4.4,1,True
1.2.826.0.1.3680043.8.498.51782185934115000642557689300687723099,mcl_centre,45.607,-43.69,-38.756,0.1002,1.003,1.2.826.0.1.3680043.8.498.71627959369576451531798196997950456792,30,3.3,1,True
1.2.826.0.1.3680043.8.498.51809092313496476873962641559638828608,mcl_centre,69.429,-59.11,40.33,0.126,0.733,1.2.826.0.1.3680043.8.498.10339024942440176652022210770994658662,18,5.224,1,True
1.2.826.0.1.3680043.8.498.51813125531970590883098432751115674643,mcl_centre,-45.862,-26.605,-38.211,0.0895,1.174,1.2.826.0.1.3680043.8.498.12998631839891608713030742956593469501,30,3.6,1,True
1.2.826.0.1.3680043.8.498.51828180600648126726057100018010765613,mcl_centre,-59.901,-62.91,-16.446,0.0775,3.249,1.2.826.0.1.3680043.8.498.98936727484095468146927883487697564618,30,3.3,1,True
1.2.826.0.1.3680043.8.498.51831304809871808790657397599860793132,mcl_centre,-55.32,-44.483,1.131,0.1059,0.681,1.2.826.0.1.3680043.8.498.76344723234116858490249692406387300513,38,3.3,1,True
1.2.826.0.1.3680043.8.498.51837740845904075589194479205218060915,mcl_centre,-74.181,-27.782,-22.179,0.1056,1.318,1.2.826.0.1.3680043.8.498.82913213258717642101114012124880470698,27,4.5,1,True
1.2.826.0.1.3680043.8.498.51867133375333949773527521703402111601,mcl_centre,70.773,-40.694,-28.944,0.1093,0.745,1.2.826.0.1.3680043.8.498.68641382872294135279858562392424377758,25,4.4,1,True
1.2.826.0.1.3680043.8.498.51886877282987244004912794726043055730,mcl_centre,-73.793,-39.447,-87.167,0.1086,1.326,1.2.826.0.1.3680043.8.498.33869099175995049100681399990650833627,28,3.7,1,True
1.2.826.0.1.3680043.8.498.51910852739185117358682097116614556910,mcl_centre,47.292,-56.809,-20.398,0.07,0.884,1.2.826.0.1.3680043.8.498.70158237800351941636090287144742048810,36,3.3,1,True
1.2.826.0.1.3680043.8.498.51917043703891091519740084517167861965,mcl_centre,69.626,-53.586,-17.645,0.1089,2.666,1.2.826.0.1.3680043.8.498.70700038308036757685458740918791584013,30,3.3,1,True
1.2.826.0.1.3680043.8.498.51970198810758997428998886534742243215,mcl_centre,-34.514,-72.076,-20.838,0.0598,1.201,1.2.826.0.1.3680043.8.498.78523976715093387512374411532958060698,20,4.8,1,True
1.2.826.0.1.3680043.8.498.51981019698056120061499970572334688555,mcl_centre,-26.327,-90.47,1.423,0.1166,0.956,1.2.826.0.1.3680043.8.498.12062135721467100389660514765250909582,19,4.8,1,True
1.2.826.0.1.3680043.8.498.51985313438970133264846259111827877590,mcl_centre,-35.336,-67.827,-56.083,0.0881,1.968,1.2.826.0.1.3680043.8.498.66245801926566907892514001593647015931,34,3.3,1,True
1.2.826.0.1.3680043.8.498.52010165788889734743850946282043771445,mcl_centre,-59.079,-12.403,6.952,0.0892,1.429,1.2.826.0.1.3680043.8.498.36872071399147246467884287459680651942,32,3.3,1,True
1.2.826.0.1.3680043.8.498.52010826440192227660457107121818389761,mcl_centre,71.111,-55.871,-23.356,0.1003,1.423,1.2.826.0.1.3680043.8.498.11315255786368649423000283895823106000,30,3.3,1,True
1.2.826.0.1.3680043.8.498.52046170319252016846878355722404423329,mcl_centre,69.427,-51.221,-15.485,0.1077,1.808,1.2.826.0.1.3680043.8.498.11671781416204673123536530137661379847,30,3.3,1,True
1.2.826.0.1.3680043.8.498.52059522418267239652374290810994711032,mcl_centre,-42.733,-31.591,-16.248,0.0783,0.79,1.2.826.0.1.3680043.8.498.75326888663324568284412844160438025439,32,3.3,1,True
1.2.826.0.1.3680043.8.498.52067134682915759489080529708019359378,mcl_centre,14.067,-28.325,-21.775,0.1108,2.554,1.2.826.0.1.3680043.8.498.69850787678392321522426063237149829937,25,4.5,1,True
1.2.826.0.1.3680043.8.498.52098249444968803324423421624756966294,mcl_centre,-59.415,-51.418,-32.877,0.0857,0.875,1.2.826.0.1.3680043.8.498.68173582667211183418888858795116052619,30,3.5,1,True
1.2.826.0.1.3680043.8.498.52110163572817528199125320120779141456,mcl_centre,51.9,-62.284,-46.05,0.101,2.339,1.2.826.0.1.3680043.8.498.10492350798264414577617248845212503337,32,3.3,1,True
1.2.826.0.1.3680043.8.498.52132258638267172087240021957310219977,mcl_centre,-60.97,-66.794,-6.07,0.0628,1.936,1.2.826.0.1.3680043.8.498.11926463436132609111911120697105526937,20,5.78,1,True
1.2.826.0.1.3680043.8.498.52138967568492774495485454357106269286,mcl_centre,-77.894,-48.029,-54.674,0.0959,3.127,1.2.826.0.1.3680043.8.498.13126535071319247896542766119478301100,28,3.7,1,True
1.2.826.0.1.3680043.8.498.52140911874747534807033188343849537207,mcl_centre,-63.183,-51.946,7.309,0.1032,0.543,1.2.826.0.1.3680043.8.498.29529069216265949176042037213217299580,30,3.3,1,True
1.2.826.0.1.3680043.8.498.52204390785696944340286127542242341202,mcl_centre,-80.711,-63.033,-29.105,0.1026,0.321,1.2.826.0.1.3680043.8.498.11390310209796854982177471597770436683,21,4.4,1,True
1.2.826.0.1.3680043.8.498.52330656126848153803758928167944040055,mcl_centre,-65.592,-21.568,-0.364,0.0904,2.793,1.2.826.0.1.3680043.8.498.15212574381996762288122066818022884381,30,3.3,1,True
1.2.826.0.1.3680043.8.498.52347547859131274836026480407333415929,mcl_centre,35.223,-16.442,-11.313,0.0564,1.437,1.2.826.0.1.3680043.8.498.89756552109846509408063456998322321588,28,4.2,1,True
1.2.826.0.1.3680043.8.498.52390908285903728334239836699232920065,mcl_centre,29.635,-20.174,-28.136,0.104,0.875,1.2.826.0.1.3680043.8.498.61220774517164658673338538741187891192,32,3.3,1,True
1.2.826.0.1.3680043.8.498.52409113683924904563676007800283978062,mcl_centre,20.234,3.481,-49.606,0.1229,2.173,1.2.826.0.1.3680043.8.498.12421916441633758035198376563384608967,29,4.8,1,True
1.2.826.0.1.3680043.8.498.52435631723314823200374985065756182593,mcl_centre,51.912,-39.799,-14.348,0.1241,0.992,1.2.826.0.1.3680043.8.498.99805999968792582215708609260212940965,27,3.7,1,True
1.2.826.0.1.3680043.8.498.52437948508356178175558637950043479411,mcl_centre,-3.885,-1.428,-34.657,0.083,0.64,1.2.826.0.1.3680043.8.498.44479339403152795175857947511834833904,30,3.3,1,True
1.2.826.0.1.3680043.8.498.52456272643822591755257802747431239152,mcl_centre,67.017,-62.502,-45.265,0.0921,0.863,1.2.826.0.1.3680043.8.498.13216272980642325224552896797918923068,20,4.706,1,True
1.2.826.0.1.3680043.8.498.52475562989926669452280424331791927661,mcl_centre,-37.207,17.41,-8.562,0.0752,3.447,1.2.826.0.1.3680043.8.498.12429710719883570001559814093071665507,30,4.0,1,True
1.2.826.0.1.3680043.8.498.52499379042723926379822784411787551701,mcl_centre,-46.517,-54.345,-25.04,0.0821,0.875,1.2.826.0.1.3680043.8.498.22330293806887421284741265939677010821,32,3.3,1,True
1.2.826.0.1.3680043.8.498.52520288400853832269613213204540385687,mcl_centre,91.046,-64.843,10.438,0.1073,1.477,1.2.826.0.1.3680043.8.498.11031773691232018380342119758808227017,25,4.5,1,True
1.2.826.0.1.3680043.8.498.52558822670236188507569589448789513993,mcl_centre,80.362,-24.206,-59.164,0.0739,1.068,1.2.826.0.1.3680043.8.498.13241487131784990193048067004232873404,30,3.7,1,True
1.2.826.0.1.3680043.8.498.52599302991259061057950834864441634066,mcl_centre,45.541,-4.442,-16.528,0.0911,1.827,1.2.826.0.1.3680043.8.498.26291514713746332288860287503218986773,32,4.0,1,True
1.2.826.0.1.3680043.8.498.52636981391578580436180193211113340410,mcl_centre,67.837,-38.792,-10.088,0.106,1.041,1.2.826.0.1.3680043.8.498.86967676539123145215533337242918752391,34,3.3,1,True
1.2.826.0.1.3680043.8.498.52639459702574533721011212286428487650,mcl_centre,-39.414,-18.731,-10.933,0.0758,1.007,1.2.826.0.1.3680043.8.498.58065441009487041562693272605666100696,32,3.3,1,True
1.2.826.0.1.3680043.8.498.52745530063404662086111315503240395535,mcl_centre,-82.047,-47.345,-45.55,0.1069,1.093,1.2.826.0.1.3680043.8.498.53300183656931048211533423594173804877,16,6.5,1,True
1.2.826.0.1.3680043.8.498.52785983814702054185130109942936184688,mcl_centre,52.038,-40.936,-30.262,0.0765,2.126,1.2.826.0.1.3680043.8.498.95704781549951861253142589934045328373,32,3.3,1,True
1.2.826.0.1.3680043.8.498.52844966504845792334740560021996858939,mcl_centre,-48.136,-23.186,-35.653,0.1016,0.632,1.2.826.0.1.3680043.8.498.82102558528932730822715706596985613060,26,3.8,1,True
1.2.826.0.1.3680043.8.498.52846023545870016653608198538437574931,mcl_centre,-43.189,-20.739,-26.055,0.0608,2.702,1.2.826.0.1.3680043.8.498.63212566007152972582963064478704983125,37,3.6,1,True
1.2.826.0.1.3680043.8.498.52846236545327527967419125989598675101,mcl_centre,-55.567,-38.508,-5.782,0.0823,1.784,1.2.826.0.1.3680043.8.498.91501805084509837782254895965264919679,18,4.913,1,True
1.2.826.0.1.3680043.8.498.52849154011665864497632297320961015159,mcl_centre,-44.608,-68.356,-8.615,0.0978,1.342,1.2.826.0.1.3680043.8.498.59493385656961152856070271577594946730,25,4.5,1,True
1.2.826.0.1.3680043.8.498.52937412433120578046842194545406797236,mcl_centre,68.677,-64.62,-30.049,0.0794,2.227,1.2.826.0.1.3680043.8.498.71719857189654539591437413667260261867,26,4.95,1,True
1.2.826.0.1.3680043.8.498.52985748674486376309978868177895755694,mcl_centre,45.738,-19.139,9.614,0.0875,1.069,1.2.826.0.1.3680043.8.498.80593937072138656251902760214146794407,40,3.51,1,True
1.2.826.0.1.3680043.8.498.53025489296610571044246428509154950855,mcl_centre,-39.638,-10.245,-20.598,0.0876,1.66,1.2.826.0.1.3680043.8.498.20078593552822643792834799869525444470,32,3.3,1,True
1.2.826.0.1.3680043.8.498.53076472372145933727990308381815269368,mcl_centre,-31.648,-16.519,10.039,0.0893,0.759,1.2.826.0.1.3680043.8.498.10687545101343428213390322790769126875,25,3.6,1,True
1.2.826.0.1.3680043.8.498.53078461307849490495536549806091931824,mcl_centre,-50.335,-53.439,-31.542,0.0825,0.896,1.2.826.0.1.3680043.8.498.12884284114563461891804372155315701042,34,3.3,1,True
1.2.826.0.1.3680043.8.498.53080172184945962593713560671746700445,mcl_centre,50.99,-48.252,-6.124,0.0987,1.332,1.2.826.0.1.3680043.8.498.92025063985966399913579423159312091434,32,3.3,1,True
1.2.826.0.1.3680043.8.498.53094450151502907325041400000717725711,mcl_centre,79.664,-52.976,-15.042,0.0906,1.62,1.2.826.0.1.3680043.8.498.38853658922106222591683088171952613872,30,3.3,1,True
1.2.826.0.1.3680043.8.498.53114802640679819441521055029024037716,mcl_centre,68.517,-30.535,-33.723,0.0686,0.939,1.2.826.0.1.3680043.8.498.46732961993286593299366117801619531212,30,4.5,1,True
1.2.826.0.1.3680043.8.498.53131430415327479511358970615140982847,mcl_centre,-36.304,-16.311,-7.379,0.0813,1.286,1.2.826.0.1.3680043.8.498.13491238298326362142040963736160920241,38,3.3,1,True
1.2.826.0.1.3680043.8.498.53137953094305471774552883960361922832,mcl_centre,-76.678,-54.34,-33.209,0.0792,1.314,1.2.826.0.1.3680043.8.498.15183548209841874280340839967857069539,30,3.3,1,True
1.2.826.0.1.3680043.8.498.53156118232564605912649705207438612782,mcl_centre,-80.396,-37.759,-37.959,0.0863,1.02,1.2.826.0.1.3680043.8.498.18670314822539224118209678660102458310,30,3.3,1,True
1.2.826.0.1.3680043.8.498.53173579822475854424126184867040523127,mcl_centre,78.566,-13.256,17.92,0.1126,0.679,1.2.826.0.1.3680043.8.498.74768183102869824001103930349110813903,23,3.7,1,True
1.2.826.0.1.3680043.8.498.53174810138171412044410050984734412146,mcl_centre,-44.165,-46.518,-26.528,0.0716,1.63,1.2.826.0.1.3680043.8.498.71468315597313492575069840434776999291,37,4.0,1,True
1.2.826.0.1.3680043.8.498.53221818460567216467597044606040911702,mcl_centre,-41.561,-31.106,-1.763,0.0655,0.874,1.2.826.0.1.3680043.8.498.42885879805242827150007381401922960052,30,3.3,1,True
1.2.826.0.1.3680043.8.498.53262958748075737242820629127001253146,mcl_centre,53.117,-11.499,-4.375,0.0806,1.235,1.2.826.0.1.3680043.8.498.15728119603143135974947399801279298882,37,3.3,1,True
1.2.826.0.1.3680043.8.498.53271710112621372496324855809391580130,mcl_centre,44.674,-27.143,-5.638,0.069,1.669,1.2.826.0.1.3680043.8.498.11486821237325036782873544058039857458,30,3.3,1,True
1.2.826.0.1.3680043.8.498.53331626867618182966740022261110760133,mcl_centre,29.437,-5.29,-31.313,0.0706,1.726,1.2.826.0.1.3680043.8.498.76387646705818399878024891475824953262,32,3.7,1,True
1.2.826.0.1.3680043.8.498.53337684515627962545396495541158882262,mcl_centre,-27.366,3.72,-31.15,0.091,0.546,1.2.826.0.1.3680043.8.498.11636344058913130477537424604541239422,34,4.0,1,True
1.2.826.0.1.3680043.8.498.53343379040681745197301575417064236501,mcl_centre,-33.463,-1.752,-20.467,0.1125,1.202,1.2.826.0.1.3680043.8.498.11590718664561192294686134361779269726,33,3.6,1,True
1.2.826.0.1.3680043.8.498.53355961816756477601843499985089590263,mcl_centre,-40.397,-11.669,-26.803,0.0825,1.336,1.2.826.0.1.3680043.8.498.41906716446374468710457501300385904262,36,3.51,1,True
1.2.826.0.1.3680043.8.498.53361558447470435467999344560545063264,mcl_centre,-60.683,-50.079,-31.34,0.1207,0.992,1.2.826.0.1.3680043.8.498.47464682464388742634740123722096900479,30,3.7,1,True
1.2.826.0.1.3680043.8.498.53370670740736715669115043403494610200,mcl_centre,34.602,-22.09,-26.678,0.0968,1.23,1.2.826.0.1.3680043.8.498.12984265038781937699412353021617713508,32,3.3,1,True
1.2.826.0.1.3680043.8.498.53393741562201846141435914434030220216,mcl_centre,79.402,-51.327,-20.191,0.0902,0.589,1.2.826.0.1.3680043.8.498.11982481054204774343749919511671208513,30,3.7,1,True
1.2.826.0.1.3680043.8.498.53408696789721413873026963095773050643,mcl_centre,-48.834,-95.316,-2.281,0.108,1.037,1.2.826.0.1.3680043.8.498.13392468034280904656163157456644441424,19,4.4,1,True
1.2.826.0.1.3680043.8.498.53490080963614272234072703760363052476,mcl_centre,-69.244,-41.15,-36.153,0.1225,1.221,1.2.826.0.1.3680043.8.498.11138360224851736354055539155910758187,28,3.5,1,True
1.2.826.0.1.3680043.8.498.53528011450161116437223332448942321596,mcl_centre,-34.055,-5.069,-31.388,0.0855,0.903,1.2.826.0.1.3680043.8.498.11402231366625625884824685553273831056,32,3.3,1,True
1.2.826.0.1.3680043.8.498.53579416035647672067965892020505016454,mcl_centre,61.27,-36.24,-23.202,0.1041,1.409,1.2.826.0.1.3680043.8.498.11767130706340200574705535810540787764,25,3.3,1,True
1.2.826.0.1.3680043.8.498.53587920256280027683523152568832253423,mcl_centre,48.289,-33.02,-17.042,0.0621,2.303,1.2.826.0.1.3680043.8.498.87035473995621406361302336538158655551,41,3.3,1,True
1.2.826.0.1.3680043.8.498.53628897373416863107623485630264501760,mcl_centre,-24.669,-37.156,-19.129,0.1118,1.633,1.2.826.0.1.3680043.8.498.10651848172626159268268719522987143565,31,3.3,1,True
1.2.826.0.1.3680043.8.498.53649895712172408476570770924813501118,mcl_centre,40.928,-9.005,-11.548,0.0869,0.831,1.2.826.0.1.3680043.8.498.55001525560724286909982828831051336347,30,4.0,1,True
1.2.826.0.1.3680043.8.498.53737349894831365159124471910871800583,mcl_centre,-71.232,-33.413,-23.091,0.1021,2.885,1.2.826.0.1.3680043.8.498.11287796590773782166190535366941025198,28,3.7,1,True
1.2.826.0.1.3680043.8.498.53745429232602455103594227782517963027,mcl_centre,-77.516,-38.121,-35.897,0.0783,0.579,1.2.826.0.1.3680043.8.498.29125487415979177454867641953115151477,28,3.7,1,True
1.2.826.0.1.3680043.8.498.53792159922324410857755054939229546555,mcl_centre,-72.138,-45.555,-2.113,0.1024,0.574,1.2.826.0.1.3680043.8.498.28095722693710595149322155126634360398,20,4.572,1,True
1.2.826.0.1.3680043.8.498.53797236075631231042400235117445767744,mcl_centre,26.274,-7.421,-21.843,0.0693,2.021,1.2.826.0.1.3680043.8.498.12871811889674764755429496131879261176,30,4.05,1,True
1.2.826.0.1.3680043.8.498.53884715696186989798696544661396487883,mcl_centre,57.748,-58.798,-8.217,0.0819,0.862,1.2.826.0.1.3680043.8.498.29171287647383874216000568275059018044,30,3.3,1,True
1.2.826.0.1.3680043.8.498.53893586200869613140666806653041177558,mcl_centre,-40.761,-7.903,16.389,0.1038,1.353,1.2.826.0.1.3680043.8.498.11662175972157576496097094522766008171,17,5.371,1,True
1.2.826.0.1.3680043.8.498.53901077733518036755308692304268815965,mcl_centre,-38.654,-35.773,11.973,0.0754,0.635,1.2.826.0.1.3680043.8.498.87042875701482816251592108192128574261,36,3.6,1,True
1.2.826.0.1.3680043.8.498.53963759852017695930808272438606800422,mcl_centre,-48.956,-40.335,-15.803,0.0917,0.571,1.2.826.0.1.3680043.8.498.43828251525023455544875841298170204534,39,3.3,1,True
1.2.826.0.1.3680043.8.498.53968943793571323467397128102531786394,mcl_centre,41.23,-15.317,-36.917,0.0882,1.128,1.2.826.0.1.3680043.8.498.30188671031722849793977935826683729508,33,3.6,1,True
1.2.826.0.1.3680043.8.498.54000782656400326230944526201670909133,mcl_centre,52.315,-39.72,11.866,0.1042,1.178,1.2.826.0.1.3680043.8.498.12614062111741603573378169267164532128,34,4.5,1,True
1.2.826.0.1.3680043.8.498.54030363830629950591221870797594277092,mcl_centre,76.774,-55.2,-29.225,0.0882,1.354,1.2.826.0.1.3680043.8.498.62318381531246889528400233360863086364,30,3.3,1,True
1.2.826.0.1.3680043.8.498.54049224487950229496345484554581532711,mcl_centre,53.626,-7.322,-52.819,0.0982,0.866,1.2.826.0.1.3680043.8.498.21268202916896988215408100827712867619,37,3.3,1,True
1.2.826.0.1.3680043.8.498.54099199514076260519579096546600505763,mcl_centre,74.426,-30.889,-38.977,0.0832,1.51,1.2.826.0.1.3680043.8.498.92993629839715323175829345461461066585,30,3.5,1,True
1.2.826.0.1.3680043.8.498.54100786607660749952814251186461344633,mcl_centre,86.251,-72.236,-15.748,0.0959,1.464,1.2.826.0.1.3680043.8.498.21881229220109302655581108858549731199,22,4.42,1,True
1.2.826.0.1.3680043.8.498.54101830029742852876183926998159899424,mcl_centre,-49.53,-9.322,11.302,0.0982,0.605,1.2.826.0.1.3680043.8.498.91530842613975828157925022749660370419,27,3.3,1,True
1.2.826.0.1.3680043.8.498.54132814503202891434380002378663763655,mcl_centre,-34.339,52.452,-90.77,0.0821,1.34,1.2.826.0.1.3680043.8.498.63806538023985092927484294044422795983,35,3.7,1,True
1.2.826.0.1.3680043.8.498.54138747504377266740838999528964336002,mcl_centre,45.817,-50.736,-45.806,0.0879,1.372,1.2.826.0.1.3680043.8.498.63934134101685014275733581384570844854,35,3.3,1,True
1.2.826.0.1.3680043.8.498.54142170846176833568961426171739782214,mcl_centre,-40.026,-71.375,20.063,0.1132,1.334,1.2.826.0.1.3680043.8.498.67585263367104486810868711212169243060,17,5.6,1,True
1.2.826.0.1.3680043.8.498.54164004416963296439322252627774426375,mcl_centre,34.138,-11.18,-37.867,0.0771,1.912,1.2.826.0.1.3680043.8.498.12321258643475544728122921935116105938,25,4.025,1,True
1.2.826.0.1.3680043.8.498.54202117421897784469771192940597638508,mcl_centre,61.287,-60.712,19.881,0.0866,1.043,1.2.826.0.1.3680043.8.498.53455839174072776163681305028067000420,16,5.883,1,True
1.2.826.0.1.3680043.8.498.54270039578867689669466339980682684126,mcl_centre,-31.998,-13.225,-23.998,0.1244,1.563,1.2.826.0.1.3680043.8.498.77486210431199546494296456263445877866,25,3.6,1,True
1.2.826.0.1.3680043.8.498.54280954106925918796002359856408530043,mcl_centre,-61.25,28.454,-3.44,0.0946,2.922,1.2.826.0.1.3680043.8.498.78009620482746158709864127970205226970,25,4.5,1,True
1.2.826.0.1.3680043.8.498.54306467780023777062920737767581126383,mcl_centre,34.925,-2.302,-24.545,0.1265,0.782,1.2.826.0.1.3680043.8.498.52185743804777788803128191025072067584,24,4.0,1,True
1.2.826.0.1.3680043.8.498.54316764984549863227549326352573342232,mcl_centre,-76.725,-28.616,-32.095,0.0916,0.765,1.2.826.0.1.3680043.8.498.23621500367528989585949211865845851510,35,3.3,1,True
1.2.826.0.1.3680043.8.498.54336962625483046366337626878609850219,mcl_centre,-40.46,-37.526,-17.394,0.0933,1.033,1.2.826.0.1.3680043.8.498.97561320293451482258956124600427371742,34,3.0,1,True
1.2.826.0.1.3680043.8.498.54374735423703474541190464716308417985,mcl_centre,73.171,-45.696,-26.706,0.0948,2.648,1.2.826.0.1.3680043.8.498.13055884285956160513461590633630305108,30,3.7,1,True
1.2.826.0.1.3680043.8.498.54394066317295451515247748115888976860,mcl_centre,28.87,19.793,-44.912,0.0953,1.805,1.2.826.0.1.3680043.8.498.59544976131805817518979534872249462489,28,4.0,1,True
1.2.826.0.1.3680043.8.498.54427039222108917725902677899081931510,mcl_centre,62.393,-46.276,-8.419,0.0962,1.41,1.2.826.0.1.3680043.8.498.87350462636297082174609893045754822734,24,4.5,1,True
1.2.826.0.1.3680043.8.498.54448516923758211534546401490623824012,mcl_centre,-82.618,-19.013,-14.397,0.0747,0.753,1.2.826.0.1.3680043.8.498.36537998105997744380849216718324725583,34,3.3,1,True
1.2.826.0.1.3680043.8.498.54451515695681765924346479727204451807,mcl_centre,59.843,-38.616,13.265,0.0625,1.813,1.2.826.0.1.3680043.8.498.71821287706175455948844014993243490766,28,4.5,1,True
1.2.826.0.1.3680043.8.498.54482848766921329667469114743547203929,mcl_centre,-39.588,1.067,-39.768,0.0918,1.596,1.2.826.0.1.3680043.8.498.27959764558557496493896092754223740260,30,3.7,1,True
1.2.826.0.1.3680043.8.498.54483132338261866032495309977418409299,mcl_centre,-45.452,-45.881,-41.164,0.0876,0.705,1.2.826.0.1.3680043.8.498.70326407748299885487865305666504661063,30,3.5,1,True
1.2.826.0.1.3680043.8.498.54539703415639765348239790227512479583,mcl_centre,58.8,-63.297,-22.702,0.0893,0.741,1.2.826.0.1.3680043.8.498.68081885015858022461224535708032801985,21,5.1,1,True
1.2.826.0.1.3680043.8.498.54589880111295324708950851057241927191,mcl_centre,-59.793,-14.836,-12.39,0.0641,0.979,1.2.826.0.1.3680043.8.498.12594676461936070219487345017496705431,35,3.3,1,True
1.2.826.0.1.3680043.8.498.54619696938940618755334224550745735815,mcl_centre,79.683,-15.962,-21.8,0.1232,2.159,1.2.826.0.1.3680043.8.498.93338154981299694565074109082953793168,30,3.3,1,True
1.2.826.0.1.3680043.8.498.54628782412849994943720963251113534589,mcl_centre,58.561,-41.406,-41.764,0.0848,2.784,1.2.826.0.1.3680043.8.498.75583201843492364072800165165095153360,35,3.7,1,True
1.2.826.0.1.3680043.8.498.54662745951809363774369202018332309887,mcl_centre,34.651,-27.189,-35.483,0.0779,1.652,1.2.826.0.1.3680043.8.498.35897100654898360088987202970778248545,24,4.95,1,True
1.2.826.0.1.3680043.8.498.54669065204808162914386927559244866557,mcl_centre,42.426,-5.436,-28.181,0.0739,0.658,1.2.826.0.1.3680043.8.498.12413060835580829121483624681927373412,30,3.3,1,True
1.2.826.0.1.3680043.8.498.54689086194769265957947122616025330642,mcl_centre,-32.815,5.188,-27.147,0.1251,4.611,1.2.826.0.1.3680043.8.498.11738622147347322719722887551125671558,24,4.0,1,True
1.2.826.0.1.3680043.8.498.54693572065777563403567480644050627025,mcl_centre,-15.025,-53.66,-32.371,0.0796,1.47,1.2.826.0.1.3680043.8.498.20980790119730453601886401791128158588,34,3.3,1,True
1.2.826.0.1.3680043.8.498.54699196872730350880681018674893216245,mcl_centre,74.574,-45.828,-12.644,0.1097,0.986,1.2.826.0.1.3680043.8.498.13049631940438706818080314721551552248,34,3.3,1,True
1.2.826.0.1.3680043.8.498.54711709751232783991855540573189433446,mcl_centre,31.667,-11.171,-18.388,0.0884,1.088,1.2.826.0.1.3680043.8.498.12146231398560130992706445546918878790,32,3.3,1,True
1.2.826.0.1.3680043.8.498.54755249425443469939742671497042113665,mcl_centre,-73.767,-53.72,-23.912,0.0603,0.555,1.2.826.0.1.3680043.8.498.70802855449143406579267609180065185811,42,3.3,1,True
1.2.826.0.1.3680043.8.498.54761306437713414745748829128854749469,mcl_centre,-43.786,-16.321,-26.859,0.0617,2.552,1.2.826.0.1.3680043.8.498.80529228095243449121410193639395379438,37,3.3,1,True
1.2.826.0.1.3680043.8.498.54792838438079861454532183998999249213,mcl_centre,71.513,-46.323,-27.492,0.093,1.225,1.2.826.0.1.3680043.8.498.18782906573642261919108446095183120743,30,3.3,1,True
1.2.826.0.1.3680043.8.498.54833384793167149128371137537527194757,mcl_centre,34.13,0.026,-14.795,0.0959,1.565,1.2.826.0.1.3680043.8.498.33254794194802912277586997722240216263,34,3.5,1,True
1.2.826.0.1.3680043.8.498.54866613282412053616997257524944654864,mcl_centre,-45.122,-36.923,-45.278,0.0874,3.644,1.2.826.0.1.3680043.8.498.11315571178408305775702216070139881476,36,3.3,1,True
1.2.826.0.1.3680043.8.498.54977581323931277817074741182670080450,mcl_centre,38.685,1.495,-21.593,0.1058,0.643,1.2.826.0.1.3680043.8.498.57422781906807036056285204418650818704,30,3.3,1,True
1.2.826.0.1.3680043.8.498.55008913229055942530957507434366806883,mcl_centre,-35.999,-21.448,-53.24,0.1228,0.924,1.2.826.0.1.3680043.8.498.84981480307520126498685759066811425091,32,3.3,1,True
1.2.826.0.1.3680043.8.498.55015061060346597564205577461227720715,mcl_centre,-64.386,-23.37,-23.798,0.0616,0.918,1.2.826.0.1.3680043.8.498.93703325713139288387018505394648459210,36,3.51,1,True
1.2.826.0.1.3680043.8.498.55022631713888448062201243978634363406,mcl_centre,40.932,0.967,-7.986,0.1338,1.146,1.2.826.0.1.3680043.8.498.16145768011031646130849076144471852866,30,3.6,1,True
1.2.826.0.1.3680043.8.498.55061039227197546099231336400032878562,mcl_centre,-75.742,-12.693,-27.924,0.0288,55.004,1.2.826.0.1.3680043.8.498.67757443572175729313602937741720555825,35,3.3,1,True
1.2.826.0.1.3680043.8.498.55065105486648830377200570585789726800,mcl_centre,59.434,29.055,135.747,0.095,1.886,1.2.826.0.1.3680043.8.498.73103007737120712299460485855931934859,32,3.7,1,True
1.2.826.0.1.3680043.8.498.55067956175569778132589128971795053431,mcl_centre,-37.537,-70.455,2.98,0.1161,1.804,1.2.826.0.1.3680043.8.498.53644928740766390325048060808891504977,31,3.3,1,True
1.2.826.0.1.3680043.8.498.55105303802677863700162285680213496441,mcl_centre,-64.148,-50.016,-17.229,0.1265,1.427,1.2.826.0.1.3680043.8.498.38243972019088989776300585908437822203,28,3.5,1,True
1.2.826.0.1.3680043.8.498.55183153701332792661581741475876132309,mcl_centre,-37.762,-22.804,-26.031,0.0868,1.377,1.2.826.0.1.3680043.8.498.11284533805821290944782090508257637320,29,3.7,1,True
1.2.826.0.1.3680043.8.498.55202459816190607876303419067810637245,mcl_centre,69.466,-7.831,-25.594,0.1225,3.303,1.2.826.0.1.3680043.8.498.76707179966694616940657389783110716899,23,4.5,1,True
1.2.826.0.1.3680043.8.498.55300053252365037422745072128951402593,mcl_centre,79.985,-60.804,32.625,0.0767,1.776,1.2.826.0.1.3680043.8.498.25080436047463833117315635771230476213,25,4.5,1,True
1.2.826.0.1.3680043.8.498.55332521421041708438748125666498042763,mcl_centre,67.139,-39.794,18.578,0.0889,1.392,1.2.826.0.1.3680043.8.498.66908737781661153468290884170542915918,24,4.5,1,True
1.2.826.0.1.3680043.8.498.55344075316305815718253234447285669886,mcl_centre,-74.546,-44.408,5.66,0.1012,1.313,1.2.826.0.1.3680043.8.498.57841412483270529555976758795690557263,18,5.024,1,True
1.2.826.0.1.3680043.8.498.55344353927048912237233441917779875587,mcl_centre,-79.967,-54.649,-41.71,0.079,1.576,1.2.826.0.1.3680043.8.498.28086463644967446841500718815662252605,22,4.95,1,True
1.2.826.0.1.3680043.8.498.55346033326903331672579723063380636237,mcl_centre,63.819,-47.795,0.2,0.1512,0.723,1.2.826.0.1.3680043.8.498.77716770890505555521338097856796340938,16,4.76,1,True
1.2.826.0.1.3680043.8.498.55397602116058381866334455456729470963,mcl_centre,-11.83,-29.188,-12.127,0.0773,0.952,1.2.826.0.1.3680043.8.498.45621542904368721074783868838801748214,30,3.3,1,True
1.2.826.0.1.3680043.8.498.55415479446253262335685494509470808516,mcl_centre,-42.208,-20.725,-60.694,0.1101,1.161,1.2.826.0.1.3680043.8.498.10157179452721584748854322594803309753,24,3.5,1,True
1.2.826.0.1.3680043.8.498.55461938012492393262172182405932212246,mcl_centre,-29.486,-25.391,-23.592,0.0815,2.105,1.2.826.0.1.3680043.8.498.73320946181169614225914103305938333652,30,3.6,1,True
1.2.826.0.1.3680043.8.498.55583505147281684100202399148099429721,mcl_centre,67.263,-47.785,-16.206,0.0966,0.883,1.2.826.0.1.3680043.8.498.25906427507784198561455755480089770041,18,5.0,1,True
1.2.826.0.1.3680043.8.498.55586358833903787781826406120068237870,mcl_centre,-60.771,-74.316,-30.492,0.0987,0.741,1.2.826.0.1.3680043.8.498.87609604458046215935401718969593288088,18,5.163,1,True
1.2.826.0.1.3680043.8.498.55653770127824574123236841437998533498,mcl_centre,-70.245,-38.79,-22.468,0.1086,0.924,1.2.826.0.1.3680043.8.498.11471473164105665157945956843904026707,23,4.5,1,True
1.2.826.0.1.3680043.8.498.55687452977471862155042703116192295932,mcl_centre,29.539,-25.107,-10.892,0.1177,1.809,1.2.826.0.1.3680043.8.498.32311841257638940567366824745431844955,32,3.3,1,True
1.2.826.0.1.3680043.8.498.55700532609077428304194916132759352518,mcl_centre,-37.395,-5.49,-18.242,0.0718,1.155,1.2.826.0.1.3680043.8.498.32289740322536519624862402518662551100,30,3.6,1,True
1.2.826.0.1.3680043.8.498.55713753582074871470943388423906540792,mcl_centre,-69.585,-43.987,43.136,0.0903,1.823,1.2.826.0.1.3680043.8.498.36208870925398175755374325344056478303,28,3.3,1,True
1.2.826.0.1.3680043.8.498.55729193057949125029301812320609764642,mcl_centre,57.049,-17.561,-5.253,0.0739,1.323,1.2.826.0.1.3680043.8.498.85453555092979684552387794869746583395,32,3.3,1,True
1.2.826.0.1.3680043.8.498.55771181380353653474896884649540028856,mcl_centre,-64.465,-56.765,18.654,0.0811,1.006,1.2.826.0.1.3680043.8.498.59211316596902864246340233969120928397,30,3.3,1,True
1.2.826.0.1.3680043.8.498.55808772152667135571939417929724526296,mcl_centre,74.617,-75.528,-1.476,0.0799,0.658,1.2.826.0.1.3680043.8.498.81668030166960196176648685562981484935,35,3.3,1,True
1.2.826.0.1.3680043.8.498.55850385284038070407841702672827533728,mcl_centre,73.854,9.154,-53.178,0.0665,1.199,1.2.826.0.1.3680043.8.498.19406937570547000087591260419888354060,46,3.5,1,True
1.2.826.0.1.3680043.8.498.55856308312040330141050707531982127791,mcl_centre,43.146,-16.478,-1.663,0.0958,1.813,1.2.826.0.1.3680043.8.498.11202352712535513595772094333774671586,25,3.85,1,True
1.2.826.0.1.3680043.8.498.55861544093014499478739864837675161978,mcl_centre,30.246,-46.219,-16.564,0.0761,1.048,1.2.826.0.1.3680043.8.498.65826205732818049935514527087800153344,36,3.3,1,True
1.2.826.0.1.3680043.8.498.55887747667305814945719986974538814207,mcl_centre,-46.183,-35.461,-33.116,0.0916,1.93,1.2.826.0.1.3680043.8.498.18916623970016492017969051860483575739,32,3.3,1,True
1.2.826.0.1.3680043.8.498.55927741980493661714408715886641034285,mcl_centre,-29.374,-9.899,-23.742,0.0795,61.153,1.2.826.0.1.3680043.8.498.78806100534475675743626432901414399210,27,3.6,1,True
1.2.826.0.1.3680043.8.498.55930031395651221279170435293900769500,mcl_centre,-38.947,-52.09,-18.032,0.072,1.535,1.2.826.0.1.3680043.8.498.11819015429467282868987962386751164594,38,3.3,1,True
1.2.826.0.1.3680043.8.498.55971152627433130850649668964887611410,mcl_centre,-38.987,-48.676,22.356,0.0866,2.723,1.2.826.0.1.3680043.8.498.12761331574901901295346433196293122797,32,3.3,1,True
1.2.826.0.1.3680043.8.498.55971241672517044174019654998425819738,mcl_centre,-49.776,-37.548,2.89,0.0787,0.99,1.2.826.0.1.3680043.8.498.56313424721249981818975035183533543452,30,3.6,1,True
1.2.826.0.1.3680043.8.498.55991293001848799160041967098772087659,mcl_centre,-36.215,-33.341,11.305,0.0622,1.025,1.2.826.0.1.3680043.8.498.59173525360046264689871973216142418183,30,3.6,1,True
1.2.826.0.1.3680043.8.498.56016606949603829995818303105991224499,mcl_centre,45.553,-64.432,-57.5,0.1065,2.397,1.2.826.0.1.3680043.8.498.91401653494109524770138381443624717621,36,3.3,1,True
1.2.826.0.1.3680043.8.498.56045687004558569005240775213510192805,mcl_centre,-54.66,-60.608,-14.72,0.0762,1.073,1.2.826.0.1.3680043.8.498.93309182802959156307540810414620696944,31,3.5,1,True
1.2.826.0.1.3680043.8.498.56054334296747411394367010227992359191,mcl_centre,31.384,-32.652,-24.234,0.0726,0.996,1.2.826.0.1.3680043.8.498.65330799781741084078518744983780279839,41,3.3,1,True
1.2.826.0.1.3680043.8.498.56061505201159269536816810086342635391,mcl_centre,68.591,-32.31,-28.164,0.0814,1.844,1.2.826.0.1.3680043.8.498.88578439250431461159875759054158920433,30,3.3,1,True
1.2.826.0.1.3680043.8.498.56091473614612257999053529249190958828,mcl_centre,-29.223,-37.602,-9.797,0.0628,2.159,1.2.826.0.1.3680043.8.498.13345971071496735484623019676151207995,30,4.5,1,True
1.2.826.0.1.3680043.8.498.56146582420561901778012523946835033628,mcl_centre,27.349,-18.089,9.004,0.0838,1.322,1.2.826.0.1.3680043.8.498.56164047941567167632189496685160143941,32,3.3,1,True
1.2.826.0.1.3680043.8.498.56156923369480999484275191793049573490,mcl_centre,-7.899,-27.855,-8.472,0.0702,1.797,1.2.826.0.1.3680043.8.498.18008564429307804197842920043866165956,34,3.3,1,True
1.2.826.0.1.3680043.8.498.56170570792418244380186761574367557535,mcl_centre,-75.799,-28.482,-6.472,0.1356,0.758,1.2.826.0.1.3680043.8.498.20806086221230867107185854291399671752,30,3.3,1,True
1.2.826.0.1.3680043.8.498.56188634971310070481285525830793231849,mcl_centre,74.205,-18.333,-10.348,0.1147,1.512,1.2.826.0.1.3680043.8.498.10557759512647022814414471488791093637,16,5.262,1,True
1.2.826.0.1.3680043.8.498.56216873861595017403772627709751840588,mcl_centre,-24.568,-47.736,-37.611,0.0936,1.835,1.2.826.0.1.3680043.8.498.10886094072945874231581470941411071546,30,3.3,1,True
1.2.826.0.1.3680043.8.498.56266280744044680626884459696038109616,mcl_centre,-56.122,45.016,17.369,0.0563,1.335,1.2.826.0.1.3680043.8.498.21878393953126645108441108409891864278,31,3.7,1,True
1.2.826.0.1.3680043.8.498.56269695574661037525483516531194514456,mcl_centre,42.996,-31.836,-31.601,0.0915,2.089,1.2.826.0.1.3680043.8.498.12712166077256945284538824203155932320,30,3.6,1,True
1.2.826.0.1.3680043.8.498.56305445410093481072159375249067050124,mcl_centre,-16.754,-57.671,-41.786,0.1139,0.554,1.2.826.0.1.3680043.8.498.41459013450892269044517287923443169715,19,5.0,1,True
1.2.826.0.1.3680043.8.498.56385473079196655120993854770623075553,mcl_centre,36.152,-24.708,0.049,0.1003,2.16,1.2.826.0.1.3680043.8.498.42740590646870488865887591681699553250,40,3.3,1,True
1.2.826.0.1.3680043.8.498.56428314239264997930645427543149285770,mcl_centre,44.553,-13.294,-5.63,0.0793,0.522,1.2.826.0.1.3680043.8.498.58523164262230208481438834047051620382,30,3.45,1,True
1.2.826.0.1.3680043.8.498.56474364950531483257947155855279443851,mcl_centre,50.161,-21.606,-23.173,0.0656,1.451,1.2.826.0.1.3680043.8.498.83277463415022984668436973455932762674,37,3.3,1,True
1.2.826.0.1.3680043.8.498.56497268548664917337130798701015887461,mcl_centre,-34.96,-20.512,-0.757,0.0694,0.869,1.2.826.0.1.3680043.8.498.30682963291486954938728585789048812347,38,3.3,1,True
1.2.826.0.1.3680043.8.498.56506415277488978301157490514745400410,mcl_centre,-36.325,-54.257,-27.942,0.0945,0.54,1.2.826.0.1.3680043.8.498.68724699062429374840202975559727257140,32,3.3,1,True
1.2.826.0.1.3680043.8.498.56512564464301544960446419143135447363,mcl_centre,-43.055,8.94,-17.93,0.1221,1.239,1.2.826.0.1.3680043.8.498.54535610302647039407009910528489667982,24,4.0,1,True
1.2.826.0.1.3680043.8.498.56513276339820682030546599321915304265,mcl_centre,-73.989,-46.033,-38.861,0.1297,1.334,1.2.826.0.1.3680043.8.498.92169393712698745776123118301017780157,28,3.5,1,True
1.2.826.0.1.3680043.8.498.56564801707939049324472369774251260607,mcl_centre,-61.519,-45.958,-16.277,0.0987,2.254,1.2.826.0.1.3680043.8.498.93288108290187200949144877836611405866,16,5.774,1,True
1.2.826.0.1.3680043.8.498.56575942633137496743464648679775042979,mcl_centre,-22.913,-15.505,-63.112,0.087,2.142,1.2.826.0.1.3680043.8.498.88567842149644355134953474286308840439,40,3.3,1,True
1.2.826.0.1.3680043.8.498.56628956454784173189908113425348977923,mcl_centre,-6.747,-2.217,-43.281,0.0872,1.385,1.2.826.0.1.3680043.8.498.24121537216212413246589332620373401020,32,3.6,1,True
1.2.826.0.1.3680043.8.498.56686055146646210144964207684044815006,mcl_centre,-52.587,-42.602,-5.107,0.108,1.547,1.2.826.0.1.3680043.8.498.15493338434417466610724684766462766961,28,3.3,1,True
1.2.826.0.1.3680043.8.498.56715311294415711253166312546942356882,mcl_centre,47.498,-7.173,-28.574,0.1034,0.702,1.2.826.0.1.3680043.8.498.12595297814704836177816469725082360617,30,3.3,1,True
1.2.826.0.1.3680043.8.498.56751453017492477106384704540803963879,mcl_centre,23.654,-34.232,13.791,0.0659,1.756,1.2.826.0.1.3680043.8.498.84973598197597980187835695256338066047,28,4.95,1,True
1.2.826.0.1.3680043.8.498.56762592839620371588520593573846414860,mcl_centre,-65.385,-48.068,-13.5,0.1348,0.818,1.2.826.0.1.3680043.8.498.12442710603446028161411846646960611911,30,3.3,1,True
1.2.826.0.1.3680043.8.498.56786556618312090924315296993756843070,mcl_centre,-50.587,-43.157,-48.522,0.0857,0.944,1.2.826.0.1.3680043.8.498.51310570190384949846363886186065076487,28,4.2,1,True
1.2.826.0.1.3680043.8.498.56796622077427019119540733986070534126,mcl_centre,-44.384,-52.118,-41.371,0.0897,0.926,1.2.826.0.1.3680043.8.498.12419841013842964732013514636220901687,30,3.8,1,True
1.2.826.0.1.3680043.8.498.56798070549054124854685511360777559033,mcl_centre,50.534,-31.531,-59.102,0.0949,2.899,1.2.826.0.1.3680043.8.498.18640649658410847034643299971779381813,30,3.3,1,True
1.2.826.0.1.3680043.8.498.56814987912934301686833132930648230999,mcl_centre,-33.096,-12.152,-30.442,0.1722,1.955,1.2.826.0.1.3680043.8.498.10875353392371829185235732686376857059,19,4.4,1,True
1.2.826.0.1.3680043.8.498.56839374698050163738039760889156066445,mcl_centre,40.048,4.466,-19.335,0.0769,2.86,1.2.826.0.1.3680043.8.498.31158399704298896601731353015262078879,37,3.51,1,True
1.2.826.0.1.3680043.8.498.56880070152758706555016296832842012883,mcl_centre,-66.744,-26.327,-9.191,0.1097,1.048,1.2.826.0.1.3680043.8.498.25615127199529169459060599154755461973,30,3.5,1,True
1.2.826.0.1.3680043.8.498.56882015310689536014061315110969323429,mcl_centre,-5.489,-48.065,-40.95,0.0786,0.627,1.2.826.0.1.3680043.8.498.12544842025953705908005227822117128640,26,3.6,1,True
1.2.826.0.1.3680043.8.498.56893426177755960410197244250599230068,mcl_centre,80.671,-53.76,-21.176,0.095,1.407,1.2.826.0.1.3680043.8.498.75883720979449513800221469211864638625,30,3.5,1,True
1.2.826.0.1.3680043.8.498.56894990686683651282564584582335346350,mcl_centre,-67.267,-52.932,-23.233,0.0889,0.834,1.2.826.0.1.3680043.8.498.81066742285803860864566298338313983096,30,3.5,1,True
1.2.826.0.1.3680043.8.498.56915079210789596803972894081756325026,mcl_centre,35.117,-23.403,-20.106,0.1036,2.682,1.2.826.0.1.3680043.8.498.11186610401612292574647587059121238689,32,3.3,1,True
1.2.826.0.1.3680043.8.498.56939860329243258146102948466697018543,mcl_centre,57.725,-49.779,2.913,0.104,1.129,1.2.826.0.1.3680043.8.498.70402794437195927963796877068018680457,20,5.024,1,True
1.2.826.0.1.3680043.8.498.56945039212126810522718038626526579591,mcl_centre,38.125,-37.384,-25.577,0.0673,1.223,1.2.826.0.1.3680043.8.498.43505237933295539817565516666490191803,32,3.3,1,True
1.2.826.0.1.3680043.8.498.56989113744241846544086409786820246754,mcl_centre,49.227,-69.644,-16.748,0.1225,1.622,1.2.826.0.1.3680043.8.498.12106198301877411229768365241561535563,28,3.85,1,True
1.2.826.0.1.3680043.8.498.56991590802231436015843619633497607680,mcl_centre,-70.422,-62.962,-21.213,0.0319,1.64,1.2.826.0.1.3680043.8.498.13575446425920610234253607374484698737,25,4.5,1,True
1.2.826.0.1.3680043.8.498.56993108275828399240508695615212151102,mcl_centre,32.612,-21.205,-31.718,0.0931,1.417,1.2.826.0.1.3680043.8.498.12199149601302001967595573299098693993,20,4.95,1,True
1.2.826.0.1.3680043.8.498.56995522547527264862064392266001620445,mcl_centre,-74.171,-21.825,-60.871,0.0817,0.854,1.2.826.0.1.3680043.8.498.21920494606503334363219909611020040188,28,3.7,1,True
1.2.826.0.1.3680043.8.498.57064618560116981041722203028857007300,mcl_centre,-46.768,-18.305,4.633,0.0622,1.162,1.2.826.0.1.3680043.8.498.27665346208457539264355220442442141656,30,3.6,1,True
1.2.826.0.1.3680043.8.498.57074072196714325300896734167161517369,mcl_centre,73.824,-40.802,-57.73,0.0765,1.897,1.2.826.0.1.3680043.8.498.35062300206106434732040282427132577563,37,3.3,1,True
1.2.826.0.1.3680043.8.498.57084445429567494093960261980941917499,mcl_centre,74.008,-48.535,5.279,0.0938,1.84,1.2.826.0.1.3680043.8.498.43197611474638733785610294735044370365,33,3.3,1,True
1.2.826.0.1.3680043.8.498.57091203959244495164081406481825915856,mcl_centre,-52.07,-67.051,-30.197,0.1004,0.558,1.2.826.0.1.3680043.8.498.61513659200126070126654940188998932228,19,4.8,1,True
1.2.826.0.1.3680043.8.498.57160448024145680660335079050450776852,mcl_centre,-56.943,-27.167,2.129,0.0917,0.542,1.2.826.0.1.3680043.8.498.74783104902028806564181488336643817234,32,3.3,1,True
1.2.826.0.1.3680043.8.498.57239450717434070615919278253974598533,mcl_centre,-64.23,-78.254,8.732,0.0955,0.766,1.2.826.0.1.3680043.8.498.11358651886695157613605922265761344557,21,4.4,1,True
1.2.826.0.1.3680043.8.498.57316522861709598765962486949846744486,mcl_centre,54.73,-23.595,-37.744,0.1008,1.703,1.2.826.0.1.3680043.8.498.74977277967876333754834957461559799282,26,4.4,1,True
1.2.826.0.1.3680043.8.498.57342523828166309133982222435655662667,mcl_centre,-75.831,-41.091,-15.186,0.087,1.129,1.2.826.0.1.3680043.8.498.15194419281425431119988671103994644545,28,3.3,1,True
1.2.826.0.1.3680043.8.498.57348281565196196401055821640494904475,mcl_centre,54.539,-60.14,-48.477,0.099,1.417,1.2.826.0.1.3680043.8.498.97901663158399834421443181033865357537,19,4.4,1,True
1.2.826.0.1.3680043.8.498.57406640473235989459885313797729459197,mcl_centre,-36.36,-53.118,-46.609,0.1082,0.954,1.2.826.0.1.3680043.8.498.21049909862837616959238608286194469247,28,3.3,1,True
1.2.826.0.1.3680043.8.498.57491375928585600499323136123872536597,mcl_centre,-25.051,74.376,-48.556,0.0889,0.588,1.2.826.0.1.3680043.8.498.84847179271008164263618213164111033671,28,3.5,1,True
1.2.826.0.1.3680043.8.498.57537915810250993237120953960404180449,mcl_centre,-65.829,-46.739,-0.49,0.0943,1.978,1.2.826.0.1.3680043.8.498.68511822910280437960059453589495153133,30,3.3,1,True
1.2.826.0.1.3680043.8.498.57615268093937994500995086275007694564,mcl_centre,86.002,-42.803,-20.024,0.084,3.628,1.2.826.0.1.3680043.8.498.11828351694584991443527035297325741947,30,3.7,1,True
1.2.826.0.1.3680043.8.498.57703608122587911055931213603182679454,mcl_centre,41.1,-33.207,-52.576,0.06,0.704,1.2.826.0.1.3680043.8.498.86009796491912521311041037479028121365,45,3.3,1,True
1.2.826.0.1.3680043.8.498.57768539239475064336346600805236336044,mcl_centre,-44.197,-25.246,-18.696,0.1135,0.457,1.2.826.0.1.3680043.8.498.12854952550856853550340362116661084050,32,3.3,1,True
1.2.826.0.1.3680043.8.498.57775389384191131322519457853517177210,mcl_centre,41.725,-12.713,-16.975,0.0676,1.322,1.2.826.0.1.3680043.8.498.40022210210424759589774342199652799659,30,3.3,1,True
1.2.826.0.1.3680043.8.498.57789603189240866041812385320399435864,mcl_centre,-57.996,-64.787,-1.228,0.1007,0.497,1.2.826.0.1.3680043.8.498.10586538025779436077960701819154433375,34,3.3,1,True
1.2.826.0.1.3680043.8.498.57802887045514681373294932749517914959,mcl_centre,-25.779,-49.025,1.505,0.0829,8.196,1.2.826.0.1.3680043.8.498.12442197611378708976433276110840328156,32,3.3,1,True
1.2.826.0.1.3680043.8.498.57811199787891897795884073594875380873,mcl_centre,37.53,-13.729,-1.047,0.1051,0.602,1.2.826.0.1.3680043.8.498.11350982630196653994935352027805013045,30,3.3,1,True
1.2.826.0.1.3680043.8.498.57829173797358025677240411871600928097,mcl_centre,-67.919,45.002,-155.793,0.1112,0.684,1.2.826.0.1.3680043.8.498.11111973263568543531659479781790545384,28,3.7,1,True
1.2.826.0.1.3680043.8.498.57836524675365700674244122764523161699,mcl_centre,-54.7,-64.497,-37.301,0.1108,1.256,1.2.826.0.1.3680043.8.498.10232891776261421731903748470654894478,30,3.5,1,True
1.2.826.0.1.3680043.8.498.57845032486422442404222046144765204905,mcl_centre,-78.826,-12.565,-71.515,0.0568,0.694,1.2.826.0.1.3680043.8.498.40194777312534987382525856421558280196,36,3.4,1,True
1.2.826.0.1.3680043.8.498.57859543314667538612269642333387175763,mcl_centre,69.378,-48.859,6.764,0.0994,0.946,1.2.826.0.1.3680043.8.498.10983900763683533946781540750166553540,37,3.3,1,True
1.2.826.0.1.3680043.8.498.57882532838957577543516026386452055977,mcl_centre,-68.554,-27.918,-21.643,0.1287,2.214,1.2.826.0.1.3680043.8.498.84630305096293685237397054819737772992,24,4.5,1,True
1.2.826.0.1.3680043.8.498.57917634151851433037090858498504057826,mcl_centre,-27.062,6.476,-24.197,0.1401,0.799,1.2.826.0.1.3680043.8.498.35125771912190484743223077468901663121,26,4.0,1,True
1.2.826.0.1.3680043.8.498.57951268100539350409054562078476694936,mcl_centre,-63.581,-33.97,-27.136,0.1009,0.675,1.2.826.0.1.3680043.8.498.11716042125602402039289541056322623732,30,3.5,1,True
1.2.826.0.1.3680043.8.498.57960501042895683580303516749157258348,mcl_centre,61.296,-51.68,10.727,0.1116,1.307,1.2.826.0.1.3680043.8.498.31318867085292978389188025630228256214,30,3.3,1,True
1.2.826.0.1.3680043.8.498.58051085126748057986491277367254533832,mcl_centre,49.296,-45.166,-27.632,0.0683,69.878,1.2.826.0.1.3680043.8.498.49821306845640700000927450678919476236,32,3.3,1,True
1.2.826.0.1.3680043.8.498.58143227319316521737029358930629086887,mcl_centre,54.545,-53.287,-25.899,0.1109,1.297,1.2.826.0.1.3680043.8.498.33555161572111768714862433711281848237,18,5.51,1,True
1.2.826.0.1.3680043.8.498.58167256197067081436345136244032069163,mcl_centre,51.701,-30.506,-32.168,0.0915,0.741,1.2.826.0.1.3680043.8.498.29678469145333586974206848650539517812,30,3.7,1,True
1.2.826.0.1.3680043.8.498.58250779958866595505585700517927225230,mcl_centre,44.647,-51.877,-14.112,0.1189,1.747,1.2.826.0.1.3680043.8.498.18888266971492661612611722897465574140,30,3.3,1,True
1.2.826.0.1.3680043.8.498.58261214953729037661916565473101636690,mcl_centre,-20.102,-41.07,9.805,0.0743,1.275,1.2.826.0.1.3680043.8.498.11772342367970516240938348918953628015,19,4.4,1,True
1.2.826.0.1.3680043.8.498.58280111882249056715877316026191844548,mcl_centre,-38.292,14.22,-36.451,0.1477,0.541,1.2.826.0.1.3680043.8.498.23335855705981483938261974657979091605,24,4.0,1,True
1.2.826.0.1.3680043.8.498.58280349821647977336008109443058641195,mcl_centre,-46.683,-1.86,-3.39,0.0823,0.845,1.2.826.0.1.3680043.8.498.10711725310826017239803054281481097757,30,3.3,1,True
1.2.826.0.1.3680043.8.498.58298767414933858487578597918936525600,mcl_centre,-42.761,-14.083,-0.958,0.0845,2.465,1.2.826.0.1.3680043.8.498.31968260050437482134476002171047002697,30,3.3,1,True
1.2.826.0.1.3680043.8.498.58346459085553680879151588730895136332,mcl_centre,-31.473,-53.645,-27.508,0.0962,1.072,1.2.826.0.1.3680043.8.498.29720216239855236799575233895970744047,28,3.3,1,True
1.2.826.0.1.3680043.8.498.58366682083795592678613986311570432419,mcl_centre,-60.264,-72.092,-46.687,0.0967,0.625,1.2.826.0.1.3680043.8.498.10301903985427237741442668964006445075,19,4.4,1,True
1.2.826.0.1.3680043.8.498.58381033890285289577066078050126251787,mcl_centre,38.994,-61.577,-24.136,0.0622,3.541,1.2.826.0.1.3680043.8.498.87374510556136730141840757570615170298,36,3.3,1,True
1.2.826.0.1.3680043.8.498.58404766256608483217059706069436050741,mcl_centre,34.051,-40.324,-21.599,0.1169,1.468,1.2.826.0.1.3680043.8.498.45941617509491597232113177471456044948,30,3.7,1,True
1.2.826.0.1.3680043.8.498.58416798660375193103814365795347286292,mcl_centre,-50.96,-57.295,-31.905,0.1105,1.021,1.2.826.0.1.3680043.8.498.10615683486182529970607550369175489525,30,3.7,1,True
1.2.826.0.1.3680043.8.498.58475208045272914292874190001248518687,mcl_centre,-43.803,-22.359,-22.096,0.091,0.774,1.2.826.0.1.3680043.8.498.61521080549428998919436051745504247440,30,3.9,1,True
1.2.826.0.1.3680043.8.498.58482152742263188503728990365891896621,mcl_centre,64.528,-102.161,-48.039,0.0912,0.587,1.2.826.0.1.3680043.8.498.23643546900679512328927111682451809870,19,5.4,1,True
1.2.826.0.1.3680043.8.498.58482779112389764165599701941310919660,mcl_centre,-48.378,-43.874,-7.034,0.0979,0.536,1.2.826.0.1.3680043.8.498.93042735800071746030358103894729256120,30,3.3,1,True
1.2.826.0.1.3680043.8.498.58522891982092784622515590012748600644,mcl_centre,68.448,-32.168,-41.13,0.0898,2.165,1.2.826.0.1.3680043.8.498.46796793117511577521460354716075555172,27,4.5,1,True
1.2.826.0.1.3680043.8.498.58550899000434548218916895907938175917,mcl_centre,-57.488,-31.221,-23.069,0.0803,1.1,1.2.826.0.1.3680043.8.498.12994914688844729211430244247434831192,34,3.3,1,True
1.2.826.0.1.3680043.8.498.58585441284202143792468863402617212167,mcl_centre,-41.547,-13.941,-54.039,0.0925,1.112,1.2.826.0.1.3680043.8.498.14184211466059223201272763706491709502,30,3.3,1,True
1.2.826.0.1.3680043.8.498.58604600600114899516493668210902251434,mcl_centre,-47.974,-36.366,-52.525,0.0762,1.358,1.2.826.0.1.3680043.8.498.82017491166711395173161427403216048751,36,3.3,1,True
1.2.826.0.1.3680043.8.498.58626635384305289939700801774393536415,mcl_centre,39.643,-27.984,-9.668,0.0974,1.755,1.2.826.0.1.3680043.8.498.29498693084179669311997182346084737507,42,3.3,1,True
1.2.826.0.1.3680043.8.498.58634494571833713296574414948455471101,mcl_centre,39.404,-23.883,-26.278,0.0785,0.568,1.2.826.0.1.3680043.8.498.93953264214683515854274455995021884133,28,3.6,1,True
1.2.826.0.1.3680043.8.498.58654915518882480245974544469656013058,mcl_centre,-28.453,-3.522,-40.176,0.0816,1.092,1.2.826.0.1.3680043.8.498.87937682542027544271380430664875340154,30,3.3,1,True
1.2.826.0.1.3680043.8.498.58685941646495891824559391997783302656,mcl_centre,-60.06,-44.373,-5.464,0.0915,1.337,1.2.826.0.1.3680043.8.498.20532964404287742318617389153666728816,32,3.3,1,True
1.2.826.0.1.3680043.8.498.58710813820037448352310278234947865485,mcl_centre,-49.795,-35.795,-5.982,0.0772,1.872,1.2.826.0.1.3680043.8.498.10791595133570812953034122500605603908,35,3.6,1,True
1.2.826.0.1.3680043.8.498.58728013757221328590898166513995249334,mcl_centre,-56.14,-27.367,-32.601,0.1077,1.729,1.2.826.0.1.3680043.8.498.12679838378628450252154543511382154075,15,5.969,1,True
1.2.826.0.1.3680043.8.498.58739535411760425418941874065260802744,mcl_centre,83.946,-0.11,-12.614,0.0814,0.648,1.2.826.0.1.3680043.8.498.31991915662762721785336029828965329259,31,3.3,1,True
1.2.826.0.1.3680043.8.498.58749835013162544157291112101941849646,mcl_centre,94.063,-76.701,-17.685,0.0903,0.591,1.2.826.0.1.3680043.8.498.74244995711274006927217259629373217399,19,6.066,1,True
1.2.826.0.1.3680043.8.498.58768083117076186082335984587845964130,mcl_centre,-19.58,-4.706,-43.873,0.1204,8.048,1.2.826.0.1.3680043.8.498.19512391434365046339823938486916852574,26,4.0,1,True
1.2.826.0.1.3680043.8.498.58776844157027040145262759105410792687,mcl_centre,-70.897,-45.736,-30.172,0.1222,0.835,1.2.826.0.1.3680043.8.498.34901604524923133706299761263502757058,30,3.5,1,True
1.2.826.0.1.3680043.8.498.58811528407321581206563412079643094538,mcl_centre,70.195,-49.012,-30.662,0.0994,0.893,1.2.826.0.1.3680043.8.498.26971707487782974702636969029903999660,22,4.4,1,True
1.2.826.0.1.3680043.8.498.58835863392949696556026907211309159182,mcl_centre,-44.939,-60.889,-33.689,0.095,1.484,1.2.826.0.1.3680043.8.498.51872287696580334666633304531367839780,34,3.5,1,True
1.2.826.0.1.3680043.8.498.58857477075095368361468658035369975572,mcl_centre,-66.704,-51.856,8.263,0.081,0.794,1.2.826.0.1.3680043.8.498.32988246184613967752026556284375051359,30,3.3,1,True
1.2.826.0.1.3680043.8.498.58888406752590566453001353089284177456,mcl_centre,-70.059,-66.443,-13.585,0.0857,0.624,1.2.826.0.1.3680043.8.498.11262411996889513520881982659041442406,30,3.3,1,True
1.2.826.0.1.3680043.8.498.58925843611945635442423587804169242644,mcl_centre,39.116,-69.813,-18.166,0.1066,2.827,1.2.826.0.1.3680043.8.498.23985899728554599447797682838060574714,32,3.3,1,True
1.2.826.0.1.3680043.8.498.58965370475364247222892582428665460530,mcl_centre,-66.103,-45.254,8.164,0.1082,0.432,1.2.826.0.1.3680043.8.498.12441029408199554566099888158052974975,30,3.3,1,True
1.2.826.0.1.3680043.8.498.59021913092219789232890327780064145948,mcl_centre,-69.873,-33.027,-32.731,0.1131,0.915,1.2.826.0.1.3680043.8.498.83135088442175013093513126589694574736,30,3.0,1,True
1.2.826.0.1.3680043.8.498.59047534248122071167153110802170658177,mcl_centre,77.562,-62.309,-53.383,0.0758,1.257,1.2.826.0.1.3680043.8.498.98799110721593990693796958716294124830,32,3.5,1,True
1.2.826.0.1.3680043.8.498.59048646289883992375610835845636263714,mcl_centre,-63.986,53.189,15.028,0.0868,0.662,1.2.826.0.1.3680043.8.498.10368886690075284753774662893581756204,28,3.7,1,True
1.2.826.0.1.3680043.8.498.59073122184069676919857712290159511305,mcl_centre,41.984,-19.197,-16.576,0.0795,1.988,1.2.826.0.1.3680043.8.498.31536427483747905699749793661796069207,32,3.3,1,True
1.2.826.0.1.3680043.8.498.59098825208018364061073394433706021769,mcl_centre,85.92,-36.023,-46.071,0.0672,57.972,1.2.826.0.1.3680043.8.498.46272351658477072078382588140627690113,35,3.3,1,True
1.2.826.0.1.3680043.8.498.59126324546257448818397467078224944768,mcl_centre,-31.549,-14.241,-32.275,0.0947,0.665,1.2.826.0.1.3680043.8.498.12031706609595325356736222531465888735,28,4.2,1,True
1.2.826.0.1.3680043.8.498.59140342594072117638979402278277248612,mcl_centre,-49.201,-65.199,-44.118,0.0903,0.651,1.2.826.0.1.3680043.8.498.99909290341266346019440052818442604604,32,3.3,1,True
1.2.826.0.1.3680043.8.498.59254379036462832374262221063106167294,mcl_centre,40.916,-24.599,-39.594,0.0897,1.046,1.2.826.0.1.3680043.8.498.56464413949260850983382510214354606381,28,4.5,1,True
1.2.826.0.1.3680043.8.498.59262240088132401543519466539885561578,mcl_centre,51.052,-68.802,-15.537,0.0793,1.023,1.2.826.0.1.3680043.8.498.56134333245371099663962982619302065584,30,3.3,1,True
1.2.826.0.1.3680043.8.498.59309239681970150083311665704264518844,mcl_centre,-33.469,-5.871,-58.98,0.0661,1.228,1.2.826.0.1.3680043.8.498.22485009572276479395022150975653743332,36,3.3,1,True
1.2.826.0.1.3680043.8.498.59394856717216352192037635065925607933,mcl_centre,-34.961,-21.53,-7.396,0.0847,0.808,1.2.826.0.1.3680043.8.498.89296999236924982817813320239458788032,32,3.0,1,True
1.2.826.0.1.3680043.8.498.59420153636832938628088507776889305823,mcl_centre,42.959,7.75,-61.591,0.0565,1.113,1.2.826.0.1.3680043.8.498.30288549815461656305838197032901206552,27,4.0,1,True
1.2.826.0.1.3680043.8.498.59426134288436219215525445839849588348,mcl_centre,50.791,-66.289,-49.434,0.0788,1.137,1.2.826.0.1.3680043.8.498.78880502354917094164032466888229798151,38,3.3,1,True
1.2.826.0.1.3680043.8.498.59449702487184611096113620550399616423,mcl_centre,-66.092,-52.394,0.376,0.0783,0.527,1.2.826.0.1.3680043.8.498.99438694318570022935275625135861649272,20,5.933,1,True
1.2.826.0.1.3680043.8.498.59475691595504590121311599301170361869,mcl_centre,-28.353,20.174,2.26,0.097,1.018,1.2.826.0.1.3680043.8.498.10002261797060075169053014192535848502,32,3.3,1,True
1.2.826.0.1.3680043.8.498.59476657510212258499047356518058209126,mcl_centre,-35.857,-15.321,12.531,0.0594,1.356,1.2.826.0.1.3680043.8.498.86730818361085947905531168747104910784,30,3.6,1,True
1.2.826.0.1.3680043.8.498.59483999067816153759785789654766826710,mcl_centre,-56.057,-41.14,-17.499,0.0788,1.023,1.2.826.0.1.3680043.8.498.38075577006651268414942662802300197372,30,3.3,1,True
1.2.826.0.1.3680043.8.498.59511171909586924989766685687032462369,mcl_centre,-81.256,-17.351,-28.941,0.0883,0.504,1.2.826.0.1.3680043.8.498.45021010001973894025800598478983021748,35,3.3,1,True
1.2.826.0.1.3680043.8.498.59527896591755229337596505685198957637,mcl_centre,-72.856,-46.496,-47.347,0.077,1.992,1.2.826.0.1.3680043.8.498.50548513999255625732332510903560431202,24,4.95,1,True
1.2.826.0.1.3680043.8.498.59533384841491000088839469462294817273,mcl_centre,-76.645,-55.219,-22.203,0.101,4.173,1.2.826.0.1.3680043.8.498.78355166731578366716311958391884937298,27,4.0,1,True
1.2.826.0.1.3680043.8.498.59646951619367295963072805933618947027,mcl_centre,30.66,-27.202,-43.356,0.1347,0.827,1.2.826.0.1.3680043.8.498.12809393168763135247041261978871465311,20,4.95,1,True
1.2.826.0.1.3680043.8.498.59680220055968160813801840287391339651,mcl_centre,48.385,-49.136,-28.551,0.0766,0.906,1.2.826.0.1.3680043.8.498.53654964429428196873273423035178719399,34,3.3,1,True
1.2.826.0.1.3680043.8.498.59708410902079108538978687294461753235,mcl_centre,61.401,-22.585,-75.162,0.1188,0.769,1.2.826.0.1.3680043.8.498.11657077814499231237084469827672939806,33,3.3,1,True
1.2.826.0.1.3680043.8.498.59758232061190668535098343218115599228,mcl_centre,73.572,-29.952,-12.59,0.1203,1.424,1.2.826.0.1.3680043.8.498.72743288703313087533508916772576678970,30,3.3,1,True
1.2.826.0.1.3680043.8.498.59826277112503440743678968423276737254,mcl_centre,-43.906,-7.924,-38.107,0.1028,1.161,1.2.826.0.1.3680043.8.498.31308684022434303738711218211185249634,33,3.6,1,True
1.2.826.0.1.3680043.8.498.59828592894392286103154555572376381359,mcl_centre,66.565,-37.09,-45.119,0.0709,2.371,1.2.826.0.1.3680043.8.498.79973958824256016563518309956661810022,30,3.7,1,True
1.2.826.0.1.3680043.8.498.59835677513721120155185666132462195647,mcl_centre,-46.03,-42.987,-67.859,0.1007,0.879,1.2.826.0.1.3680043.8.498.14889089661454269680765018478205559132,31,3.3,1,True
1.2.826.0.1.3680043.8.498.59864697179957009967756900038846073439,mcl_centre,22.005,-33.065,-22.068,0.1165,1.574,1.2.826.0.1.3680043.8.498.53961682414575639635894383111854052555,24,3.6,1,True
1.2.826.0.1.3680043.8.498.59923507410103964137819195926587517759,mcl_centre,-42.518,-106.75,-16.522,0.1239,1.009,1.2.826.0.1.3680043.8.498.72807269268000066305908194818607356416,20,7.0,1,True
1.2.826.0.1.3680043.8.498.59932425615255727459402684084295081504,mcl_centre,20.835,27.114,-15.357,0.102,0.45,1.2.826.0.1.3680043.8.498.12539406491857474052848440625147534097,24,4.0,1,True
1.2.826.0.1.3680043.8.498.59938475193950583662125713924156951751,mcl_centre,-29.207,6.694,-26.945,0.0926,0.979,1.2.826.0.1.3680043.8.498.94923635985020499021928592580755142501,32,3.7,1,True
1.2.826.0.1.3680043.8.498.59939977812549570931951749553467050226,mcl_centre,72.894,-53.176,-21.447,0.1022,0.547,1.2.826.0.1.3680043.8.498.30334007939205996872995331872265506959,30,3.5,1,True
1.2.826.0.1.3680043.8.498.59948559729295284519115137429127740378,mcl_centre,-64.381,-71.839,-8.109,0.0787,0.518,1.2.826.0.1.3680043.8.498.12055486282515384986879282676079601835,19,4.4,1,True
1.2.826.0.1.3680043.8.498.59954207362160100069708115719895503197,mcl_centre,32.515,-19.209,-28.311,0.0976,1.324,1.2.826.0.1.3680043.8.498.14854523419315257757435225685753545488,30,3.6,1,True
1.2.826.0.1.3680043.8.498.59973351395253648445741322652773810641,mcl_centre,-36.045,-32.568,-18.487,0.1122,0.853,1.2.826.0.1.3680043.8.498.10149781463386680847244289239021332431,32,3.3,1,True
1.2.826.0.1.3680043.8.498.60064080350033586611530748685370040101,mcl_centre,56.81,-2.457,-8.267,0.0985,1.116,1.2.826.0.1.3680043.8.498.12428803357983578145196137818246710592,32,3.5,1,True
1.2.826.0.1.3680043.8.498.60088605286413557861235417321985538357,mcl_centre,-7.888,14.722,0.533,0.1126,1.384,1.2.826.0.1.3680043.8.498.10016744297199069405966034475099938035,30,3.6,1,True
1.2.826.0.1.3680043.8.498.60094182309575937331152278560900767484,mcl_centre,68.894,-20.373,-37.311,0.1387,1.051,1.2.826.0.1.3680043.8.498.12743972636021936108105052539937912188,15,6.544,1,True
1.2.826.0.1.3680043.8.498.60163612617486071760358965933890738162,mcl_centre,26.633,-19.816,-3.974,0.115,1.629,1.2.826.0.1.3680043.8.498.24134873400842451151222825004944947853,25,3.6,1,True
1.2.826.0.1.3680043.8.498.60189166269847256202786309096136242746,mcl_centre,75.58,-54.886,-14.904,0.1064,1.481,1.2.826.0.1.3680043.8.498.39355742963723974124780533746411401638,18,4.706,1,True
1.2.826.0.1.3680043.8.498.60227430483444032531479844365716485643,mcl_centre,78.283,-29.159,-39.306,0.0848,0.843,1.2.826.0.1.3680043.8.498.12539581961419842758833680744328830071,30,3.7,1,True
1.2.826.0.1.3680043.8.498.60240929196665639608259748424475337443,mcl_centre,11.311,-63.403,-23.423,0.0876,1.65,1.2.826.0.1.3680043.8.498.87733321952939078051555338423757271108,30,3.5,1,True
1.2.826.0.1.3680043.8.498.60259828181878278590614805828898992241,mcl_centre,-56.266,-26.82,-44.221,0.1177,2.727,1.2.826.0.1.3680043.8.498.12772925255722978308746009672321020097,30,3.3,1,True
1.2.826.0.1.3680043.8.498.60339775486026531260673620094004244044,mcl_centre,65.242,-58.742,-22.528,0.0945,1.783,1.2.826.0.1.3680043.8.498.58134515856801668842464731266394282848,30,3.3,1,True
1.2.826.0.1.3680043.8.498.60347768295306794807599672836772410567,mcl_centre,-46.244,-46.718,-38.589,0.09,0.507,1.2.826.0.1.3680043.8.498.12141026456314870850742889332602490201,32,3.3,1,True
1.2.826.0.1.3680043.8.498.60394858470917657607846893765818799720,mcl_centre,74.431,-39.719,-24.868,0.0877,1.051,1.2.826.0.1.3680043.8.498.48382973425942981863755088867299295682,30,3.7,1,True
1.2.826.0.1.3680043.8.498.60430475172382878092821699001847797153,mcl_centre,-36.459,-50.113,-38.827,0.0852,0.659,1.2.826.0.1.3680043.8.498.59819104174595078004888891263216624759,32,3.3,1,True
1.2.826.0.1.3680043.8.498.60435128564448668334758790827765960420,mcl_centre,-38.432,37.246,-20.636,0.0683,0.867,1.2.826.0.1.3680043.8.498.85480287103566344107737727868956461766,36,3.5,1,True
1.2.826.0.1.3680043.8.498.60439571175176992075370053747045234796,mcl_centre,43.539,-8.142,-16.538,0.0838,0.812,1.2.826.0.1.3680043.8.498.27184683570152585303677760515729974516,30,3.6,1,True
1.2.826.0.1.3680043.8.498.60446085094710623303973373214794179184,mcl_centre,-73.04,-60.929,16.495,0.0726,1.481,1.2.826.0.1.3680043.8.498.71300708969982807461345818749805582107,32,3.3,1,True
1.2.826.0.1.3680043.8.498.60465293103574559546982440125572490190,mcl_centre,-48.277,-49.778,-27.129,0.101,0.704,1.2.826.0.1.3680043.8.498.93161297545704209777012508065778986861,30,3.3,1,True
1.2.826.0.1.3680043.8.498.60473167624534682552272469123806503959,mcl_centre,-11.649,0.505,-22.649,0.1012,1.381,1.2.826.0.1.3680043.8.498.75542062349533027055002922019713958586,32,3.6,1,True
1.2.826.0.1.3680043.8.498.60477027832057450004004942199870813886,mcl_centre,33.647,-66.743,-18.71,0.0814,1.219,1.2.826.0.1.3680043.8.498.89341568333167609679508300077864229838,23,4.5,1,True
1.2.826.0.1.3680043.8.498.60492772672040498730937577391401159109,mcl_centre,20.917,2.749,-29.479,0.1075,1.184,1.2.826.0.1.3680043.8.498.78274209383277324011488394624406056052,30,4.2,1,True
1.2.826.0.1.3680043.8.498.60548477793215320533051194155539307724,mcl_centre,30.288,-16.936,-24.09,0.1166,1.051,1.2.826.0.1.3680043.8.498.85268369612037457533071276850697672359,25,3.6,1,True
1.2.826.0.1.3680043.8.498.60582762894748063612925320003677861384,mcl_centre,-58.787,-81.483,6.717,0.0922,2.802,1.2.826.0.1.3680043.8.498.73242261294459647349454068451348500496,16,8.218,1,True
1.2.826.0.1.3680043.8.498.60611146141493700985009985723275645474,mcl_centre,-55.529,-41.872,-17.848,0.113,1.79,1.2.826.0.1.3680043.8.498.83544785178489384248256067120299180954,30,3.3,1,True
1.2.826.0.1.3680043.8.498.60614975796208617794180432816390721331,mcl_centre,-45.588,-19.248,-17.713,0.0719,0.736,1.2.826.0.1.3680043.8.498.79262843269575806248945073880364528049,40,3.3,1,True
1.2.826.0.1.3680043.8.498.60633008040453481523409852849000823589,mcl_centre,44.95,-45.938,-53.384,0.0972,1.246,1.2.826.0.1.3680043.8.498.45700190045854753063238052254365602474,28,3.75,1,True
1.2.826.0.1.3680043.8.498.60661676782543347731000874708337132276,mcl_centre,36.314,-36.809,0.295,0.0679,0.542,1.2.826.0.1.3680043.8.498.25564245679223214883450948445386725971,28,4.2,1,True
1.2.826.0.1.3680043.8.498.60723378470101669902158229125336455520,mcl_centre,60.652,-18.182,-13.233,0.0846,1.031,1.2.826.0.1.3680043.8.498.21490025757609097982226867648512236011,36,3.3,1,True
1.2.826.0.1.3680043.8.498.60736996513214411991331917490659995815,mcl_centre,-41.277,-38.657,-7.068,0.0941,1.404,1.2.826.0.1.3680043.8.498.52442411399132208442120338297499771494,30,3.5,1,True
1.2.826.0.1.3680043.8.498.60840220723824894619895264673401129352,mcl_centre,58.157,-69.174,10.684,0.0851,0.587,1.2.826.0.1.3680043.8.498.18280941233170647898446428578044965659,30,4.95,1,True
1.2.826.0.1.3680043.8.498.60924385750386872880015870524131415592,mcl_centre,39.212,-55.083,-33.556,0.1288,1.1,1.2.826.0.1.3680043.8.498.19671705559557734550533268103041463790,19,4.4,1,True
1.2.826.0.1.3680043.8.498.60931716414402855657852057585917605786,mcl_centre,-22.237,-17.608,1.428,0.0947,1.869,1.2.826.0.1.3680043.8.498.11536229713914197972902757736844648165,25,3.6,1,True
1.2.826.0.1.3680043.8.498.60965286164497194740320124904525623873,mcl_centre,-68.638,-48.021,-35.667,0.069,1.751,1.2.826.0.1.3680043.8.498.98119785831505492276753965670090504976,33,3.5,1,True
1.2.826.0.1.3680043.8.498.61024356179284390979230045743542661223,mcl_centre,-70.432,-42.311,-33.763,0.1059,1.158,1.2.826.0.1.3680043.8.498.53818043905665003566334000409246081017,30,3.5,1,True
1.2.826.0.1.3680043.8.498.61043690805522768840878574610198420558,mcl_centre,59.486,-59.112,29.535,0.0876,0.604,1.2.826.0.1.3680043.8.498.12078816155855116713675316968009351930,20,4.572,1,True
1.2.826.0.1.3680043.8.498.61072566792285434404885416160728089641,mcl_centre,73.681,-46.03,-32.057,0.1071,1.927,1.2.826.0.1.3680043.8.498.93194990917857204179164682948104573753,30,3.3,1,True
1.2.826.0.1.3680043.8.498.61140619849833544411463750382539885141,mcl_centre,-37.468,-19.874,-26.14,0.0737,0.913,1.2.826.0.1.3680043.8.498.57969852562476735416267875223773736647,30,3.6,1,True
1.2.826.0.1.3680043.8.498.61148578767041261085865406067025346106,mcl_centre,-66.104,-89.705,-11.263,0.0569,1.428,1.2.826.0.1.3680043.8.498.81480776436769578960607477543385146293,21,4.4,1,True
1.2.826.0.1.3680043.8.498.61148667330113929729568621580194520169,mcl_centre,41.797,-1.579,-19.851,0.0748,2.846,1.2.826.0.1.3680043.8.498.75436914385797122243082408454805817065,45,3.5,1,True
1.2.826.0.1.3680043.8.498.61220609061901632500124675031032586841,mcl_centre,-34.398,-3.51,-46.098,0.0819,1.839,1.2.826.0.1.3680043.8.498.81743691796939402698548787954302649341,32,3.3,1,True
1.2.826.0.1.3680043.8.498.61227644940421894951950605627016308160,mcl_centre,79.405,-66.264,-8.881,0.1009,0.773,1.2.826.0.1.3680043.8.498.11413926934502222363146002515473510504,32,3.3,1,True
1.2.826.0.1.3680043.8.498.61238657014751597736608285205361041675,mcl_centre,76.271,-34.71,-45.201,0.0731,0.732,1.2.826.0.1.3680043.8.498.10605886642552974781117529358469507683,37,3.3,1,True
1.2.826.0.1.3680043.8.498.61313243050348988917987796330691448770,mcl_centre,16.188,-0.039,-26.815,0.109,1.105,1.2.826.0.1.3680043.8.498.74330815573707449016870926994813224297,27,3.6,1,True
1.2.826.0.1.3680043.8.498.61333047594780344399535845209036589563,mcl_centre,-56.627,-45.02,-7.56,0.0849,1.097,1.2.826.0.1.3680043.8.498.26713680844048646710319627943498130170,30,3.3,1,True
1.2.826.0.1.3680043.8.498.61354742313056287432707914716598361679,mcl_centre,-76.65,-32.758,-66.701,0.0763,1.367,1.2.826.0.1.3680043.8.498.11902283377083379861809778402783152734,33,3.5,1,True
1.2.826.0.1.3680043.8.498.61435096069921474761812731150911059491,mcl_centre,65.252,-25.019,2.793,0.1126,1.472,1.2.826.0.1.3680043.8.498.12126500617279243265707791043502917764,36,3.51,1,True
1.2.826.0.1.3680043.8.498.61456481310419978302697858056095086811,mcl_centre,53.298,55.223,9.726,0.1019,1.391,1.2.826.0.1.3680043.8.498.65388529161055471473738685933887350825,30,3.7,1,True
1.2.826.0.1.3680043.8.498.61490475141024845836646569993549106628,mcl_centre,-45.822,-69.451,-15.718,0.084,1.538,1.2.826.0.1.3680043.8.498.17316353715951222379344022274244523030,28,4.0,1,True
1.2.826.0.1.3680043.8.498.61518377417979517706237284901970943470,mcl_centre,59.709,-61.284,-29.23,0.0901,1.44,1.2.826.0.1.3680043.8.498.64643485461610563954612868467298341719,34,3.5,1,True
1.2.826.0.1.3680043.8.498.61529451559250327125552112075119161933,mcl_centre,55.268,-65.128,-36.445,0.1268,0.456,1.2.826.0.1.3680043.8.498.75329116110014481061788147108887089325,19,5.0,1,True
1.2.826.0.1.3680043.8.498.61554384977916135091630433680780524386,mcl_centre,-36.038,16.276,10.658,0.0628,0.557,1.2.826.0.1.3680043.8.498.92630095936244869619930951878470567735,45,3.5,1,True
1.2.826.0.1.3680043.8.498.61570904948128887877542043572765432417,mcl_centre,-66.622,-38.658,4.916,0.087,0.869,1.2.826.0.1.3680043.8.498.13304253704399793919893829727854321112,28,3.3,1,True
1.2.826.0.1.3680043.8.498.61581513083114643407028382481113097015,mcl_centre,-48.337,-46.304,18.468,0.0972,1.245,1.2.826.0.1.3680043.8.498.67060949063748878094669404862574047066,30,3.6,1,True
1.2.826.0.1.3680043.8.498.61630894340791204767579628554826500984,mcl_centre,-35.597,-61.749,-36.689,0.0885,0.356,1.2.826.0.1.3680043.8.498.82062302399476283509778492168712869367,34,3.3,1,True
1.2.826.0.1.3680043.8.498.61715630583919056026446344483871058799,mcl_centre,-83.625,-65.429,-1.316,0.0477,60.423,1.2.826.0.1.3680043.8.498.46773063787621893178492040114882154127,30,4.5,1,True
1.2.826.0.1.3680043.8.498.61797111379749329977228618245440305623,mcl_centre,115.036,-56.305,-27.096,0.0711,46.713,1.2.826.0.1.3680043.8.498.28089945269410556393145923128011693073,16,6.278,1,True
1.2.826.0.1.3680043.8.498.61812343111344551704536863711676179812,mcl_centre,124.309,-13.316,33.049,0.0749,0.892,1.2.826.0.1.3680043.8.498.36035710136466064224886103383894182045,32,3.7,1,True
1.2.826.0.1.3680043.8.498.61864939963243675140060416958055914981,mcl_centre,42.218,-29.111,-36.945,0.124,0.882,1.2.826.0.1.3680043.8.498.73843196408844019191704772800246406953,25,4.5,1,True
1.2.826.0.1.3680043.8.498.61904856234837992279531381374350177464,mcl_centre,-55.974,41.434,-49.191,0.0964,1.003,1.2.826.0.1.3680043.8.498.89368335278210270837249119024214933570,28,3.7,1,True
1.2.826.0.1.3680043.8.498.61934170443339188744573234190617483017,mcl_centre,-61.005,-73.773,5.127,0.1343,0.789,1.2.826.0.1.3680043.8.498.38252986998676734908976144619794684082,22,3.7,1,True
1.2.826.0.1.3680043.8.498.61956863718716027369068406125965902569,mcl_centre,-24.532,-12.559,12.517,0.0659,2.304,1.2.826.0.1.3680043.8.498.62376045124303878761282277574479567179,27,3.6,1,True
1.2.826.0.1.3680043.8.498.61981891095235024266625598999854298547,mcl_centre,37.921,-90.765,-57.215,0.1158,1.832,1.2.826.0.1.3680043.8.498.59329401422823396938601772057709878227,19,5.2,1,True
1.2.826.0.1.3680043.8.498.62025036385410820041698409408092924893,mcl_centre,47.766,-32.663,0.888,0.0659,0.943,1.2.826.0.1.3680043.8.498.63398182592634221648126697109620860456,38,3.48,1,True
1.2.826.0.1.3680043.8.498.62030472630193758412620945408364583008,mcl_centre,47.994,-42.138,-7.335,0.0923,0.908,1.2.826.0.1.3680043.8.498.39844588156533161930724408117122172818,24,4.95,1,True
1.2.826.0.1.3680043.8.498.62109244272539959226824769201542205950,mcl_centre,-78.393,-52.69,0.368,0.1064,0.708,1.2.826.0.1.3680043.8.498.53104799425290013222351492620545692884,28,3.5,1,True
1.2.826.0.1.3680043.8.498.62154969360158054310282857093665911261,mcl_centre,-71.398,-62.958,-13.132,0.0497,5.663,1.2.826.0.1.3680043.8.498.71369721486275003821811031135466848400,32,3.3,1,True
1.2.826.0.1.3680043.8.498.62192347880785177732202565414591408086,mcl_centre,57.247,-40.295,-4.037,0.1203,2.097,1.2.826.0.1.3680043.8.498.10159181737836996828636807284184166678,30,3.3,1,True
1.2.826.0.1.3680043.8.498.62205799963299902160268565319924399775,mcl_centre,49.505,-61.28,-18.558,0.0808,2.486,1.2.826.0.1.3680043.8.498.58814440948401346682543681286596944306,32,3.7,1,True
1.2.826.0.1.3680043.8.498.62217447760619326492634156203608889396,mcl_centre,-57.994,-1.403,-5.143,0.0666,1.083,1.2.826.0.1.3680043.8.498.90867599036830953450630681539815855261,39,3.3,1,True
1.2.826.0.1.3680043.8.498.62218684089117864632544493263539598403,mcl_centre,56.962,-52.656,-2.496,0.0965,1.299,1.2.826.0.1.3680043.8.498.12761913587495039535635351715420788202,23,4.5,1,True
1.2.826.0.1.3680043.8.498.62251470468640645490157592046417355534,mcl_centre,-53.772,-49.951,-15.58,0.1044,2.238,1.2.826.0.1.3680043.8.498.85324620498609032479734691453343504260,25,4.0,1,True
1.2.826.0.1.3680043.8.498.62252176347004905787746821113523889523,mcl_centre,50.895,-73.814,-19.488,0.0896,0.82,1.2.826.0.1.3680043.8.498.75300813332192585813281284712709701501,40,3.3,1,True
1.2.826.0.1.3680043.8.498.62329283530383340787096585492217632179,mcl_centre,-35.252,-51.154,-16.824,0.078,3.066,1.2.826.0.1.3680043.8.498.34650981089239656245008234161742554232,32,3.3,1,True
1.2.826.0.1.3680043.8.498.62383135836496954297324866452887364097,mcl_centre,-54.881,-73.285,-7.278,0.0889,2.687,1.2.826.0.1.3680043.8.498.10414198041768076563354889874801298522,16,6.0,1,True
1.2.826.0.1.3680043.8.498.62400371770962739002393364782172386752,mcl_centre,-52.604,-10.174,-24.887,0.065,2.408,1.2.826.0.1.3680043.8.498.53103275225448077475941705274137191668,30,3.3,1,True
1.2.826.0.1.3680043.8.498.62400625562782184774973349983498962743,mcl_centre,7.791,-12.851,-19.44,0.1388,1.671,1.2.826.0.1.3680043.8.498.84089251348902468964176207382932405934,19,4.4,1,True
1.2.826.0.1.3680043.8.498.62406588098851994968957074186291720431,mcl_centre,-88.141,-44.841,-37.685,0.0651,1.483,1.2.826.0.1.3680043.8.498.50060311516243696357852377656073148395,41,3.3,1,True
1.2.826.0.1.3680043.8.498.62420632149863295140175740643640707423,mcl_centre,17.369,35.611,-29.278,0.093,0.707,1.2.826.0.1.3680043.8.498.10619364055857953182056104565266205692,32,3.5,1,True
1.2.826.0.1.3680043.8.498.62437671010172828772205139640126159272,mcl_centre,34.85,-20.567,33.309,0.0587,4.103,1.2.826.0.1.3680043.8.498.48311102850450655830386776465478701880,34,3.6,1,True
1.2.826.0.1.3680043.8.498.62465595376489211274225312453216559395,mcl_centre,39.926,7.588,-85.533,0.0305,1.393,1.2.826.0.1.3680043.8.498.12524480704368639096451209748649813465,23,4.95,1,True
1.2.826.0.1.3680043.8.498.62549354677638403845904556149868367236,mcl_centre,-38.728,-17.97,-65.902,0.0896,0.873,1.2.826.0.1.3680043.8.498.64064664993094542843040674366148501286,30,3.6,1,True
1.2.826.0.1.3680043.8.498.62662430565901539554882496013173225758,mcl_centre,24.663,-18.526,19.957,0.0796,3.707,1.2.826.0.1.3680043.8.498.83504190518936729341819941277949674579,30,4.05,1,True
1.2.826.0.1.3680043.8.498.62693151030819598514729637644804213983,mcl_centre,-31.917,-18.701,2.213,0.0868,0.745,1.2.826.0.1.3680043.8.498.16403149166416160132674637384090605440,30,3.6,1,True
1.2.826.0.1.3680043.8.498.62752755711205966800746994120425231855,mcl_centre,-66.352,-6.462,-47.176,0.1471,1.694,1.2.826.0.1.3680043.8.498.89332966940075361205906558924594902848,19,4.4,1,True
1.2.826.0.1.3680043.8.498.62760659205261492447481830774781950875,mcl_centre,-74.977,-74.384,-26.597,0.1149,0.767,1.2.826.0.1.3680043.8.498.99945943091704171874008854565822740032,20,6.628,1,True
1.2.826.0.1.3680043.8.498.62776347582771469289738234607517546504,mcl_centre,-74.467,-57.47,-35.934,0.0684,1.053,1.2.826.0.1.3680043.8.498.69828899138568383191528228486444232224,30,4.5,1,True
1.2.826.0.1.3680043.8.498.62782163204193388751869649423542931657,mcl_centre,-30.096,-12.153,-44.063,0.1281,2.142,1.2.826.0.1.3680043.8.498.50078944801330739456316118675034862770,28,3.5,1,True
1.2.826.0.1.3680043.8.498.62830031603985608774418534497520663269,mcl_centre,21.49,-20.664,-4.72,0.1122,1.464,1.2.826.0.1.3680043.8.498.12876204402707657548841022454632016083,25,3.6,1,True
1.2.826.0.1.3680043.8.498.62918046703989259691005447883746340916,mcl_centre,45.783,-36.768,-31.057,0.0986,0.597,1.2.826.0.1.3680043.8.498.28340360106926195078820502752225041717,30,3.3,1,True
1.2.826.0.1.3680043.8.498.62924835279557724526138406447993672103,mcl_centre,-65.165,35.049,-48.028,0.0146,57.688,1.2.826.0.1.3680043.8.498.54539264491229270529484835638601151177,22,4.762,1,True
1.2.826.0.1.3680043.8.498.62928513795250694194589804784951257414,mcl_centre,-29.571,-5.475,38.627,0.0981,0.892,1.2.826.0.1.3680043.8.498.10893968506378528215698739414225098125,32,3.3,1,True
1.2.826.0.1.3680043.8.498.62948920639798990757395955917890550512,mcl_centre,-31.335,-39.468,-7.776,0.0801,1.107,1.2.826.0.1.3680043.8.498.76036537079550376077806038567985151417,23,4.95,1,True
1.2.826.0.1.3680043.8.498.62983291359021407345388012674614537807,mcl_centre,-83.436,-80.774,-19.269,0.085,1.266,1.2.826.0.1.3680043.8.498.70977439274357516291375538554661909489,16,6.0,1,True
1.2.826.0.1.3680043.8.498.63002559681883387414876870926128159682,mcl_centre,-46.79,24.926,-20.226,0.0876,0.683,1.2.826.0.1.3680043.8.498.59173737578587154605123233607285632653,27,3.5,1,True
1.2.826.0.1.3680043.8.498.63005973438879239920248535292375481294,mcl_centre,-43.721,-57.187,-13.69,0.117,1.176,1.2.826.0.1.3680043.8.498.39188709539468679627059997689682626438,30,3.3,1,True
1.2.826.0.1.3680043.8.498.63068687840516335034631353955761036465,mcl_centre,70.47,-59.881,-30.416,0.1272,1.322,1.2.826.0.1.3680043.8.498.58446304213202059792076558421137684656,18,5.024,1,True
1.2.826.0.1.3680043.8.498.63069333313670617776227577192591993067,mcl_centre,37.522,-27.717,-36.56,0.0999,1.862,1.2.826.0.1.3680043.8.498.68414059687655854388514608249278791891,30,3.6,1,True
1.2.826.0.1.3680043.8.498.63096952391833769395204944538276970114,mcl_centre,87.569,-13.857,-60.305,0.0665,57.682,1.2.826.0.1.3680043.8.498.13190075907558876086789285048330357651,24,5.0,1,True
1.2.826.0.1.3680043.8.498.63105151375349194807502162946823966410,mcl_centre,-47.288,-37.665,-2.837,0.089,2.084,1.2.826.0.1.3680043.8.498.95615034407823328007885276366553224240,30,3.3,1,True
1.2.826.0.1.3680043.8.498.63126604639589769235241216875934773992,mcl_centre,36.285,-0.892,-42.301,0.1026,1.299,1.2.826.0.1.3680043.8.498.82597439503521624052566489646209541586,17,6.0,1,True
1.2.826.0.1.3680043.8.498.63151733210715530368323422018984705316,mcl_centre,-35.187,-88.708,-40.841,0.0937,1.263,1.2.826.0.1.3680043.8.498.69920525552531989902121922993928908148,20,4.8,1,True
1.2.826.0.1.3680043.8.498.63195088465290711580668024587233364997,mcl_centre,-24.745,-19.577,-52.347,0.1125,2.477,1.2.826.0.1.3680043.8.498.70360314785097499472478411658691605369,25,3.6,1,True
1.2.826.0.1.3680043.8.498.63197503121546251937003511751049515360,mcl_centre,-34.174,-29.729,-18.477,0.1055,1.937,1.2.826.0.1.3680043.8.498.10372115439082147247895598797683254113,27,3.3,1,True
1.2.826.0.1.3680043.8.498.63204735160524958513470115761010950181,mcl_centre,-82.359,-47.036,-20.002,0.0787,50.607,1.2.826.0.1.3680043.8.498.31989381559748856550327096317361968455,19,4.6,1,True
1.2.826.0.1.3680043.8.498.63216944317982327305447295456609309952,mcl_centre,-41.556,-14.682,-23.072,0.0939,1.663,1.2.826.0.1.3680043.8.498.48912841449966270213136507939507797961,20,4.95,1,True
1.2.826.0.1.3680043.8.498.63223220827342079068491460847713457238,mcl_centre,52.143,-53.767,10.618,0.1086,0.76,1.2.826.0.1.3680043.8.498.89940503076232730597865598406874149424,19,4.826,1,True
1.2.826.0.1.3680043.8.498.63229263722659785142967850542699676113,mcl_centre,74.253,-51.618,-45.67,0.0864,1.804,1.2.826.0.1.3680043.8.498.95789354937800249348842804163352002235,32,3.3,1,True
1.2.826.0.1.3680043.8.498.63242029756172180508167933519465902827,mcl_centre,-56.764,-14.503,-13.322,0.0896,0.829,1.2.826.0.1.3680043.8.498.63257166964941291774052400038851272890,27,3.3,1,True
1.2.826.0.1.3680043.8.498.63279205896049798083339413931561428540,mcl_centre,-61.579,-36.871,-13.143,0.1149,1.365,1.2.826.0.1.3680043.8.498.79777972332314840267624650987994912722,30,3.5,1,True
1.2.826.0.1.3680043.8.498.63280826430574305683941548157934410641,mcl_centre,-27.465,-25.004,-35.862,0.1065,1.469,1.2.826.0.1.3680043.8.498.12064050409328776689948129420190691890,26,4.0,1,True
1.2.826.0.1.3680043.8.498.63320397279666280420359587173167195895,mcl_centre,79.202,-56.953,-23.649,0.1104,0.401,1.2.826.0.1.3680043.8.498.42042521077111408548009290480910952226,30,3.3,1,True
1.2.826.0.1.3680043.8.498.63360204391136938955220146755331421179,mcl_centre,-62.374,-35.938,-0.894,0.0933,0.808,1.2.826.0.1.3680043.8.498.41400938796484859656333629660898231858,32,3.45,1,True
1.2.826.0.1.3680043.8.498.63377901538320536934403969965624202519,mcl_centre,-41.798,18.206,-44.345,0.1107,1.378,1.2.826.0.1.3680043.8.498.11812358100617347428091248315457845413,32,3.6,1,True
1.2.826.0.1.3680043.8.498.63424633611847022112809173449690688015,mcl_centre,-50.058,-39.904,-25.159,0.0841,3.935,1.2.826.0.1.3680043.8.498.75225873115674512088587486614118614412,38,3.3,1,True
1.2.826.0.1.3680043.8.498.63426442500798189991842988966227275166,mcl_centre,68.897,-58.812,-27.657,0.0927,4.593,1.2.826.0.1.3680043.8.498.83430025915541779348841529566201188740,28,3.5,1,True
1.2.826.0.1.3680043.8.498.63439188800533762543950349022148547855,mcl_centre,-73.05,-43.737,-19.76,0.0969,0.907,1.2.826.0.1.3680043.8.498.60426367783160955377702413471764796986,26,4.5,1,True
1.2.826.0.1.3680043.8.498.63510378689078892579575716369639643386,mcl_centre,38.103,-48.258,-35.768,0.0815,0.721,1.2.826.0.1.3680043.8.498.50734813723127799327416713087907975177,30,3.7,1,True
1.2.826.0.1.3680043.8.498.63519003265636561965405570006747767668,mcl_centre,-64.337,-11.322,-21.035,0.0903,1.295,1.2.826.0.1.3680043.8.498.81495799721347481449078345675675735003,38,3.3,1,True
1.2.826.0.1.3680043.8.498.63521033783841675104013677430088400343,mcl_centre,48.728,-32.906,-54.194,0.0942,0.455,1.2.826.0.1.3680043.8.498.83451746888281551164767763491441597574,38,3.3,1,True
1.2.826.0.1.3680043.8.498.63521726454879203860288713455843702564,mcl_centre,-68.432,-31.721,-37.051,0.1136,1.537,1.2.826.0.1.3680043.8.498.12768786626052319236009835357468903680,27,4.5,1,True
1.2.826.0.1.3680043.8.498.63539809431911516912857504094611479480,mcl_centre,45.783,-5.42,-12.006,0.0948,2.431,1.2.826.0.1.3680043.8.498.10417155712936102937790174940470335576,35,3.6,1,True
1.2.826.0.1.3680043.8.498.63550258873504696667112631869753870779,mcl_centre,-62.285,-46.965,-42.506,0.0997,3.703,1.2.826.0.1.3680043.8.498.36584196081453249044886720069477558368,24,4.0,1,True
1.2.826.0.1.3680043.8.498.63556690547679257097888724096967682731,mcl_centre,75.742,-50.618,-27.805,0.1031,1.22,1.2.826.0.1.3680043.8.498.47288003673946983207703043621108977526,30,3.3,1,True
1.2.826.0.1.3680043.8.498.63564058504808107209753434989270686941,mcl_centre,85.346,-60.018,-55.589,0.1119,0.412,1.2.826.0.1.3680043.8.498.98770956881142578866958155448163027797,28,3.5,1,True
1.2.826.0.1.3680043.8.498.63565089119380386830816381560603756258,mcl_centre,-18.517,32.885,-35.915,0.1067,1.065,1.2.826.0.1.3680043.8.498.87284267896487979513580658748093193292,27,3.6,1,True
1.2.826.0.1.3680043.8.498.63584266247144369196126771996126173497,mcl_centre,62.779,-53.959,-47.215,0.1196,1.25,1.2.826.0.1.3680043.8.498.38189490480936970665362599953400622017,22,4.95,1,True
1.2.826.0.1.3680043.8.498.63673733836218886397484265807806548473,mcl_centre,41.931,-71.47,-19.527,0.0828,1.804,1.2.826.0.1.3680043.8.498.10239122353976366022538570878305657816,42,3.3,1,True
1.2.826.0.1.3680043.8.498.63683477631564232018930819747238111809,mcl_centre,82.582,-59.541,8.994,0.1019,1.971,1.2.826.0.1.3680043.8.498.50235883352055161963216295295075820218,22,4.95,1,True
1.2.826.0.1.3680043.8.498.63726512375511246975989322174096818969,mcl_centre,-46.581,-55.389,3.848,0.0809,2.888,1.2.826.0.1.3680043.8.498.34104483831584436388103003018723280226,18,5.933,1,True
1.2.826.0.1.3680043.8.498.63797588614544518196205411126336672334,mcl_centre,-71.593,-57.409,-4.833,0.0756,0.775,1.2.826.0.1.3680043.8.498.95595477741417805343868293723884818284,21,5.012,1,True
1.2.826.0.1.3680043.8.498.63849051301265505051181245915656194652,mcl_centre,-47.512,-35.147,10.671,0.0937,0.841,1.2.826.0.1.3680043.8.498.41174520385515855235458840416465973086,36,3.51,1,True
1.2.826.0.1.3680043.8.498.63884838982826315257233262184190435906,mcl_centre,-40.212,-14.319,-31.593,0.0857,0.65,1.2.826.0.1.3680043.8.498.84501813668670275619103370265784798286,28,3.3,1,True
1.2.826.0.1.3680043.8.498.63894147741855851067411708837856142566,mcl_centre,72.719,-55.62,-8.897,0.1016,0.729,1.2.826.0.1.3680043.8.498.93788012685412213403308358302883507385,23,4.749,1,True
1.2.826.0.1.3680043.8.498.63986652686300452077410299429386420400,mcl_centre,83.299,-27.086,-45.648,0.0935,1.327,1.2.826.0.1.3680043.8.498.94159108194169999083165058615767925598,29,3.3,1,True
1.2.826.0.1.3680043.8.498.64022112049842890696609934970222024490,mcl_centre,65.151,-32.853,-26.313,0.1013,1.714,1.2.826.0.1.3680043.8.498.70692094148559982491748201044251703569,30,3.7,1,True
1.2.826.0.1.3680043.8.498.64022949342538714157641824612944253302,mcl_centre,-27.893,51.214,0.769,0.1168,0.73,1.2.826.0.1.3680043.8.498.90055663962881372374705678351299936229,28,3.7,1,True
1.2.826.0.1.3680043.8.498.64029768638431636860053484202080135316,mcl_centre,11.977,-28.886,-5.632,0.1021,0.325,1.2.826.0.1.3680043.8.498.11264914717427199652533018356333331526,29,4.5,1,True
1.2.826.0.1.3680043.8.498.64034149345689391514924451724232196567,mcl_centre,-62.924,-28.532,-21.415,0.0644,0.755,1.2.826.0.1.3680043.8.498.13192245180019854951176487428567683993,38,3.3,1,True
1.2.826.0.1.3680043.8.498.64066465191710322298540005681534170036,mcl_centre,-55.092,-42.089,-11.067,0.0766,0.876,1.2.826.0.1.3680043.8.498.37543665007390806194856756843810394413,30,3.3,1,True
1.2.826.0.1.3680043.8.498.64109231850522212435708176045583779359,mcl_centre,63.535,-35.25,-0.128,0.0875,3.434,1.2.826.0.1.3680043.8.498.45821445233767806305351908625693997344,16,5.537,1,True
1.2.826.0.1.3680043.8.498.64119798231341423127851203797783576453,mcl_centre,-54.842,-51.86,17.182,0.0914,1.231,1.2.826.0.1.3680043.8.498.11982348505403086580060489582365394772,30,3.5,1,True
1.2.826.0.1.3680043.8.498.64172939203926034064618447795131041647,mcl_centre,72.657,-43.497,-16.508,0.1049,0.907,1.2.826.0.1.3680043.8.498.66745447937781325627331504532884245657,30,3.7,1,True
1.2.826.0.1.3680043.8.498.64186424577324542519674308830472181373,mcl_centre,40.913,-24.324,-19.97,0.0905,0.559,1.2.826.0.1.3680043.8.498.14916029409049153878790150011338044935,32,3.3,1,True
1.2.826.0.1.3680043.8.498.64240637244650029205175793729578897734,mcl_centre,-45.496,-31.683,-9.509,0.0908,1.238,1.2.826.0.1.3680043.8.498.52207762310760185259067815806896479241,20,4.95,1,True
1.2.826.0.1.3680043.8.498.64283618749539713756220539395944025878,mcl_centre,-65.961,-27.288,-34.357,0.0621,1.487,1.2.826.0.1.3680043.8.498.87038446143249694011477930982246739685,35,3.3,1,True
1.2.826.0.1.3680043.8.498.64286017646659573966584053755363026715,mcl_centre,-50.52,-8.121,10.704,0.0446,1.891,1.2.826.0.1.3680043.8.498.55958625052051868575436515541267093833,42,3.3,1,True
1.2.826.0.1.3680043.8.498.64325734401816269429960464734504322970,mcl_centre,-39.346,-30.411,-19.459,0.106,2.62,1.2.826.0.1.3680043.8.498.13311233227540384376514642332587569209,20,4.95,1,True
1.2.826.0.1.3680043.8.498.64381606512330581256470279413868645789,mcl_centre,-46.827,-48.341,2.924,0.0533,1.535,1.2.826.0.1.3680043.8.498.57128139282798557225269936832371902400,36,3.3,1,True
1.2.826.0.1.3680043.8.498.64397747170052970974000650185716672477,mcl_centre,-8.856,2.548,-44.382,0.099,1.37,1.2.826.0.1.3680043.8.498.80757505636199711588321387150048814008,24,3.85,1,True
1.2.826.0.1.3680043.8.498.64408609256163127278435484217683272910,mcl_centre,-58.155,-53.21,-10.538,0.0963,0.974,1.2.826.0.1.3680043.8.498.36393041690910660528146908425612939726,30,3.5,1,True
1.2.826.0.1.3680043.8.498.64408775259838960958354835366765941676,mcl_centre,71.114,-21.228,-25.387,0.1212,1.552,1.2.826.0.1.3680043.8.498.86673515719515829348538119976859767377,26,3.3,1,True
1.2.826.0.1.3680043.8.498.64421299492271548595446260681698412384,mcl_centre,-35.692,-36.563,8.19,0.0796,2.233,1.2.826.0.1.3680043.8.498.11400778818526412163840145329651508637,28,4.2,1,True
1.2.826.0.1.3680043.8.498.64443149121726771900576109439951701105,mcl_centre,6.529,-25.673,-31.017,0.0761,0.642,1.2.826.0.1.3680043.8.498.55408118975064289061927017966742117292,30,4.5,1,True
1.2.826.0.1.3680043.8.498.64487230511522940587342058274736571996,mcl_centre,95.901,-63.702,-28.865,0.0768,1.932,1.2.826.0.1.3680043.8.498.25939401701241153369536462677744008867,29,4.0,1,True
1.2.826.0.1.3680043.8.498.64526757783166918696475501252110447010,mcl_centre,46.538,-43.465,-36.103,0.089,0.628,1.2.826.0.1.3680043.8.498.81852583242064195281991480042689262075,40,3.5,1,True
1.2.826.0.1.3680043.8.498.64527059976573114931020581328924993069,mcl_centre,14.611,-17.682,-27.529,0.0595,2.892,1.2.826.0.1.3680043.8.498.23666666000265844109943792892323412498,25,4.4,1,True
1.2.826.0.1.3680043.8.498.64590392444259942263746282444188079724,mcl_centre,54.239,-51.836,-16.535,0.075,0.59,1.2.826.0.1.3680043.8.498.47679597212492838492056054596602450834,32,3.3,1,True
1.2.826.0.1.3680043.8.498.64606794953061143951972249525094490665,mcl_centre,-37.092,-53.064,-9.175,0.1519,2.796,1.2.826.0.1.3680043.8.498.55109208994646466239216183370530444549,15,5.4,1,True
1.2.826.0.1.3680043.8.498.64640435232894033317418319985727526223,mcl_centre,27.957,-3.105,-64.856,0.0915,0.732,1.2.826.0.1.3680043.8.498.10523014616190443159239233747986703955,30,3.6,1,True
1.2.826.0.1.3680043.8.498.64652085172505930317660036583152917472,mcl_centre,56.302,-44.087,-6.913,0.1574,1.542,1.2.826.0.1.3680043.8.498.50602600884346395387867869980533512214,19,5.0,1,True
1.2.826.0.1.3680043.8.498.64663285742626599570990862360902141188,mcl_centre,-34.273,-69.352,-18.631,0.0876,0.648,1.2.826.0.1.3680043.8.498.33838145234550556235812560223255489745,19,4.4,1,True
1.2.826.0.1.3680043.8.498.64673069370410118387363952155758553567,mcl_centre,-83.213,-50.798,-16.943,0.0992,0.567,1.2.826.0.1.3680043.8.498.39234703211177482911801448934003647470,18,4.891,1,True
1.2.826.0.1.3680043.8.498.64703506772167798469048460791472465039,mcl_centre,-36.622,-39.247,-23.865,0.0554,2.672,1.2.826.0.1.3680043.8.498.61714171918691444339892175338123390353,39,3.3,1,True
1.2.826.0.1.3680043.8.498.64752580249608101443758975861213065048,mcl_centre,-43.771,-42.671,-49.236,0.0738,0.525,1.2.826.0.1.3680043.8.498.81327001242706762842361057301832290917,36,3.3,1,True
1.2.826.0.1.3680043.8.498.64865300853258390816475799272221318005,mcl_centre,-38.981,3.839,-33.807,0.0838,3.877,1.2.826.0.1.3680043.8.498.12684291626142532307449591885057482523,32,3.7,1,True
1.2.826.0.1.3680043.8.498.64897285598346101578442697515294908341,mcl_centre,-37.502,17.039,-17.347,0.0917,2.461,1.2.826.0.1.3680043.8.498.10083662364948490189619823703424674634,30,3.5,1,True
1.2.826.0.1.3680043.8.498.64917073507426524387269500871970032783,mcl_centre,-54.534,-42.319,-22.437,0.0649,0.758,1.2.826.0.1.3680043.8.498.64044734792639838778477113202584950747,39,3.3,1,True
1.2.826.0.1.3680043.8.498.64946212153370539647301308676689632525,mcl_centre,-48.327,2.832,-27.097,0.0787,2.295,1.2.826.0.1.3680043.8.498.11542344488227491444766222217494782129,37,3.3,1,True
1.2.826.0.1.3680043.8.498.64950600385134699009390197520158979183,mcl_centre,48.088,-38.546,-11.292,0.0832,1.038,1.2.826.0.1.3680043.8.498.37408878015869290286874401930341594826,28,3.3,1,True
1.2.826.0.1.3680043.8.498.65013994414976103275014874284064145461,mcl_centre,-58.09,38.358,-43.213,0.0935,1.211,1.2.826.0.1.3680043.8.498.22804142400586679850115390099098627447,31,3.3,1,True
1.2.826.0.1.3680043.8.498.65077085081642080527129904737510276643,mcl_centre,37.551,-20.576,-37.873,0.093,1.311,1.2.826.0.1.3680043.8.498.94411135832150680324459059775720885068,30,3.6,1,True
1.2.826.0.1.3680043.8.498.65085954283273471512936799274064949557,mcl_centre,-78.371,-33.82,-10.736,0.0976,1.166,1.2.826.0.1.3680043.8.498.37183192253876839927712026834996562578,28,3.3,1,True
1.2.826.0.1.3680043.8.498.65123055741109319778634264103224173252,mcl_centre,79.586,-22.323,-42.192,0.0614,51.819,1.2.826.0.1.3680043.8.498.13083579891704477173018689803956724486,32,3.3,1,True
1.2.826.0.1.3680043.8.498.65124952546314712352837396207287384405,mcl_centre,-23.849,-53.21,-50.773,0.0923,0.751,1.2.826.0.1.3680043.8.498.16633711217206257861071554099852141516,30,3.6,1,True
1.2.826.0.1.3680043.8.498.65160241567146620406193593170843451582,mcl_centre,-69.974,-55.887,4.007,0.1124,0.542,1.2.826.0.1.3680043.8.498.81412723454250240440510383785612701232,28,3.3,1,True
1.2.826.0.1.3680043.8.498.65187850119346448625449915281726338455,mcl_centre,-76.628,-52.236,-42.394,0.0665,4.768,1.2.826.0.1.3680043.8.498.77608747667977697588085966558224985689,32,3.5,1,True
1.2.826.0.1.3680043.8.498.65222333228514862688331581862087607325,mcl_centre,46.424,-64.808,-9.067,0.0805,1.094,1.2.826.0.1.3680043.8.498.60675073661228438213809350973449985243,36,3.3,1,True
1.2.826.0.1.3680043.8.498.65224808465738083245406235000047993647,mcl_centre,45.49,-67.776,-21.874,0.088,0.762,1.2.826.0.1.3680043.8.498.93362838673513213214444556940881051615,32,3.3,1,True
1.2.826.0.1.3680043.8.498.65244223225926362862970496735749098549,mcl_centre,41.075,-20.296,-1.385,0.0991,1.239,1.2.826.0.1.3680043.8.498.11130683754916324789492342141492974876,32,3.3,1,True
1.2.826.0.1.3680043.8.498.65312506382127486486519184894274326380,mcl_centre,-28.695,-52.192,-22.049,0.0976,1.048,1.2.826.0.1.3680043.8.498.98322215530297679310059849179809212781,17,5.2,1,True
1.2.826.0.1.3680043.8.498.65322445533737673246312151513913460816,mcl_centre,42.279,-18.614,-11.665,0.0999,1.158,1.2.826.0.1.3680043.8.498.79042684809373367705982023567486345673,34,3.3,1,True
1.2.826.0.1.3680043.8.498.65356758967883114612797250487949537460,mcl_centre,-69.102,-67.216,1.419,0.1099,1.189,1.2.826.0.1.3680043.8.498.11456365546888972724874062125587296514,27,3.8,1,True
1.2.826.0.1.3680043.8.498.65403984120528711726317048984986599537,mcl_centre,-70.03,-68.859,5.47,0.087,0.751,1.2.826.0.1.3680043.8.498.85153134883880323477667557644148826915,21,4.706,1,True
1.2.826.0.1.3680043.8.498.65438121008780366054026567981577676554,mcl_centre,-58.872,-40.796,-16.688,0.1026,0.71,1.2.826.0.1.3680043.8.498.96098126818366673434774108286554299952,30,3.7,1,True
1.2.826.0.1.3680043.8.498.65515828911930515002046151253057175178,mcl_centre,54.079,-5.219,-16.555,0.0854,0.676,1.2.826.0.1.3680043.8.498.11577557357216070833528042560061666822,32,3.3,1,True
1.2.826.0.1.3680043.8.498.65524487168129064460609645228098420719,mcl_centre,-75.983,-64.055,12.362,0.1119,1.48,1.2.826.0.1.3680043.8.498.84255044535540229147430936998807294369,28,3.5,1,True
1.2.826.0.1.3680043.8.498.65530757406333318449497070048719890442,mcl_centre,-47.008,-57.99,-5.998,0.0883,1.008,1.2.826.0.1.3680043.8.498.42105261311130763028328836648464742077,36,3.3,1,True
1.2.826.0.1.3680043.8.498.65543472488214519069910341591668399186,mcl_centre,-74.09,-49.015,-25.63,0.1073,1.381,1.2.826.0.1.3680043.8.498.67021507352295300139211643473827094945,28,3.7,1,True
1.2.826.0.1.3680043.8.498.65547889329285432771702699287910809921,mcl_centre,48.286,-29.809,-34.434,0.0892,2.609,1.2.826.0.1.3680043.8.498.98897449826644321473489819491006031217,30,3.3,1,True
1.2.826.0.1.3680043.8.498.65597375829884314152221851871550349856,mcl_centre,29.516,5.541,-0.483,0.0634,1.156,1.2.826.0.1.3680043.8.498.56758532595898003402522095210717256652,38,3.5,1,True
1.2.826.0.1.3680043.8.498.65607807464576681752987746458209389847,mcl_centre,-62.533,-56.73,-43.862,0.0936,0.556,1.2.826.0.1.3680043.8.498.42649460841179070412920579302679857130,30,3.3,1,True
1.2.826.0.1.3680043.8.498.65667678378249093118816281743956646856,mcl_centre,47.359,-44.682,-14.88,0.1151,1.22,1.2.826.0.1.3680043.8.498.85955181734127784723321517372392603056,18,5.5,1,True
1.2.826.0.1.3680043.8.498.65703265163052901613211590083675186626,mcl_centre,-45.038,-17.488,-44.74,0.0796,1.869,1.2.826.0.1.3680043.8.498.51474358496541633753352760943093784241,36,3.3,1,True
1.2.826.0.1.3680043.8.498.65708905118633339771181857781063784327,mcl_centre,72.248,-63.621,-49.635,0.0893,1.697,1.2.826.0.1.3680043.8.498.49386996151147572908458775202466876717,35,3.5,1,True
1.2.826.0.1.3680043.8.498.65715827585629489888518528736848969678,mcl_centre,41.223,-13.424,-11.481,0.0821,2.04,1.2.826.0.1.3680043.8.498.78261608213212978898999524772595376978,30,3.3,1,True
1.2.826.0.1.3680043.8.498.65756786850574169314934708606155033765,mcl_centre,-14.052,-29.0,0.746,0.0769,0.751,1.2.826.0.1.3680043.8.498.36674507482464081910966636361272317808,29,4.8,1,True
1.2.826.0.1.3680043.8.498.65763261177572072944828171262268039852,mcl_centre,71.844,-31.253,-51.894,0.0997,0.835,1.2.826.0.1.3680043.8.498.13348241152175371309570893003408825592,30,3.7,1,True
1.2.826.0.1.3680043.8.498.65783500506568702195262661666345236666,mcl_centre,-75.344,-57.883,-16.722,0.0514,2.649,1.2.826.0.1.3680043.8.498.12252427970362615885787607069034933104,30,3.3,1,True
1.2.826.0.1.3680043.8.498.65788206282522750507559682036750692505,mcl_centre,-56.761,-7.457,-5.827,0.0809,1.314,1.2.826.0.1.3680043.8.498.97714029532884443444989507027070568931,30,3.3,1,True
1.2.826.0.1.3680043.8.498.65792625478083832901309715174678358900,mcl_centre,-34.281,-59.856,-34.424,0.1174,0.915,1.2.826.0.1.3680043.8.498.12073442807889744612403337339388879679,33,3.3,1,True
1.2.826.0.1.3680043.8.498.65809115193576546782858254430325338674,mcl_centre,42.002,1.286,5.66,0.1079,1.202,1.2.826.0.1.3680043.8.498.29416637354232193708721440341771467650,22,4.0,1,True
1.2.826.0.1.3680043.8.498.65834774574423727070722226151408235786,mcl_centre,75.24,-21.284,-43.651,0.0751,0.885,1.2.826.0.1.3680043.8.498.77970238174499068090093978314784081937,36,3.3,1,True
1.2.826.0.1.3680043.8.498.65855247249608663104822603172047250057,mcl_centre,-60.677,-64.156,0.071,0.117,0.61,1.2.826.0.1.3680043.8.498.34976339868392591500162183642682262383,32,3.5,1,True
1.2.826.0.1.3680043.8.498.65896962360688978581417748865609785541,mcl_centre,49.419,-42.633,-49.923,0.0891,1.375,1.2.826.0.1.3680043.8.498.22967851505521136238034632665948162036,30,3.3,1,True
1.2.826.0.1.3680043.8.498.65909865035783831607773206653044421345,mcl_centre,74.586,-21.749,-18.397,0.0769,1.981,1.2.826.0.1.3680043.8.498.49754348580644301823410253113700511901,30,3.3,1,True
1.2.826.0.1.3680043.8.498.65939700606136711089565313916789162980,mcl_centre,-30.761,-21.83,14.415,0.0837,1.942,1.2.826.0.1.3680043.8.498.29225288386615380982931639554074646362,27,3.6,1,True
1.2.826.0.1.3680043.8.498.65959182350599581687336889990076028593,mcl_centre,25.164,-111.079,0.636,0.1054,1.938,1.2.826.0.1.3680043.8.498.10455506212816060955517564804777458682,21,3.3,1,True
1.2.826.0.1.3680043.8.498.65977711270942843864266358352913175672,mcl_centre,-62.513,-64.748,-37.004,0.1048,1.115,1.2.826.0.1.3680043.8.498.11940285557221297356502556521983559735,22,4.95,1,True
1.2.826.0.1.3680043.8.498.66020213859389864645118554257523478921,mcl_centre,-63.455,-42.87,-12.197,0.117,0.861,1.2.826.0.1.3680043.8.498.30418924875214199255407671754384949204,30,3.5,1,True
1.2.826.0.1.3680043.8.498.66022464665791424345622894674375661089,mcl_centre,47.408,1.496,-12.779,0.1023,0.775,1.2.826.0.1.3680043.8.498.80564697018960444549309349747475631126,30,3.3,1,True
1.2.826.0.1.3680043.8.498.66031142975529812579758652269360365398,mcl_centre,48.599,-81.275,-4.033,0.0884,1.947,1.2.826.0.1.3680043.8.498.87284649391386701446146728309673267852,19,5.0,1,True
1.2.826.0.1.3680043.8.498.66065279867975557954375204776779208827,mcl_centre,-50.545,-6.414,-8.046,0.0586,1.667,1.2.826.0.1.3680043.8.498.64672982220346546079366750347079985330,26,4.0,1,True
1.2.826.0.1.3680043.8.498.66077420344931334696112616504179985591,mcl_centre,46.123,-40.568,-36.998,0.0925,2.796,1.2.826.0.1.3680043.8.498.10898475292334704513499032212604084889,22,4.95,1,True
1.2.826.0.1.3680043.8.498.66083855405250624607521810369199218887,mcl_centre,44.696,-30.777,-28.983,0.084,0.981,1.2.826.0.1.3680043.8.498.28991024359159631064423794774024587783,32,3.3,1,True
1.2.826.0.1.3680043.8.498.66156015559325316834458423557757995415,mcl_centre,-49.993,-9.67,-42.463,0.0953,1.17,1.2.826.0.1.3680043.8.498.12585120150326130872972573006441660828,35,3.3,1,True
1.2.826.0.1.3680043.8.498.66199248385068685539872840826351152652,mcl_centre,75.584,-35.033,-23.454,0.0989,1.642,1.2.826.0.1.3680043.8.498.23346984444488214073392484807951756865,37,3.3,1,True
1.2.826.0.1.3680043.8.498.66210455934011506415244876770725282769,mcl_centre,-54.398,-61.506,-14.262,0.1024,0.971,1.2.826.0.1.3680043.8.498.43296195174962803172031900185320419606,22,4.4,1,True
1.2.826.0.1.3680043.8.498.66264392187277583747691643146920431469,mcl_centre,-21.933,19.258,-68.532,0.1256,1.45,1.2.826.0.1.3680043.8.498.70674890081194944083137997241870328315,27,3.6,1,True
1.2.826.0.1.3680043.8.498.66287049728466409037095442705228040084,mcl_centre,-63.521,-79.266,21.681,0.0649,1.386,1.2.826.0.1.3680043.8.498.97963626897294502853699831535941774181,35,3.3,1,True
1.2.826.0.1.3680043.8.498.66296018797614563698471347079960740755,mcl_centre,-51.845,-46.456,-21.641,0.0512,69.844,1.2.826.0.1.3680043.8.498.90845626751521246412769710780428058666,19,4.4,1,True
1.2.826.0.1.3680043.8.498.66305771884507759587182077473863996177,mcl_centre,41.511,-9.172,-24.744,0.0806,0.776,1.2.826.0.1.3680043.8.498.95062933166108895623784568418195497800,30,3.3,1,True
1.2.826.0.1.3680043.8.498.66308195780676793917989368423009849637,mcl_centre,44.822,-22.385,31.238,0.0974,0.986,1.2.826.0.1.3680043.8.498.58012509431712373414158226929588185032,30,3.3,1,True
1.2.826.0.1.3680043.8.498.66321903250295261063309947910189882952,mcl_centre,-67.435,-45.767,-14.691,0.1043,0.738,1.2.826.0.1.3680043.8.498.65363529609377442700466843299738882598,30,3.5,1,True
1.2.826.0.1.3680043.8.498.66327751482076404294387513492434577338,mcl_centre,53.526,-74.059,-15.758,0.1008,2.391,1.2.826.0.1.3680043.8.498.10151705117440282768723321288599557220,30,3.3,1,True
1.2.826.0.1.3680043.8.498.66334686028272068369345540785320291695,mcl_centre,28.194,-59.61,-20.062,0.0864,1.129,1.2.826.0.1.3680043.8.498.41667324775349315470999972095424762491,36,3.6,1,True
1.2.826.0.1.3680043.8.498.66364462115470823900176770413527217503,mcl_centre,36.18,13.245,-33.722,0.0751,1.079,1.2.826.0.1.3680043.8.498.42818175336848417988004093434558544098,24,4.5,1,True
1.2.826.0.1.3680043.8.498.66401771232064170830621215861092532421,mcl_centre,41.907,-81.145,-33.02,0.1134,0.969,1.2.826.0.1.3680043.8.498.26354946991400667600556515008985634117,19,4.4,1,True
1.2.826.0.1.3680043.8.498.66404725797392899950170138361835649917,mcl_centre,-24.948,-51.078,-26.61,0.1137,0.545,1.2.826.0.1.3680043.8.498.11283872586810260827563244998404744391,28,3.3,1,True
1.2.826.0.1.3680043.8.498.66489634638847834550694493585147280754,mcl_centre,77.107,-42.777,-28.204,0.1151,2.165,1.2.826.0.1.3680043.8.498.91642555162994513516171608364390786970,16,5.061,1,True
1.2.826.0.1.3680043.8.498.66510565421813721258189101326477318907,mcl_centre,38.309,-7.559,-20.224,0.0946,0.926,1.2.826.0.1.3680043.8.498.99934647587851009050054473612046909590,32,3.3,1,True
1.2.826.0.1.3680043.8.498.66596090141798159058634289358454183351,mcl_centre,-69.473,-39.328,-49.949,0.1027,0.684,1.2.826.0.1.3680043.8.498.53088463012358377421589215325235771446,28,3.7,1,True
1.2.826.0.1.3680043.8.498.66640124635222298792902508374800337726,mcl_centre,-31.258,-6.935,-15.246,0.1204,0.978,1.2.826.0.1.3680043.8.498.65619428715823901612906602209426105384,27,4.0,1,True
1.2.826.0.1.3680043.8.498.66690100241274246406145618641481787709,mcl_centre,-20.669,3.798,-40.191,0.085,1.231,1.2.826.0.1.3680043.8.498.91505656694005450369173971535941377588,28,4.0,1,True
1.2.826.0.1.3680043.8.498.66694519343321893230666089565893349853,mcl_centre,31.786,-85.401,-17.438,0.1127,0.486,1.2.826.0.1.3680043.8.498.16363006916399984278518005354558782662,20,4.4,1,True
1.2.826.0.1.3680043.8.498.66737859593831436259089736126768464771,mcl_centre,51.476,-16.161,-31.498,0.1045,1.255,1.2.826.0.1.3680043.8.498.75929621415909800232155632481242012920,25,3.85,1,True
1.2.826.0.1.3680043.8.498.66805139646641294853509958688742554525,mcl_centre,48.701,-60.619,-19.602,0.0891,0.726,1.2.826.0.1.3680043.8.498.12343793810324587616453704990719348982,33,3.3,1,True
1.2.826.0.1.3680043.8.498.66841103065389483583108279900721522084,mcl_centre,34.1,-2.741,-57.521,0.0849,0.988,1.2.826.0.1.3680043.8.498.43579676002521571296232740452299124682,37,3.51,1,True
1.2.826.0.1.3680043.8.498.66865810098959732285731429066569782524,mcl_centre,-62.801,-61.993,9.832,0.0758,0.98,1.2.826.0.1.3680043.8.498.13264795019468099373085661116106778735,36,3.3,1,True
1.2.826.0.1.3680043.8.498.66960891947495601371173426277430301127,mcl_centre,-46.99,-62.16,-6.103,0.0973,0.433,1.2.826.0.1.3680043.8.498.92453083385644021307088053022501214401,32,3.3,1,True
1.2.826.0.1.3680043.8.498.66973089869591928349547584554030589647,mcl_centre,-33.581,0.502,-14.134,0.0914,1.098,1.2.826.0.1.3680043.8.498.12310577414564952508457834528648102584,28,3.7,1,True
1.2.826.0.1.3680043.8.498.66993076561387452114335652021593805727,mcl_centre,-44.038,-26.435,-21.862,0.0768,1.297,1.2.826.0.1.3680043.8.498.51564246276799999805291611929194447152,32,3.3,1,True
1.2.826.0.1.3680043.8.498.67001329390153622359718581388215312710,mcl_centre,61.059,-42.294,-26.786,0.0663,3.12,1.2.826.0.1.3680043.8.498.82589890820861753509096062367891337337,25,4.95,1,True
1.2.826.0.1.3680043.8.498.67153684605171746899496816770567866269,mcl_centre,-36.649,-22.041,-10.035,0.108,0.856,1.2.826.0.1.3680043.8.498.84009380639432016156682960543473454840,30,3.6,1,True
1.2.826.0.1.3680043.8.498.67157948144868269956661697924341234924,mcl_centre,-44.514,-41.067,-44.124,0.0685,0.672,1.2.826.0.1.3680043.8.498.86656816201474970522293043830946351857,30,3.5,1,True
1.2.826.0.1.3680043.8.498.67181088492292316990397177612918195713,mcl_centre,43.978,-28.472,-23.989,0.0924,1.555,1.2.826.0.1.3680043.8.498.10479787399521690017359241486980467950,30,3.6,1,True
1.2.826.0.1.3680043.8.498.67188121544063723837669983597453941774,mcl_centre,-66.731,-37.219,-28.691,0.1022,1.865,1.2.826.0.1.3680043.8.498.59804260281664430062718879115288801162,26,4.5,1,True
1.2.826.0.1.3680043.8.498.67189969532330535369638450306601659967,mcl_centre,22.418,-82.043,-21.163,0.0918,0.867,1.2.826.0.1.3680043.8.498.19579272912695787649569287071114559363,19,4.4,1,True
1.2.826.0.1.3680043.8.498.67208608901061914528631080268819069203,mcl_centre,-72.199,-48.366,-12.699,0.0956,1.506,1.2.826.0.1.3680043.8.498.10559126290873356564736473472849074929,20,5.479,1,True
1.2.826.0.1.3680043.8.498.67238774585857531338533947812568490258,mcl_centre,-35.494,-24.522,16.755,0.1185,1.623,1.2.826.0.1.3680043.8.498.25979179982243413397631207472207982708,30,3.3,1,True
1.2.826.0.1.3680043.8.498.67281816624401881515444587844116136597,mcl_centre,40.444,-21.862,-23.815,0.0715,1.561,1.2.826.0.1.3680043.8.498.66813179329778705592692785059725045027,38,3.3,1,True
1.2.826.0.1.3680043.8.498.67284681623851829916403311739987186159,mcl_centre,63.866,-61.24,-17.012,0.0727,0.654,1.2.826.0.1.3680043.8.498.61430449200274344534253615584110553473,25,4.95,1,True
1.2.826.0.1.3680043.8.498.67374476726034608591738910363595695123,mcl_centre,-66.742,-53.076,-16.641,0.0602,1.484,1.2.826.0.1.3680043.8.498.79393086884376184829261604910097100565,18,5.036,1,True
1.2.826.0.1.3680043.8.498.67386780309737226410965627751074124678,mcl_centre,72.943,-60.918,-10.027,0.1195,2.305,1.2.826.0.1.3680043.8.498.11256507502319064480290461775278537357,18,6.13,1,True
1.2.826.0.1.3680043.8.498.67397756161011684282778294948252031539,mcl_centre,43.665,-69.188,-34.379,0.1013,1.126,1.2.826.0.1.3680043.8.498.10451211969702044259390020364364342586,29,4.4,1,True
1.2.826.0.1.3680043.8.498.67404282038417089622852480023919627784,mcl_centre,31.517,7.129,-31.639,0.0925,1.414,1.2.826.0.1.3680043.8.498.11216751253159669787065217045241323169,33,3.6,1,True
1.2.826.0.1.3680043.8.498.67456402757136973484427155324664966595,mcl_centre,-17.8,-42.766,-18.605,0.1048,0.839,1.2.826.0.1.3680043.8.498.11522133315627456261555621349126009788,29,3.3,1,True
1.2.826.0.1.3680043.8.498.67468397709097947104298147948850473142,mcl_centre,44.88,-56.157,-12.215,0.0879,3.658,1.2.826.0.1.3680043.8.498.56260449347093779579431716569671432929,34,3.3,1,True
1.2.826.0.1.3680043.8.498.67490059263503953166467514121525025332,mcl_centre,35.977,-14.907,-7.77,0.0722,0.717,1.2.826.0.1.3680043.8.498.43530363951700649886529178875923422353,32,3.3,1,True
1.2.826.0.1.3680043.8.498.67498362978754615554767658151787188674,mcl_centre,-31.343,-50.157,15.053,0.1162,1.676,1.2.826.0.1.3680043.8.498.46312128413889003333761558222902613054,30,3.3,1,True
1.2.826.0.1.3680043.8.498.67527486841399075490744039058207332725,mcl_centre,-72.009,-44.702,-26.025,0.0887,0.637,1.2.826.0.1.3680043.8.498.26421379963786263893330005706030295502,32,3.3,1,True
1.2.826.0.1.3680043.8.498.67550262192397377344258276170992188234,mcl_centre,65.79,-62.951,-40.084,0.0883,1.162,1.2.826.0.1.3680043.8.498.11782653420344767691924429698103151601,30,3.5,1,True
1.2.826.0.1.3680043.8.498.67601368724828563564325678719126190797,mcl_centre,48.717,-2.689,-51.814,0.1109,0.523,1.2.826.0.1.3680043.8.498.43950937581691733597041304647798853963,27,3.85,1,True
1.2.826.0.1.3680043.8.498.67613388743126519966672593774754849330,mcl_centre,73.613,-48.63,-12.086,0.1285,1.856,1.2.826.0.1.3680043.8.498.11566105822309613579015683338157176453,30,3.5,1,True
1.2.826.0.1.3680043.8.498.67620512607520186685421323991166816451,mcl_centre,-57.79,-12.052,-34.015,0.1068,0.959,1.2.826.0.1.3680043.8.498.29202133927078620283906032779898596402,32,3.3,1,True
1.2.826.0.1.3680043.8.498.67678576373934022409084801948795250361,mcl_centre,58.639,-55.58,-18.267,0.0764,1.885,1.2.826.0.1.3680043.8.498.11980766028743579591708396775617488914,30,3.3,1,True
1.2.826.0.1.3680043.8.498.67690090498828405347380696553164435363,mcl_centre,-50.483,-62.913,-42.475,0.0254,1.848,1.2.826.0.1.3680043.8.498.86643845995139184994981624575208656172,36,3.3,1,True
1.2.826.0.1.3680043.8.498.67705068860320494485379949506807098172,mcl_centre,23.847,-19.489,-27.812,0.0745,0.812,1.2.826.0.1.3680043.8.498.88608487612293430040290915018554598707,32,3.3,1,True
1.2.826.0.1.3680043.8.498.67716063997837501476742746033172868748,mcl_centre,-31.018,-8.872,7.747,0.0726,1.271,1.2.826.0.1.3680043.8.498.79656617198796939072277724965354330737,32,3.3,1,True
1.2.826.0.1.3680043.8.498.67739091465243228820766982459725849814,mcl_centre,-39.718,-12.944,-52.423,0.0781,0.642,1.2.826.0.1.3680043.8.498.63206310871336511928872982502332650393,40,3.3,1,True
1.2.826.0.1.3680043.8.498.67740000270419228186274186410889719154,mcl_centre,38.458,11.661,-49.191,0.097,1.288,1.2.826.0.1.3680043.8.498.12273027129851884294501557490174659723,35,3.6,1,True
1.2.826.0.1.3680043.8.498.67772676243889350087068112324015156848,mcl_centre,-7.702,-15.265,-29.393,0.0981,2.513,1.2.826.0.1.3680043.8.498.96854963247211404531720069553535009538,28,4.4,1,True
1.2.826.0.1.3680043.8.498.67775301856843451215029610725114809378,mcl_centre,-77.285,-36.469,-55.94,0.1013,0.905,1.2.826.0.1.3680043.8.498.25310710995446834610100352042814834638,30,3.5,1,True
1.2.826.0.1.3680043.8.498.67788047649994083591931245362169694306,mcl_centre,-33.675,-2.132,-22.416,0.078,1.45,1.2.826.0.1.3680043.8.498.10911612479248669963322480413788759972,32,3.3,1,True
1.2.826.0.1.3680043.8.498.67817378785531423675449308236680249899,mcl_centre,52.406,-17.841,-11.914,0.0924,0.726,1.2.826.0.1.3680043.8.498.11089904712859283931858399330207208829,35,3.3,1,True
1.2.826.0.1.3680043.8.498.67860057199678546706175336855949799228,mcl_centre,-83.67,-76.291,-11.81,0.0745,1.865,1.2.826.0.1.3680043.8.498.30440044131637520674266510116206655755,26,4.0,1,True
1.2.826.0.1.3680043.8.498.67875980316053973061252844698884229168,mcl_centre,16.147,-17.255,-37.995,0.1281,0.982,1.2.826.0.1.3680043.8.498.20465639743494776386775574219405346857,19,4.4,1,True
1.2.826.0.1.3680043.8.498.67901792488494108577057563458320460313,mcl_centre,38.607,-31.634,-44.353,0.1061,0.969,1.2.826.0.1.3680043.8.498.12305889296427963457511115252977542047,30,3.7,1,True
1.2.826.0.1.3680043.8.498.67902658411525109462089381503197501728,mcl_centre,60.604,-50.927,-22.007,0.0939,1.054,1.2.826.0.1.3680043.8.498.10433021766432146182333975915714462589,30,3.3,1,True
1.2.826.0.1.3680043.8.498.67931702364673809781455566584550075686,mcl_centre,33.11,-23.459,1.446,0.0892,1.667,1.2.826.0.1.3680043.8.498.87048257105653539799129553702061383523,30,3.6,1,True
1.2.826.0.1.3680043.8.498.67941678374744711267840655419606994796,mcl_centre,-18.408,17.766,-47.374,0.108,1.113,1.2.826.0.1.3680043.8.498.10575049217717912059321427485538978120,30,3.6,1,True
1.2.826.0.1.3680043.8.498.67958551704692248657133951054036903879,mcl_centre,-45.292,-9.395,-38.356,0.0804,1.403,1.2.826.0.1.3680043.8.498.11201827604048943303444099811207690832,37,3.3,1,True
1.2.826.0.1.3680043.8.498.67981157392064878495682078197161506255,mcl_centre,-32.448,-0.306,-8.622,0.1031,1.18,1.2.826.0.1.3680043.8.498.14758551219936823540470816811539809767,24,4.0,1,True
1.2.826.0.1.3680043.8.498.67981539513814867568631217960473023750,mcl_centre,62.479,-11.764,-8.704,0.0814,0.978,1.2.826.0.1.3680043.8.498.74259354028490464049499064881665216550,35,3.3,1,True
1.2.826.0.1.3680043.8.498.68042422993686716523227090971667037309,mcl_centre,28.209,-25.594,-32.019,0.0943,0.726,1.2.826.0.1.3680043.8.498.11206885780396794680955852238237005903,23,4.95,1,True
1.2.826.0.1.3680043.8.498.68079818232244983808025467536454890669,mcl_centre,38.283,1.274,-31.468,0.0971,1.756,1.2.826.0.1.3680043.8.498.27734438161585311032803371130892501460,26,4.0,1,True
1.2.826.0.1.3680043.8.498.68098431505945078581285587720599762771,mcl_centre,-81.316,-60.699,-19.051,0.0975,1.27,1.2.826.0.1.3680043.8.498.17012437102052749790447173067534636682,28,4.0,1,True
1.2.826.0.1.3680043.8.498.68106879690636836695681159513106553666,mcl_centre,-36.699,-3.72,-9.601,0.096,1.905,1.2.826.0.1.3680043.8.498.98000712634920106541116999323121007423,33,4.0,1,True
1.2.826.0.1.3680043.8.498.68115220080063728900711167735074276147,mcl_centre,65.039,-53.1,0.607,0.1167,0.984,1.2.826.0.1.3680043.8.498.72454783953058519844740110840835845449,30,3.3,1,True
1.2.826.0.1.3680043.8.498.68131564130881160284492534203572971623,mcl_centre,66.615,-52.968,-3.665,0.0935,0.765,1.2.826.0.1.3680043.8.498.34618280583660839021123347870821919519,30,3.7,1,True
1.2.826.0.1.3680043.8.498.68142054543837964766571710567214307830,mcl_centre,42.343,-53.366,-27.923,0.0795,1.875,1.2.826.0.1.3680043.8.498.59158182347410791630365227942576604136,33,3.3,1,True
1.2.826.0.1.3680043.8.498.68158735450883179427440578190038002606,mcl_centre,-71.319,-57.118,-17.751,0.1122,1.447,1.2.826.0.1.3680043.8.498.48883170320480161291491402852410098989,30,3.3,1,True
1.2.826.0.1.3680043.8.498.68166103964518457268906879600985959436,mcl_centre,-43.289,-3.472,-23.881,0.0973,1.216,1.2.826.0.1.3680043.8.498.97127696300903741818912645701856335763,39,3.5,1,True
1.2.826.0.1.3680043.8.498.68168197665046786209369894696801397179,mcl_centre,-51.459,-37.587,-30.925,0.0741,1.01,1.2.826.0.1.3680043.8.498.76957950699604799925267549177459439178,32,3.9,1,True
1.2.826.0.1.3680043.8.498.68176786698913278568384612123261229708,mcl_centre,-44.25,-57.666,-7.45,0.0918,0.697,1.2.826.0.1.3680043.8.498.84591804477869694078117336353548551631,34,3.3,1,True
1.2.826.0.1.3680043.8.498.68219942161081583831276769978472014317,mcl_centre,-71.716,-42.057,-9.968,0.1051,3.011,1.2.826.0.1.3680043.8.498.57626307282839381544971633365766949248,30,3.3,1,True
1.2.826.0.1.3680043.8.498.68236154531625015457518732674625182872,mcl_centre,65.629,-20.512,-40.548,0.0891,0.872,1.2.826.0.1.3680043.8.498.75805061338041723144343107658778911745,30,3.3,1,True
1.2.826.0.1.3680043.8.498.68256141451764547710152696919981893952,mcl_centre,29.614,-43.45,-46.101,0.0913,0.766,1.2.826.0.1.3680043.8.498.95926720814544888975740539543417124339,36,3.51,1,True
1.2.826.0.1.3680043.8.498.68263925314265871578642679583159577645,mcl_centre,-80.811,-57.784,-12.595,0.0756,1.447,1.2.826.0.1.3680043.8.498.12241553563203853791005501041617283262,23,4.5,1,True
1.2.826.0.1.3680043.8.498.68264559730756309944466784364591509088,mcl_centre,60.539,-47.844,-33.353,0.1003,0.385,1.2.826.0.1.3680043.8.498.12331290755174969003349791468024886686,20,4.8,1,True
1.2.826.0.1.3680043.8.498.68304853223764870957854101604223809218,mcl_centre,-37.836,-35.764,-3.259,0.0865,1.173,1.2.826.0.1.3680043.8.498.10618941224376035088836131351920615999,25,4.95,1,True
1.2.826.0.1.3680043.8.498.68328371080087298795966933114044350359,mcl_centre,27.506,-12.548,-35.099,0.1277,0.819,1.2.826.0.1.3680043.8.498.52193817051294539804219237296004667503,28,3.6,1,True
1.2.826.0.1.3680043.8.498.68328948893840135511720724977892905019,mcl_centre,54.272,-11.123,-49.979,0.0798,65.669,1.2.826.0.1.3680043.8.498.95995937078382886363155842914949835995,30,3.6,1,True
1.2.826.0.1.3680043.8.498.68434116759606759586218589635360502038,mcl_centre,32.752,-9.216,-18.717,0.1048,0.658,1.2.826.0.1.3680043.8.498.12190767273216890810722745303577048494,36,3.3,1,True
1.2.826.0.1.3680043.8.498.68434323590918408241182252996136001891,mcl_centre,31.734,-19.956,-29.314,0.0946,1.38,1.2.826.0.1.3680043.8.498.80563937107187079057326182721476226952,34,3.0,1,True
1.2.826.0.1.3680043.8.498.68435927323644457286635872824563629385,mcl_centre,29.977,-18.307,-18.287,0.069,0.707,1.2.826.0.1.3680043.8.498.39171988588689109803487189041632312871,30,4.2,1,True
1.2.826.0.1.3680043.8.498.68442883836038453562548037358230921748,mcl_centre,60.0,-25.767,-76.904,0.0941,1.234,1.2.826.0.1.3680043.8.498.48524968192762532676589624998933048291,33,3.3,1,True
1.2.826.0.1.3680043.8.498.68448811873610037553554213141537599150,mcl_centre,43.593,-39.684,-22.825,0.0772,3.905,1.2.826.0.1.3680043.8.498.10888066608591233815586407556686265876,30,3.3,1,True
1.2.826.0.1.3680043.8.498.68504220056564878621959394439671931747,mcl_centre,45.589,-13.025,-23.14,0.0769,0.857,1.2.826.0.1.3680043.8.498.12125228732557727182389933108210414797,33,3.3,1,True
1.2.826.0.1.3680043.8.498.68524920268469128133836299591793117756,mcl_centre,-66.807,-58.99,-17.39,0.0947,0.773,1.2.826.0.1.3680043.8.498.68326579824620538267431345412823784805,30,3.5,1,True
1.2.826.0.1.3680043.8.498.68570907895010847368926943092385685462,mcl_centre,4.557,8.848,-17.044,0.1439,0.985,1.2.826.0.1.3680043.8.498.10188575428210815833215127531960602766,26,4.0,1,True
1.2.826.0.1.3680043.8.498.68576465611266620513305434082656807028,mcl_centre,58.45,-18.18,-13.789,0.0951,2.864,1.2.826.0.1.3680043.8.498.40716597214956572193006844695212941528,36,3.627,1,True
1.2.826.0.1.3680043.8.498.68578659816221770558506780445608768600,mcl_centre,-18.558,5.908,-24.552,0.1209,1.022,1.2.826.0.1.3680043.8.498.13665333981517191352574485837569319608,25,3.6,1,True
1.2.826.0.1.3680043.8.498.68593524008570334427931338225473487643,mcl_centre,-34.698,-60.046,-47.028,0.1205,1.42,1.2.826.0.1.3680043.8.498.13094809319194150034176903123094560290,19,4.6,1,True
1.2.826.0.1.3680043.8.498.68637419175382604890136839259344633105,mcl_centre,-56.94,6.3,-29.07,0.0869,0.653,1.2.826.0.1.3680043.8.498.61253494943679539913840879535993196878,28,3.3,1,True
1.2.826.0.1.3680043.8.498.68668620295929607459355154952035421306,mcl_centre,51.612,-56.494,-22.191,0.0957,0.477,1.2.826.0.1.3680043.8.498.28332041300272622043239168362653291447,32,3.3,1,True
1.2.826.0.1.3680043.8.498.68707023438918237611039069622720041636,mcl_centre,-49.889,-61.713,-38.23,0.1038,1.228,1.2.826.0.1.3680043.8.498.98053421081042463764749653424032645189,32,3.3,1,True
1.2.826.0.1.3680043.8.498.68740466085414970518655922465908223436,mcl_centre,-78.55,-62.285,28.393,0.0975,2.589,1.2.826.0.1.3680043.8.498.84211889204296844885158302103391350169,16,6.278,1,True
1.2.826.0.1.3680043.8.498.68744926735490285461495285547312308522,mcl_centre,70.54,-38.683,-31.476,0.1329,1.228,1.2.826.0.1.3680043.8.498.86179520084711768719113574274327912864,30,3.3,1,True
1.2.826.0.1.3680043.8.498.68769474672202195228430674317444754835,mcl_centre,70.692,-69.031,-26.731,0.0856,0.733,1.2.826.0.1.3680043.8.498.24982461566242329645366127653765611677,20,4.95,1,True
1.2.826.0.1.3680043.8.498.68777783869253673804970857981124324335,mcl_centre,29.354,-11.501,-30.299,0.0742,1.085,1.2.826.0.1.3680043.8.498.21654198182103929375916031853079004466,30,4.2,1,True
1.2.826.0.1.3680043.8.498.68799355386870083063665227055340582612,mcl_centre,-27.239,-1.143,12.882,0.1053,1.786,1.2.826.0.1.3680043.8.498.59619746317115151745138309598598200848,25,3.6,1,True
1.2.826.0.1.3680043.8.498.68806105227826942108149090508198910591,mcl_centre,36.146,-18.422,-45.271,0.0655,1.337,1.2.826.0.1.3680043.8.498.12411348686003715083417781390772840354,46,3.3,1,True
1.2.826.0.1.3680043.8.498.68862684196934468400953020419415008157,mcl_centre,-3.591,15.471,-25.784,0.0716,3.141,1.2.826.0.1.3680043.8.498.56413157321973387929839918876385440071,30,4.0,1,True
1.2.826.0.1.3680043.8.498.68919687595587004665658610968739852899,mcl_centre,-39.858,13.388,-0.652,0.0837,0.837,1.2.826.0.1.3680043.8.498.32689130449795275823116907458871647185,32,3.6,1,True
1.2.826.0.1.3680043.8.498.68931510756844060683643298583132884960,mcl_centre,-74.633,-68.947,-61.238,0.0697,60.26,1.2.826.0.1.3680043.8.498.37156462637824917293030539089052703493,23,4.5,1,True
1.2.826.0.1.3680043.8.498.68969263295435881669720950631709959471,mcl_centre,-37.914,-7.766,-62.24,0.0804,0.516,1.2.826.0.1.3680043.8.498.11318398718544701982892083112734200242,35,3.3,1,True
1.2.826.0.1.3680043.8.498.68971603226593154050514800137550171537,mcl_centre,-34.029,-88.7,2.482,0.0821,0.896,1.2.826.0.1.3680043.8.498.67797271774642704562401290964577702224,19,4.8,1,True
1.2.826.0.1.3680043.8.498.69002590469755721401448924002989552840,mcl_centre,41.498,-25.918,6.02,0.0877,1.975,1.2.826.0.1.3680043.8.498.50980167784734344345092820841039750913,30,3.6,1,True
1.2.826.0.1.3680043.8.498.69033651423155214548081618535669641812,mcl_centre,-42.079,-45.941,-12.052,0.0907,0.615,1.2.826.0.1.3680043.8.498.13146435665213410430853628205422558754,36,3.3,1,True
1.2.826.0.1.3680043.8.498.69077351372476086930472412978307038819,mcl_centre,3.037,-2.778,-16.482,0.1005,1.524,1.2.826.0.1.3680043.8.498.32163952244093092703082130355714704791,32,3.6,1,True
1.2.826.0.1.3680043.8.498.69131433601281694165384475765166382765,mcl_centre,37.159,-34.476,-7.223,0.1096,2.604,1.2.826.0.1.3680043.8.498.93607901497214621908611144543677093783,22,4.95,1,True
1.2.826.0.1.3680043.8.498.69141410772327587821159027820329185006,mcl_centre,41.984,-45.861,-27.443,0.0997,0.693,1.2.826.0.1.3680043.8.498.32864493543185905176033380422131332564,32,3.3,1,True
1.2.826.0.1.3680043.8.498.69156800026549034619316278954442147703,mcl_centre,-75.397,-49.76,-15.963,0.0962,1.362,1.2.826.0.1.3680043.8.498.77302951126851460495729794069452787593,30,3.3,1,True
1.2.826.0.1.3680043.8.498.69212713525853754921729012449897924087,mcl_centre,-85.553,-44.021,-24.951,0.1004,0.55,1.2.826.0.1.3680043.8.498.11305867493551337986909659208456872525,26,4.0,1,True
1.2.826.0.1.3680043.8.498.69236835611860340913671698884308946455,mcl_centre,-73.441,-19.175,-7.965,0.0808,1.084,1.2.826.0.1.3680043.8.498.63569073991575594021866948264193328548,36,3.3,1,True
1.2.826.0.1.3680043.8.498.69260280362382086729793018979234418276,mcl_centre,-68.43,-28.426,-48.636,0.0698,1.501,1.2.826.0.1.3680043.8.498.84353246355257058161186088492165415747,38,3.3,1,True
1.2.826.0.1.3680043.8.498.69267821440055811776827497076481587198,mcl_centre,-76.197,-9.198,-22.859,0.0794,1.62,1.2.826.0.1.3680043.8.498.10726881629427324222207954820010850001,36,3.5,1,True
1.2.826.0.1.3680043.8.498.69311065409015951283858403030798356475,mcl_centre,40.971,-32.491,-26.211,0.0898,0.94,1.2.826.0.1.3680043.8.498.29880260708218384726750211100161120881,32,3.3,1,True
1.2.826.0.1.3680043.8.498.69392348385274125385290015404144639002,mcl_centre,84.727,-58.461,-7.635,0.0962,0.669,1.2.826.0.1.3680043.8.498.11123390324500982887746672322677258218,18,5.188,1,True
1.2.826.0.1.3680043.8.498.69397705155385306818511499752200941968,mcl_centre,-25.894,20.229,-55.686,0.1045,0.954,1.2.826.0.1.3680043.8.498.56468774059928214906209521160959754051,28,4.2,1,True
1.2.826.0.1.3680043.8.498.69411539430142524612470544041263824359,mcl_centre,51.529,-40.037,-44.21,0.1346,1.001,1.2.826.0.1.3680043.8.498.80495686179634380336525829322837432802,30,3.3,1,True
1.2.826.0.1.3680043.8.498.69417319234704516520173921900954337376,mcl_centre,-45.348,-35.275,-7.653,0.1361,0.701,1.2.826.0.1.3680043.8.498.53016360277447804283427480008805327667,25,3.6,1,True
1.2.826.0.1.3680043.8.498.69429384137362531712760113705595820981,mcl_centre,43.27,-13.579,-3.692,0.1056,1.408,1.2.826.0.1.3680043.8.498.66770562016850922743811782912835463873,30,3.3,1,True
1.2.826.0.1.3680043.8.498.69470130842235635628917024269527211321,mcl_centre,35.253,-5.084,-13.579,0.0863,0.629,1.2.826.0.1.3680043.8.498.12529679629965514213703895977841771318,30,3.3,1,True
1.2.826.0.1.3680043.8.498.69495014653333523580255444915082056825,mcl_centre,19.199,-41.351,-21.491,0.0909,0.62,1.2.826.0.1.3680043.8.498.57731545071681601512295232223451053036,30,3.7,1,True
1.2.826.0.1.3680043.8.498.69514709065182531331987458626496800737,mcl_centre,39.213,40.505,-40.421,0.0731,2.78,1.2.826.0.1.3680043.8.498.28668754214310116003106926651297272584,28,3.7,1,True
1.2.826.0.1.3680043.8.498.69544085715595825083308172629360899339,mcl_centre,21.59,-9.182,-15.309,0.0631,1.034,1.2.826.0.1.3680043.8.498.51436930038024226595498130680929333761,32,3.3,1,True
1.2.826.0.1.3680043.8.498.69596668032633976121623939445795750384,mcl_centre,-63.679,-75.202,19.306,0.0803,2.109,1.2.826.0.1.3680043.8.498.12379176500307849154115011593260311076,30,4.5,1,True
1.2.826.0.1.3680043.8.498.69632034454628807663252084651278084839,mcl_centre,62.579,-54.427,-39.568,0.1035,1.913,1.2.826.0.1.3680043.8.498.10435077214403290782535184882625619919,31,3.3,1,True
1.2.826.0.1.3680043.8.498.69635429172929809539574727887787303282,mcl_centre,-59.663,-52.191,4.829,0.095,2.354,1.2.826.0.1.3680043.8.498.22763872061269704141709213169006750732,30,3.45,1,True
1.2.826.0.1.3680043.8.498.69654898267139720912940475772303404772,mcl_centre,63.849,-45.683,-10.282,0.1351,0.931,1.2.826.0.1.3680043.8.498.12281331509312291715468758188201900965,18,5.024,1,True
1.2.826.0.1.3680043.8.498.69665129458102359604411189244405850661,mcl_centre,-35.719,-47.419,-11.486,0.1018,0.659,1.2.826.0.1.3680043.8.498.80471485491050189066622321437479256159,34,3.3,1,True
1.2.826.0.1.3680043.8.498.69673283369917182409597968479300552579,mcl_centre,-44.307,-54.317,-12.59,0.0793,0.669,1.2.826.0.1.3680043.8.498.25525249641878376913328103502443033149,34,3.3,1,True
1.2.826.0.1.3680043.8.498.69717507929047897681405659943474469018,mcl_centre,-62.186,-17.809,-51.152,0.1032,2.213,1.2.826.0.1.3680043.8.498.87232920599237877561900363672024515410,26,3.5,1,True
1.2.826.0.1.3680043.8.498.69729903409900053570304330127687235813,mcl_centre,-67.661,-37.574,-10.948,0.0908,2.097,1.2.826.0.1.3680043.8.498.13247527567455651613100327193870866488,30,3.3,1,True
1.2.826.0.1.3680043.8.498.69730556680449158538173708009262014812,mcl_centre,28.593,-84.734,-41.955,0.0974,0.917,1.2.826.0.1.3680043.8.498.12877681046585985878641929588965669389,19,4.4,1,True
1.2.826.0.1.3680043.8.498.69755849784902271124335765927125722483,mcl_centre,51.968,-25.301,-20.02,0.0601,0.549,1.2.826.0.1.3680043.8.498.93679428734422453756283541625385307333,38,3.3,1,True
1.2.826.0.1.3680043.8.498.69828573582708185393942443598783108800,mcl_centre,-31.826,40.9,-15.615,0.0625,0.992,1.2.826.0.1.3680043.8.498.27095533014852237397037677143458138573,30,3.5,1,True
1.2.826.0.1.3680043.8.498.69846596572083911408018130524077120494,mcl_centre,60.798,22.808,-32.914,0.1119,1.722,1.2.826.0.1.3680043.8.498.10784545760206952221334296395258457482,40,3.5,1,True
1.2.826.0.1.3680043.8.498.69917156795941398965793962392683899162,mcl_centre,-79.626,-68.95,-33.48,0.0669,1.327,1.2.826.0.1.3680043.8.498.12017823061839340015036896379736910345,16,6.715,1,True
1.2.826.0.1.3680043.8.498.69930569170269472474738549886709596023,mcl_centre,-37.675,-118.107,-55.553,0.119,2.099,1.2.826.0.1.3680043.8.498.13009575392343898663648687738496202529,19,5.4,1,True
1.2.826.0.1.3680043.8.498.69954533310505596128507234525019777805,mcl_centre,-27.515,-9.549,-61.65,0.0942,0.792,1.2.826.0.1.3680043.8.498.10444593442885241053099863268327561494,33,3.6,1,True
1.2.826.0.1.3680043.8.498.70124572708965486791612654433965515063,mcl_centre,68.476,-52.079,-27.932,0.1247,1.615,1.2.826.0.1.3680043.8.498.12494846540080284653897362124520350683,21,4.4,1,True
1.2.826.0.1.3680043.8.498.70125113032990356507120856030706104508,mcl_centre,45.084,-44.288,-58.174,0.0802,1.785,1.2.826.0.1.3680043.8.498.12710488366033404406081667014401062590,19,4.4,1,True
1.2.826.0.1.3680043.8.498.70129413051088864999976563404818211137,mcl_centre,-89.627,-22.76,-47.53,0.0662,0.811,1.2.826.0.1.3680043.8.498.12246908797370365702062481912839091134,38,3.5,1,True
1.2.826.0.1.3680043.8.498.70204818275951821519024007466988533363,mcl_centre,65.499,-50.602,-14.668,0.1233,0.768,1.2.826.0.1.3680043.8.498.11551890234651767562262658910182020734,30,3.3,1,True
1.2.826.0.1.3680043.8.498.70212141059019236877414201247791694101,mcl_centre,69.37,-45.738,-38.451,0.1138,1.658,1.2.826.0.1.3680043.8.498.32564343371137038832769746390700352721,30,3.7,1,True
1.2.826.0.1.3680043.8.498.70271042033022764422915852922035168712,mcl_centre,11.63,-5.34,-28.773,0.1098,1.46,1.2.826.0.1.3680043.8.498.16572384663618107886141903555644354890,30,3.3,1,True
1.2.826.0.1.3680043.8.498.70291739279544255146458190540233023337,mcl_centre,56.919,-21.841,-46.352,0.095,68.356,1.2.826.0.1.3680043.8.498.56528159242014061154539351958538930207,25,4.5,1,True
1.2.826.0.1.3680043.8.498.70310162525433830894324495692973986063,mcl_centre,4.305,5.102,-11.905,0.1857,2.885,1.2.826.0.1.3680043.8.498.11738867776084815778225875949338278311,15,6.0,1,True
1.2.826.0.1.3680043.8.498.70310491987092072540988486213408328865,mcl_centre,-29.756,53.984,-22.449,0.0744,2.698,1.2.826.0.1.3680043.8.498.94571781280254513538844529059251263903,34,3.5,1,True
1.2.826.0.1.3680043.8.498.70358024114589255428192032298530338260,mcl_centre,-63.347,-41.555,-6.084,0.1237,0.916,1.2.826.0.1.3680043.8.498.12463226244289001326845236068451643347,30,3.5,1,True
1.2.826.0.1.3680043.8.498.70375834273924102402706635540898552043,mcl_centre,-28.57,-9.154,-37.027,0.0819,2.631,1.2.826.0.1.3680043.8.498.55591315804043779827638854272996354654,24,4.0,1,True
1.2.826.0.1.3680043.8.498.70409266114961050236894235887802126808,mcl_centre,-62.088,-16.297,-41.716,0.0919,0.759,1.2.826.0.1.3680043.8.498.11023591160051492621081843451896335839,38,3.3,1,True
1.2.826.0.1.3680043.8.498.70427947434642957729711329062828233047,mcl_centre,36.599,-20.912,-0.042,0.0901,1.641,1.2.826.0.1.3680043.8.498.48636903289741796663687200141056824751,38,3.3,1,True
1.2.826.0.1.3680043.8.498.70435722790459313233345196619727661231,mcl_centre,-84.88,-71.623,-28.11,0.0873,1.561,1.2.826.0.1.3680043.8.498.68339479344564394993933502049673133772,23,4.5,1,True
1.2.826.0.1.3680043.8.498.70464717849928808075676221329034929056,mcl_centre,-69.645,-46.495,-10.387,0.0986,0.555,1.2.826.0.1.3680043.8.498.60076817889153394011669380526317678243,30,3.3,1,True
1.2.826.0.1.3680043.8.498.70471859687546886677145171619638581757,mcl_centre,-51.93,-43.795,-6.03,0.0899,0.604,1.2.826.0.1.3680043.8.498.81924461817707081378595207921358755818,30,3.3,1,True
1.2.826.0.1.3680043.8.498.70478068758081824347762712452252763894,mcl_centre,35.092,-18.289,-47.153,0.0833,0.996,1.2.826.0.1.3680043.8.498.15811496096376163244593675490601862815,38,3.3,1,True
1.2.826.0.1.3680043.8.498.70507536279875475164400849670959748314,mcl_centre,68.063,-56.698,16.775,0.0941,0.818,1.2.826.0.1.3680043.8.498.30391891915219476985292348600311986237,32,3.45,1,True
1.2.826.0.1.3680043.8.498.70531311408047627903498280968772932092,mcl_centre,-110.092,-18.491,-33.541,0.1359,0.541,1.2.826.0.1.3680043.8.498.53948157328838412670696388585867253363,19,4.4,1,True
1.2.826.0.1.3680043.8.498.70532653867267627708152426358320452518,mcl_centre,-57.538,1.821,-12.579,0.0941,0.941,1.2.826.0.1.3680043.8.498.12982569745481481497755795457518926712,28,3.3,1,True
1.2.826.0.1.3680043.8.498.70609649448269244608860767754947143395,mcl_centre,-71.075,-25.268,-11.578,0.1001,1.257,1.2.826.0.1.3680043.8.498.97645275162293575397932890279699789873,25,4.5,1,True
1.2.826.0.1.3680043.8.498.70674155597869824035214737999044110827,mcl_centre,-68.538,-46.017,-4.233,0.0665,1.067,1.2.826.0.1.3680043.8.498.64794562198820926519976649228834975370,39,3.54,1,True
1.2.826.0.1.3680043.8.498.70691305452244378255646875206864340458,mcl_centre,31.907,-25.611,-1.394,0.0978,2.316,1.2.826.0.1.3680043.8.498.89944518003787665217253365897105803779,38,3.6,1,True
1.2.826.0.1.3680043.8.498.70705483212961922828901596159131697717,mcl_centre,-46.022,1.69,-14.062,0.0941,0.681,1.2.826.0.1.3680043.8.498.29719603971948529483171667645560469184,26,4.0,1,True
1.2.826.0.1.3680043.8.498.70796360440320543674384511859375295769,mcl_centre,41.091,-49.002,-3.338,0.115,1.511,1.2.826.0.1.3680043.8.498.54621649024391963924861102301751035243,34,3.3,1,True
1.2.826.0.1.3680043.8.498.70829434408808897601630953382239533220,mcl_centre,45.162,-46.782,-45.656,0.1019,0.777,1.2.826.0.1.3680043.8.498.27370954885415550020028787037145338748,32,3.3,1,True
1.2.826.0.1.3680043.8.498.70831735578941318362881379802693293952,mcl_centre,-52.206,-54.742,-27.053,0.0555,2.146,1.2.826.0.1.3680043.8.498.13175278840317707505173842156687669707,19,4.8,1,True
1.2.826.0.1.3680043.8.498.70865607713855272648070757909359669526,mcl_centre,42.344,-3.788,-59.093,0.1506,1.118,1.2.826.0.1.3680043.8.498.61134968267567828084017611087499501194,27,3.6,1,True
1.2.826.0.1.3680043.8.498.70873330457307886117949106432465978541,mcl_centre,-68.586,-47.634,-7.868,0.0868,1.039,1.2.826.0.1.3680043.8.498.64203575357997538753648790486469543314,30,3.3,1,True
1.2.826.0.1.3680043.8.498.70877157427595288430686609728186100169,mcl_centre,-44.191,39.181,-15.852,0.0843,4.567,1.2.826.0.1.3680043.8.498.39230937878290404796890438882091736861,33,3.5,1,True
1.2.826.0.1.3680043.8.498.70880546533848103776823598726224805522,mcl_centre,-45.153,-3.968,1.75,0.0808,1.104,1.2.826.0.1.3680043.8.498.99357252320762904965004914243045814800,30,3.3,1,True
1.2.826.0.1.3680043.8.498.70909154434106251910698870110315237266,mcl_centre,36.911,-29.422,-20.047,0.1033,1.745,1.2.826.0.1.3680043.8.498.68924390109439410258520854040298411935,30,3.6,1,True
1.2.826.0.1.3680043.8.498.70913971933753517251340687745718346828,mcl_centre,-83.552,-35.925,-9.232,0.0771,0.413,1.2.826.0.1.3680043.8.498.43234646107871428776067544325360266579,42,3.3,1,True
1.2.826.0.1.3680043.8.498.70918221697435256352088727172904502068,mcl_centre,-47.713,-6.24,2.059,0.0711,1.179,1.2.826.0.1.3680043.8.498.32864629002975889481070946122500601855,33,3.3,1,True
1.2.826.0.1.3680043.8.498.70931245733460964524244528230239226104,mcl_centre,75.557,-47.903,-38.131,0.137,1.245,1.2.826.0.1.3680043.8.498.49871247270773184845232115619634014874,30,3.5,1,True
1.2.826.0.1.3680043.8.498.70931968429039283348328653687636803315,mcl_centre,-67.35,7.488,-34.063,0.0877,1.65,1.2.826.0.1.3680043.8.498.78833391589772788456322771447658736245,28,4.5,1,True
1.2.826.0.1.3680043.8.498.70948162965271404678418299669321564765,mcl_centre,-84.671,-46.578,-15.864,0.0688,1.027,1.2.826.0.1.3680043.8.498.38422327977131686393128916683702234453,30,3.3,1,True
1.2.826.0.1.3680043.8.498.70955936086115471632446529979621948261,mcl_centre,-40.351,-27.815,-7.569,0.1071,0.973,1.2.826.0.1.3680043.8.498.30635523407530082570020678105139962959,32,3.3,1,True
1.2.826.0.1.3680043.8.498.70966951020892708303866968206211604316,mcl_centre,-66.292,-31.477,-37.043,0.093,1.085,1.2.826.0.1.3680043.8.498.90976049583701982222747711366528302686,22,5.5,1,True
1.2.826.0.1.3680043.8.498.70984418257970716669463829979819981861,mcl_centre,23.949,-41.838,-11.32,0.0775,1.472,1.2.826.0.1.3680043.8.498.77142502477464231402497515325636635770,28,3.6,1,True
1.2.826.0.1.3680043.8.498.71001339006150287453095055802545712130,mcl_centre,46.744,-19.802,-11.095,0.0924,0.974,1.2.826.0.1.3680043.8.498.11646421773246336021238000181955568791,36,3.3,1,True
1.2.826.0.1.3680043.8.498.71047916312801688293181464016099792199,mcl_centre,-60.729,-40.153,-17.36,0.0926,1.359,1.2.826.0.1.3680043.8.498.42897932098095457440809124781733018052,20,5.0,1,True
1.2.826.0.1.3680043.8.498.71063550263564056105844586167361750567,mcl_centre,-73.407,-53.266,-25.464,0.0944,1.013,1.2.826.0.1.3680043.8.498.76779689607737769931634552010691306358,30,3.3,1,True
1.2.826.0.1.3680043.8.498.71084400653875583977681616665093993652,mcl_centre,48.663,-61.266,4.986,0.1034,1.154,1.2.826.0.1.3680043.8.498.98632478212259826661835454991793027692,32,3.3,1,True
1.2.826.0.1.3680043.8.498.71157888664602228768823145752952837565,mcl_centre,37.083,-11.446,-4.225,0.0924,1.989,1.2.826.0.1.3680043.8.498.48670945610118098428419983477095366926,22,4.4,1,True
1.2.826.0.1.3680043.8.498.71180975285730441100082825359032677931,mcl_centre,-77.073,-35.808,-38.616,0.1253,1.472,1.2.826.0.1.3680043.8.498.11108618727209009321224346577603029752,28,3.7,1,True
1.2.826.0.1.3680043.8.498.71262022207903748073532915013888861999,mcl_centre,70.8,-33.465,-39.637,0.0992,0.799,1.2.826.0.1.3680043.8.498.50062699084829342820856592482266447942,25,4.5,1,True
1.2.826.0.1.3680043.8.498.71311031275189592818091380416268522846,mcl_centre,-49.572,-45.549,14.302,0.1007,1.315,1.2.826.0.1.3680043.8.498.16737189948485540924654207237622600481,32,3.3,1,True
1.2.826.0.1.3680043.8.498.71355457409240695394093233905149541215,mcl_centre,75.0,-36.996,-27.36,0.1038,0.523,1.2.826.0.1.3680043.8.498.62230538901567687350070877175092375661,30,3.3,1,True
1.2.826.0.1.3680043.8.498.71388532549899713881913113571627425347,mcl_centre,-39.839,-16.561,8.506,0.0944,0.486,1.2.826.0.1.3680043.8.498.10903895544145404027819568310223008735,30,3.6,1,True
1.2.826.0.1.3680043.8.498.71405492944866967669069984757332849184,mcl_centre,29.43,-15.724,15.561,0.1131,0.922,1.2.826.0.1.3680043.8.498.21212884728324040686026100556156210188,30,3.6,1,True
1.2.826.0.1.3680043.8.498.71507059468810869004142324822642900237,mcl_centre,-36.964,-11.033,9.099,0.0809,0.714,1.2.826.0.1.3680043.8.498.67220440302128360381009998580308207382,30,3.6,1,True
1.2.826.0.1.3680043.8.498.71622107620007706778976946784787365505,mcl_centre,-28.337,8.93,-51.147,0.0843,1.878,1.2.826.0.1.3680043.8.498.19092188268997525116568396533639656682,35,3.6,1,True
1.2.826.0.1.3680043.8.498.71636001534145439773297498405674521629,mcl_centre,68.023,-73.908,46.842,0.0896,1.104,1.2.826.0.1.3680043.8.498.44737592293067613729981006184946160660,34,3.5,1,True
1.2.826.0.1.3680043.8.498.71660070729774772658965427776586988585,mcl_centre,-85.394,-9.859,-26.69,0.0679,56.173,1.2.826.0.1.3680043.8.498.78334095919119619742846735319334675861,32,3.3,1,True
1.2.826.0.1.3680043.8.498.71671013221669628598634284971059228267,mcl_centre,-31.863,-13.969,-49.804,0.1169,3.608,1.2.826.0.1.3680043.8.498.81853051453571777751048765075392339410,25,3.6,1,True
1.2.826.0.1.3680043.8.498.71686717249431292334159336816742076478,mcl_centre,60.549,-5.454,-46.334,0.0625,64.809,1.2.826.0.1.3680043.8.498.73291801040048033423780528212410430956,32,3.3,1,True
1.2.826.0.1.3680043.8.498.71688651674041466985305836912343513997,mcl_centre,41.784,-27.362,-20.437,0.0736,0.743,1.2.826.0.1.3680043.8.498.35449707386100049389946541384814271493,35,3.3,1,True
1.2.826.0.1.3680043.8.498.71701484984624141610445774249629295610,mcl_centre,30.396,-17.429,-19.828,0.0691,1.332,1.2.826.0.1.3680043.8.498.99206855316961800031103786874279710359,35,3.3,1,True
1.2.826.0.1.3680043.8.498.71707317731065645278250956442336515504,mcl_centre,-64.451,-54.553,-12.133,0.107,1.021,1.2.826.0.1.3680043.8.498.87784033772506347488656043122518240500,30,3.5,1,True
1.2.826.0.1.3680043.8.498.71709477515434076105531625950744135656,mcl_centre,97.962,-51.919,-35.466,0.0766,59.296,1.2.826.0.1.3680043.8.498.11974346613226283352078518242962824791,21,4.5,1,True
1.2.826.0.1.3680043.8.498.71736046309441396676679830874326797437,mcl_centre,-42.252,-10.993,-35.367,0.0714,0.784,1.2.826.0.1.3680043.8.498.57364844271929320531179673853700323881,32,3.51,1,True
1.2.826.0.1.3680043.8.498.71744523263023933066263506201344989825,mcl_centre,72.892,-31.774,-32.8,0.1054,1.111,1.2.826.0.1.3680043.8.498.22092008617067701124815413667030562623,30,3.7,1,True
1.2.826.0.1.3680043.8.498.71749507378205349451480318735471291366,mcl_centre,60.908,63.779,-60.644,0.0781,0.833,1.2.826.0.1.3680043.8.498.10118319101055882198804872896810149125,30,3.7,1,True
1.2.826.0.1.3680043.8.498.71753603955749189961638324806586359888,mcl_centre,-43.419,-69.839,-6.608,0.0834,0.686,1.2.826.0.1.3680043.8.498.73546300848381157447270075821957572520,19,4.6,1,True
1.2.826.0.1.3680043.8.498.71766161038805688022754893134126528749,mcl_centre,-60.193,-44.625,16.919,0.0777,1.318,1.2.826.0.1.3680043.8.498.54142391633575244084662223909375403384,30,3.45,1,True
1.2.826.0.1.3680043.8.498.71792468450491064417953341293663396190,mcl_centre,19.73,-16.652,-22.406,0.0705,1.394,1.2.826.0.1.3680043.8.498.27854700018866795365462550698145170069,30,4.2,1,True
1.2.826.0.1.3680043.8.498.71814919885777053270239861047114794237,mcl_centre,-38.193,-19.842,1.623,0.0779,1.993,1.2.826.0.1.3680043.8.498.87003320539702170106596904541917806743,30,3.6,1,True
1.2.826.0.1.3680043.8.498.71830371861099586573789550797712053914,mcl_centre,40.154,-47.752,-30.433,0.1311,0.948,1.2.826.0.1.3680043.8.498.23264846995701567467288938666324098421,19,4.4,1,True
1.2.826.0.1.3680043.8.498.71836684300308056297405632410209248276,mcl_centre,45.543,-9.562,-29.936,0.0859,3.106,1.2.826.0.1.3680043.8.498.61003067951810139994188165410692622283,32,3.3,1,True
1.2.826.0.1.3680043.8.498.71866327348775269043047475658220220525,mcl_centre,-63.353,-47.864,-27.664,0.1043,0.582,1.2.826.0.1.3680043.8.498.15776442834014620829960104396949165032,30,3.3,1,True
1.2.826.0.1.3680043.8.498.71898908031968158312013185809213669768,mcl_centre,29.231,-34.226,1.783,0.1093,0.864,1.2.826.0.1.3680043.8.498.20619109218829230951629272369875083370,38,3.3,1,True
1.2.826.0.1.3680043.8.498.71899370657875960028369229847153071577,mcl_centre,86.822,-11.682,-28.071,0.0689,2.582,1.2.826.0.1.3680043.8.498.32580068542548579218956124639884988739,36,3.3,1,True
1.2.826.0.1.3680043.8.498.71901039762584748047172479049347609017,mcl_centre,-57.23,-10.337,-92.388,0.076,1.959,1.2.826.0.1.3680043.8.498.44229886713623082812345525267554549129,24,5.0,1,True
1.2.826.0.1.3680043.8.498.71985417286226511458068110832784023627,mcl_centre,44.737,-7.366,-12.163,0.1183,1.285,1.2.826.0.1.3680043.8.498.65253850972964130075240975376558182190,32,3.3,1,True
1.2.826.0.1.3680043.8.498.72008869367139958325145888733651022033,mcl_centre,31.714,-10.474,-10.193,0.0751,1.255,1.2.826.0.1.3680043.8.498.73785580098879090527635695101860249619,32,3.3,1,True
1.2.826.0.1.3680043.8.498.72017096768214637927798648334301077145,mcl_centre,70.629,-45.447,-13.238,0.0946,1.433,1.2.826.0.1.3680043.8.498.92305950383832825374542810628878140033,32,3.3,1,True
1.2.826.0.1.3680043.8.498.72018602547183896629903902899903468287,mcl_centre,57.263,-64.521,-18.045,0.1195,2.562,1.2.826.0.1.3680043.8.498.10077875530578967644311474218291364422,19,4.4,1,True
1.2.826.0.1.3680043.8.498.72023797276837219152365428999317131110,mcl_centre,26.393,-9.242,-34.538,0.1351,1.326,1.2.826.0.1.3680043.8.498.61444039411932138727543006887582774060,28,3.6,1,True
1.2.826.0.1.3680043.8.498.72095214441332094906401331319197122529,mcl_centre,-45.73,-32.331,-37.334,0.0823,0.924,1.2.826.0.1.3680043.8.498.95058965298993768473305425866050807021,32,3.3,1,True
1.2.826.0.1.3680043.8.498.72159028826938094045309841541333724597,mcl_centre,34.758,8.753,15.065,0.0869,1.794,1.2.826.0.1.3680043.8.498.37216112168491137221108352607345413303,34,3.5,1,True
1.2.826.0.1.3680043.8.498.72172265826902387784016098389863005666,mcl_centre,-52.081,-32.964,-20.943,0.0844,2.193,1.2.826.0.1.3680043.8.498.90026069994741965529674002971638914198,40,3.3,1,True
1.2.826.0.1.3680043.8.498.72182847112910012489603688436912469641,mcl_centre,-41.171,-17.976,-11.097,0.0683,1.391,1.2.826.0.1.3680043.8.498.17420438223912535649246031505223769847,35,3.3,1,True
1.2.826.0.1.3680043.8.498.72185504245484151161044972024469667666,mcl_centre,-35.326,-22.933,-14.69,0.1151,1.871,1.2.826.0.1.3680043.8.498.29898964938187128508839108021976744154,28,3.7,1,True
1.2.826.0.1.3680043.8.498.72191353854496806844040272237700346774,mcl_centre,80.216,-61.406,-17.945,0.0862,1.275,1.2.826.0.1.3680043.8.498.10791491432226042488570455620442780344,37,3.3,1,True
1.2.826.0.1.3680043.8.498.72237065473467452226073540784070938342,mcl_centre,52.39,36.033,9.051,0.0602,1.611,1.2.826.0.1.3680043.8.498.31022815089100748256075619266120072305,28,4.4,1,True
1.2.826.0.1.3680043.8.498.72248728319398595146365363062799556637,mcl_centre,47.728,-22.391,-2.624,0.1085,0.812,1.2.826.0.1.3680043.8.498.10204287106088932285079510282573548756,30,3.3,1,True
1.2.826.0.1.3680043.8.498.72252601583562621620422058467969183753,mcl_centre,-39.45,-38.883,-2.021,0.0916,0.968,1.2.826.0.1.3680043.8.498.65266215631659597961698059413326392226,32,3.3,1,True
1.2.826.0.1.3680043.8.498.72255181548595299889516400134053439401,mcl_centre,-40.53,-12.873,-22.222,0.0672,0.676,1.2.826.0.1.3680043.8.498.57636828351303793369267097342555623084,34,3.3,1,True
1.2.826.0.1.3680043.8.498.72270915206075693056344475438055463113,mcl_centre,-70.616,-31.126,-5.644,0.0555,1.934,1.2.826.0.1.3680043.8.498.28105566009145756793454200338184006657,25,4.5,1,True
1.2.826.0.1.3680043.8.498.72276631472244076773626607623783737687,mcl_centre,-32.518,-18.872,-12.645,0.0997,0.636,1.2.826.0.1.3680043.8.498.78081851681076122945656314547096716902,30,3.45,1,True
1.2.826.0.1.3680043.8.498.72313325634455670216423864504103231505,mcl_centre,-40.148,-15.227,-81.759,0.0648,0.704,1.2.826.0.1.3680043.8.498.35382315677878679643758133866889984729,35,3.3,1,True
1.2.826.0.1.3680043.8.498.72342425990274562150756501476989691572,mcl_centre,73.334,-33.089,-32.032,0.1024,0.993,1.2.826.0.1.3680043.8.498.22381091527749503825098291514415530840,30,3.5,1,True
1.2.826.0.1.3680043.8.498.72368645606329000923061796699431437924,mcl_centre,-76.403,-57.022,-22.582,0.1116,1.026,1.2.826.0.1.3680043.8.498.34665788267313510182714468906340921374,16,4.417,1,True
1.2.826.0.1.3680043.8.498.72375103774239787721371778221019402834,mcl_centre,-50.864,-42.112,-19.038,0.0882,1.215,1.2.826.0.1.3680043.8.498.56735010118341192858939466354489441056,30,3.6,1,True
1.2.826.0.1.3680043.8.498.72395496925770440630088720587484704971,mcl_centre,78.681,-55.468,-47.533,0.0803,0.955,1.2.826.0.1.3680043.8.498.57023572950068060909730125543988922989,23,4.5,1,True
1.2.826.0.1.3680043.8.498.72453426317225885428514595399496580896,mcl_centre,-70.2,27.846,-30.879,0.1195,1.134,1.2.826.0.1.3680043.8.498.86443933126134588348489337947785581953,18,4.5,1,True
1.2.826.0.1.3680043.8.498.72494404099796908482534991590660770670,mcl_centre,35.161,-34.357,-34.107,0.1,1.835,1.2.826.0.1.3680043.8.498.64372228521266653941259639941815202071,24,4.5,1,True
1.2.826.0.1.3680043.8.498.72495590491484814220060275823761767516,mcl_centre,-88.391,-16.034,-39.577,0.0674,1.553,1.2.826.0.1.3680043.8.498.80598039880021619635036189481505239342,25,5.0,1,True
1.2.826.0.1.3680043.8.498.72495677804641720406765749568114476096,mcl_centre,40.996,-4.243,-10.445,0.0867,2.59,1.2.826.0.1.3680043.8.498.55538903764787013012410334725936834829,38,3.6,1,True
1.2.826.0.1.3680043.8.498.72547312490317214326791189007411860203,mcl_centre,-76.953,-50.941,9.33,0.1147,0.786,1.2.826.0.1.3680043.8.498.34296781286778338547502085931927110278,18,4.706,1,True
1.2.826.0.1.3680043.8.498.72576069358772864331810785663326683534,mcl_centre,-39.717,-29.124,-12.237,0.0966,0.907,1.2.826.0.1.3680043.8.498.68236148938113394006054257940628943843,30,3.6,1,True
1.2.826.0.1.3680043.8.498.72587440202779699193620339987034971895,mcl_centre,-65.097,-4.783,-12.605,0.0727,1.439,1.2.826.0.1.3680043.8.498.95414606418229087353190403478173011139,39,3.3,1,True
1.2.826.0.1.3680043.8.498.72653666963736486779382314125782779004,mcl_centre,37.032,-10.944,-10.346,0.0695,1.069,1.2.826.0.1.3680043.8.498.11516913007870612196790347621945352859,32,3.3,1,True
1.2.826.0.1.3680043.8.498.72680485820462987585370556994612687540,mcl_centre,-18.04,3.721,-30.931,0.1039,0.872,1.2.826.0.1.3680043.8.498.64633179199518212558497804493312217849,27,3.6,1,True
1.2.826.0.1.3680043.8.498.72697172162233919540021967137047646179,mcl_centre,44.872,-29.999,-56.459,0.1157,1.303,1.2.826.0.1.3680043.8.498.12378593761169618943083904156459210569,24,3.3,1,True
1.2.826.0.1.3680043.8.498.72740499664060575780267947543695605585,mcl_centre,-39.006,-22.898,-10.878,0.0977,0.575,1.2.826.0.1.3680043.8.498.82851172455284618768349877822670756434,28,4.2,1,True
1.2.826.0.1.3680043.8.498.72771360268592017354044657882090174639,mcl_centre,34.263,0.469,-19.403,0.0849,1.173,1.2.826.0.1.3680043.8.498.11521291817852373760747081888230966355,32,3.3,1,True
1.2.826.0.1.3680043.8.498.72781608662300877077691853670862414309,mcl_centre,-7.049,-38.405,-15.35,0.0957,0.68,1.2.826.0.1.3680043.8.498.79070831684334097532761270893405461049,27,3.3,1,True
1.2.826.0.1.3680043.8.498.72786773761211751423503785260617678955,mcl_centre,-83.036,-65.306,-2.795,0.0656,62.18,1.2.826.0.1.3680043.8.498.12995764750753504297371596947910785520,30,3.3,1,True
1.2.826.0.1.3680043.8.498.72800659596099468282135738543971261904,mcl_centre,-34.768,-58.133,-17.777,0.0791,1.571,1.2.826.0.1.3680043.8.498.11187939691152370740513115968085193559,34,3.3,1,True
1.2.826.0.1.3680043.8.498.72814437733065652700292896915085936230,mcl_centre,-38.934,-14.64,-18.951,0.0729,0.788,1.2.826.0.1.3680043.8.498.12548212258128632520987427227890819488,36,3.0,1,True
1.2.826.0.1.3680043.8.498.72853333220043794904856138561095171921,mcl_centre,48.693,16.882,17.472,0.0686,1.249,1.2.826.0.1.3680043.8.498.12116336645372311899794252097467067713,39,3.5,1,True
1.2.826.0.1.3680043.8.498.72880034930990967339546757487847803284,mcl_centre,49.278,21.852,-41.201,0.0888,1.463,1.2.826.0.1.3680043.8.498.17164796227218190978557189144046681222,36,3.7,1,True
1.2.826.0.1.3680043.8.498.72896348955280307080916504120667484813,mcl_centre,-16.847,12.996,-21.156,0.095,1.38,1.2.826.0.1.3680043.8.498.10097776219761413267805762042885771834,24,4.0,1,True
1.2.826.0.1.3680043.8.498.72896586188735703676995894830815493004,mcl_centre,44.202,-37.498,-35.462,0.086,0.638,1.2.826.0.1.3680043.8.498.61704609122075724323257742507509958127,30,3.7,1,True
1.2.826.0.1.3680043.8.498.72931900540220826595003388066347326492,mcl_centre,45.04,-5.751,-4.663,0.1051,1.04,1.2.826.0.1.3680043.8.498.11470304787149216826065490385397335618,30,3.3,1,True
1.2.826.0.1.3680043.8.498.72937134140407212536042212109839895294,mcl_centre,-31.332,-56.118,-31.591,0.1001,1.561,1.2.826.0.1.3680043.8.498.10755527372032080098563843339295116249,19,5.0,1,True
1.2.826.0.1.3680043.8.498.72943191222961132416678221885831944435,mcl_centre,71.498,-22.371,-78.831,0.0585,1.413,1.2.826.0.1.3680043.8.498.10614862175000191942994132823627296242,22,5.0,1,True
1.2.826.0.1.3680043.8.498.72977302282583186913749000016284027331,mcl_centre,36.456,-39.739,-21.065,0.0849,0.818,1.2.826.0.1.3680043.8.498.82553515378444162189350864310425302565,36,3.3,1,True
1.2.826.0.1.3680043.8.498.73021428171736137311489171988512484948,mcl_centre,-33.425,-3.229,-18.969,0.0898,0.503,1.2.826.0.1.3680043.8.498.10943860173950134860822037773146936522,30,3.3,1,True
1.2.826.0.1.3680043.8.498.73033521237848260228708170280586043408,mcl_centre,41.353,28.763,-39.876,0.102,1.006,1.2.826.0.1.3680043.8.498.13983384413883779931852304872071648789,30,3.6,1,True
1.2.826.0.1.3680043.8.498.73037642285055457162691486258363101398,mcl_centre,-30.378,5.838,-50.741,0.115,1.565,1.2.826.0.1.3680043.8.498.12058419086716871639108469478818986262,28,4.0,1,True
1.2.826.0.1.3680043.8.498.73070182506490199787361298167985971577,mcl_centre,-68.379,-50.692,-23.087,0.114,0.834,1.2.826.0.1.3680043.8.498.11345030916585262812472936117995401179,30,3.3,1,True
1.2.826.0.1.3680043.8.498.73077380963620788952030569132380549826,mcl_centre,-65.068,-65.742,-9.37,0.1121,1.29,1.2.826.0.1.3680043.8.498.56856386931658581273344209322010901727,30,3.3,1,True
1.2.826.0.1.3680043.8.498.73083786204651635096412213233334934941,mcl_centre,75.517,-39.623,-15.53,0.0916,1.016,1.2.826.0.1.3680043.8.498.64879345043954629072700736392146129135,36,3.3,1,True
1.2.826.0.1.3680043.8.498.73101997284755549124715401557235981642,mcl_centre,29.719,-26.335,-9.611,0.0667,4.633,1.2.826.0.1.3680043.8.498.92895738283788419878732456608523326779,38,3.5,1,True
1.2.826.0.1.3680043.8.498.73170541731840260065335942048010387599,mcl_centre,32.217,-10.214,-33.812,0.0944,1.909,1.2.826.0.1.3680043.8.498.65466809512383443627778616701540229589,32,3.3,1,True
1.2.826.0.1.3680043.8.498.73194579460722181989151410198309642266,mcl_centre,-50.183,-72.132,-34.634,0.0706,3.133,1.2.826.0.1.3680043.8.498.40292698674306795245904570163356952825,33,3.3,1,True
1.2.826.0.1.3680043.8.498.73198335328613992289471885012751338458,mcl_centre,40.978,-76.133,-35.77,0.1151,1.41,1.2.826.0.1.3680043.8.498.81672351643649842035711867303496309435,20,4.8,1,True
1.2.826.0.1.3680043.8.498.73205916973275504240156555900460720571,mcl_centre,26.06,-13.471,-29.363,0.0769,2.789,1.2.826.0.1.3680043.8.498.89879118938683898228951762250155467055,34,3.5,1,True
1.2.826.0.1.3680043.8.498.73215265387578908341609746559916587894,mcl_centre,-69.847,-52.909,-6.97,0.1173,0.479,1.2.826.0.1.3680043.8.498.31804726826188087837159062206656390533,22,4.4,1,True
1.2.826.0.1.3680043.8.498.73231153161312542696053060380619432126,mcl_centre,15.292,-9.356,-38.331,0.1353,0.71,1.2.826.0.1.3680043.8.498.12835084494447144551243500850563220126,20,4.4,1,True
1.2.826.0.1.3680043.8.498.73241519025825862373621891294281253158,mcl_centre,-74.133,-54.85,-51.366,0.1285,1.61,1.2.826.0.1.3680043.8.498.80652427712183119050817258688449519294,18,4.706,1,True
1.2.826.0.1.3680043.8.498.73242978867957397254276973409271434573,mcl_centre,-81.248,-52.012,-65.26,0.0734,1.102,1.2.826.0.1.3680043.8.498.33090754016238252755216205674483434685,32,3.7,1,True
1.2.826.0.1.3680043.8.498.73254365064404586162477089636000427751,mcl_centre,-40.39,-5.29,-15.376,0.106,0.53,1.2.826.0.1.3680043.8.498.35393821097652825836107080534418089687,30,3.3,1,True
1.2.826.0.1.3680043.8.498.73257122462858353041066181004123253930,mcl_centre,-1.393,-16.004,-7.161,0.1088,1.993,1.2.826.0.1.3680043.8.498.43241109327792250556578170767401670398,27,4.5,1,True
1.2.826.0.1.3680043.8.498.73275019425494043461771574462523171618,mcl_centre,29.8,-61.917,-25.747,0.0661,1.054,1.2.826.0.1.3680043.8.498.16302031700577355613579282898837225831,19,5.4,1,True
1.2.826.0.1.3680043.8.498.73314900301724532218347713512381622074,mcl_centre,37.496,0.978,-7.004,0.0687,1.218,1.2.826.0.1.3680043.8.498.33935933612343911675990820466278549021,32,4.0,1,True
1.2.826.0.1.3680043.8.498.73325959289998105909842627876607163467,mcl_centre,-42.504,-58.06,-42.786,0.0934,1.075,1.2.826.0.1.3680043.8.498.27917336357729364545398738589907193303,30,3.3,1,True
1.2.826.0.1.3680043.8.498.73356831368999268488355650751758108912,mcl_centre,-44.299,5.752,-32.232,0.0674,4.089,1.2.826.0.1.3680043.8.498.10235184796611231755729005914270711113,36,3.5,1,True
1.2.826.0.1.3680043.8.498.73394992092536626285935384324191560182,mcl_centre,47.353,-53.839,-8.943,0.0799,0.965,1.2.826.0.1.3680043.8.498.66680164344286469950397716935069032081,19,4.8,1,True
1.2.826.0.1.3680043.8.498.73448420644251136304786298254801920284,mcl_centre,39.795,9.746,-47.575,0.1099,2.313,1.2.826.0.1.3680043.8.498.59911946024688876550852643052027029106,30,3.6,1,True
1.2.826.0.1.3680043.8.498.73477249559479870799427355988138990349,mcl_centre,-47.51,-30.866,-8.672,0.0883,1.953,1.2.826.0.1.3680043.8.498.10808438620116488851204220472197184936,30,3.6,1,True
1.2.826.0.1.3680043.8.498.73478948866451045346677275674140339803,mcl_centre,-61.722,-41.487,-16.254,0.0746,1.295,1.2.826.0.1.3680043.8.498.68571315765526085044033588170444582231,35,3.7,1,True
1.2.826.0.1.3680043.8.498.73480422982315825699847838826691577320,mcl_centre,-39.808,37.537,-71.665,0.0643,0.768,1.2.826.0.1.3680043.8.498.43256026565467824817377629734154462014,37,3.7,1,True
1.2.826.0.1.3680043.8.498.73511703934549662392765328175356230615,mcl_centre,-37.049,-13.712,-45.724,0.0869,0.965,1.2.826.0.1.3680043.8.498.77493489505412789171430216419271177616,30,4.2,1,True
1.2.826.0.1.3680043.8.498.73522298807198784022883320957252530465,mcl_centre,-53.114,-13.177,-7.017,0.0709,1.138,1.2.826.0.1.3680043.8.498.33843891698739999189974505625445801521,39,3.3,1,True
1.2.826.0.1.3680043.8.498.73527530686853911124431549317032662220,mcl_centre,-44.64,-51.799,-38.891,0.1288,3.514,1.2.826.0.1.3680043.8.498.81237355703783096653309859815913971934,22,4.4,1,True
1.2.826.0.1.3680043.8.498.73539750992809874106013052513162732951,mcl_centre,57.661,-24.792,-24.19,0.0863,1.603,1.2.826.0.1.3680043.8.498.19784209857416770209647360985415896125,36,3.3,1,True
1.2.826.0.1.3680043.8.498.73545582819102316606081606511277579853,mcl_centre,-53.51,-50.434,-9.12,0.1226,1.656,1.2.826.0.1.3680043.8.498.10905078184476939692734957020544013693,20,4.95,1,True
1.2.826.0.1.3680043.8.498.73567807253694728043552196136704821457,mcl_centre,23.518,10.771,-40.097,0.1159,2.574,1.2.826.0.1.3680043.8.498.81996907378466959078950028613751599994,26,3.5,1,True
1.2.826.0.1.3680043.8.498.73602922823389605007702521335136347605,mcl_centre,2.767,-36.34,-10.51,0.1166,0.874,1.2.826.0.1.3680043.8.498.10318318299752202838318883910696931382,31,3.3,1,True
1.2.826.0.1.3680043.8.498.73616237718955147476241731466078978343,mcl_centre,-44.117,-62.031,-48.552,0.1278,0.907,1.2.826.0.1.3680043.8.498.25415711095516739786550523901987100045,28,3.3,1,True
1.2.826.0.1.3680043.8.498.73682608760611536443754406204042210115,mcl_centre,-50.676,-29.792,-53.421,0.0689,0.683,1.2.826.0.1.3680043.8.498.54969036959660317835427187967168325236,32,3.3,1,True
1.2.826.0.1.3680043.8.498.73716752081143767997507440278231972668,mcl_centre,40.417,-24.98,4.844,0.1184,1.035,1.2.826.0.1.3680043.8.498.84716572553245531156678688720577978054,32,3.3,1,True
1.2.826.0.1.3680043.8.498.73748007182569068263280098473557128226,mcl_centre,41.237,-64.653,-22.82,0.0829,0.573,1.2.826.0.1.3680043.8.498.17369042002263807867417749372260807374,36,3.3,1,True
1.2.826.0.1.3680043.8.498.73792361507751648386401969571717557389,mcl_centre,-60.891,-30.435,-33.251,0.0507,0.718,1.2.826.0.1.3680043.8.498.62045029214226027809156465863531742099,34,4.0,1,True
1.2.826.0.1.3680043.8.498.73825252186234755453650759159564715478,mcl_centre,-45.067,-12.597,-42.533,0.0932,2.842,1.2.826.0.1.3680043.8.498.78158700131647436580534539152426513644,27,3.6,1,True
1.2.826.0.1.3680043.8.498.73869775636181013203432845292462040922,mcl_centre,24.823,-53.563,-41.915,0.1101,1.447,1.2.826.0.1.3680043.8.498.82058414464041163318632098011929976287,19,5.0,1,True
1.2.826.0.1.3680043.8.498.73891117356545433634964184054304516063,mcl_centre,-22.186,-51.992,-2.033,0.1136,0.973,1.2.826.0.1.3680043.8.498.11442125339835856700277483804806061409,28,3.3,1,True
1.2.826.0.1.3680043.8.498.73926443729786165628848843707532839995,mcl_centre,40.07,-51.596,-13.117,0.0533,1.954,1.2.826.0.1.3680043.8.498.81815414586619174880173613331964214850,38,3.6,1,True
1.2.826.0.1.3680043.8.498.73983081622010008601849687650985260980,mcl_centre,-61.117,-21.022,-42.345,0.0954,1.937,1.2.826.0.1.3680043.8.498.10914038255939092774341180556379414108,26,4.5,1,True
1.2.826.0.1.3680043.8.498.73988798714023285209290281409329527637,mcl_centre,78.647,-65.149,-35.744,0.0973,0.872,1.2.826.0.1.3680043.8.498.13058260456328151423845469919195704060,34,3.3,1,True
1.2.826.0.1.3680043.8.498.74052473719853343027548507306186291134,mcl_centre,33.346,-22.329,-49.26,0.0863,1.464,1.2.826.0.1.3680043.8.498.13094096533304846113379485116266339190,25,4.95,1,True
1.2.826.0.1.3680043.8.498.74078340346189210015785395961373387782,mcl_centre,-48.822,-5.293,-22.443,0.0841,1.951,1.2.826.0.1.3680043.8.498.24177346380954194302496182279955144272,38,3.5,1,True
1.2.826.0.1.3680043.8.498.74095402538454760179339842746572802563,mcl_centre,-24.539,-15.483,-16.955,0.1225,3.365,1.2.826.0.1.3680043.8.498.11898384420833535604084204397740001474,25,3.6,1,True
1.2.826.0.1.3680043.8.498.74127742661271965093205833471645893520,mcl_centre,-68.866,-54.283,-15.132,0.0762,1.461,1.2.826.0.1.3680043.8.498.91578916219550543934165640458194707615,32,3.5,1,True
1.2.826.0.1.3680043.8.498.74140806279409854828032496578072554031,mcl_centre,37.623,-22.962,18.069,0.0744,1.128,1.2.826.0.1.3680043.8.498.81327181733077177872090862681979729282,28,4.2,1,True
1.2.826.0.1.3680043.8.498.74160604730133050784449689952695940558,mcl_centre,-70.855,-5.649,-43.403,0.105,0.746,1.2.826.0.1.3680043.8.498.90594650246380221192619947199422285438,21,4.4,1,True
1.2.826.0.1.3680043.8.498.74177736542522869266952610634091628727,mcl_centre,45.29,-67.687,-46.838,0.0772,1.403,1.2.826.0.1.3680043.8.498.22773066600979694876546102816633562352,36,3.3,1,True
1.2.826.0.1.3680043.8.498.74206939384612669977629625310277500302,mcl_centre,-9.379,29.346,-10.711,0.0874,2.289,1.2.826.0.1.3680043.8.498.82604002343043716935044577246517371001,32,3.5,1,True
1.2.826.0.1.3680043.8.498.74214829456846525506232367308573550186,mcl_centre,-50.585,-23.281,-4.307,0.0723,1.275,1.2.826.0.1.3680043.8.498.24105806716452889683112377310089977177,38,3.3,1,True
1.2.826.0.1.3680043.8.498.74215611637606164186239511504256137871,mcl_centre,37.504,-29.812,-12.506,0.0761,2.072,1.2.826.0.1.3680043.8.498.11752085734690793765141821212068562800,30,3.6,1,True
1.2.826.0.1.3680043.8.498.74222284584657051737421776919599206132,mcl_centre,35.138,-91.648,-19.202,0.0919,0.655,1.2.826.0.1.3680043.8.498.94041369938572178894062054104998115901,19,4.4,1,True
1.2.826.0.1.3680043.8.498.74222294235046321147381553078000820604,mcl_centre,-38.529,-37.726,-28.074,0.0976,1.601,1.2.826.0.1.3680043.8.498.88822617111687631049672823071362377009,30,3.7,1,True
1.2.826.0.1.3680043.8.498.74243110959141459268838217468465880820,mcl_centre,-52.569,-29.243,-14.557,0.12,1.51,1.2.826.0.1.3680043.8.498.51878769015121687535773851518034372470,27,4.5,1,True
1.2.826.0.1.3680043.8.498.74243564762473331581882860440560337725,mcl_centre,47.098,-16.855,-29.44,0.0628,0.743,1.2.826.0.1.3680043.8.498.48757824188273604451935136183495175643,43,3.3,1,True
1.2.826.0.1.3680043.8.498.74247325306307303036016759070403973520,mcl_centre,-66.818,-60.696,-35.357,0.1003,0.74,1.2.826.0.1.3680043.8.498.12948979104800938394948384787879049024,16,6.039,1,True
1.2.826.0.1.3680043.8.498.74274855596893595390880617896069524465,mcl_centre,-31.854,-25.739,-35.455,0.0914,1.774,1.2.826.0.1.3680043.8.498.74679344782314658777596824766709494895,30,3.6,1,True
1.2.826.0.1.3680043.8.498.74282280145383357786409764912398881272,mcl_centre,52.394,0.965,-29.396,0.1211,1.087,1.2.826.0.1.3680043.8.498.50037238540850686361623309290986793682,27,3.6,1,True
1.2.826.0.1.3680043.8.498.74332475620045145049628676751586693385,mcl_centre,38.605,-24.074,-11.632,0.092,0.679,1.2.826.0.1.3680043.8.498.12606447989702176408652349368672324307,40,3.3,1,True
1.2.826.0.1.3680043.8.498.74362364640190722036251935797260325860,mcl_centre,70.812,-28.848,-34.599,0.1047,1.549,1.2.826.0.1.3680043.8.498.13163532855337819780947621690190070530,18,5.072,1,True
1.2.826.0.1.3680043.8.498.74388661917632804671669952747214084502,mcl_centre,-46.944,-54.358,-5.971,0.0887,1.883,1.2.826.0.1.3680043.8.498.61438934681457445274680398721753195967,32,3.3,1,True
1.2.826.0.1.3680043.8.498.74394784271003789564066563841806954326,mcl_centre,41.697,-32.137,-10.535,0.0932,0.656,1.2.826.0.1.3680043.8.498.66771018895045760672065118431087325546,34,3.3,1,True
1.2.826.0.1.3680043.8.498.74423888576992387013857540016155410962,mcl_centre,43.373,-19.177,35.227,0.1427,1.08,1.2.826.0.1.3680043.8.498.39801519438179280221162298675138638850,35,3.3,1,True
1.2.826.0.1.3680043.8.498.74461421748415064477531528884191890661,mcl_centre,76.819,-80.846,-16.853,0.0799,1.953,1.2.826.0.1.3680043.8.498.71520704964881505370113687241495471779,27,4.95,1,True
1.2.826.0.1.3680043.8.498.74471396469132211069109289423495141062,mcl_centre,-74.687,-59.71,-5.721,0.0997,0.855,1.2.826.0.1.3680043.8.498.23626126480455004693206161046754127199,21,4.5,1,True
1.2.826.0.1.3680043.8.498.74471724874857406578316075456414902954,mcl_centre,-47.753,-60.019,-1.461,0.0735,0.658,1.2.826.0.1.3680043.8.498.42921295817621007997164422583487668928,30,3.3,1,True
1.2.826.0.1.3680043.8.498.74622031396885197580453304563088863451,mcl_centre,43.382,-64.534,-11.892,0.1089,5.615,1.2.826.0.1.3680043.8.498.55758965806491791137748397491439871794,33,3.3,1,True
1.2.826.0.1.3680043.8.498.74622912009754642425258484521795653023,mcl_centre,31.017,-13.584,-17.196,0.098,3.079,1.2.826.0.1.3680043.8.498.10443881931066278221804828128075300972,29,4.4,1,True
1.2.826.0.1.3680043.8.498.74688733778107958348746767768064374883,mcl_centre,35.079,-32.434,-26.157,0.073,1.213,1.2.826.0.1.3680043.8.498.30772577039582820846831651666223468252,32,3.6,1,True
1.2.826.0.1.3680043.8.498.74714018385278253151175853998945654373,mcl_centre,81.637,-55.578,-27.047,0.0999,2.422,1.2.826.0.1.3680043.8.498.11417191687444914857475929323025151443,30,3.3,1,True
1.2.826.0.1.3680043.8.498.74725806565437665548056410415178280121,mcl_centre,-43.841,-42.473,-54.426,0.0659,1.912,1.2.826.0.1.3680043.8.498.95564489759109597676366289447413919343,35,3.3,1,True
1.2.826.0.1.3680043.8.498.74749071555443582954158991248361308204,mcl_centre,3.463,-6.902,-6.893,0.0967,1.411,1.2.826.0.1.3680043.8.498.80426876457332459383899034047749222360,30,3.3,1,True
1.2.826.0.1.3680043.8.498.74855168460956358728708865599401983005,mcl_centre,43.826,-31.63,4.999,0.0768,0.854,1.2.826.0.1.3680043.8.498.71616242137943157017463551126010501082,38,3.3,1,True
1.2.826.0.1.3680043.8.498.74864145321761783409935288797327597738,mcl_centre,-72.402,-48.468,-9.945,0.09,0.869,1.2.826.0.1.3680043.8.498.19053900654987022819607937654264131430,30,3.3,1,True
1.2.826.0.1.3680043.8.498.74872419726042767543822107291861307866,mcl_centre,-65.961,-49.941,-35.858,0.099,0.961,1.2.826.0.1.3680043.8.498.43686313922874748535298202050709379299,32,3.3,1,True
1.2.826.0.1.3680043.8.498.74914646210033032631540802996162814268,mcl_centre,45.918,-35.706,-9.038,0.075,0.884,1.2.826.0.1.3680043.8.498.35332489607649964864748245687991344746,36,3.3,1,True
1.2.826.0.1.3680043.8.498.74939269621045823332837094516056211606,mcl_centre,-24.204,-39.693,63.724,0.082,0.786,1.2.826.0.1.3680043.8.498.89575886757405228775030604828375281628,23,4.5,1,True
1.2.826.0.1.3680043.8.498.74940598515597814600837126537274199312,mcl_centre,78.484,-40.355,-18.193,0.1164,1.167,1.2.826.0.1.3680043.8.498.36107728595669054102743354470416367516,30,3.3,1,True
1.2.826.0.1.3680043.8.498.74952769952682175467667812958859010329,mcl_centre,-77.284,-5.863,-49.012,0.0895,0.871,1.2.826.0.1.3680043.8.498.11162086423421508899451183896047524506,34,3.3,1,True
1.2.826.0.1.3680043.8.498.75067227246352035607675978826177487284,mcl_centre,-38.263,9.655,-23.989,0.0674,1.028,1.2.826.0.1.3680043.8.498.88276429824772293550786769118334466359,29,4.0,1,True
1.2.826.0.1.3680043.8.498.75126165133796914746114117844697263697,mcl_centre,47.246,42.184,-28.819,0.0971,1.682,1.2.826.0.1.3680043.8.498.15392025493664051523365355293218857706,24,4.5,1,True
1.2.826.0.1.3680043.8.498.75168480371573015758963049782687952716,mcl_centre,50.091,-24.159,12.069,0.1522,0.871,1.2.826.0.1.3680043.8.498.44578504073510854179436837334244323888,25,3.6,1,True
1.2.826.0.1.3680043.8.498.75186274888329123179129240384960518861,mcl_centre,-41.452,-36.346,-30.315,0.0933,1.404,1.2.826.0.1.3680043.8.498.44452671242744052346648356900093488755,23,4.95,1,True
1.2.826.0.1.3680043.8.498.75187434248356774277526985329346125190,mcl_centre,-79.86,-48.28,-21.767,0.0997,1.144,1.2.826.0.1.3680043.8.498.98676746789639205361719427943243688577,30,3.3,1,True
1.2.826.0.1.3680043.8.498.75268429892526831752484062674699274309,mcl_centre,-36.964,-85.355,-31.522,0.1126,1.113,1.2.826.0.1.3680043.8.498.11723421861943418223833433148402765779,19,5.0,1,True
1.2.826.0.1.3680043.8.498.75276563505367629340309025030148269450,mcl_centre,-33.763,-25.206,-32.404,0.0935,1.556,1.2.826.0.1.3680043.8.498.11121087469548697778646461093675433689,30,3.6,1,True
1.2.826.0.1.3680043.8.498.75282577107802752393765861202996650638,mcl_centre,45.669,-37.02,-14.465,0.1199,0.696,1.2.826.0.1.3680043.8.498.19055497418111707641341587565471612633,18,5.2,1,True
1.2.826.0.1.3680043.8.498.75378323910171368568360074903297446681,mcl_centre,-43.57,-58.094,-24.822,0.0597,69.673,1.2.826.0.1.3680043.8.498.84612196935666939723686188644280933220,21,4.4,1,True
1.2.826.0.1.3680043.8.498.75384600248630012126841890313149674691,mcl_centre,-58.033,-40.78,-7.55,0.0922,1.267,1.2.826.0.1.3680043.8.498.12044665211032604623709502539368933287,30,3.3,1,True
1.2.826.0.1.3680043.8.498.75418637314688036152637525301534342254,mcl_centre,65.127,-45.231,19.53,0.0703,59.938,1.2.826.0.1.3680043.8.498.39909282694530446269720527846699720300,30,3.7,1,True
1.2.826.0.1.3680043.8.498.75419034794059601820999512200601915669,mcl_centre,76.018,-59.729,-22.126,0.1017,1.049,1.2.826.0.1.3680043.8.498.52986070720103401548470959566665982933,30,3.5,1,True
1.2.826.0.1.3680043.8.498.75420186662442688955616630735303321846,mcl_centre,-42.887,-31.997,-57.503,0.1066,2.49,1.2.826.0.1.3680043.8.498.33753794008902252062377193224041065838,32,3.3,1,True
1.2.826.0.1.3680043.8.498.75427432788337288702609576920198810880,mcl_centre,-64.758,-64.232,-26.278,0.1341,0.932,1.2.826.0.1.3680043.8.498.54812901167403001567998811681194049142,16,5.0,1,True
1.2.826.0.1.3680043.8.498.75518253718111135068488417046278011303,mcl_centre,37.741,-26.943,0.044,0.1014,0.643,1.2.826.0.1.3680043.8.498.27644885143766337303490844039762563026,30,3.6,1,True
1.2.826.0.1.3680043.8.498.75522002047190283617659083787085821064,mcl_centre,-29.358,6.886,-38.59,0.0956,1.762,1.2.826.0.1.3680043.8.498.51707819715910034131973640288876746850,30,3.3,1,True
1.2.826.0.1.3680043.8.498.75523541256169382504121567002441615798,mcl_centre,29.237,55.007,-48.663,0.0849,1.7,1.2.826.0.1.3680043.8.498.46269834127609015467270657907438748873,28,3.5,1,True
1.2.826.0.1.3680043.8.498.75547515925579172661099437338637082554,mcl_centre,45.174,-60.991,-15.44,0.1138,1.406,1.2.826.0.1.3680043.8.498.86890975156854608923412356756197386438,32,3.3,1,True
1.2.826.0.1.3680043.8.498.75548650589349966221875964542604002971,mcl_centre,35.34,-55.792,-30.679,0.0725,3.066,1.2.826.0.1.3680043.8.498.30823566681814300352044706126656624784,34,3.3,1,True
1.2.826.0.1.3680043.8.498.75577846246542841539613557336025271434,mcl_centre,-79.535,-39.586,-51.434,0.0669,0.782,1.2.826.0.1.3680043.8.498.10473385727254462033811224490990739377,28,3.7,1,True
1.2.826.0.1.3680043.8.498.75605038901688937188489854019478082759,mcl_centre,-79.822,-56.908,-47.787,0.0742,0.703,1.2.826.0.1.3680043.8.498.12427724921301216345409085679536981444,36,3.0,1,True
1.2.826.0.1.3680043.8.498.75627574440860942023321071382766359827,mcl_centre,54.575,-30.086,-18.666,0.0783,0.824,1.2.826.0.1.3680043.8.498.87783780000561344290467993888995035557,30,3.6,1,True
1.2.826.0.1.3680043.8.498.75639423607035582240174986752280730347,mcl_centre,-37.08,-9.436,-16.728,0.1334,1.627,1.2.826.0.1.3680043.8.498.39848840520587744141278111230939535107,24,4.5,1,True
1.2.826.0.1.3680043.8.498.75670996863043899245632198549551296292,mcl_centre,37.313,-2.44,-20.334,0.1133,1.995,1.2.826.0.1.3680043.8.498.98510871476681037510841501140476317102,26,4.0,1,True
1.2.826.0.1.3680043.8.498.75688484058613633923943882730405145535,mcl_centre,62.541,-62.421,-30.155,0.1115,1.129,1.2.826.0.1.3680043.8.498.45683657919697351224148835029861865767,16,5.41,1,True
1.2.826.0.1.3680043.8.498.75739561647115166735277767560308263446,mcl_centre,55.565,-38.069,1.416,0.1005,1.377,1.2.826.0.1.3680043.8.498.56655403951332427815036942150978393568,20,4.95,1,True
1.2.826.0.1.3680043.8.498.75742195884147990442829552992649204078,mcl_centre,40.964,-27.549,-10.163,0.0892,0.793,1.2.826.0.1.3680043.8.498.22653189130228224761798545820372921236,32,3.45,1,True
1.2.826.0.1.3680043.8.498.75746520601616488682662195284941583868,mcl_centre,-2.844,-11.023,-4.368,0.076,2.154,1.2.826.0.1.3680043.8.498.83557310841606259028487887884454000649,30,3.3,1,True
1.2.826.0.1.3680043.8.498.75751784078102748563815298069799859542,mcl_centre,42.749,-68.72,-11.906,0.0798,2.073,1.2.826.0.1.3680043.8.498.25629711491788111298760978850310575737,32,3.3,1,True
1.2.826.0.1.3680043.8.498.75760698509105388883811155432691667447,mcl_centre,-10.56,-41.311,4.549,0.0626,4.092,1.2.826.0.1.3680043.8.498.36503266320810838690806080156047457894,31,4.5,1,True
1.2.826.0.1.3680043.8.498.75773447415943537938555952303103557864,mcl_centre,-39.695,2.886,-15.871,0.0904,3.32,1.2.826.0.1.3680043.8.498.48470319361772558989419708775140105708,32,3.7,1,True
1.2.826.0.1.3680043.8.498.75800418125597325281807386716279941068,mcl_centre,-35.097,-18.805,-29.694,0.0833,3.034,1.2.826.0.1.3680043.8.498.59500203128858715901652629682659227539,32,3.3,1,True
1.2.826.0.1.3680043.8.498.75893915698353338311947268382839152877,mcl_centre,-33.402,33.32,-12.949,0.1058,1.232,1.2.826.0.1.3680043.8.498.17496798231473199222326687086736663170,27,4.0,1,True
1.2.826.0.1.3680043.8.498.75924957745868212343758911856809118662,mcl_centre,43.39,-61.096,-75.101,0.0946,0.647,1.2.826.0.1.3680043.8.498.71716043270946877942552990601049217961,33,3.3,1,True
1.2.826.0.1.3680043.8.498.75926011938952404257302292495731660728,mcl_centre,-49.547,64.055,-25.649,0.0988,0.336,1.2.826.0.1.3680043.8.498.57564823557183240281629499154643339659,28,3.7,1,True
1.2.826.0.1.3680043.8.498.75976388060969166980873144500539735332,mcl_centre,58.6,-32.976,-49.628,0.0757,1.612,1.2.826.0.1.3680043.8.498.16054999640953678787837175986441719939,30,3.7,1,True
1.2.826.0.1.3680043.8.498.75980374267002793040832157122311396174,mcl_centre,-45.481,-8.146,-8.684,0.0651,1.299,1.2.826.0.1.3680043.8.498.57879319085116417912092912168127855200,36,3.3,1,True
1.2.826.0.1.3680043.8.498.76012896432318288623173593280895772876,mcl_centre,64.809,-17.383,-29.618,0.1049,0.654,1.2.826.0.1.3680043.8.498.13261628281554546656868103601582968798,35,3.3,1,True
1.2.826.0.1.3680043.8.498.76027799502777251766328820405966979386,mcl_centre,-69.044,-40.016,-24.591,0.0977,1.637,1.2.826.0.1.3680043.8.498.31198796654542963477216132521393078613,30,3.3,1,True
1.2.826.0.1.3680043.8.498.76065434429437758192282562351089010088,mcl_centre,-47.041,-8.505,1.002,0.0743,2.374,1.2.826.0.1.3680043.8.498.16102324771846052242462059297726471957,22,4.95,1,True
1.2.826.0.1.3680043.8.498.76093766204928582819565636658977147523,mcl_centre,-68.613,-44.851,-10.919,0.1138,0.736,1.2.826.0.1.3680043.8.498.11422056993694193666321666760553223762,18,4.706,1,True
1.2.826.0.1.3680043.8.498.76107330932071966465869847071480517541,mcl_centre,-42.912,-59.956,-34.011,0.0752,1.05,1.2.826.0.1.3680043.8.498.95064154548004026832759942861985740570,20,5.2,1,True
1.2.826.0.1.3680043.8.498.76122127303562588545128053661609574837,mcl_centre,-51.047,-56.776,-24.316,0.0761,3.181,1.2.826.0.1.3680043.8.498.10605593775131373057646692982185367536,30,3.5,1,True
1.2.826.0.1.3680043.8.498.76125027090596913549224250979076533606,mcl_centre,27.301,-20.533,-25.672,0.0926,0.504,1.2.826.0.1.3680043.8.498.37263885624923149473852103759892886580,30,3.6,1,True
1.2.826.0.1.3680043.8.498.76167153566894354739332364376483514559,mcl_centre,72.457,-29.95,-67.177,0.0763,2.994,1.2.826.0.1.3680043.8.498.12261153692903120965071188309170886659,30,3.7,1,True
1.2.826.0.1.3680043.8.498.76190704217737835083438638928129775625,mcl_centre,69.292,-72.081,-7.494,0.0609,2.594,1.2.826.0.1.3680043.8.498.91970225728564829789736013793901498726,30,4.95,1,True
1.2.826.0.1.3680043.8.498.76222770668660274805993655800271653712,mcl_centre,-78.104,-42.875,-40.096,0.0954,1.125,1.2.826.0.1.3680043.8.498.66023084568681088364029196292220666322,20,5.024,1,True
1.2.826.0.1.3680043.8.498.76242245340157474968574926079920787199,mcl_centre,-77.525,-38.96,-41.134,0.116,1.825,1.2.826.0.1.3680043.8.498.38648942231302708338149882783871514210,28,3.7,1,True
1.2.826.0.1.3680043.8.498.76281930374588438789344170829280438697,mcl_centre,-47.784,-2.269,-27.965,0.091,0.648,1.2.826.0.1.3680043.8.498.92329367835011294880082228019333879527,32,3.5,1,True
1.2.826.0.1.3680043.8.498.76344826994380951498651448092980303697,mcl_centre,-37.288,-33.421,-23.553,0.1146,1.856,1.2.826.0.1.3680043.8.498.11081327750291695118810792965274381510,30,3.3,1,True
1.2.826.0.1.3680043.8.498.76350662767360412185091180512006419379,mcl_centre,38.961,-103.853,-9.017,0.0742,2.109,1.2.826.0.1.3680043.8.498.41862699238028654683897101765885790126,21,4.4,1,True
1.2.826.0.1.3680043.8.498.76514087677277144682713362609812138150,mcl_centre,-75.02,-28.036,-19.511,0.0784,0.592,1.2.826.0.1.3680043.8.498.10827862685246127010978347914041852783,29,4.4,1,True
1.2.826.0.1.3680043.8.498.76514504104121634569792846980451896030,mcl_centre,-69.238,-47.52,-25.245,0.1088,0.782,1.2.826.0.1.3680043.8.498.12073428653601333795057284607877417404,31,4.5,1,True
1.2.826.0.1.3680043.8.498.76525107909962775502207829870873494024,mcl_centre,41.95,-19.241,-32.71,0.1032,2.4,1.2.826.0.1.3680043.8.498.34043654133294252505094580371232492533,30,3.3,1,True
1.2.826.0.1.3680043.8.498.76538737802277241976971950690663079376,mcl_centre,36.947,-16.356,23.545,0.1198,1.214,1.2.826.0.1.3680043.8.498.10906476604700426144597746526067034380,20,4.6,1,True
1.2.826.0.1.3680043.8.498.76543241221133987658552440969465372120,mcl_centre,49.136,-47.924,-9.068,0.0773,2.187,1.2.826.0.1.3680043.8.498.10426516668056198112366031072480143102,39,3.3,1,True
1.2.826.0.1.3680043.8.498.76545468257774231281618306952011717992,mcl_centre,45.159,4.757,4.898,0.1322,1.345,1.2.826.0.1.3680043.8.498.49879054348013065218589670932992537295,22,4.0,1,True
1.2.826.0.1.3680043.8.498.76620177268652814425535081607587091903,mcl_centre,-32.32,-32.76,-9.557,0.0885,1.148,1.2.826.0.1.3680043.8.498.12677594786485777127767844577428830693,30,3.6,1,True
1.2.826.0.1.3680043.8.498.76651080491383110752977286124044311636,mcl_centre,-76.775,-51.906,-31.544,0.0934,1.19,1.2.826.0.1.3680043.8.498.31405281328700191565363081406934192637,30,3.3,1,True
1.2.826.0.1.3680043.8.498.76662146598924492573212477881527658730,mcl_centre,-25.074,-16.133,-21.082,0.074,3.32,1.2.826.0.1.3680043.8.498.77664898384390515671155002271417025654,34,3.0,1,True
1.2.826.0.1.3680043.8.498.76680092665218514711300086707222109323,mcl_centre,37.454,-32.493,-21.642,0.096,0.995,1.2.826.0.1.3680043.8.498.13246188781588477465107497226762948660,30,3.6,1,True
1.2.826.0.1.3680043.8.498.76742750470853901575934097885382242952,mcl_centre,-74.662,14.246,-20.103,0.0822,1.01,1.2.826.0.1.3680043.8.498.11129343614435764307180013718124767041,35,3.85,1,True
1.2.826.0.1.3680043.8.498.76757251008849492985513280752011229119,mcl_centre,-31.532,-35.251,-28.865,0.056,3.713,1.2.826.0.1.3680043.8.498.10801026754922567858845904461833230653,25,4.95,1,True
1.2.826.0.1.3680043.8.498.76772148369531098768751348676329945789,mcl_centre,30.82,-56.111,-6.726,0.0631,3.9,1.2.826.0.1.3680043.8.498.30645725191324992481547413938622618918,30,3.6,1,True
1.2.826.0.1.3680043.8.498.76841077743272729415666709641073096909,mcl_centre,-37.417,-58.237,-43.084,0.1094,1.12,1.2.826.0.1.3680043.8.498.12000005181649088921296354829929785574,32,3.3,1,True
1.2.826.0.1.3680043.8.498.76862911430418639277808760660745763387,mcl_centre,-33.109,-18.686,4.103,0.1009,0.768,1.2.826.0.1.3680043.8.498.67985003807291208708160540162069844436,30,3.6,1,True
1.2.826.0.1.3680043.8.498.76903562636417038907113894538863784737,mcl_centre,-62.685,-10.618,-29.49,0.0632,1.683,1.2.826.0.1.3680043.8.498.72967047023078269093814687375821244488,38,3.5,1,True
1.2.826.0.1.3680043.8.498.76909970028125318280995002129970165723,mcl_centre,-42.617,-2.658,-33.85,0.0716,1.111,1.2.826.0.1.3680043.8.498.51257053284398683569757216796967568408,42,3.51,1,True
1.2.826.0.1.3680043.8.498.76914908131203373740345988718674850939,mcl_centre,45.898,-18.736,-20.947,0.1134,1.025,1.2.826.0.1.3680043.8.498.10736315093068497910528660086880830836,30,3.3,1,True
1.2.826.0.1.3680043.8.498.76950154099427419631807259601983648254,mcl_centre,-46.135,-22.386,-46.162,0.0741,1.547,1.2.826.0.1.3680043.8.498.11904445421903998815264575437198057958,35,3.3,1,True
1.2.826.0.1.3680043.8.498.76993922254007307143291254174266755701,mcl_centre,61.964,-50.217,-17.837,0.1281,0.464,1.2.826.0.1.3680043.8.498.10686518326965401956641141661862799734,33,3.3,1,True
1.2.826.0.1.3680043.8.498.77018355356797290743788712046815540223,mcl_centre,-33.227,-28.434,-25.473,0.1329,2.266,1.2.826.0.1.3680043.8.498.12904700298097818281881773264101111285,30,3.3,1,True
1.2.826.0.1.3680043.8.498.77037121474756969001683126693104350509,mcl_centre,34.308,-14.844,-25.068,0.0899,1.457,1.2.826.0.1.3680043.8.498.43150534841981362636059483243922740501,30,3.6,1,True
1.2.826.0.1.3680043.8.498.77058587552329832558354544874120592826,mcl_centre,-36.737,-24.819,-38.752,0.0412,2.935,1.2.826.0.1.3680043.8.498.92265215301614911401811377254197211939,30,3.3,1,True
1.2.826.0.1.3680043.8.498.77060858802024387619459645469871885412,mcl_centre,77.716,-48.446,-74.964,0.1213,1.539,1.2.826.0.1.3680043.8.498.10523580870776422282794726259302759946,20,5.171,1,True
1.2.826.0.1.3680043.8.498.77061877382110597010150770981465581536,mcl_centre,-48.171,-18.655,-8.573,0.0922,1.723,1.2.826.0.1.3680043.8.498.11804319226999646874563309651435985038,35,3.3,1,True
1.2.826.0.1.3680043.8.498.77150650601457686196626648868552167695,mcl_centre,51.121,-51.414,-63.528,0.078,1.396,1.2.826.0.1.3680043.8.498.50978776797771002609688876524703572583,36,3.3,1,True
1.2.826.0.1.3680043.8.498.77155817997584903787597001328868124855,mcl_centre,-55.069,-54.952,-31.486,0.0751,1.039,1.2.826.0.1.3680043.8.498.27408493115565595699172936885691361489,34,3.5,1,True
1.2.826.0.1.3680043.8.498.77164129615096222757740198026718214733,mcl_centre,80.643,-57.011,-13.728,0.1022,0.938,1.2.826.0.1.3680043.8.498.51902662589992033336409301746791104762,18,6.066,1,True
1.2.826.0.1.3680043.8.498.77183368292104509335580564463404842046,mcl_centre,42.797,-21.311,-23.189,0.0718,0.962,1.2.826.0.1.3680043.8.498.64959527953980504438486410868365101593,36,3.3,1,True
1.2.826.0.1.3680043.8.498.77215476384973989055525592556183934827,mcl_centre,-48.641,3.165,5.539,0.1146,0.742,1.2.826.0.1.3680043.8.498.12915668453932718458909853139126235395,24,4.0,1,True
1.2.826.0.1.3680043.8.498.77244685031928454051409193776790348219,mcl_centre,-70.746,-52.883,0.669,0.1012,0.882,1.2.826.0.1.3680043.8.498.64964673135980548816004887156243716030,20,4.95,1,True
1.2.826.0.1.3680043.8.498.77261014467268552758826551926128217025,mcl_centre,52.921,-67.072,-68.872,0.1151,2.141,1.2.826.0.1.3680043.8.498.11625689593740731204505271632835501187,19,4.8,1,True
1.2.826.0.1.3680043.8.498.77274115607096351160296319533007121044,mcl_centre,-49.634,-60.536,-32.924,0.099,1.605,1.2.826.0.1.3680043.8.498.13167825534703979788720895941750726542,30,3.8,1,True
1.2.826.0.1.3680043.8.498.77283213969268676660453937180363826917,mcl_centre,-38.217,1.623,-5.797,0.1381,0.88,1.2.826.0.1.3680043.8.498.73825822682646554055659868113608771671,26,4.0,1,True
1.2.826.0.1.3680043.8.498.77283634197289382453511269950488893300,mcl_centre,-55.774,-20.007,-16.975,0.0508,1.272,1.2.826.0.1.3680043.8.498.12112579766843152591022119238631016093,35,3.3,1,True
1.2.826.0.1.3680043.8.498.77290477043075828139630734968573461136,mcl_centre,41.639,6.091,-36.372,0.0844,1.534,1.2.826.0.1.3680043.8.498.11862182417115808261363648191255568957,32,3.7,1,True
1.2.826.0.1.3680043.8.498.77299727102400166279263320763707637485,mcl_centre,63.51,-3.855,-29.519,0.0938,1.473,1.2.826.0.1.3680043.8.498.46756253068899498189771736872377321882,32,3.3,1,True
1.2.826.0.1.3680043.8.498.77306755058630855443644908572157134062,mcl_centre,67.365,-19.456,-21.31,0.102,42.525,1.2.826.0.1.3680043.8.498.83885703385324688271735129347728213309,24,4.5,1,True
1.2.826.0.1.3680043.8.498.77319661699409997424800377883567027839,mcl_centre,41.896,-18.984,-19.596,0.0967,1.066,1.2.826.0.1.3680043.8.498.18614121448197327554448548256747856230,38,3.3,1,True
1.2.826.0.1.3680043.8.498.77362718298550276679350855963451855003,mcl_centre,-18.248,23.46,-19.031,0.1091,2.005,1.2.826.0.1.3680043.8.498.32323247418092317262462994831418091573,24,4.0,1,True
1.2.826.0.1.3680043.8.498.77370119801633353780677378448761665685,mcl_centre,75.158,-59.655,42.713,0.086,0.508,1.2.826.0.1.3680043.8.498.57848158698812622851640997895347680380,30,3.3,1,True
1.2.826.0.1.3680043.8.498.77378803863827312829317008636359414012,mcl_centre,24.111,-17.154,-44.155,0.0674,5.506,1.2.826.0.1.3680043.8.498.65822105633705977622426985774578433362,37,3.6,1,True
1.2.826.0.1.3680043.8.498.77391801789875882109036004511558148658,mcl_centre,-75.262,0.161,-29.159,0.1196,1.614,1.2.826.0.1.3680043.8.498.34124628228530377420847179929892885679,22,5.0,1,True
1.2.826.0.1.3680043.8.498.77416382267531567401698555072875486512,mcl_centre,-77.828,-15.308,-58.666,0.0656,1.505,1.2.826.0.1.3680043.8.498.19659829560458632892692002574763104285,28,4.5,1,True
1.2.826.0.1.3680043.8.498.77421709644087006134426085284321515809,mcl_centre,46.817,-31.428,22.322,0.0868,3.005,1.2.826.0.1.3680043.8.498.59948595512110365553405069002907176832,30,3.6,1,True
1.2.826.0.1.3680043.8.498.77433065090757862487482575794398458402,mcl_centre,-72.261,-53.207,-0.793,0.0967,0.832,1.2.826.0.1.3680043.8.498.90149977213100621732939023387481171331,32,3.3,1,True
1.2.826.0.1.3680043.8.498.77442647074650043391818472068835112806,mcl_centre,19.245,0.584,-7.011,0.0639,2.216,1.2.826.0.1.3680043.8.498.10113709949039650021092206556195650989,25,3.6,1,True
1.2.826.0.1.3680043.8.498.77498121906981512168120474112422492971,mcl_centre,54.243,-13.138,-16.278,0.1079,0.604,1.2.826.0.1.3680043.8.498.12125008226099049116132831719890843246,35,3.3,1,True
1.2.826.0.1.3680043.8.498.77508762938574470575737016745357126587,mcl_centre,95.293,-39.188,-51.133,0.0982,50.931,1.2.826.0.1.3680043.8.498.37572860653165417827573324636388940924,30,3.3,1,True
1.2.826.0.1.3680043.8.498.77513348456432770689938407624768928320,mcl_centre,-65.302,-50.113,28.545,0.0477,1.386,1.2.826.0.1.3680043.8.498.74320581611607556152341638886351871996,26,4.5,1,True
1.2.826.0.1.3680043.8.498.77524507552350448792970399203131998592,mcl_centre,41.801,-51.343,-14.885,0.0926,2.227,1.2.826.0.1.3680043.8.498.91598369233820269148211831189489557607,19,4.4,1,True
1.2.826.0.1.3680043.8.498.77541648519018799027301684184453151471,mcl_centre,75.445,36.519,9.488,0.0738,62.685,1.2.826.0.1.3680043.8.498.67393799598104528706581832258168738533,28,3.7,1,True
1.2.826.0.1.3680043.8.498.77546769004367585830455474984769277713,mcl_centre,-96.034,-53.869,-5.882,0.0516,71.647,1.2.826.0.1.3680043.8.498.15068881868588002852865241814610982562,22,6.2,1,True
1.2.826.0.1.3680043.8.498.77577135626047243581253857225991426727,mcl_centre,-41.722,-38.85,-5.974,0.0757,1.299,1.2.826.0.1.3680043.8.498.51526529666030495342692054713961228946,32,3.3,1,True
1.2.826.0.1.3680043.8.498.77584925163022886785284486387921312146,mcl_centre,50.936,-53.289,-62.833,0.1022,1.731,1.2.826.0.1.3680043.8.498.64135917598269113455255878698504714356,30,3.3,1,True
1.2.826.0.1.3680043.8.498.77593859518024366170735307975173961777,mcl_centre,-45.092,-20.768,5.508,0.0672,1.073,1.2.826.0.1.3680043.8.498.97952593527375080021897007436429850933,41,3.3,1,True
1.2.826.0.1.3680043.8.498.77611073647079414772859496272387571059,mcl_centre,-54.241,-24.048,22.35,0.0549,1.588,1.2.826.0.1.3680043.8.498.91069508739393283741296806012154704626,28,4.2,1,True
1.2.826.0.1.3680043.8.498.77626578713099735143745396709359607445,mcl_centre,-24.693,-12.073,-35.695,0.1039,1.943,1.2.826.0.1.3680043.8.498.56973034242233196716222827197430362930,25,3.6,1,True
1.2.826.0.1.3680043.8.498.77628479664122209492622263818114972176,mcl_centre,-38.923,-18.962,-35.95,0.1042,0.815,1.2.826.0.1.3680043.8.498.52370722023865948461274156911276177367,30,3.6,1,True
1.2.826.0.1.3680043.8.498.77716260980321491689913730053309892120,mcl_centre,19.074,7.547,-52.376,0.0917,1.184,1.2.826.0.1.3680043.8.498.20710747438268167100545746514486530197,32,3.6,1,True
1.2.826.0.1.3680043.8.498.77735690782343511872544703464260892488,mcl_centre,-35.728,-3.464,-9.321,0.0776,1.409,1.2.826.0.1.3680043.8.498.13094176949675319393365694971047837150,32,3.3,1,True
1.2.826.0.1.3680043.8.498.77740672313593763051900703940745812581,mcl_centre,-71.915,-62.388,29.897,0.1145,1.119,1.2.826.0.1.3680043.8.498.10041731529774502577862769168815916727,28,3.5,1,True
1.2.826.0.1.3680043.8.498.77753753872601674668756777373761660873,mcl_centre,72.007,-57.369,-49.799,0.1021,1.934,1.2.826.0.1.3680043.8.498.13046007868947017774498833093314673113,30,3.5,1,True
1.2.826.0.1.3680043.8.498.77760453966349959552328150395676117417,mcl_centre,-43.216,-20.846,-15.193,0.1158,3.192,1.2.826.0.1.3680043.8.498.35286280890468068170935418674732254325,32,3.3,1,True
1.2.826.0.1.3680043.8.498.77800740811302686332282410929816056283,mcl_centre,82.714,-72.363,-5.181,0.1077,2.087,1.2.826.0.1.3680043.8.498.57049704599729575276490901751360243742,25,4.0,1,True
1.2.826.0.1.3680043.8.498.77801860555102174958520570751272642387,mcl_centre,-28.37,-23.078,20.897,0.1068,1.23,1.2.826.0.1.3680043.8.498.91163857143903322631244904620997588021,32,3.3,1,True
1.2.826.0.1.3680043.8.498.77823946901144772346251781172043480398,mcl_centre,36.99,8.225,4.223,0.0997,0.911,1.2.826.0.1.3680043.8.498.80455639111041420227002513197649249361,30,3.6,1,True
1.2.826.0.1.3680043.8.498.77843765997593346714211135369376676497,mcl_centre,-58.888,-29.825,22.606,0.0751,1.024,1.2.826.0.1.3680043.8.498.31706352458520796353517366394021100133,30,3.3,1,True
1.2.826.0.1.3680043.8.498.77889800516853576877948593628420228178,mcl_centre,46.929,-61.145,-47.879,0.1023,0.937,1.2.826.0.1.3680043.8.498.39221678945281618311703177374274508261,34,3.3,1,True
1.2.826.0.1.3680043.8.498.77893704208186903913532950495036889026,mcl_centre,-61.529,-39.223,30.105,0.1195,0.721,1.2.826.0.1.3680043.8.498.55575706137099723690091131566298661702,16,4.724,1,True
1.2.826.0.1.3680043.8.498.77911973519830915742655727368286737079,mcl_centre,-73.327,-67.618,-17.885,0.1026,0.881,1.2.826.0.1.3680043.8.498.21636931909566469528710915043539130034,16,6.293,1,True
1.2.826.0.1.3680043.8.498.77933128806366660573360274958258917742,mcl_centre,-35.847,24.338,-31.803,0.1361,1.271,1.2.826.0.1.3680043.8.498.11202952790868103383350951342340861694,24,4.0,1,True
1.2.826.0.1.3680043.8.498.78003548255041391467292087330671945247,mcl_centre,-40.844,-15.509,-9.656,0.1332,2.757,1.2.826.0.1.3680043.8.498.15847369523847923014771568387663172488,23,3.5,1,True
1.2.826.0.1.3680043.8.498.78012314847102407375138809615977711653,mcl_centre,42.779,-27.268,-6.775,0.0716,0.904,1.2.826.0.1.3680043.8.498.60936536302791253519736381847135696915,30,3.6,1,True
1.2.826.0.1.3680043.8.498.78072765790191594685273447833272737429,mcl_centre,51.419,67.841,-20.537,0.0918,1.366,1.2.826.0.1.3680043.8.498.11702773680297985397426236097294823716,28,3.7,1,True
1.2.826.0.1.3680043.8.498.78079900750417018394321006978343945239,mcl_centre,32.359,-58.389,-15.637,0.0917,0.831,1.2.826.0.1.3680043.8.498.75472192379246384822831034390706526850,45,3.3,1,True
1.2.826.0.1.3680043.8.498.78083057157844664959843364584162587026,mcl_centre,9.627,0.975,-19.412,0.1776,1.286,1.2.826.0.1.3680043.8.498.29085682831869619748559824196059220192,17,4.4,1,True
1.2.826.0.1.3680043.8.498.78084594560404633421210837175859618437,mcl_centre,-69.696,-48.151,-15.222,0.1062,0.794,1.2.826.0.1.3680043.8.498.32994920474178454616025721744818321636,30,3.5,1,True
1.2.826.0.1.3680043.8.498.78119223228067919465880137763593966456,mcl_centre,-69.39,-54.127,-26.456,0.1176,2.118,1.2.826.0.1.3680043.8.498.82760066589762165956140175500320921691,30,3.5,1,True
1.2.826.0.1.3680043.8.498.78188863861812651079751164964756388411,mcl_centre,60.487,-38.003,-24.657,0.1164,1.77,1.2.826.0.1.3680043.8.498.38521000807172142562899279048895267615,30,3.3,1,True
1.2.826.0.1.3680043.8.498.78198993378521219839327914679211902952,mcl_centre,72.006,-58.602,10.666,0.1072,0.429,1.2.826.0.1.3680043.8.498.85677132788448259817112453278979959833,28,3.5,1,True
1.2.826.0.1.3680043.8.498.78236036694398253902871510456985685293,mcl_centre,-49.44,-54.978,-6.683,0.1197,1.728,1.2.826.0.1.3680043.8.498.45748648251197946600637287844267690283,18,5.024,1,True
1.2.826.0.1.3680043.8.498.78238394512811614973689011297363399053,mcl_centre,42.512,-54.715,-26.576,0.1096,0.502,1.2.826.0.1.3680043.8.498.13147980998793948573613661955748639796,31,3.3,1,True
1.2.826.0.1.3680043.8.498.78282552802075313852355443512555224586,mcl_centre,-46.934,-20.827,4.019,0.0737,0.729,1.2.826.0.1.3680043.8.498.11907431030198893723943901432359326037,39,3.51,1,True
1.2.826.0.1.3680043.8.498.78286395605671977872377352305890466464,mcl_centre,-28.928,8.052,-44.201,0.134,2.866,1.2.826.0.1.3680043.8.498.39592729396960103238014503734262897595,24,4.0,1,True
1.2.826.0.1.3680043.8.498.78296478954955171036523274995555716268,mcl_centre,39.058,-37.693,-24.213,0.0785,0.911,1.2.826.0.1.3680043.8.498.36034725753785217155826748283435244535,36,3.0,1,True
1.2.826.0.1.3680043.8.498.78420763928408680447797586163977368190,mcl_centre,41.213,-17.843,-16.015,0.097,0.576,1.2.826.0.1.3680043.8.498.78635256828035465473707066893886407223,30,3.6,1,True
1.2.826.0.1.3680043.8.498.78465765647012043478539489340002371960,mcl_centre,-33.311,5.207,-48.786,0.106,1.308,1.2.826.0.1.3680043.8.498.10597547738522893302080301306352972305,28,3.5,1,True
1.2.826.0.1.3680043.8.498.78475145549489837635803968565380247517,mcl_centre,-31.018,-73.168,-13.637,0.0847,0.847,1.2.826.0.1.3680043.8.498.10829902296028198059607095249671370750,21,4.8,1,True
1.2.826.0.1.3680043.8.498.78476873086705419136436170130940915568,mcl_centre,-73.831,-35.072,-23.145,0.1094,0.797,1.2.826.0.1.3680043.8.498.49820596820402772973997189173275779923,18,5.113,1,True
1.2.826.0.1.3680043.8.498.78512215519177850923279235346968676828,mcl_centre,-23.599,-19.584,-20.064,0.0983,1.489,1.2.826.0.1.3680043.8.498.84591830035101573535572853408950903979,32,3.3,1,True
1.2.826.0.1.3680043.8.498.78521396404736679127326025240279747196,mcl_centre,66.878,-42.066,-8.999,0.1166,0.959,1.2.826.0.1.3680043.8.498.30517928590254193801105040325905902794,16,4.942,1,True
1.2.826.0.1.3680043.8.498.78574437345603052437892513165832297960,mcl_centre,30.796,7.311,-58.694,0.0931,0.842,1.2.826.0.1.3680043.8.498.34025149529848171674505640925675181110,30,3.6,1,True
1.2.826.0.1.3680043.8.498.78646473961447523033955716877524794707,mcl_centre,67.25,-32.382,-42.81,0.0987,1.436,1.2.826.0.1.3680043.8.498.53410227961277878410329293915577792619,30,3.7,1,True
1.2.826.0.1.3680043.8.498.78657055734742806687703707756153505756,mcl_centre,-72.546,-35.985,-27.753,0.1012,1.391,1.2.826.0.1.3680043.8.498.52139881278457466913474894068886033545,27,4.5,1,True
1.2.826.0.1.3680043.8.498.78667999747216717251638754803697959701,mcl_centre,62.813,-35.337,-6.2,0.1068,1.244,1.2.826.0.1.3680043.8.498.19850662897046069114430818816434670688,31,3.3,1,True
1.2.826.0.1.3680043.8.498.78674598286586525734293563394409166190,mcl_centre,39.435,29.276,-9.326,0.0963,0.736,1.2.826.0.1.3680043.8.498.28474147504091932490739246033112867683,25,4.0,1,True
1.2.826.0.1.3680043.8.498.78685661415919658264222803849222055515,mcl_centre,52.889,-3.33,-30.972,0.1016,0.651,1.2.826.0.1.3680043.8.498.43461403602070980065390304654321120808,33,3.3,1,True
1.2.826.0.1.3680043.8.498.78757011872917563830995996191850541453,mcl_centre,-74.321,-32.221,-40.238,0.084,0.827,1.2.826.0.1.3680043.8.498.15213849669243167363561627739687587875,27,4.5,1,True
1.2.826.0.1.3680043.8.498.78765525474890094481249498938657540052,mcl_centre,43.601,-16.905,-13.563,0.089,1.745,1.2.826.0.1.3680043.8.498.10146398894693788225839208270296720140,30,3.6,1,True
1.2.826.0.1.3680043.8.498.78800983923143929298359366572020370031,mcl_centre,-45.985,-30.925,-20.305,0.0873,0.559,1.2.826.0.1.3680043.8.498.88897743245198733001161587325070643966,32,3.3,1,True
1.2.826.0.1.3680043.8.498.78808320605816811006382053060951793555,mcl_centre,-76.106,-42.354,-14.999,0.1076,1.621,1.2.826.0.1.3680043.8.498.62971932963147480815420404967923379682,18,5.371,1,True
1.2.826.0.1.3680043.8.498.78812661021494224637586904573732040856,mcl_centre,61.915,-52.171,-34.026,0.1216,2.516,1.2.826.0.1.3680043.8.498.81643668572912287584520330578463038132,16,5.771,1,True
1.2.826.0.1.3680043.8.498.78853931928960361455025737444267199231,mcl_centre,-46.502,-54.769,-13.149,0.0944,1.424,1.2.826.0.1.3680043.8.498.23070521550719606485106450744833955037,35,3.3,1,True
1.2.826.0.1.3680043.8.498.78968420394708302953391711477016139949,mcl_centre,-42.565,-14.352,-33.132,0.1165,1.072,1.2.826.0.1.3680043.8.498.92600350102037208273160803134710586400,15,5.648,1,True
1.2.826.0.1.3680043.8.498.78972123731732056524948076388825106061,mcl_centre,72.944,14.121,-10.421,0.0953,1.803,1.2.826.0.1.3680043.8.498.70278343190042597290117533584927022671,30,3.7,1,True
1.2.826.0.1.3680043.8.498.79021499290691125513421477204330532755,mcl_centre,31.933,-15.845,-24.905,0.0934,0.652,1.2.826.0.1.3680043.8.498.54425545254595855977561202768427487509,32,3.3,1,True
1.2.826.0.1.3680043.8.498.79038153803632889185429988483097161887,mcl_centre,-72.619,-48.61,-0.714,0.0939,1.798,1.2.826.0.1.3680043.8.498.43461609722438720569221001024103872658,20,5.702,1,True
1.2.826.0.1.3680043.8.498.79077219037094025366585138112899760966,mcl_centre,-24.537,4.007,-5.146,0.1042,3.12,1.2.826.0.1.3680043.8.498.13036530198344743321524389600384006026,30,3.3,1,True
1.2.826.0.1.3680043.8.498.79080521163097116147379189510104170611,mcl_centre,78.37,-45.416,-42.464,0.1103,0.655,1.2.826.0.1.3680043.8.498.94355506852706355784981627712103069457,30,3.3,1,True
1.2.826.0.1.3680043.8.498.79087227780630716132147615846840128474,mcl_centre,68.643,-73.49,5.752,0.0807,0.742,1.2.826.0.1.3680043.8.498.70373331572946750164243276677372038604,20,4.706,1,True
1.2.826.0.1.3680043.8.498.79117047831806895544174734229992359986,mcl_centre,20.163,-62.602,-19.839,0.1163,1.246,1.2.826.0.1.3680043.8.498.10075012787048324306023820168721006946,19,5.2,1,True
1.2.826.0.1.3680043.8.498.79122189963582241618519333445055548347,mcl_centre,72.948,-53.463,-9.304,0.1068,0.988,1.2.826.0.1.3680043.8.498.37018232079800969348138543358437222396,35,3.3,1,True
1.2.826.0.1.3680043.8.498.79165531588966776246377098630025444815,mcl_centre,49.034,-37.746,-37.402,0.1063,0.908,1.2.826.0.1.3680043.8.498.72829817500734506111899867477962910056,30,3.5,1,True
1.2.826.0.1.3680043.8.498.79224785668205420138951103045759609475,mcl_centre,-33.037,-69.078,-17.522,0.0671,1.988,1.2.826.0.1.3680043.8.498.10186260679271536022870228965898116480,19,4.8,1,True
1.2.826.0.1.3680043.8.498.79225094031423353857449795712402404317,mcl_centre,36.971,-11.843,-51.253,0.1116,0.406,1.2.826.0.1.3680043.8.498.26394237251768525106234505512166399774,32,3.3,1,True
1.2.826.0.1.3680043.8.498.79245771997885598399203314109623928718,mcl_centre,-43.962,-66.966,-12.267,0.0703,0.621,1.2.826.0.1.3680043.8.498.28372922894478978539631449495637238138,44,3.3,1,True
1.2.826.0.1.3680043.8.498.79247871688929479411597859576284194165,mcl_centre,-86.388,-79.886,10.973,0.1041,0.768,1.2.826.0.1.3680043.8.498.10050957726706119832570776691164651252,16,6.278,1,True
1.2.826.0.1.3680043.8.498.79258497507223824227830886693749460348,mcl_centre,70.189,-56.74,-12.203,0.1024,1.133,1.2.826.0.1.3680043.8.498.57579760498458776539426255241217978940,30,3.3,1,True
1.2.826.0.1.3680043.8.498.79267465462008228906382361587050826784,mcl_centre,-73.905,-19.256,-12.545,0.0676,0.599,1.2.826.0.1.3680043.8.498.80367198626707445769761705097055513002,35,3.3,1,True
1.2.826.0.1.3680043.8.498.79274948549030940175536603063980168192,mcl_centre,16.646,50.071,-31.854,0.112,0.851,1.2.826.0.1.3680043.8.498.84752435707155641590734898355592177881,23,4.5,1,True
1.2.826.0.1.3680043.8.498.79290157182784080975822485697879660942,mcl_centre,58.026,-56.126,0.886,0.0749,1.188,1.2.826.0.1.3680043.8.498.47232386380054952354573657441362790969,34,3.3,1,True
1.2.826.0.1.3680043.8.498.79292862882980756453890778996691993351,mcl_centre,34.295,-35.233,-26.202,0.091,0.502,1.2.826.0.1.3680043.8.498.10094804580185303413150752598948199980,28,4.2,1,True
1.2.826.0.1.3680043.8.498.79326627674334637493320764205397279674,mcl_centre,69.006,-58.672,-1.643,0.1431,0.664,1.2.826.0.1.3680043.8.498.12506880178585928088851250768983125574,25,3.7,1,True
1.2.826.0.1.3680043.8.498.79341955397030543255969676347554165142,mcl_centre,-61.624,-72.599,-14.961,0.1192,1.452,1.2.826.0.1.3680043.8.498.12885101420344600751502682664234710052,18,5.359,1,True
1.2.826.0.1.3680043.8.498.79505118958475739396320647697583979079,mcl_centre,-55.73,-41.534,12.828,0.148,1.552,1.2.826.0.1.3680043.8.498.59131574285165914052755456526959101715,16,4.616,1,True
1.2.826.0.1.3680043.8.498.79524312100988116256514335064057385347,mcl_centre,26.741,42.333,-15.974,0.1184,1.148,1.2.826.0.1.3680043.8.498.65398420109510153490823951263267155046,18,4.5,1,True
1.2.826.0.1.3680043.8.498.79551456190098389081551755482042135791,mcl_centre,-68.295,-54.287,-13.293,0.1034,0.404,1.2.826.0.1.3680043.8.498.20183095606955684686821218883074497625,18,6.066,1,True
1.2.826.0.1.3680043.8.498.79560170727391465844958390474997798803,mcl_centre,-34.061,-28.828,-40.296,0.1032,1.947,1.2.826.0.1.3680043.8.498.12430659501102220893304246167363371140,30,3.3,1,True
1.2.826.0.1.3680043.8.498.79565393323323007178523850093527250842,mcl_centre,50.91,-70.01,-11.444,0.0898,1.209,1.2.826.0.1.3680043.8.498.95632898051489716256821477137569830075,32,3.3,1,True
1.2.826.0.1.3680043.8.498.79582457162604674356422857305405255763,mcl_centre,-60.362,-24.518,-56.312,0.0948,1.631,1.2.826.0.1.3680043.8.498.79243957964868708759873405187865967165,28,3.7,1,True
1.2.826.0.1.3680043.8.498.79609204436595306110253502961172135807,mcl_centre,70.105,-50.963,-6.095,0.0807,0.822,1.2.826.0.1.3680043.8.498.11384695274981718302093806564344517135,30,3.3,1,True
1.2.826.0.1.3680043.8.498.79636443202100988025435536780567446582,mcl_centre,-51.0,-10.128,-5.427,0.066,0.675,1.2.826.0.1.3680043.8.498.79485001540865320445860408412295761250,35,3.3,1,True
1.2.826.0.1.3680043.8.498.79648517065511897282938523065537768426,mcl_centre,-43.583,-15.993,-55.222,0.0945,0.838,1.2.826.0.1.3680043.8.498.19858395664842839830665886668897167990,32,3.3,1,True
1.2.826.0.1.3680043.8.498.79672421957132993896448375311641998688,mcl_centre,-56.267,-52.204,-20.882,0.08,1.586,1.2.826.0.1.3680043.8.498.12761510647193350186242263674795003589,28,4.0,1,True
1.2.826.0.1.3680043.8.498.79725520325008084984331823107016254775,mcl_centre,75.269,-74.13,-18.715,0.1095,0.624,1.2.826.0.1.3680043.8.498.72533851986917493022341745130069530036,20,5.689,1,True
1.2.826.0.1.3680043.8.498.79741629769872115526056483024289600492,mcl_centre,-43.352,-27.978,-3.656,0.0885,1.272,1.2.826.0.1.3680043.8.498.92842136731488728237674332544473245077,39,3.3,1,True
1.2.826.0.1.3680043.8.498.79798779812052605703861699094268016306,mcl_centre,-11.992,21.119,-27.542,0.0789,1.448,1.2.826.0.1.3680043.8.498.13376506175279969490685474159780845938,34,3.5,1,True
1.2.826.0.1.3680043.8.498.79829033430619597320769579608450393290,mcl_centre,-56.811,-29.759,-21.628,0.0624,64.589,1.2.826.0.1.3680043.8.498.84398946025881681693065491725360560958,24,4.95,1,True
1.2.826.0.1.3680043.8.498.79977436705480715175480363175316375576,mcl_centre,-132.083,-53.952,-8.576,0.0202,69.79,1.2.826.0.1.3680043.8.498.27460216959967740503014117426104498135,38,3.3,1,True
1.2.826.0.1.3680043.8.498.79991838737793096019496013540529642900,mcl_centre,-62.096,-59.159,-5.626,0.1266,1.097,1.2.826.0.1.3680043.8.498.74747889114349610270638073997332348473,18,5.026,1,True
1.2.826.0.1.3680043.8.498.80058869639900582578987760750483296668,mcl_centre,-36.759,-10.494,-36.832,0.0972,1.456,1.2.826.0.1.3680043.8.498.11647227498179654880675350263898238481,30,3.6,1,True
1.2.826.0.1.3680043.8.498.80100785345864355815698147663964005920,mcl_centre,-71.078,-32.152,-5.414,0.117,1.402,1.2.826.0.1.3680043.8.498.30646625998032280400787874845819002386,26,4.5,1,True
1.2.826.0.1.3680043.8.498.80146250663015309456767479960653638934,mcl_centre,82.594,-51.041,-6.623,0.1222,1.082,1.2.826.0.1.3680043.8.498.49025476866520753911582857116206293280,30,3.5,1,True
1.2.826.0.1.3680043.8.498.80161127293548940216292842707683784128,mcl_centre,-41.08,9.376,1.022,0.1784,0.582,1.2.826.0.1.3680043.8.498.88941190900964493210114507754616817155,24,4.0,1,True
1.2.826.0.1.3680043.8.498.80180578697901833764761405542790185180,mcl_centre,95.023,18.666,-45.452,0.0665,1.5,1.2.826.0.1.3680043.8.498.43565631876717056152253714924501430166,37,3.85,1,True
1.2.826.0.1.3680043.8.498.80192355832283305029770183988436644845,mcl_centre,69.468,12.339,-15.717,0.1128,2.394,1.2.826.0.1.3680043.8.498.54881751591210584730838727742032157255,24,4.5,1,True
1.2.826.0.1.3680043.8.498.80207056225476761432712249807198836187,mcl_centre,75.813,-47.714,-38.798,0.1149,1.955,1.2.826.0.1.3680043.8.498.23549877034569314877573478288071642740,30,3.5,1,True
1.2.826.0.1.3680043.8.498.80247974926646352443043954025450139721,mcl_centre,-48.566,23.769,-12.679,0.1246,57.794,1.2.826.0.1.3680043.8.498.10016070672456816867522051160523666231,24,4.0,1,True
1.2.826.0.1.3680043.8.498.80275294885165896124489476449616436102,mcl_centre,-58.859,-16.493,-51.141,0.0942,0.676,1.2.826.0.1.3680043.8.498.59500119362922787437450717128676246771,36,3.3,1,True
1.2.826.0.1.3680043.8.498.80284846390295834578273590480193235798,mcl_centre,-36.01,-19.866,-97.253,0.1052,1.117,1.2.826.0.1.3680043.8.498.57325438173567431191970008349021889974,30,3.3,1,True
1.2.826.0.1.3680043.8.498.80290749690597272632725356393056746299,mcl_centre,-64.537,43.764,-36.968,0.0734,1.604,1.2.826.0.1.3680043.8.498.60629750038795573872610764386026240573,38,3.7,1,True
1.2.826.0.1.3680043.8.498.80292580287849976694993628109721422478,mcl_centre,45.505,-55.975,1.58,0.16,2.08,1.2.826.0.1.3680043.8.498.10028049225658146919936353067470558456,16,5.66,1,True
1.2.826.0.1.3680043.8.498.80312559977515578735238310472949287111,mcl_centre,67.199,-44.068,-32.529,0.1077,2.82,1.2.826.0.1.3680043.8.498.58096737928784588191680416582747476382,35,3.3,1,True
1.2.826.0.1.3680043.8.498.80313580693550912024103221258669390487,mcl_centre,36.802,-5.916,-43.128,0.1058,1.226,1.2.826.0.1.3680043.8.498.12246136327344103063305670037410584907,30,3.3,1,True
1.2.826.0.1.3680043.8.498.80319546205646617603546887163539306146,mcl_centre,37.239,42.244,-10.997,0.0944,0.767,1.2.826.0.1.3680043.8.498.59388253108973531050886333076531218114,25,4.0,1,True
1.2.826.0.1.3680043.8.498.80325205657974094483016625702390834774,mcl_centre,-42.523,-4.008,8.639,0.09,1.203,1.2.826.0.1.3680043.8.498.56617256137443389204982419481433311492,34,3.3,1,True
1.2.826.0.1.3680043.8.498.80391378873630377472192017862302619947,mcl_centre,33.401,-5.782,-20.16,0.0801,0.936,1.2.826.0.1.3680043.8.498.39774280718843931706638222730907681081,35,3.3,1,True
1.2.826.0.1.3680043.8.498.80433141990021472112645841723991584182,mcl_centre,-52.268,-44.35,-13.18,0.1068,0.663,1.2.826.0.1.3680043.8.498.53878123928734131930631257669347566725,30,3.5,1,True
1.2.826.0.1.3680043.8.498.80458507774711142534182397228254444268,mcl_centre,-34.459,10.804,-47.32,0.116,1.872,1.2.826.0.1.3680043.8.498.95610013896334607794112063138071638550,26,4.0,1,True
1.2.826.0.1.3680043.8.498.80492324225032367918842505447056622561,mcl_centre,44.332,29.814,2.975,0.0875,1.834,1.2.826.0.1.3680043.8.498.79788923044623920357636652713001220742,36,3.5,1,True
1.2.826.0.1.3680043.8.498.80514754572353458107286859773300865138,mcl_centre,72.956,-60.732,-41.641,0.0918,1.124,1.2.826.0.1.3680043.8.498.12252223073458120488645012267226912423,24,4.95,1,True
1.2.826.0.1.3680043.8.498.80556515221794602430701573588498144286,mcl_centre,-33.507,-57.669,-16.131,0.0847,0.706,1.2.826.0.1.3680043.8.498.47124723659005253287451500260336283829,24,4.95,1,True
1.2.826.0.1.3680043.8.498.80557835452734362083552169469427388003,mcl_centre,-42.074,-54.334,-23.635,0.0946,0.597,1.2.826.0.1.3680043.8.498.10746397307608531277893893503424098577,30,3.3,1,True
1.2.826.0.1.3680043.8.498.80589796918823112368758999678369292754,mcl_centre,-17.148,-62.573,-7.321,0.0742,0.883,1.2.826.0.1.3680043.8.498.51756568865180670831693738263063729578,21,4.4,1,True
1.2.826.0.1.3680043.8.498.80612964209397056653334784776523875647,mcl_centre,-38.464,-22.99,-27.941,0.0805,0.651,1.2.826.0.1.3680043.8.498.10260293555353258969411669239890287296,32,3.3,1,True
1.2.826.0.1.3680043.8.498.80627605463642274852766102874822833365,mcl_centre,11.832,2.869,-41.036,0.1129,1.319,1.2.826.0.1.3680043.8.498.30487688133195626892371532847259187211,27,3.6,1,True
1.2.826.0.1.3680043.8.498.80629565747112614845746475820152813307,mcl_centre,67.543,-58.634,5.958,0.1211,2.051,1.2.826.0.1.3680043.8.498.36437528437662069991535728620916903311,25,4.5,1,True
1.2.826.0.1.3680043.8.498.80642348849062865125509773837278900750,mcl_centre,-70.998,-28.986,-60.571,0.0982,0.9,1.2.826.0.1.3680043.8.498.78232388885212703245058727912067824595,18,5.072,1,True
1.2.826.0.1.3680043.8.498.80643480554795312280333659144941545925,mcl_centre,-37.839,-46.958,-7.713,0.0855,0.809,1.2.826.0.1.3680043.8.498.11809833693710461653237464940845256068,33,3.3,1,True
1.2.826.0.1.3680043.8.498.80651977424179089141346174053751183506,mcl_centre,-45.901,-69.749,21.263,0.1071,1.405,1.2.826.0.1.3680043.8.498.24177836893274703006130063048628967649,23,4.5,1,True
1.2.826.0.1.3680043.8.498.80661392139668653552110941896475066204,mcl_centre,52.555,6.488,-40.476,0.0944,1.746,1.2.826.0.1.3680043.8.498.63870405510808349543037046563850418325,35,3.5,1,True
1.2.826.0.1.3680043.8.498.80671597537348112977780954910198682272,mcl_centre,-48.1,-34.646,3.553,0.0756,74.255,1.2.826.0.1.3680043.8.498.11442645944879606999756025648574848093,34,3.3,1,True
1.2.826.0.1.3680043.8.498.80698510014594772882040509716764819716,mcl_centre,43.662,-63.126,-37.656,0.085,4.646,1.2.826.0.1.3680043.8.498.58444667221543571537343531056404323044,34,3.3,1,True
1.2.826.0.1.3680043.8.498.80726797831040227285328789648680519664,mcl_centre,-39.204,-15.039,-24.955,0.0789,1.03,1.2.826.0.1.3680043.8.498.45294569668171151388727899585328523765,38,3.3,1,True
1.2.826.0.1.3680043.8.498.80735285867775404153100236162962472952,mcl_centre,36.102,-10.907,-15.075,0.1044,1.471,1.2.826.0.1.3680043.8.498.97719206090121634386832089787727144629,32,3.3,1,True
1.2.826.0.1.3680043.8.498.80741358365199721720335324482078866565,mcl_centre,25.569,-42.598,-15.468,0.1067,0.614,1.2.826.0.1.3680043.8.498.51000590708100505863445475580362379424,30,3.3,1,True
1.2.826.0.1.3680043.8.498.80758336123908522542787716219939751704,mcl_centre,-41.158,-53.252,-19.515,0.1047,0.782,1.2.826.0.1.3680043.8.498.51683058394397045685093146745477886901,19,4.6,1,True
1.2.826.0.1.3680043.8.498.80851365368114686105558347899990395309,mcl_centre,-23.878,-28.723,-28.44,0.0733,1.304,1.2.826.0.1.3680043.8.498.58747970372919881302900345891940955158,36,3.3,1,True
1.2.826.0.1.3680043.8.498.80861108320341696163987804408524915999,mcl_centre,35.876,8.584,-30.318,0.1227,0.971,1.2.826.0.1.3680043.8.498.11549414486246601493762704401929639423,27,3.6,1,True
1.2.826.0.1.3680043.8.498.80876235930771882271600826613593202364,mcl_centre,-65.377,-40.659,-22.606,0.1032,0.852,1.2.826.0.1.3680043.8.498.11776191548256235062862814896924424982,33,3.3,1,True
1.2.826.0.1.3680043.8.498.80878057166752747059190481131529937715,mcl_centre,42.549,-23.863,-17.378,0.0998,1.019,1.2.826.0.1.3680043.8.498.11797446353133336857026355280665012480,38,3.3,1,True
1.2.826.0.1.3680043.8.498.80886525412417948114478368374120704834,mcl_centre,31.633,7.417,-27.616,0.1112,1.555,1.2.826.0.1.3680043.8.498.93475193632138921088843198476353100587,33,4.0,1,True
1.2.826.0.1.3680043.8.498.80931292574057303692838531323879513417,mcl_centre,30.955,-58.552,-49.72,0.1195,1.712,1.2.826.0.1.3680043.8.498.38433540242237740463466380052227936393,19,4.4,1,True
1.2.826.0.1.3680043.8.498.81012548926053584036386949658594985125,mcl_centre,-53.557,-61.455,-30.884,0.1127,1.081,1.2.826.0.1.3680043.8.498.83120070369255204594938179931784605823,32,3.3,1,True
1.2.826.0.1.3680043.8.498.81018911907787774214591206085583545057,mcl_centre,53.098,-26.189,-32.309,0.1358,1.12,1.2.826.0.1.3680043.8.498.87171864277478031414954465104434941922,26,5.0,1,True
1.2.826.0.1.3680043.8.498.81024897463656728358703040759074583549,mcl_centre,-25.234,5.013,-55.657,0.11,1.461,1.2.826.0.1.3680043.8.498.89097676127893131167177247610874308011,25,3.6,1,True
1.2.826.0.1.3680043.8.498.81031057654953109295788159826841315360,mcl_centre,52.721,-57.404,-32.563,0.0755,2.02,1.2.826.0.1.3680043.8.498.65527086195929520106500328697488187615,38,3.3,1,True
1.2.826.0.1.3680043.8.498.81096597169632636454986988944050298701,mcl_centre,47.121,-35.059,3.944,0.0715,0.702,1.2.826.0.1.3680043.8.498.98294230654166654873804051000777944766,37,3.3,1,True
1.2.826.0.1.3680043.8.498.81103809943451790668501089584752866199,mcl_centre,-44.13,43.441,-62.827,0.0899,1.37,1.2.826.0.1.3680043.8.498.42953918609108110048595797921064615231,34,3.5,1,True
1.2.826.0.1.3680043.8.498.81109405367395078564887780335570099673,mcl_centre,-95.459,-39.566,-19.408,0.089,3.751,1.2.826.0.1.3680043.8.498.52702293378333826654509806872790056792,35,3.3,1,True
1.2.826.0.1.3680043.8.498.81142440700884513521007992957945568924,mcl_centre,-39.856,-2.543,-37.968,0.0933,0.889,1.2.826.0.1.3680043.8.498.34889641833547478523483338460408770802,30,3.6,1,True
1.2.826.0.1.3680043.8.498.81248820934296461385324385812581970340,mcl_centre,-45.187,-55.671,-35.327,0.0899,0.86,1.2.826.0.1.3680043.8.498.12204093881583172544548890521278117112,30,3.7,1,True
1.2.826.0.1.3680043.8.498.81269884425000228604280521306949721859,mcl_centre,38.678,-18.068,-16.163,0.0711,1.768,1.2.826.0.1.3680043.8.498.69110538132396334346412987475904010312,30,3.6,1,True
1.2.826.0.1.3680043.8.498.81327951282145199298572980264557740321,mcl_centre,79.36,-66.971,-15.963,0.1088,1.637,1.2.826.0.1.3680043.8.498.11694546796694822500685536388211170190,35,3.3,1,True
1.2.826.0.1.3680043.8.498.81342416992724702402763591633702802359,mcl_centre,-42.575,-14.882,-3.009,0.0746,1.184,1.2.826.0.1.3680043.8.498.52080276789996649835111906032580278377,28,3.6,1,True
1.2.826.0.1.3680043.8.498.81347841116019279082226143308588516787,mcl_centre,-45.402,-22.566,-13.008,0.0774,0.864,1.2.826.0.1.3680043.8.498.76916046609404313140616974585344605905,31,3.3,1,True
1.2.826.0.1.3680043.8.498.81351574724227319632426427855692606694,mcl_centre,43.827,-27.151,-72.795,0.0755,0.613,1.2.826.0.1.3680043.8.498.26052370632187729240736972703454542855,38,3.3,1,True
1.2.826.0.1.3680043.8.498.81407504276375197122586620633759174421,mcl_centre,42.399,-79.672,-16.029,0.1477,1.681,1.2.826.0.1.3680043.8.498.10626527791581503992184867416968358330,21,4.8,1,True
1.2.826.0.1.3680043.8.498.81462603621780919719466264356289554669,mcl_centre,-31.746,-32.602,-47.144,0.088,1.552,1.2.826.0.1.3680043.8.498.73341490919573184799812164626315452655,25,3.85,1,True
1.2.826.0.1.3680043.8.498.81464322239381998685473520085495957135,mcl_centre,77.289,-41.742,-53.342,0.0869,1.062,1.2.826.0.1.3680043.8.498.44299244907703907999594163179355474119,30,3.5,1,True
1.2.826.0.1.3680043.8.498.81466575994184158172641823163654418018,mcl_centre,-52.256,-23.905,-13.328,0.0479,0.996,1.2.826.0.1.3680043.8.498.30058757417820372879651519363586786142,38,3.3,1,True
1.2.826.0.1.3680043.8.498.81475058647553697318837239968139077272,mcl_centre,85.478,-50.886,-1.907,0.0963,1.047,1.2.826.0.1.3680043.8.498.11047582596951666396593373411986735805,30,3.3,1,True
1.2.826.0.1.3680043.8.498.81495303185504163367736663647489556517,mcl_centre,79.276,-67.174,-32.302,0.0976,1.335,1.2.826.0.1.3680043.8.498.11616768950425747846256334171841640747,22,4.95,1,True
1.2.826.0.1.3680043.8.498.81540134120507822899514611863725372563,mcl_centre,81.463,-62.076,-7.729,0.115,2.121,1.2.826.0.1.3680043.8.498.43064716921017676999782827926594756375,30,3.3,1,True
1.2.826.0.1.3680043.8.498.81567030584250750745410094870790052181,mcl_centre,-51.52,-11.61,-17.979,0.083,1.138,1.2.826.0.1.3680043.8.498.62712776720194793319652220456700775753,36,3.5,1,True
1.2.826.0.1.3680043.8.498.81590494282169434250974061642267472166,mcl_centre,36.767,-20.771,-6.527,0.0819,0.521,1.2.826.0.1.3680043.8.498.13393964471939826984952526637990470018,33,3.3,1,True
1.2.826.0.1.3680043.8.498.81629704995225424568187579791704967233,mcl_centre,-48.498,-51.569,-40.258,0.097,0.745,1.2.826.0.1.3680043.8.498.95430368480070340433845939189343814849,30,3.5,1,True
1.2.826.0.1.3680043.8.498.81631925197682464058124413934958934086,mcl_centre,-35.883,4.92,-54.3,0.1227,1.291,1.2.826.0.1.3680043.8.498.81309981752880922318249193087002636516,34,3.6,1,True
1.2.826.0.1.3680043.8.498.81651132686162360431299931833372141617,mcl_centre,67.914,-44.124,8.496,0.1338,0.953,1.2.826.0.1.3680043.8.498.42373554791283824394352776941278669137,25,3.7,1,True
1.2.826.0.1.3680043.8.498.81651455914141365028015556083080638757,mcl_centre,48.731,-56.25,-14.887,0.0894,1.193,1.2.826.0.1.3680043.8.498.82069403207277833908644996280082537245,30,3.5,1,True
1.2.826.0.1.3680043.8.498.81692996137620934043276253858381812472,mcl_centre,-53.772,-50.26,-10.809,0.107,1.487,1.2.826.0.1.3680043.8.498.49294732499116516032345128989257882402,30,3.3,1,True
1.2.826.0.1.3680043.8.498.81698411330214788362326470979160431674,mcl_centre,29.253,18.601,-37.944,0.1161,1.195,1.2.826.0.1.3680043.8.498.77946984430148702196997132936417542483,24,4.0,1,True
1.2.826.0.1.3680043.8.498.81738571920712657790861120957086010772,mcl_centre,45.539,-60.752,2.102,0.124,1.173,1.2.826.0.1.3680043.8.498.12902588988060207994916743755672921107,19,4.4,1,True
1.2.826.0.1.3680043.8.498.81740348974208459068937862799489495782,mcl_centre,75.917,-47.411,-16.305,0.0865,1.702,1.2.826.0.1.3680043.8.498.35623999302794596896574409601033167579,28,3.45,1,True
1.2.826.0.1.3680043.8.498.81790990482142045640192729399175106255,mcl_centre,-41.167,-24.954,-11.981,0.0948,0.769,1.2.826.0.1.3680043.8.498.33724215686517968017792085321842335018,32,3.3,1,True
1.2.826.0.1.3680043.8.498.81793454171031578492222004629265937656,mcl_centre,-48.816,-53.423,-35.691,0.1007,0.736,1.2.826.0.1.3680043.8.498.11006124140980445438475978122882952305,32,3.3,1,True
1.2.826.0.1.3680043.8.498.81796385087779065457668769443782458844,mcl_centre,-7.119,-8.424,25.599,0.0536,0.79,1.2.826.0.1.3680043.8.498.98368054701669452749315927089568125756,34,4.0,1,True
1.2.826.0.1.3680043.8.498.81797437102217585216278133168092577952,mcl_centre,40.187,-24.184,-19.042,0.0736,1.497,1.2.826.0.1.3680043.8.498.98545118635684823203214978430199603079,32,3.3,1,True
1.2.826.0.1.3680043.8.498.81819209302731920404237374320026807282,mcl_centre,-32.128,-62.481,-34.841,0.0789,1.305,1.2.826.0.1.3680043.8.498.70215125797957437104257548180766722553,32,3.3,1,True
1.2.826.0.1.3680043.8.498.81822709772232914298414700148454511661,mcl_centre,-60.803,-16.553,-53.099,0.1231,3.061,1.2.826.0.1.3680043.8.498.32125835372295425838019516225355410511,15,6.057,1,True
1.2.826.0.1.3680043.8.498.81832287065207835637503039077685315236,mcl_centre,-63.547,-57.697,11.217,0.0881,0.882,1.2.826.0.1.3680043.8.498.10633369153197123770487217941923058907,30,3.3,1,True
1.2.826.0.1.3680043.8.498.81892104897856100357169774214718573167,mcl_centre,-55.476,-24.12,-28.296,0.0944,1.06,1.2.826.0.1.3680043.8.498.16326990541306438901360997579028335406,30,3.5,1,True
1.2.826.0.1.3680043.8.498.81927409938015158663782061022054347955,mcl_centre,32.777,-6.062,-32.65,0.0801,0.715,1.2.826.0.1.3680043.8.498.10722996908942179760812738484006031271,32,3.3,1,True
1.2.826.0.1.3680043.8.498.81957447654112577010261210572986132211,mcl_centre,-59.656,-34.278,9.107,0.0704,63.05,1.2.826.0.1.3680043.8.498.70388006590156572680481364364695835118,30,3.3,1,True
1.2.826.0.1.3680043.8.498.81964000393640770822199916465038759069,mcl_centre,-43.984,-35.006,-5.723,0.0987,1.105,1.2.826.0.1.3680043.8.498.16039262725975308089596298166276191624,32,3.3,1,True
1.2.826.0.1.3680043.8.498.81974732979506931694079719601760393277,mcl_centre,-29.875,-5.665,-32.001,0.1441,0.635,1.2.826.0.1.3680043.8.498.87157468243754563779456206710783263897,24,4.0,1,True
1.2.826.0.1.3680043.8.498.81981151447274200345866874172324295172,mcl_centre,-45.66,-15.024,-18.438,0.0782,1.841,1.2.826.0.1.3680043.8.498.58448424236982510147690562259047954089,32,3.3,1,True
1.2.826.0.1.3680043.8.498.81984200870681776955493738987078746894,mcl_centre,-45.873,-49.944,-36.111,0.1075,1.35,1.2.826.0.1.3680043.8.498.94626979394672032998905435628653366748,28,3.3,1,True
1.2.826.0.1.3680043.8.498.82012532783011843175172575198326783678,mcl_centre,-69.588,-24.094,9.702,0.1097,1.423,1.2.826.0.1.3680043.8.498.10800641015574169132081933661391201561,26,4.5,1,True
1.2.826.0.1.3680043.8.498.82053853036886620816821481139413594407,mcl_centre,-48.168,-25.983,-37.093,0.0847,1.608,1.2.826.0.1.3680043.8.498.18237240739110230147459915439256045496,35,3.3,1,True
1.2.826.0.1.3680043.8.498.82074883987134049971242727164506046476,mcl_centre,-42.812,-25.185,7.268,0.0908,1.56,1.2.826.0.1.3680043.8.498.11584097603445185954412683981861589196,30,3.0,1,True
1.2.826.0.1.3680043.8.498.82143276307898132314496735515204481508,mcl_centre,92.028,-69.031,-23.239,0.0614,1.06,1.2.826.0.1.3680043.8.498.21505325131058576318764741147787366613,30,4.5,1,True
1.2.826.0.1.3680043.8.498.82144602300666174450721045102799681426,mcl_centre,82.387,-48.497,-1.911,0.0867,2.275,1.2.826.0.1.3680043.8.498.10635017995303866624489660329043588758,18,6.066,1,True
1.2.826.0.1.3680043.8.498.82157293611630605740641187215639204974,mcl_centre,37.576,-59.697,-19.808,0.1063,1.555,1.2.826.0.1.3680043.8.498.11651771796636532465779430962418611996,19,5.0,1,True
1.2.826.0.1.3680043.8.498.82166943552764439138333504456139890254,mcl_centre,-65.339,-35.399,-13.042,0.0714,0.805,1.2.826.0.1.3680043.8.498.10436783375077399659860593777522979072,30,3.3,1,True
1.2.826.0.1.3680043.8.498.82169173362972793731001247413129649263,mcl_centre,-54.798,-47.705,-9.101,0.0987,1.817,1.2.826.0.1.3680043.8.498.11242675808632597834171811953062131251,30,3.5,1,True
1.2.826.0.1.3680043.8.498.82272793832748838882752586678639564181,mcl_centre,-69.219,-27.115,-1.024,0.0813,0.889,1.2.826.0.1.3680043.8.498.49393368848911194679760795688712765548,27,5.0,1,True
1.2.826.0.1.3680043.8.498.82355456395534835058857499033494900716,mcl_centre,-54.226,-42.064,0.752,0.0744,1.418,1.2.826.0.1.3680043.8.498.48805337500180351478503821845200297349,30,3.3,1,True
1.2.826.0.1.3680043.8.498.82414828460683289235183375457850096746,mcl_centre,-54.832,-55.16,-6.082,0.098,1.052,1.2.826.0.1.3680043.8.498.46727660372122381730380699314725563984,30,3.3,1,True
1.2.826.0.1.3680043.8.498.82440268452598207215458064865523988222,mcl_centre,-33.966,-5.394,-21.633,0.0764,0.786,1.2.826.0.1.3680043.8.498.97884492850738775569493591351774763471,32,3.3,1,True
1.2.826.0.1.3680043.8.498.82447100001417065190678617013741085481,mcl_centre,-82.949,-29.536,-38.163,0.0512,64.38,1.2.826.0.1.3680043.8.498.68282172753590498435441713825107556084,28,3.7,1,True
1.2.826.0.1.3680043.8.498.82481056562260046738834822905709207128,mcl_centre,-68.744,-58.952,-37.174,0.0736,1.774,1.2.826.0.1.3680043.8.498.42044433244566047724871948291814347673,25,4.95,1,True
1.2.826.0.1.3680043.8.498.82498616123349854719801627024073383874,mcl_centre,-51.408,51.237,-36.041,0.1327,1.015,1.2.826.0.1.3680043.8.498.63810019752701386902392014480429339885,20,4.6,1,True
1.2.826.0.1.3680043.8.498.82523073559792523830827952754346276051,mcl_centre,53.159,-58.849,-10.499,0.1068,2.858,1.2.826.0.1.3680043.8.498.39379423279650999816866482130912060111,20,5.4,1,True
1.2.826.0.1.3680043.8.498.82548251499640077572026404183402934330,mcl_centre,-10.306,-26.197,-27.363,0.115,2.326,1.2.826.0.1.3680043.8.498.48180971530937408459950159038227118964,25,3.85,1,True
1.2.826.0.1.3680043.8.498.82548952153746644951736669119607083230,mcl_centre,-35.444,-45.104,-35.394,0.1113,0.606,1.2.826.0.1.3680043.8.498.50608248396203277074532314165894728860,30,3.3,1,True
1.2.826.0.1.3680043.8.498.82579118531566493365068788437906656162,mcl_centre,-127.647,-53.805,-11.854,0.06,58.577,1.2.826.0.1.3680043.8.498.18584792792478252219435548310068647490,30,3.3,1,True
1.2.826.0.1.3680043.8.498.82582558624896662901163827145277490232,mcl_centre,70.69,-54.459,0.261,0.0662,1.549,1.2.826.0.1.3680043.8.498.14081516246776542894770066494703301017,30,3.7,1,True
1.2.826.0.1.3680043.8.498.82587763533601760002619014353812074700,mcl_centre,40.6,16.229,-40.475,0.1063,2.093,1.2.826.0.1.3680043.8.498.13173375530912342379262081023033907789,24,3.5,1,True
1.2.826.0.1.3680043.8.498.82591599611540849522609405219902904134,mcl_centre,-54.253,-69.945,-66.61,0.1209,1.599,1.2.826.0.1.3680043.8.498.28481982145121634273961361502657113285,19,4.4,1,True
1.2.826.0.1.3680043.8.498.82655005222804459605894403147145992714,mcl_centre,18.275,-44.901,-11.13,0.0985,0.862,1.2.826.0.1.3680043.8.498.82597143385827122977438785600307173462,30,3.7,1,True
1.2.826.0.1.3680043.8.498.82731606763525898032678680051515732914,mcl_centre,51.452,-65.712,-11.525,0.0942,0.972,1.2.826.0.1.3680043.8.498.85670530960784589676539557074836136336,31,3.3,1,True
1.2.826.0.1.3680043.8.498.82744514729782879778828512295184306538,mcl_centre,46.605,-15.585,-17.417,0.1076,1.492,1.2.826.0.1.3680043.8.498.12387134595034698802253274764339894498,32,3.3,1,True
1.2.826.0.1.3680043.8.498.82757616216788919181323176147396770758,mcl_centre,-72.895,-32.324,-51.529,0.0865,2.101,1.2.826.0.1.3680043.8.498.69507732957957702099093384398376169535,24,4.5,1,True
1.2.826.0.1.3680043.8.498.82858981777405241601610241542173548956,mcl_centre,-39.133,1.833,-48.774,0.1466,0.892,1.2.826.0.1.3680043.8.498.12423680567652362823782126199490586462,24,4.0,1,True
1.2.826.0.1.3680043.8.498.82902769135373284012762237744774967400,mcl_centre,32.325,-72.69,-17.264,0.0942,1.957,1.2.826.0.1.3680043.8.498.47666158487996047725467912328415170289,23,4.5,1,True
1.2.826.0.1.3680043.8.498.82925474533853765570570726554869886925,mcl_centre,-41.602,-32.128,-35.919,0.0634,1.533,1.2.826.0.1.3680043.8.498.78589980378304785460183858082202673238,28,4.8,1,True
1.2.826.0.1.3680043.8.498.82967086493280898295669930903240677729,mcl_centre,-66.971,-85.25,-5.124,0.1489,1.242,1.2.826.0.1.3680043.8.498.15338873980989064268537718068377093935,16,6.875,1,True
1.2.826.0.1.3680043.8.498.83000639623679673469640458882929412717,mcl_centre,-50.257,-7.704,7.364,0.0882,0.592,1.2.826.0.1.3680043.8.498.36866344635956639174013823757744111596,36,3.3,1,True
1.2.826.0.1.3680043.8.498.83028939839767027342482365275441078777,mcl_centre,-46.056,-2.113,-48.831,0.0694,0.813,1.2.826.0.1.3680043.8.498.11352234729049474561959965338198541746,30,4.2,1,True
1.2.826.0.1.3680043.8.498.83030371526667747898709613600825477966,mcl_centre,-19.368,19.185,-3.885,0.0419,5.902,1.2.826.0.1.3680043.8.498.63845435130143039684440600707356824337,30,3.5,1,True
1.2.826.0.1.3680043.8.498.83054899303871276184985881638619543362,mcl_centre,-40.805,-4.222,4.957,0.0842,1.272,1.2.826.0.1.3680043.8.498.32947394021202860594815885675135460494,32,3.3,1,True
1.2.826.0.1.3680043.8.498.83055401642066749019091368358783700783,mcl_centre,38.196,-3.647,-33.201,0.0722,1.118,1.2.826.0.1.3680043.8.498.50372128740131407441319949403980310098,25,3.85,1,True
1.2.826.0.1.3680043.8.498.83061811791652434833797599835671351097,mcl_centre,65.604,-88.127,-4.345,0.1327,1.038,1.2.826.0.1.3680043.8.498.11171616656613236252804074968774214557,19,5.0,1,True
1.2.826.0.1.3680043.8.498.83108474538388106770920972885900596508,mcl_centre,33.076,-0.669,-53.823,0.0838,1.441,1.2.826.0.1.3680043.8.498.10549057417693105626989756503842610601,30,3.6,1,True
1.2.826.0.1.3680043.8.498.83121378128521985713113311344685112825,mcl_centre,25.301,-4.333,-22.312,0.0743,0.444,1.2.826.0.1.3680043.8.498.28587931124195833179442797728978890548,38,3.3,1,True
1.2.826.0.1.3680043.8.498.83152040259754415849193046299744699239,mcl_centre,-41.588,-38.86,-27.258,0.0935,1.303,1.2.826.0.1.3680043.8.498.10850177224587057532804156154355054173,30,3.3,1,True
1.2.826.0.1.3680043.8.498.83220896521302064187926748035734200732,mcl_centre,34.643,-62.885,-53.349,0.1441,1.359,1.2.826.0.1.3680043.8.498.31607271877684371913918498272680354960,19,4.4,1,True
1.2.826.0.1.3680043.8.498.83235374118671754689663732057314083332,mcl_centre,31.804,-1.727,-20.334,0.0801,1.258,1.2.826.0.1.3680043.8.498.12738121495965167315326205589051818312,30,3.6,1,True
1.2.826.0.1.3680043.8.498.83237706274929081175032033288272528919,mcl_centre,-66.68,-54.881,10.936,0.1262,1.15,1.2.826.0.1.3680043.8.498.11224618373100800227298018896367647428,16,5.0,1,True
1.2.826.0.1.3680043.8.498.83253778356746892201320443660102495790,mcl_centre,69.358,-63.233,-45.46,0.1003,2.027,1.2.826.0.1.3680043.8.498.10202499594874106651560749924296247989,28,3.5,1,True
1.2.826.0.1.3680043.8.498.83271280040777227673434567660749430744,mcl_centre,-42.398,-23.801,-26.482,0.0773,0.723,1.2.826.0.1.3680043.8.498.17013071648340311279125105329350542073,32,3.3,1,True
1.2.826.0.1.3680043.8.498.83376388091077619281568190257019735638,mcl_centre,60.646,-55.8,-30.348,0.1034,0.726,1.2.826.0.1.3680043.8.498.11186175687330955095177093642068588657,28,3.3,1,True
1.2.826.0.1.3680043.8.498.83384018761005700404957421316476952190,mcl_centre,-31.841,-28.036,-12.398,0.1285,1.406,1.2.826.0.1.3680043.8.498.12091440013023722724095109368584932459,20,4.95,1,True
1.2.826.0.1.3680043.8.498.83456649088980869429062498344457162631,mcl_centre,-48.751,-53.002,-49.118,0.0661,0.666,1.2.826.0.1.3680043.8.498.80093780951026307065963533650512527853,36,3.3,1,True
1.2.826.0.1.3680043.8.498.83465081013175989426506371406463660936,mcl_centre,45.987,-46.065,-14.313,0.1163,1.655,1.2.826.0.1.3680043.8.498.10052874809669177005295371530225804164,30,3.3,1,True
1.2.826.0.1.3680043.8.498.83495448827553002152296206085110883602,mcl_centre,-50.688,-101.922,-54.939,0.1233,2.55,1.2.826.0.1.3680043.8.498.11464124303928510535709305955057536222,26,4.5,1,True
1.2.826.0.1.3680043.8.498.83509478059288902959149676250911654986,mcl_centre,-50.193,7.341,-10.589,0.0745,0.725,1.2.826.0.1.3680043.8.498.84006227723803319680019793674085294608,30,3.3,1,True
1.2.826.0.1.3680043.8.498.83569065014916050100714967945484998462,mcl_centre,52.931,0.135,-32.755,0.0865,0.932,1.2.826.0.1.3680043.8.498.80726426331992783457519263021034313253,32,3.3,1,True
1.2.826.0.1.3680043.8.498.83602205818477323486169938182117122488,mcl_centre,71.074,22.68,-69.603,0.093,1.255,1.2.826.0.1.3680043.8.498.33112858713567680925226487210703377974,36,3.85,1,True
1.2.826.0.1.3680043.8.498.83691358175810149975084604975065122220,mcl_centre,77.828,-49.861,-7.555,0.0896,1.634,1.2.826.0.1.3680043.8.498.13179275355797771005866565254781979603,30,3.3,1,True
1.2.826.0.1.3680043.8.498.83740112248863750162633901687556705057,mcl_centre,47.959,-61.234,-26.987,0.1023,1.638,1.2.826.0.1.3680043.8.498.71597717113563420289783265243643016460,31,3.3,1,True
1.2.826.0.1.3680043.8.498.83747418172021065605877274971789603771,mcl_centre,-72.969,-58.976,-13.293,0.1015,0.884,1.2.826.0.1.3680043.8.498.40727656654725982280997715544385150567,18,6.253,1,True
1.2.826.0.1.3680043.8.498.83847285247209768917850605454140194088,mcl_centre,36.096,-1.263,-33.939,0.0971,0.549,1.2.826.0.1.3680043.8.498.37673000129609506978379051297275430419,30,3.6,1,True
1.2.826.0.1.3680043.8.498.83956129905762530953192730040209719910,mcl_centre,43.575,-10.44,-27.32,0.0789,1.268,1.2.826.0.1.3680043.8.498.48643208686338828949676098265984820123,32,3.3,1,True
1.2.826.0.1.3680043.8.498.84007436672323587547274248257117331532,mcl_centre,-39.333,10.491,-22.202,0.1443,1.906,1.2.826.0.1.3680043.8.498.24402285189343822427344552619963985643,24,4.0,1,True
1.2.826.0.1.3680043.8.498.84047134932018909998648460546980598926,mcl_centre,-85.077,36.04,-23.58,0.0791,0.71,1.2.826.0.1.3680043.8.498.98567174765610681268808059870159914079,31,3.5,1,True
1.2.826.0.1.3680043.8.498.84059077072076289248966490696872414783,mcl_centre,34.469,-11.471,-17.904,0.1019,0.645,1.2.826.0.1.3680043.8.498.40595517851757064173523476660622111660,32,3.6,1,True
1.2.826.0.1.3680043.8.498.84062602050757262792437893691591415560,mcl_centre,51.784,-12.072,-11.995,0.1062,2.024,1.2.826.0.1.3680043.8.498.35222746759250843790528618039534639659,35,3.3,1,True
1.2.826.0.1.3680043.8.498.84062980592611347665739105270731842220,mcl_centre,66.988,-67.773,-6.64,0.1057,0.689,1.2.826.0.1.3680043.8.498.36189748603987931901045259882473531756,32,3.5,1,True
1.2.826.0.1.3680043.8.498.84069767112794890061709127671908414399,mcl_centre,-70.007,-44.383,-23.737,0.0831,2.05,1.2.826.0.1.3680043.8.498.33988820173487867198021195437304886517,23,4.5,1,True
1.2.826.0.1.3680043.8.498.84123495463663584148839831457665741488,mcl_centre,-72.72,-39.38,-31.503,0.0983,1.21,1.2.826.0.1.3680043.8.498.84039324418244493559746559176056499531,30,3.3,1,True
1.2.826.0.1.3680043.8.498.84230432137191939390680841389370206819,mcl_centre,38.983,-34.485,20.902,0.0687,0.698,1.2.826.0.1.3680043.8.498.67922878155857332760526653763247213801,30,3.6,1,True
1.2.826.0.1.3680043.8.498.84238814030979264404768702945290704724,mcl_centre,-50.098,-44.605,-12.62,0.1226,2.766,1.2.826.0.1.3680043.8.498.57157585685689683821905084104857480803,28,3.3,1,True
1.2.826.0.1.3680043.8.498.84292569246911697141902796190329671261,mcl_centre,79.23,-35.193,3.715,0.1073,0.433,1.2.826.0.1.3680043.8.498.43915078741466363338023905924676545735,30,3.5,1,True
1.2.826.0.1.3680043.8.498.84347051904829814300575579670995018991,mcl_centre,81.738,-38.276,-32.168,0.112,0.997,1.2.826.0.1.3680043.8.498.10284510083934099899208428271285726780,30,3.7,1,True
1.2.826.0.1.3680043.8.498.84419297518873367123595080276985526259,mcl_centre,44.662,-46.878,-43.47,0.0996,2.909,1.2.826.0.1.3680043.8.498.15807752588513454483392212953615508461,30,3.3,1,True
1.2.826.0.1.3680043.8.498.84477198486144701928775090913243250655,mcl_centre,-46.227,-25.484,-51.108,0.0804,0.916,1.2.826.0.1.3680043.8.498.34886522784727035938372639401770502523,30,3.8,1,True
1.2.826.0.1.3680043.8.498.84483080389344581106129884869678629612,mcl_centre,78.159,-71.167,33.286,0.0776,1.231,1.2.826.0.1.3680043.8.498.20295077272717761613345074326748555975,23,4.5,1,True
1.2.826.0.1.3680043.8.498.84486787871353595019134028899317143475,mcl_centre,-62.074,-35.725,-26.348,0.109,0.747,1.2.826.0.1.3680043.8.498.33761424578649696329353995042218684471,26,3.3,1,True
1.2.826.0.1.3680043.8.498.84612593835203397696029057940345763682,mcl_centre,53.225,-67.935,-22.26,0.078,1.233,1.2.826.0.1.3680043.8.498.94308264521650371420354775195246912857,36,3.3,1,True
1.2.826.0.1.3680043.8.498.84630493975910180537831353884518764364,mcl_centre,-38.034,-56.324,-7.99,0.0926,1.577,1.2.826.0.1.3680043.8.498.27316377527596457764598333824763966220,32,3.3,1,True
1.2.826.0.1.3680043.8.498.84646554968523210021448483220679710652,mcl_centre,-34.836,-13.627,-20.724,0.0943,0.512,1.2.826.0.1.3680043.8.498.96992552788137913424196388734180263732,25,3.6,1,True
1.2.826.0.1.3680043.8.498.84661341697154104963062177064495044195,mcl_centre,-66.7,-5.192,8.64,0.0746,0.883,1.2.826.0.1.3680043.8.498.10710517364627046292532532406461470673,36,3.5,1,True
1.2.826.0.1.3680043.8.498.84709539128629951937294117586370340042,mcl_centre,-42.769,-37.782,-43.354,0.0874,1.237,1.2.826.0.1.3680043.8.498.24863307266276235950675095871848672347,32,3.3,1,True
1.2.826.0.1.3680043.8.498.84720476187201404764508451536959273676,mcl_centre,-62.6,58.741,-67.832,0.0694,1.344,1.2.826.0.1.3680043.8.498.98045012386732306359881469324702234489,28,3.7,1,True
1.2.826.0.1.3680043.8.498.84748479740284893375192048321707057482,mcl_centre,-46.492,-47.179,-36.523,0.1064,1.764,1.2.826.0.1.3680043.8.498.12869137146851358776931931771663347916,24,4.0,1,True
1.2.826.0.1.3680043.8.498.84827027113422423894439539536275453132,mcl_centre,-69.498,-51.909,-33.718,0.1129,1.401,1.2.826.0.1.3680043.8.498.26696639417174985416830777897733214078,30,3.3,1,True
1.2.826.0.1.3680043.8.498.84855341377363129926967387137216814518,mcl_centre,-55.66,-28.567,-92.057,0.0837,0.563,1.2.826.0.1.3680043.8.498.79728494714572796028919424648818268860,37,3.3,1,True
1.2.826.0.1.3680043.8.498.84857368518703570476541203284655412396,mcl_centre,54.791,-10.578,13.466,0.1232,0.455,1.2.826.0.1.3680043.8.498.10436081396548720967182225733305902870,30,3.3,1,True
1.2.826.0.1.3680043.8.498.84896756080952941537556818257863912066,mcl_centre,-72.618,-51.468,16.267,0.1344,0.995,1.2.826.0.1.3680043.8.498.11721055076637700450350179070770980208,25,3.5,1,True
1.2.826.0.1.3680043.8.498.84982310626395569925821771375535259394,mcl_centre,23.001,-17.911,-102.033,0.0985,0.591,1.2.826.0.1.3680043.8.498.13389715098236098392200944566028771000,30,3.7,1,True
1.2.826.0.1.3680043.8.498.85004373913191467860228868467924401547,mcl_centre,48.454,1.9,-36.737,0.0969,1.081,1.2.826.0.1.3680043.8.498.36035684781295937473611340920645594609,31,3.3,1,True
1.2.826.0.1.3680043.8.498.85031127696558971105465423134104223548,mcl_centre,-75.488,-55.87,-54.259,0.0734,0.875,1.2.826.0.1.3680043.8.498.54973937938875233177793393488580480118,28,3.5,1,True
1.2.826.0.1.3680043.8.498.85036616529391787087213173897728060798,mcl_centre,37.743,-75.288,-56.694,0.1039,2.709,1.2.826.0.1.3680043.8.498.12724074387958978914415622504920139493,19,4.8,1,True
1.2.826.0.1.3680043.8.498.85095389649021071892478435298763928925,mcl_centre,-49.801,1.824,11.72,0.1006,2.461,1.2.826.0.1.3680043.8.498.84248746768262100469301498515197645662,18,3.5,1,True
1.2.826.0.1.3680043.8.498.85108719393967663738580518985514195538,mcl_centre,-44.48,-6.65,-41.222,0.1364,0.884,1.2.826.0.1.3680043.8.498.17095798182826616633629450313143427647,26,4.0,1,True
1.2.826.0.1.3680043.8.498.85137704768728261642637391657270006448,mcl_centre,-71.418,-58.893,0.651,0.0814,1.271,1.2.826.0.1.3680043.8.498.39652045838905455542366063641416338196,22,4.95,1,True
1.2.826.0.1.3680043.8.498.85194002080793317087210934629814349622,mcl_centre,-21.339,33.973,-13.392,0.0898,1.092,1.2.826.0.1.3680043.8.498.27801446478378665317642273298705370161,39,3.5,1,True
1.2.826.0.1.3680043.8.498.85212353344613461454490252928274988058,mcl_centre,-54.93,-27.925,-27.712,0.0802,1.605,1.2.826.0.1.3680043.8.498.71311955402264269277199517005392542552,27,5.0,1,True
1.2.826.0.1.3680043.8.498.85294435004325211584698794441083866921,mcl_centre,-33.726,-3.528,-17.873,0.0642,0.779,1.2.826.0.1.3680043.8.498.45477239265096136551433173907103114518,36,3.0,1,True
1.2.826.0.1.3680043.8.498.85326542895076582985200613540648336047,mcl_centre,-57.278,-47.408,48.195,0.1029,1.146,1.2.826.0.1.3680043.8.498.59206843762375351913484521474902011807,18,5.2,1,True
1.2.826.0.1.3680043.8.498.85333821516157983299252782678788406019,mcl_centre,-52.694,-60.662,-34.47,0.089,0.748,1.2.826.0.1.3680043.8.498.42727206608798904443780872928063883533,30,3.3,1,True
1.2.826.0.1.3680043.8.498.85341019006931436802294963713199308935,mcl_centre,-82.421,-81.371,-45.214,0.1203,1.143,1.2.826.0.1.3680043.8.498.88519094153784700000130162176887854026,19,4.8,1,True
1.2.826.0.1.3680043.8.498.85347263026430684291021533170619978114,mcl_centre,40.301,-70.949,-20.756,0.0866,0.781,1.2.826.0.1.3680043.8.498.11496954700090394337110190474758498246,23,4.5,1,True
1.2.826.0.1.3680043.8.498.85391052076760686301971262244561025345,mcl_centre,31.868,20.693,-15.878,0.1209,0.675,1.2.826.0.1.3680043.8.498.13164978557358821214210482010699116388,24,4.5,1,True
1.2.826.0.1.3680043.8.498.85397267100597758920280635204297906286,mcl_centre,73.399,-24.313,-33.797,0.0934,0.916,1.2.826.0.1.3680043.8.498.11798873175975375987590258093462801856,24,4.5,1,True
1.2.826.0.1.3680043.8.498.85416107585703628549041626609272707431,mcl_centre,-63.749,-47.883,2.594,0.0536,60.101,1.2.826.0.1.3680043.8.498.63425146179731917305989844453084061678,30,3.3,1,True
1.2.826.0.1.3680043.8.498.85431902914673414035492907270636012892,mcl_centre,-38.204,-21.596,-0.899,0.074,0.543,1.2.826.0.1.3680043.8.498.13714246045363329399525301093790927511,32,3.3,1,True
1.2.826.0.1.3680043.8.498.85454884397223412543050876117416146750,mcl_centre,-38.925,-6.811,-17.297,0.1067,4.305,1.2.826.0.1.3680043.8.498.87359854586235587473411141218665735701,27,3.6,1,True
1.2.826.0.1.3680043.8.498.85464150757448712711832350617010924327,mcl_centre,50.53,6.129,-33.696,0.1402,0.915,1.2.826.0.1.3680043.8.498.12992984733496381551961559037629508310,30,3.6,1,True
1.2.826.0.1.3680043.8.498.85475892602877115812059264719695919613,mcl_centre,30.183,-8.077,-26.662,0.0887,1.212,1.2.826.0.1.3680043.8.498.45975636922655757337013762899719593975,30,3.6,1,True
1.2.826.0.1.3680043.8.498.85499036441349866810703945289793057098,mcl_centre,-53.155,-3.479,-20.554,0.0775,1.071,1.2.826.0.1.3680043.8.498.70517504785892335698865664328256289826,36,3.3,1,True
1.2.826.0.1.3680043.8.498.85545102350084131396266710667808696561,mcl_centre,56.58,-72.71,-43.12,0.1441,0.686,1.2.826.0.1.3680043.8.498.28621920035825851275057241702229771102,19,4.4,1,True
1.2.826.0.1.3680043.8.498.85566900782101872452970957532250214590,mcl_centre,-44.44,-86.433,-38.244,0.0746,1.209,1.2.826.0.1.3680043.8.498.12632666097632580554084398324684093769,19,4.4,1,True
1.2.826.0.1.3680043.8.498.85602291032341007550376696695283794665,mcl_centre,-18.241,-62.91,-1.531,0.0503,3.537,1.2.826.0.1.3680043.8.498.59872436184221309660812447876459259180,19,4.4,1,True
1.2.826.0.1.3680043.8.498.85624441072689653093363046226467141762,mcl_centre,-32.025,-3.815,-22.567,0.0738,1.187,1.2.826.0.1.3680043.8.498.74811637036319580301498936311263388357,32,4.0,1,True
1.2.826.0.1.3680043.8.498.85646781189339988389190891868001374533,mcl_centre,-45.207,40.533,-10.808,0.1103,0.506,1.2.826.0.1.3680043.8.498.28855904501955688550099935362535144235,36,3.5,1,True
1.2.826.0.1.3680043.8.498.85649172620970194090967653766415467836,mcl_centre,-27.906,2.2,-21.348,0.0454,1.436,1.2.826.0.1.3680043.8.498.33552196156577806672592181797293522032,30,4.2,1,True
1.2.826.0.1.3680043.8.498.85663162480758065951465617999516770647,mcl_centre,35.794,-9.675,-21.61,0.083,2.166,1.2.826.0.1.3680043.8.498.69113430337175100641540955389812361371,33,3.9,1,True
1.2.826.0.1.3680043.8.498.85687351346612079711706269264454944647,mcl_centre,-22.416,4.649,-19.169,0.1053,0.535,1.2.826.0.1.3680043.8.498.15258324350768642266778227050200885137,27,4.0,1,True
1.2.826.0.1.3680043.8.498.85715956158218184426400151797364834203,mcl_centre,-63.613,-29.455,-35.784,0.0987,1.221,1.2.826.0.1.3680043.8.498.86406938944037921457377784207910946538,25,3.3,1,True
1.2.826.0.1.3680043.8.498.85719235937472088594405415004352845221,mcl_centre,-59.916,-77.361,26.189,0.1262,0.536,1.2.826.0.1.3680043.8.498.81974047601967057282078566700302812728,18,4.417,1,True
1.2.826.0.1.3680043.8.498.85728170022176096748897349447671687164,mcl_centre,-54.39,-4.713,-29.953,0.0815,1.06,1.2.826.0.1.3680043.8.498.97839955907655673388512876762996145232,32,3.3,1,True
1.2.826.0.1.3680043.8.498.85735729179216019275685564112535593988,mcl_centre,-20.232,-12.373,26.189,0.0955,1.343,1.2.826.0.1.3680043.8.498.30281542588406631154223737048232922766,30,3.6,1,True
1.2.826.0.1.3680043.8.498.85748882309364598407865143890978767674,mcl_centre,-29.86,-21.805,-14.133,0.0789,0.652,1.2.826.0.1.3680043.8.498.72010378616602860772861371661259511361,32,3.45,1,True
1.2.826.0.1.3680043.8.498.85760360279564672425828346507309104394,mcl_centre,45.757,-60.39,-4.195,0.119,3.292,1.2.826.0.1.3680043.8.498.86799217346184630916176607040613240282,33,3.3,1,True
1.2.826.0.1.3680043.8.498.85849908712977285006159496192673293501,mcl_centre,-67.187,-51.568,-45.307,0.0781,1.379,1.2.826.0.1.3680043.8.498.15896158049991245133301480994001364406,21,4.5,1,True
1.2.826.0.1.3680043.8.498.85870577082315172424837183881210532800,mcl_centre,-64.343,-21.671,13.568,0.0765,1.039,1.2.826.0.1.3680043.8.498.12144234657715518535270998341407692374,35,3.3,1,True
1.2.826.0.1.3680043.8.498.85879572979834912642178551098379145607,mcl_centre,41.84,-51.665,-0.588,0.0397,1.999,1.2.826.0.1.3680043.8.498.25713691644011383038827574959926507401,32,3.3,1,True
1.2.826.0.1.3680043.8.498.85882078780717905717989373451578844863,mcl_centre,64.48,-61.625,-12.483,0.0923,1.256,1.2.826.0.1.3680043.8.498.11231585310159684323578982353455234985,32,3.3,1,True
1.2.826.0.1.3680043.8.498.85883562680953255833567595509408888410,mcl_centre,-49.928,-48.812,-62.35,0.0661,1.308,1.2.826.0.1.3680043.8.498.13132565373342344599479562715050567633,36,3.3,1,True
1.2.826.0.1.3680043.8.498.85890890545815190189345870912381925290,mcl_centre,54.866,-69.597,-6.389,0.1176,0.951,1.2.826.0.1.3680043.8.498.10309354108159093407911675069275843467,16,6.278,1,True
1.2.826.0.1.3680043.8.498.85932495800565018166769303205378781707,mcl_centre,-35.594,-1.78,-27.894,0.0743,0.874,1.2.826.0.1.3680043.8.498.79105280470784698172035613219109820756,30,3.3,1,True
1.2.826.0.1.3680043.8.498.85943737587102032370951456635167782343,mcl_centre,-44.091,-41.147,-33.212,0.0732,1.062,1.2.826.0.1.3680043.8.498.53133903077645286051698317814063642175,32,3.3,1,True
1.2.826.0.1.3680043.8.498.85970222049966384156120176704985355996,mcl_centre,19.488,21.971,-39.03,0.15,0.357,1.2.826.0.1.3680043.8.498.12431348927991501899906324157370645641,27,3.6,1,True
1.2.826.0.1.3680043.8.498.85976668143927055109184433855426232055,mcl_centre,-54.904,-46.92,-42.055,0.1002,1.626,1.2.826.0.1.3680043.8.498.60644907926728242171395880052381173288,30,3.5,1,True
1.2.826.0.1.3680043.8.498.85992037603186775437749979929724514304,mcl_centre,75.006,-11.786,-50.081,0.0967,2.428,1.2.826.0.1.3680043.8.498.47236727135944736019984334543833447347,30,4.5,1,True
1.2.826.0.1.3680043.8.498.85992651772359515416050249463715355943,mcl_centre,-78.637,-25.884,-51.921,0.1061,1.171,1.2.826.0.1.3680043.8.498.74420387692374163639904877765284804255,32,3.7,1,True
1.2.826.0.1.3680043.8.498.86020966816754359840982061252012700091,mcl_centre,-43.105,5.822,-17.58,0.1313,0.816,1.2.826.0.1.3680043.8.498.10021275280365286643025336096155733093,24,4.0,1,True
1.2.826.0.1.3680043.8.498.86029947807373604003071651721618330827,mcl_centre,-58.373,-27.696,-40.394,0.0952,0.605,1.2.826.0.1.3680043.8.498.12431249816296248159778838422552582070,25,5.0,1,True
1.2.826.0.1.3680043.8.498.86042942187650835661744645315369706668,mcl_centre,-58.052,-47.984,-52.537,0.0512,1.771,1.2.826.0.1.3680043.8.498.10310337730495402385062482991832190467,26,5.0,1,True
1.2.826.0.1.3680043.8.498.86067849233330188988240710585112183308,mcl_centre,42.323,-47.096,-11.789,0.1014,0.985,1.2.826.0.1.3680043.8.498.76867570618654542813292196932966328301,32,3.3,1,True
1.2.826.0.1.3680043.8.498.86082522186055358984181640226529351801,mcl_centre,55.262,-65.993,-12.731,0.1048,2.944,1.2.826.0.1.3680043.8.498.60738295230064386300697612849091477891,34,3.3,1,True
1.2.826.0.1.3680043.8.498.86117639434986594266345773277419881144,mcl_centre,56.414,55.504,-38.227,0.0807,0.647,1.2.826.0.1.3680043.8.498.10991293877741730420590250142542024504,28,3.7,1,True
1.2.826.0.1.3680043.8.498.86142930956005716169649168306759482915,mcl_centre,-35.497,41.459,-3.017,0.0994,1.682,1.2.826.0.1.3680043.8.498.13143669967668328573010374900469059353,33,3.5,1,True
1.2.826.0.1.3680043.8.498.86216155858324761845740646421500394797,mcl_centre,30.338,-7.728,-42.491,0.0919,0.921,1.2.826.0.1.3680043.8.498.11733311676402227236170723709167470407,40,3.5,1,True
1.2.826.0.1.3680043.8.498.86239793008693746155478763153154040128,mcl_centre,-46.196,-15.545,-31.266,0.1034,0.886,1.2.826.0.1.3680043.8.498.62554163468469218761080406202394688947,23,4.0,1,True
1.2.826.0.1.3680043.8.498.86251314013737658351649446042801810374,mcl_centre,-0.279,53.582,-47.717,0.081,1.004,1.2.826.0.1.3680043.8.498.78854472677308059457894709662612318547,33,3.5,1,True
1.2.826.0.1.3680043.8.498.86263264208309369957750915520115390972,mcl_centre,68.869,-46.664,-15.029,0.1067,0.893,1.2.826.0.1.3680043.8.498.60343259908665554370796531836515160011,32,3.3,1,True
1.2.826.0.1.3680043.8.498.86273853115722509980053190345047859057,mcl_centre,36.53,-19.365,-35.561,0.059,1.7,1.2.826.0.1.3680043.8.498.30601973622799115968186923190300363404,36,4.0,1,True
1.2.826.0.1.3680043.8.498.86280033511814602594654628677479528508,mcl_centre,-29.107,10.839,-43.145,0.1109,0.881,1.2.826.0.1.3680043.8.498.92901503935873281165353367145591755012,30,3.6,1,True
1.2.826.0.1.3680043.8.498.86285715293767810771609523819042157072,mcl_centre,-33.016,-26.969,-12.781,0.0822,1.112,1.2.826.0.1.3680043.8.498.95920161880285938100850609078176940969,38,3.3,1,True
1.2.826.0.1.3680043.8.498.86315835011470465506843590014408831373,mcl_centre,-63.318,-37.757,-17.755,0.0763,1.042,1.2.826.0.1.3680043.8.498.20560230959811784922435553529037592379,36,3.3,1,True
1.2.826.0.1.3680043.8.498.86332035495941070455209594003499488889,mcl_centre,-41.944,-34.595,-9.827,0.0902,1.198,1.2.826.0.1.3680043.8.498.94349089521928222415026509305325786034,28,3.6,1,True
1.2.826.0.1.3680043.8.498.86341139705884690862568425859303870601,mcl_centre,-13.082,-4.961,-11.983,0.0801,0.844,1.2.826.0.1.3680043.8.498.94815116565815829224926154471042565321,25,3.6,1,True
1.2.826.0.1.3680043.8.498.86351141114604781108401133410934252655,mcl_centre,-34.846,-48.986,1.608,0.1055,2.472,1.2.826.0.1.3680043.8.498.96766708321188571237175105177064512020,30,3.3,1,True
1.2.826.0.1.3680043.8.498.86405969333062807387894608315897106350,mcl_centre,-67.97,-69.807,-17.294,0.0723,0.896,1.2.826.0.1.3680043.8.498.44972552972248977326688599998758397768,16,5.757,1,True
1.2.826.0.1.3680043.8.498.86409878732405036646840908998274047391,mcl_centre,-72.211,-32.827,-35.745,0.1015,0.814,1.2.826.0.1.3680043.8.498.52268650781860093224787105934125195893,23,4.5,1,True
1.2.826.0.1.3680043.8.498.86416984885007871128151024515780322767,mcl_centre,37.611,2.239,-45.627,0.0956,1.069,1.2.826.0.1.3680043.8.498.30831373209361300681076983772458163716,32,3.3,1,True
1.2.826.0.1.3680043.8.498.86422343639522250286002195622435564347,mcl_centre,-11.917,-14.734,1.346,0.1218,1.832,1.2.826.0.1.3680043.8.498.10603126295079189062086922817966806775,24,4.4,1,True
1.2.826.0.1.3680043.8.498.86435271359723045834079326733478538148,mcl_centre,-89.625,-56.361,13.58,0.1269,1.988,1.2.826.0.1.3680043.8.498.12728651296201656069197035989409323236,16,5.51,1,True
1.2.826.0.1.3680043.8.498.86435890312227285216810145658548164773,mcl_centre,88.3,-45.311,-23.228,0.0865,42.699,1.2.826.0.1.3680043.8.498.11911678759954903566988332591493979302,30,3.3,1,True
1.2.826.0.1.3680043.8.498.86516555757334047240474191101770683543,mcl_centre,-32.59,17.327,-16.402,0.1206,0.817,1.2.826.0.1.3680043.8.498.94985596234949673193074390882103709000,24,4.0,1,True
1.2.826.0.1.3680043.8.498.86532643576908316499388520854820002133,mcl_centre,34.324,-12.208,-3.787,0.0941,1.035,1.2.826.0.1.3680043.8.498.10719542742951339426447456548657303544,30,3.6,1,True
1.2.826.0.1.3680043.8.498.86566584776908143877603164704838586097,mcl_centre,37.553,-46.746,-44.344,0.0608,3.194,1.2.826.0.1.3680043.8.498.10186228716184800802631033108256645980,40,3.3,1,True
1.2.826.0.1.3680043.8.498.86583531066383395270546012510184348251,mcl_centre,9.85,-18.538,-2.519,0.1334,1.397,1.2.826.0.1.3680043.8.498.68719184451541301627185734927500394438,18,4.5,1,True
1.2.826.0.1.3680043.8.498.86625876521226465945114246972542881955,mcl_centre,-75.812,-26.585,-24.879,0.0725,4.003,1.2.826.0.1.3680043.8.498.62349292802623752502024271327351749709,28,3.7,1,True
1.2.826.0.1.3680043.8.498.86651345701812229172985086531423369421,mcl_centre,39.75,-26.928,-8.198,0.0944,1.347,1.2.826.0.1.3680043.8.498.94594239573250181510336139495885996254,36,3.3,1,True
1.2.826.0.1.3680043.8.498.86715997235054599024919893656486735623,mcl_centre,-35.572,-16.765,-24.263,0.0778,0.906,1.2.826.0.1.3680043.8.498.88709822590380596727908964705516825578,28,4.2,1,True
1.2.826.0.1.3680043.8.498.86733565200815744326667230375642936291,mcl_centre,30.649,-27.338,-15.802,0.0784,0.602,1.2.826.0.1.3680043.8.498.74065963000287120113555878946753771076,32,3.6,1,True
1.2.826.0.1.3680043.8.498.86876540394528304678398111135600894869,mcl_centre,-28.151,-4.623,-75.745,0.0594,0.699,1.2.826.0.1.3680043.8.498.50098392453798652245595308590870046915,28,4.0,1,True
1.2.826.0.1.3680043.8.498.86881633316011036335786865282908198831,mcl_centre,-59.7,-38.474,-48.146,0.0726,2.725,1.2.826.0.1.3680043.8.498.42451997021748211255954641885421797696,29,4.5,1,True
1.2.826.0.1.3680043.8.498.86968600239724310678905311244945464037,mcl_centre,11.2,-2.043,11.234,0.2013,1.303,1.2.826.0.1.3680043.8.498.10638840135691883629383334909627986433,15,5.0,1,True
1.2.826.0.1.3680043.8.498.86974853023888933977090539174537083409,mcl_centre,-32.509,-6.467,-39.004,0.1166,1.737,1.2.826.0.1.3680043.8.498.25872842891458611520795225250780020533,25,3.6,1,True
1.2.826.0.1.3680043.8.498.87009029107490862793898457518597022930,mcl_centre,28.604,-41.323,-17.934,0.104,1.021,1.2.826.0.1.3680043.8.498.10788203609786257182687482205638627942,27,3.3,1,True
1.2.826.0.1.3680043.8.498.87018440624359538250658207994111333051,mcl_centre,37.74,-44.902,-40.553,0.0964,2.496,1.2.826.0.1.3680043.8.498.12404980259373228942134169832840064805,20,4.0,1,True
1.2.826.0.1.3680043.8.498.87046380372347615219261898797043742937,mcl_centre,-86.208,-59.093,2.855,0.0568,48.229,1.2.826.0.1.3680043.8.498.11147486778761255883207139795231394027,20,5.995,1,True
1.2.826.0.1.3680043.8.498.87064372531225943854092598173945043861,mcl_centre,51.553,-34.216,-143.947,0.0572,1.257,1.2.826.0.1.3680043.8.498.93425741174321735916181884610095886288,25,4.4,1,True
1.2.826.0.1.3680043.8.498.87101276883427329522365304528449003589,mcl_centre,58.489,-36.084,-31.131,0.0801,0.725,1.2.826.0.1.3680043.8.498.10194019315486584414779990331623191278,40,3.3,1,True
1.2.826.0.1.3680043.8.498.87102698749288269439517333660896096520,mcl_centre,36.417,-14.627,-0.386,0.0728,1.87,1.2.826.0.1.3680043.8.498.90170986362259477849998645766532381199,40,3.3,1,True
1.2.826.0.1.3680043.8.498.87185817772180109135714642184874643715,mcl_centre,15.917,78.057,-51.669,0.0556,1.284,1.2.826.0.1.3680043.8.498.10860254955896804585873051987989248239,30,3.7,1,True
1.2.826.0.1.3680043.8.498.87198191797585172912979594638355685739,mcl_centre,-40.798,-33.178,-18.011,0.0584,3.451,1.2.826.0.1.3680043.8.498.56713417954624590986017915929622839464,30,3.6,1,True
1.2.826.0.1.3680043.8.498.87208714421237491643915928765740747633,mcl_centre,-43.174,-10.018,-35.287,0.1024,1.21,1.2.826.0.1.3680043.8.498.89966307446836802979568517515818998952,30,3.6,1,True
1.2.826.0.1.3680043.8.498.87214831397290763080243320084625847148,mcl_centre,48.831,-60.506,-9.905,0.1275,1.548,1.2.826.0.1.3680043.8.498.13205345053673784110354641437447055572,31,3.3,1,True
1.2.826.0.1.3680043.8.498.87222653734797522858506220026427900177,mcl_centre,-65.078,-45.233,-22.789,0.0996,0.667,1.2.826.0.1.3680043.8.498.39064660084997867058401976923997106816,30,3.5,1,True
1.2.826.0.1.3680043.8.498.87223930502803944549504594723314220105,mcl_centre,58.338,-45.56,-40.893,0.0799,1.83,1.2.826.0.1.3680043.8.498.22697923714349436391122864541808541159,24,4.95,1,True
1.2.826.0.1.3680043.8.498.87241650441242408799533998101943024283,mcl_centre,70.138,-42.135,-23.67,0.0836,0.726,1.2.826.0.1.3680043.8.498.25884670958401216509104734155791538012,30,3.3,1,True
1.2.826.0.1.3680043.8.498.87253761427012478584873622994909841751,mcl_centre,-38.867,4.683,-6.201,0.092,0.672,1.2.826.0.1.3680043.8.498.32222800028587006108998940362906029943,32,4.0,1,True
1.2.826.0.1.3680043.8.498.87262205711949358943515326577886508585,mcl_centre,44.693,-50.466,-25.668,0.0787,3.445,1.2.826.0.1.3680043.8.498.75597487935784258259344219955199149664,32,3.3,1,True
1.2.826.0.1.3680043.8.498.87267658933515453963224923798100651549,mcl_centre,-81.745,-6.186,-8.59,0.0647,1.051,1.2.826.0.1.3680043.8.498.45643299086357747059087755022843725448,32,3.7,1,True
1.2.826.0.1.3680043.8.498.87338030934656808032044071206920470285,mcl_centre,35.04,-59.495,13.966,0.105,1.526,1.2.826.0.1.3680043.8.498.73758726225406457221745364983499907863,29,3.6,1,True
1.2.826.0.1.3680043.8.498.87404730020015145302086817782843205171,mcl_centre,-35.992,-8.917,-42.256,0.1155,1.585,1.2.826.0.1.3680043.8.498.90476457720649962309047158701964003344,28,4.0,1,True
1.2.826.0.1.3680043.8.498.87413924318793242918916384453755054267,mcl_centre,51.003,31.109,-14.703,0.1055,2.648,1.2.826.0.1.3680043.8.498.50000197057500168673613031213552124982,36,3.5,1,True
1.2.826.0.1.3680043.8.498.87415625824966124550466651648244553892,mcl_centre,76.832,-39.314,-38.7,0.1056,0.979,1.2.826.0.1.3680043.8.498.10734740444286697358374662445206817474,30,3.7,1,True
1.2.826.0.1.3680043.8.498.87465202523430400780596885230492167155,mcl_centre,-14.336,45.107,-22.091,0.1021,1.356,1.2.826.0.1.3680043.8.498.35769109513946275295714207632894275229,30,3.5,1,True
1.2.826.0.1.3680043.8.498.87476514600989622078259281213313867927,mcl_centre,63.998,-54.918,9.549,0.0984,1.855,1.2.826.0.1.3680043.8.498.10622948534822121958627116350634176674,24,4.95,1,True
1.2.826.0.1.3680043.8.498.87516159856486535118712846576943170757,mcl_centre,-70.911,-50.863,-10.217,0.1066,1.637,1.2.826.0.1.3680043.8.498.53192222133946709266151473397827893942,30,3.5,1,True
1.2.826.0.1.3680043.8.498.87550037046735743504446944390018580426,mcl_centre,-59.756,-44.48,-5.703,0.1152,1.163,1.2.826.0.1.3680043.8.498.25053923727275507939976809152732530821,28,3.3,1,True
1.2.826.0.1.3680043.8.498.87560916423885591029120178291827033868,mcl_centre,-37.941,18.492,-61.744,0.0928,1.694,1.2.826.0.1.3680043.8.498.37669993143323475000811787128020815217,23,4.0,1,True
1.2.826.0.1.3680043.8.498.87563449504927531224663601218159863518,mcl_centre,-62.916,-72.229,-1.345,0.1113,0.666,1.2.826.0.1.3680043.8.498.12111970650071054377470785842939560886,30,3.5,1,True
1.2.826.0.1.3680043.8.498.87645071186049036230936726742129446188,mcl_centre,37.304,-68.751,-20.447,0.1126,2.645,1.2.826.0.1.3680043.8.498.41168489298227330523731967416471413581,16,5.847,1,True
1.2.826.0.1.3680043.8.498.87650297321648368205324227429768256110,mcl_centre,-37.078,-31.23,-32.467,0.0653,1.586,1.2.826.0.1.3680043.8.498.86743044604912670055203470648536531262,32,3.9,1,True
1.2.826.0.1.3680043.8.498.87679606849449562627719676100773778015,mcl_centre,-83.5,-56.316,11.249,0.0851,1.289,1.2.826.0.1.3680043.8.498.86016158831029702267842556545378714716,18,5.0,1,True
1.2.826.0.1.3680043.8.498.87680825247567493080163504511649789348,mcl_centre,60.103,-46.47,-16.851,0.0967,1.221,1.2.826.0.1.3680043.8.498.42647957286133015763584966148640921817,30,3.45,1,True
1.2.826.0.1.3680043.8.498.87742737485142445536023876862256284839,mcl_centre,27.615,9.371,-9.913,0.1408,1.394,1.2.826.0.1.3680043.8.498.42202710830014512231442769970958843371,28,4.0,1,True
1.2.826.0.1.3680043.8.498.87761573479019057997334508266888503487,mcl_centre,-41.084,-22.425,-27.303,0.0619,1.694,1.2.826.0.1.3680043.8.498.11344387242926958155398330435722316019,36,3.51,1,True
1.2.826.0.1.3680043.8.498.87769640167791104899516835133527936885,mcl_centre,65.292,-46.852,-14.647,0.1226,2.242,1.2.826.0.1.3680043.8.498.70197761834037180372914985703423551968,18,4.592,1,True
1.2.826.0.1.3680043.8.498.87797202230328868466634480198668365648,mcl_centre,58.055,-61.117,-29.351,0.1121,2.188,1.2.826.0.1.3680043.8.498.29090051001051139226569782443619294640,16,6.612,1,True
1.2.826.0.1.3680043.8.498.87799106106199445436621174506197684035,mcl_centre,-40.921,-18.917,-38.014,0.0853,1.73,1.2.826.0.1.3680043.8.498.12097470461878764565836463479658566827,32,3.3,1,True
1.2.826.0.1.3680043.8.498.87845297884497964690686366000533570840,mcl_centre,-19.902,-48.545,-2.523,0.1013,0.785,1.2.826.0.1.3680043.8.498.85124005190380580386149681296048921300,32,3.3,1,True
1.2.826.0.1.3680043.8.498.87876800169766592603600598167358214111,mcl_centre,-63.726,-56.561,-27.549,0.0971,0.719,1.2.826.0.1.3680043.8.498.29182946489891573696194434915953276418,30,3.3,1,True
1.2.826.0.1.3680043.8.498.87900330305833722536121052961334699743,mcl_centre,-42.97,-13.147,-46.923,0.079,0.961,1.2.826.0.1.3680043.8.498.31969755613319396991419662713145915461,32,3.3,1,True
1.2.826.0.1.3680043.8.498.87998832540756872371878613339628615880,mcl_centre,-50.337,14.916,-45.409,0.1044,3.005,1.2.826.0.1.3680043.8.498.41498863343100561915647475262993369926,27,3.6,1,True
1.2.826.0.1.3680043.8.498.88022456207467042544403752144674777523,mcl_centre,31.037,9.971,-27.98,0.1076,2.227,1.2.826.0.1.3680043.8.498.12088270530793831161382588267080618557,27,3.6,1,True
1.2.826.0.1.3680043.8.498.88064086448060280325724227239585797761,mcl_centre,40.844,-4.032,-47.614,0.1256,0.311,1.2.826.0.1.3680043.8.498.13073743297029776575509232586255357471,27,3.6,1,True
1.2.826.0.1.3680043.8.498.88070896604159829163161019117970440189,mcl_centre,-67.682,-35.867,-36.861,0.1429,2.673,1.2.826.0.1.3680043.8.498.10367054773456936567787798597239735908,21,4.4,1,True
1.2.826.0.1.3680043.8.498.88074618626471004030644935418777151905,mcl_centre,-41.797,-5.041,-9.826,0.0899,0.789,1.2.826.0.1.3680043.8.498.18472351093496339985954624820095080423,27,5.0,1,True
1.2.826.0.1.3680043.8.498.88077418639301174409926781329613570435,mcl_centre,42.797,-8.632,-29.996,0.0627,1.485,1.2.826.0.1.3680043.8.498.85157211933861275751721312445130516208,36,3.3,1,True
1.2.826.0.1.3680043.8.498.88114918358665488269761388157480523350,mcl_centre,-40.929,-54.253,7.199,0.0728,0.888,1.2.826.0.1.3680043.8.498.97718061181650166984615821372374567323,31,3.3,1,True
1.2.826.0.1.3680043.8.498.88189503151202366936330411627291827689,mcl_centre,1.278,-9.8,8.286,0.1137,1.412,1.2.826.0.1.3680043.8.498.42472570299011529945489063882714161036,20,3.85,1,True
1.2.826.0.1.3680043.8.498.88211355128040927831407007101167868685,mcl_centre,7.534,-41.036,-8.881,0.0809,0.744,1.2.826.0.1.3680043.8.498.60361164221356788093360277013339199126,30,3.5,1,True
1.2.826.0.1.3680043.8.498.88274753211076645976496220746740420894,mcl_centre,-71.635,-61.848,-3.391,0.0909,0.684,1.2.826.0.1.3680043.8.498.11531290103737170784348806642174283472,22,4.4,1,True
1.2.826.0.1.3680043.8.498.88368930449171804348215887291291274615,mcl_centre,39.014,-6.732,2.085,0.0856,0.631,1.2.826.0.1.3680043.8.498.73709356688034162897760146187686608535,30,3.6,1,True
1.2.826.0.1.3680043.8.498.88439732365857773633852840383740478214,mcl_centre,34.55,-12.096,-19.3,0.0813,0.974,1.2.826.0.1.3680043.8.498.89744006889126909137023023761109698484,32,3.7,1,True
1.2.826.0.1.3680043.8.498.88457076333783710706782784856816112502,mcl_centre,48.81,-57.125,-28.695,0.1085,0.55,1.2.826.0.1.3680043.8.498.11865952846068432167572684713032053524,30,3.3,1,True
1.2.826.0.1.3680043.8.498.88466268868654468582661984391239692466,mcl_centre,-45.822,-1.363,-28.526,0.0962,0.896,1.2.826.0.1.3680043.8.498.64908972907394718903686747037184147209,30,4.0,1,True
1.2.826.0.1.3680043.8.498.88480827968231439729532202780922145132,mcl_centre,-28.876,36.398,-43.341,0.0782,0.921,1.2.826.0.1.3680043.8.498.83500073757637233833378178131317511207,39,3.5,1,True
1.2.826.0.1.3680043.8.498.88505044370271842163477475980178015566,mcl_centre,71.384,-11.994,-60.779,0.138,0.984,1.2.826.0.1.3680043.8.498.10237734388271885925719306140705650241,25,4.4,1,True
1.2.826.0.1.3680043.8.498.88523737187772411911621088333701306485,mcl_centre,64.31,21.718,-39.77,0.054,2.314,1.2.826.0.1.3680043.8.498.13126741595408225825152945368477214128,24,4.4,1,True
1.2.826.0.1.3680043.8.498.88565389747258713872180859306907392080,mcl_centre,-45.558,-22.163,-9.315,0.0946,1.386,1.2.826.0.1.3680043.8.498.81989998581120201326872245878617359687,32,3.3,1,True
1.2.826.0.1.3680043.8.498.88570871026022705696415758052703394453,mcl_centre,-42.967,20.852,-29.163,0.1192,0.741,1.2.826.0.1.3680043.8.498.12566570596162310065286868004634196710,25,4.0,1,True
1.2.826.0.1.3680043.8.498.88571985843649843469694556575325271560,mcl_centre,-59.005,-12.914,-16.371,0.0848,0.582,1.2.826.0.1.3680043.8.498.46771835536573851128848990622841770255,32,3.3,1,True
1.2.826.0.1.3680043.8.498.88574487918084130981335189023288704909,mcl_centre,64.59,-18.918,-26.26,0.0962,1.173,1.2.826.0.1.3680043.8.498.12765935602009751825170347251075723122,28,3.3,1,True
1.2.826.0.1.3680043.8.498.88609906210780568637209291182572648571,mcl_centre,61.159,-49.081,38.704,0.0785,1.801,1.2.826.0.1.3680043.8.498.67944590684174955298611097616045731834,32,3.3,1,True
1.2.826.0.1.3680043.8.498.88620225126852321191690360547272730103,mcl_centre,-85.392,-66.936,15.635,0.0628,49.693,1.2.826.0.1.3680043.8.498.62057431225107779345287319666634895679,19,5.0,1,True
1.2.826.0.1.3680043.8.498.88653085234639096911379842849193874077,mcl_centre,52.468,-62.943,3.6,0.1363,0.964,1.2.826.0.1.3680043.8.498.93891256835023917428418585186064066615,16,5.794,1,True
1.2.826.0.1.3680043.8.498.88655485247489827200671636011965281184,mcl_centre,41.421,-4.687,-14.531,0.1086,2.197,1.2.826.0.1.3680043.8.498.10269137325047049810520648626739055349,27,3.6,1,True
1.2.826.0.1.3680043.8.498.88679328523895187500714090963655363787,mcl_centre,-46.746,-72.626,-24.217,0.1074,0.671,1.2.826.0.1.3680043.8.498.10511808450493143627578469483590008353,19,4.4,1,True
1.2.826.0.1.3680043.8.498.88682169866098509464628948503453852928,mcl_centre,76.563,-50.699,-25.728,0.0697,1.46,1.2.826.0.1.3680043.8.498.10424197981919376197223089597436220301,37,3.3,1,True
1.2.826.0.1.3680043.8.498.88687994744258163246685527273559741656,mcl_centre,40.968,-13.307,-22.379,0.0928,0.843,1.2.826.0.1.3680043.8.498.11660321067680648808340741845165140145,30,3.3,1,True
1.2.826.0.1.3680043.8.498.88711356400820562340756013729440417015,mcl_centre,28.83,-9.682,-47.311,0.0754,0.715,1.2.826.0.1.3680043.8.498.63084042729896574765368438900654640193,44,3.3,1,True
1.2.826.0.1.3680043.8.498.88726804476694411363564819498296119763,mcl_centre,37.166,3.738,-9.533,0.1154,1.759,1.2.826.0.1.3680043.8.498.34205254060997681777161643267772728437,29,3.6,1,True
1.2.826.0.1.3680043.8.498.88752039058074948027322975455607258941,mcl_centre,-43.624,-63.461,12.642,0.0874,0.448,1.2.826.0.1.3680043.8.498.12692434127737425958545665733954845852,22,4.4,1,True
1.2.826.0.1.3680043.8.498.88753415430913291809543943690942744997,mcl_centre,52.334,-62.239,-29.372,0.1059,0.674,1.2.826.0.1.3680043.8.498.70910906875743778045929610545123014359,32,3.3,1,True
1.2.826.0.1.3680043.8.498.88801151487634957068752641200383474212,mcl_centre,18.361,-44.89,-35.42,0.1229,1.029,1.2.826.0.1.3680043.8.498.90359010382771756838082309887228627657,19,4.8,1,True
1.2.826.0.1.3680043.8.498.88827276474694165071267273766912871459,mcl_centre,-15.741,-56.847,5.248,0.0929,1.134,1.2.826.0.1.3680043.8.498.10069634446920640429206598257500331857,36,3.3,1,True
1.2.826.0.1.3680043.8.498.88845193477394064535233691626377077328,mcl_centre,-22.102,5.711,-15.184,0.1051,0.845,1.2.826.0.1.3680043.8.498.10032884996285576884174467411755805461,27,4.0,1,True
1.2.826.0.1.3680043.8.498.88872155446935518174304990308380906112,mcl_centre,-45.936,-28.533,-44.069,0.0817,1.141,1.2.826.0.1.3680043.8.498.96352343184328941448469028045186966567,45,3.3,1,True
1.2.826.0.1.3680043.8.498.88874647535130028956725641820977918615,mcl_centre,26.292,-48.672,8.358,0.0957,2.246,1.2.826.0.1.3680043.8.498.10555575703325287190969275761783419354,28,3.3,1,True
1.2.826.0.1.3680043.8.498.88896246957673838955012057210098034177,mcl_centre,-43.492,-4.327,-26.587,0.1103,1.261,1.2.826.0.1.3680043.8.498.73101642489973088627839197522516656389,32,3.3,1,True
1.2.826.0.1.3680043.8.498.88899519473612920868099376939780201067,mcl_centre,76.208,-63.217,-33.596,0.0906,1.438,1.2.826.0.1.3680043.8.498.14490307627670409361391309497207554747,32,3.3,1,True
1.2.826.0.1.3680043.8.498.88962401400598535739494671683916272476,mcl_centre,5.259,10.305,-20.188,0.1719,0.74,1.2.826.0.1.3680043.8.498.84521845866280322078430696320079152854,18,5.0,1,True
1.2.826.0.1.3680043.8.498.88964371740619947193957393682095448256,mcl_centre,-39.924,-38.84,-9.002,0.0884,1.022,1.2.826.0.1.3680043.8.498.71295458033586516143961363964582788146,28,3.7,1,True
1.2.826.0.1.3680043.8.498.89026102874017923932934673207699042800,mcl_centre,-40.936,-37.483,-17.581,0.0598,1.277,1.2.826.0.1.3680043.8.498.83712921362344705294830154952742940586,32,3.6,1,True
1.2.826.0.1.3680043.8.498.89045629523485194086986785222960864883,mcl_centre,-28.451,-73.894,-24.429,0.1029,0.67,1.2.826.0.1.3680043.8.498.44935157991390438392823838670952332251,19,4.8,1,True
1.2.826.0.1.3680043.8.498.89048907638162719840222508855779172366,mcl_centre,-49.2,-53.629,-5.194,0.0961,0.933,1.2.826.0.1.3680043.8.498.39533472144757892975282478246029488313,30,3.5,1,True
1.2.826.0.1.3680043.8.498.89074359486713340585710357399403393294,mcl_centre,44.379,39.209,3.104,0.0445,2.558,1.2.826.0.1.3680043.8.498.46627730676458340138010877834662584019,35,3.54,1,True
1.2.826.0.1.3680043.8.498.89110271437785174288044757208973128908,mcl_centre,-57.214,-41.768,6.991,0.0855,0.936,1.2.826.0.1.3680043.8.498.69697840629822541536995998994826813807,30,3.3,1,True
1.2.826.0.1.3680043.8.498.89123035099342878362576960682354791116,mcl_centre,-32.282,-30.151,-16.302,0.071,1.509,1.2.826.0.1.3680043.8.498.11969771238911427913240191179215458261,30,3.5,1,True
1.2.826.0.1.3680043.8.498.89190511197564127079697151213577962649,mcl_centre,-77.642,-63.125,-19.099,0.0956,0.97,1.2.826.0.1.3680043.8.498.12329143591634813797064208583406678449,18,7.127,1,True
1.2.826.0.1.3680043.8.498.89204062904097086723738217311755833877,mcl_centre,-90.48,-68.895,-11.552,0.0697,1.945,1.2.826.0.1.3680043.8.498.70877026776535695778977806185862550167,23,4.5,1,True
1.2.826.0.1.3680043.8.498.89240184178186399632216878563608101260,mcl_centre,-20.388,7.867,-42.491,0.1608,1.67,1.2.826.0.1.3680043.8.498.12039070491359905130947778086669762849,20,4.4,1,True
1.2.826.0.1.3680043.8.498.89247482662611898098489676481780144186,mcl_centre,-67.979,-80.495,-7.682,0.1108,1.289,1.2.826.0.1.3680043.8.498.10835560714447261138202554940121442263,16,6.626,1,True
1.2.826.0.1.3680043.8.498.89302191571937190529967168726521003428,mcl_centre,63.044,-51.926,-50.222,0.1027,1.001,1.2.826.0.1.3680043.8.498.11332974718758043875906453906546624261,21,4.4,1,True
1.2.826.0.1.3680043.8.498.89307235192406983202868051697765144920,mcl_centre,-3.409,-28.616,3.319,0.0911,0.788,1.2.826.0.1.3680043.8.498.29634761685454414383342563772111608489,30,3.3,1,True
1.2.826.0.1.3680043.8.498.89326347774248795083360112232993521530,mcl_centre,-27.806,-45.527,-10.257,0.0916,1.325,1.2.826.0.1.3680043.8.498.23168681508684889671901126985402673008,30,3.3,1,True
1.2.826.0.1.3680043.8.498.89332108074590559691047812196991368746,mcl_centre,-77.882,-50.658,-25.538,0.1144,0.915,1.2.826.0.1.3680043.8.498.62447332521346501443855693457237081058,20,4.95,1,True
1.2.826.0.1.3680043.8.498.89346975863478164334871204856160071946,mcl_centre,-66.514,-33.4,-1.323,0.1185,0.926,1.2.826.0.1.3680043.8.498.10194741669017655263751732281471753643,18,5.072,1,True
1.2.826.0.1.3680043.8.498.89350648596674998203116057439419132072,mcl_centre,-37.744,3.222,-35.657,0.1168,1.736,1.2.826.0.1.3680043.8.498.11521481771571287148760541925973562155,31,4.0,1,True
1.2.826.0.1.3680043.8.498.89357823844365374776758395347764601030,mcl_centre,39.564,4.676,-39.725,0.0899,1.679,1.2.826.0.1.3680043.8.498.11444330045656161439902639298456724803,28,4.0,1,True
1.2.826.0.1.3680043.8.498.89416235692252764852783739140428958560,mcl_centre,33.286,-8.208,-9.276,0.1096,1.756,1.2.826.0.1.3680043.8.498.80538522636181040506671050352685721649,30,3.3,1,True
1.2.826.0.1.3680043.8.498.89423600201830685256510321877396547497,mcl_centre,-68.563,-50.625,3.283,0.1043,1.162,1.2.826.0.1.3680043.8.498.83425737038847431143881465864310243698,30,3.3,1,True
1.2.826.0.1.3680043.8.498.89445342796957655182687412965056270903,mcl_centre,27.91,-24.281,-10.591,0.1249,1.69,1.2.826.0.1.3680043.8.498.10494120344739378101520124392737515354,25,3.6,1,True
1.2.826.0.1.3680043.8.498.89464179959474561696319051639748844244,mcl_centre,62.555,-53.971,-6.608,0.0881,0.854,1.2.826.0.1.3680043.8.498.96854414616556625055030592708295740494,32,3.45,1,True
1.2.826.0.1.3680043.8.498.89569762088162031469299314053759758927,mcl_centre,41.204,-41.382,-6.138,0.0896,1.001,1.2.826.0.1.3680043.8.498.84086868462093268047660581515730549339,32,3.3,1,True
1.2.826.0.1.3680043.8.498.89576499383950909889665633610791093334,mcl_centre,44.532,-42.921,8.753,0.1211,0.878,1.2.826.0.1.3680043.8.498.45674211335570666859281187855782565886,18,5.2,1,True
1.2.826.0.1.3680043.8.498.89584627944947813918297925813120247226,mcl_centre,-14.052,-48.1,-38.911,0.1069,2.156,1.2.826.0.1.3680043.8.498.63365952802041931454707098460802702647,27,3.85,1,True
1.2.826.0.1.3680043.8.498.89590880980421560369495600204866789646,mcl_centre,-57.241,-55.11,-38.518,0.1011,1.199,1.2.826.0.1.3680043.8.498.43792086070961494398103561576077977142,20,4.792,1,True
1.2.826.0.1.3680043.8.498.89720428711655200442262503508409163392,mcl_centre,-44.176,-43.538,-35.755,0.1039,0.805,1.2.826.0.1.3680043.8.498.42571843274625662661580860672667895369,32,3.3,1,True
1.2.826.0.1.3680043.8.498.89729486637365590877469535082675069395,mcl_centre,-65.571,-82.252,-46.673,0.1231,0.543,1.2.826.0.1.3680043.8.498.13577859742968563226613957126735256631,19,5.2,1,True
1.2.826.0.1.3680043.8.498.89746004948304570186940283501211828475,mcl_centre,-16.608,-51.125,-20.811,0.0685,0.832,1.2.826.0.1.3680043.8.498.62213597284882442511926162531351512759,30,3.3,1,True
1.2.826.0.1.3680043.8.498.89829843399218627892046362324057240535,mcl_centre,-42.988,5.808,-42.602,0.0873,1.058,1.2.826.0.1.3680043.8.498.47502843751412275516907894625800921175,35,3.51,1,True
1.2.826.0.1.3680043.8.498.89842390998700046088751402253903762827,mcl_centre,-65.003,-31.041,0.024,0.0653,1.212,1.2.826.0.1.3680043.8.498.19710845407907921356552099633890644356,34,3.3,1,True
1.2.826.0.1.3680043.8.498.89857801102910604766959864464865910585,mcl_centre,-68.364,-58.825,-11.272,0.0921,0.612,1.2.826.0.1.3680043.8.498.53768381688209024189441425568266899557,30,3.3,1,True
1.2.826.0.1.3680043.8.498.89935384074170571164295050203650829722,mcl_centre,-41.492,-11.824,-40.884,0.0624,0.914,1.2.826.0.1.3680043.8.498.72211137336357482045806496189390600972,32,3.3,1,True
1.2.826.0.1.3680043.8.498.89943815722422273305517145510644432987,mcl_centre,16.077,-8.175,-39.772,0.2005,1.917,1.2.826.0.1.3680043.8.498.11932477057665933426764952386969358430,17,5.0,1,True
1.2.826.0.1.3680043.8.498.89953731420879076053772747816096629231,mcl_centre,36.823,-71.86,-17.4,0.1186,0.668,1.2.826.0.1.3680043.8.498.27361911129336777417798052247772351037,21,4.8,1,True
1.2.826.0.1.3680043.8.498.89967772422936726289461201791871771011,mcl_centre,-47.027,-3.391,-32.667,0.0818,0.84,1.2.826.0.1.3680043.8.498.25748109155681265481669031714534923978,32,3.51,1,True
1.2.826.0.1.3680043.8.498.89987866402625167201267936974120824712,mcl_centre,-35.049,-47.206,-27.731,0.0922,1.277,1.2.826.0.1.3680043.8.498.26734399825953161799314758283877773723,36,3.3,1,True
1.2.826.0.1.3680043.8.498.90003472003278237920648198243464374280,mcl_centre,37.829,-13.675,-7.804,0.1022,1.081,1.2.826.0.1.3680043.8.498.56103431114678465268734684730898961067,33,3.6,1,True
1.2.826.0.1.3680043.8.498.90037507233074511524602897439257102032,mcl_centre,53.578,-24.04,-32.819,0.121,0.828,1.2.826.0.1.3680043.8.498.12733336883536945170543416510359409275,22,5.0,1,True
1.2.826.0.1.3680043.8.498.90057130466053377217652879986591534745,mcl_centre,79.465,-36.54,-38.885,0.109,1.105,1.2.826.0.1.3680043.8.498.91795948530650188788359402423527966702,37,3.3,1,True
1.2.826.0.1.3680043.8.498.90103210546658057701715546323552886913,mcl_centre,-51.966,-0.513,-20.632,0.0688,2.222,1.2.826.0.1.3680043.8.498.38238333866487562492099344908040052713,28,4.0,1,True
1.2.826.0.1.3680043.8.498.90159195278632080234412316065469499332,mcl_centre,54.179,-47.977,-7.328,0.1081,0.552,1.2.826.0.1.3680043.8.498.12536444744419917374830973158644190039,30,3.7,1,True
1.2.826.0.1.3680043.8.498.90170179734833731758923964833173536172,mcl_centre,-43.092,-9.686,-35.189,0.0784,2.32,1.2.826.0.1.3680043.8.498.19812012461156187934436339625790375164,35,3.3,1,True
1.2.826.0.1.3680043.8.498.90172333170788218623219231170360850947,mcl_centre,-0.353,-5.884,-26.831,0.0903,1.829,1.2.826.0.1.3680043.8.498.42852826856265423562639323734012327741,28,5.0,1,True
1.2.826.0.1.3680043.8.498.90193654806390401129887447441469319421,mcl_centre,40.334,-6.337,-31.209,0.0894,1.337,1.2.826.0.1.3680043.8.498.13298593520300635403367410272275328052,37,3.3,1,True
1.2.826.0.1.3680043.8.498.90206716031776606956011363950625953310,mcl_centre,29.951,-17.106,-15.19,0.1405,1.161,1.2.826.0.1.3680043.8.498.41124652549831788543407991222988913015,26,3.5,1,True
1.2.826.0.1.3680043.8.498.90223492515368389331845681759355261030,mcl_centre,-25.509,-58.966,-22.842,0.0756,0.888,1.2.826.0.1.3680043.8.498.78564469233815946593224540293828967142,19,5.2,1,True
1.2.826.0.1.3680043.8.498.90227414485305096825508911050013279704,mcl_centre,72.161,-43.919,-27.638,0.0965,1.582,1.2.826.0.1.3680043.8.498.11836029054857716982743729017913547707,30,3.5,1,True
1.2.826.0.1.3680043.8.498.90251533154603802045666102095577144628,mcl_centre,42.514,-19.046,-34.21,0.0741,1.792,1.2.826.0.1.3680043.8.498.10575756243848744418205761619783778142,28,4.2,1,True
1.2.826.0.1.3680043.8.498.90264300606047579088362539636050224478,mcl_centre,47.277,-1.357,-50.4,0.0812,64.443,1.2.826.0.1.3680043.8.498.98477789497308345301359774402277483513,32,3.3,1,True
1.2.826.0.1.3680043.8.498.90268709354762000249148795667759483876,mcl_centre,-81.28,-28.454,-32.465,0.1092,0.692,1.2.826.0.1.3680043.8.498.74548603086688078220647715590270403349,23,4.4,1,True
1.2.826.0.1.3680043.8.498.90274711315692820326973277297753398634,mcl_centre,-58.782,-47.265,-10.308,0.091,0.81,1.2.826.0.1.3680043.8.498.48546784051653888035284136919830207611,30,3.3,1,True
1.2.826.0.1.3680043.8.498.90283565381042081768587894596970552767,mcl_centre,40.717,-65.525,0.883,0.1198,0.758,1.2.826.0.1.3680043.8.498.84482758825468431885247408395318186921,18,6.066,1,True
1.2.826.0.1.3680043.8.498.90288598546566291188788375261370919222,mcl_centre,37.292,-79.439,-12.787,0.1391,1.013,1.2.826.0.1.3680043.8.498.77464044859524343070000923488468715621,19,4.8,1,True
1.2.826.0.1.3680043.8.498.90299615112155255774026824400461236845,mcl_centre,-33.231,-65.286,-32.243,0.0901,0.713,1.2.826.0.1.3680043.8.498.12499793666821447790127441255429860966,31,3.6,1,True
1.2.826.0.1.3680043.8.498.90313529150165069133283531436628039942,mcl_centre,-38.301,-15.516,-24.265,0.1049,0.49,1.2.826.0.1.3680043.8.498.83852462107005519193328893127839549402,32,3.3,1,True
1.2.826.0.1.3680043.8.498.90331082101665002495739626395247831768,mcl_centre,-49.343,9.795,1.262,0.0967,1.418,1.2.826.0.1.3680043.8.498.35138853696099684532043962146037012434,24,3.5,1,True
1.2.826.0.1.3680043.8.498.90340114291852810896219650388952790164,mcl_centre,-26.307,30.894,-6.309,0.0988,1.091,1.2.826.0.1.3680043.8.498.56827323449032315876089943915400808762,30,3.5,1,True
1.2.826.0.1.3680043.8.498.90342120331229511020327052213821820086,mcl_centre,-46.609,-6.826,11.916,0.1042,4.598,1.2.826.0.1.3680043.8.498.11989085517791655202841577789199778846,22,4.4,1,True
1.2.826.0.1.3680043.8.498.90433488790413321102007716267340900056,mcl_centre,109.872,-74.849,-17.067,0.0473,70.209,1.2.826.0.1.3680043.8.498.53000796224237878490764251187549690544,21,5.2,1,True
1.2.826.0.1.3680043.8.498.90446842983860370183814559926724769347,mcl_centre,52.988,-8.644,-31.799,0.0882,2.478,1.2.826.0.1.3680043.8.498.87554791425169923469696535646239895565,30,3.3,1,True
1.2.826.0.1.3680043.8.498.90466423642678253933409966898120881010,mcl_centre,29.835,-30.498,-5.009,0.1116,0.786,1.2.826.0.1.3680043.8.498.53486479948817977088903787215813293430,30,3.7,1,True
1.2.826.0.1.3680043.8.498.90483774039833567637730989859822082272,mcl_centre,-13.5,5.95,-1.222,0.105,1.865,1.2.826.0.1.3680043.8.498.22229978303175729030769728979072360790,22,4.2,1,True
1.2.826.0.1.3680043.8.498.90490891782778285565462083536468192410,mcl_centre,-57.363,-48.08,-11.755,0.1134,2.091,1.2.826.0.1.3680043.8.498.12164124413530218041950279641527749466,28,3.3,1,True
1.2.826.0.1.3680043.8.498.90508461713737190527021531642732695353,mcl_centre,-67.496,-26.644,-7.936,0.1152,0.602,1.2.826.0.1.3680043.8.498.37865021518415771182050214559573377257,26,4.5,1,True
1.2.826.0.1.3680043.8.498.90514150380296346197442897381548735293,mcl_centre,-68.662,-49.455,-11.975,0.0949,1.079,1.2.826.0.1.3680043.8.498.16750335922939986337656041827627426227,30,3.3,1,True
1.2.826.0.1.3680043.8.498.90551187439998209641370107095424494085,mcl_centre,67.811,-38.201,-15.015,0.0999,0.47,1.2.826.0.1.3680043.8.498.37109207644391483397183954435171017883,34,3.3,1,True
1.2.826.0.1.3680043.8.498.90573769367031841574114648773801425781,mcl_centre,40.108,-10.053,-58.03,0.095,0.56,1.2.826.0.1.3680043.8.498.33238712348389620451226307711900128613,30,3.6,1,True
1.2.826.0.1.3680043.8.498.90629760164319310375909187696899268080,mcl_centre,-68.011,-60.692,-8.355,0.0595,66.14,1.2.826.0.1.3680043.8.498.11967494220047402705594437482534257036,25,4.5,1,True
1.2.826.0.1.3680043.8.498.90668646188784648688693620159738574680,mcl_centre,65.291,-62.253,-6.268,0.0791,2.497,1.2.826.0.1.3680043.8.498.96508876938385228888773016568889586906,30,3.3,1,True
1.2.826.0.1.3680043.8.498.90679199017361780574384378857945322240,mcl_centre,32.915,-41.067,-11.918,0.1245,0.98,1.2.826.0.1.3680043.8.498.64459513864959425666569967766318231441,32,3.3,1,True
1.2.826.0.1.3680043.8.498.90751504670572401790063555695835439317,mcl_centre,31.067,-5.164,-15.536,0.112,1.559,1.2.826.0.1.3680043.8.498.12852588449348473736480870680107792997,16,5.501,1,True
1.2.826.0.1.3680043.8.498.90758414832541790868268922794274257839,mcl_centre,-19.737,15.653,-18.498,0.1348,2.071,1.2.826.0.1.3680043.8.498.10986250178618429155806867590614167669,26,4.0,1,True
1.2.826.0.1.3680043.8.498.90764713690393618577990540005126771712,mcl_centre,58.658,-26.252,-14.976,0.0922,0.585,1.2.826.0.1.3680043.8.498.10648190695068069896952659554444136362,30,3.45,1,True
1.2.826.0.1.3680043.8.498.90771070773751767226565553195436971014,mcl_centre,47.108,-15.439,15.436,0.1113,0.846,1.2.826.0.1.3680043.8.498.93893549927535961849648904435254420655,25,3.7,1,True
1.2.826.0.1.3680043.8.498.90858397443821905121918628339486070979,mcl_centre,57.333,-47.203,-18.497,0.0741,0.701,1.2.826.0.1.3680043.8.498.11526359164738237174851246811265488942,30,3.3,1,True
1.2.826.0.1.3680043.8.498.90893882071188409362296099956462540506,mcl_centre,-76.359,-48.635,-0.855,0.086,1.607,1.2.826.0.1.3680043.8.498.13387257510338892316517855967522842694,32,3.3,1,True
1.2.826.0.1.3680043.8.498.90976227335921831531105845602655777296,mcl_centre,-57.663,-2.786,-4.254,0.1176,0.673,1.2.826.0.1.3680043.8.498.47813175062837617065980399507987319239,23,5.0,1,True
1.2.826.0.1.3680043.8.498.90985037792656682958281230441654772668,mcl_centre,46.52,-61.375,-10.696,0.113,1.53,1.2.826.0.1.3680043.8.498.99567580196968118121119057821170796029,19,4.4,1,True
1.2.826.0.1.3680043.8.498.91064647744940506223536204418057554573,mcl_centre,97.088,38.068,-59.254,0.0641,0.91,1.2.826.0.1.3680043.8.498.73676698661079598805607207894460396340,30,3.5,1,True
1.2.826.0.1.3680043.8.498.91106275065657355304239097295699332135,mcl_centre,71.511,-47.567,-30.558,0.0965,0.84,1.2.826.0.1.3680043.8.498.63105559088287467274050668849142925097,28,3.5,1,True
1.2.826.0.1.3680043.8.498.91122873808284731048016330734204992698,mcl_centre,-67.527,39.288,-15.535,0.066,1.569,1.2.826.0.1.3680043.8.498.73980058175004290592489229078790077254,35,3.5,1,True
1.2.826.0.1.3680043.8.498.91124979914013108948829704350601987380,mcl_centre,-38.409,-82.663,-58.947,0.1088,0.934,1.2.826.0.1.3680043.8.498.44722362452268813843091908111549216852,19,4.4,1,True
1.2.826.0.1.3680043.8.498.91125742927944703615970502025043944089,mcl_centre,66.508,-66.112,-25.395,0.1148,1.146,1.2.826.0.1.3680043.8.498.94554264537814701857365853006050953678,21,4.4,1,True
1.2.826.0.1.3680043.8.498.91139126799820974665417903552066103454,mcl_centre,55.214,-47.922,-51.956,0.1106,0.883,1.2.826.0.1.3680043.8.498.10870050601823271538469484958279355223,28,3.5,1,True
1.2.826.0.1.3680043.8.498.91168270990167204047014161851340054645,mcl_centre,-30.004,-37.956,-4.685,0.1423,1.585,1.2.826.0.1.3680043.8.498.61714542637260006751784138573154146673,18,5.0,1,True
1.2.826.0.1.3680043.8.498.91206973544724011503639050238118945528,mcl_centre,60.55,-44.921,-29.013,0.1437,1.725,1.2.826.0.1.3680043.8.498.76868818928853329521204577595326435535,16,5.397,1,True
1.2.826.0.1.3680043.8.498.91220255464004258635083940797356822178,mcl_centre,52.421,-51.757,-27.411,0.0709,0.746,1.2.826.0.1.3680043.8.498.72745479526379833121266623353527763465,30,3.3,1,True
1.2.826.0.1.3680043.8.498.91230059913252604666971822137553690811,mcl_centre,-34.569,-22.722,-2.229,0.0733,0.713,1.2.826.0.1.3680043.8.498.66120939706626411143551710083021933853,30,4.05,1,True
1.2.826.0.1.3680043.8.498.91237082716839283641165609666644466929,mcl_centre,-64.73,-47.962,-18.144,0.0791,1.274,1.2.826.0.1.3680043.8.498.93252310037884334842588584982995537933,40,3.3,1,True
1.2.826.0.1.3680043.8.498.91262503278090288446189575519187653125,mcl_centre,-11.206,-26.74,-47.192,0.1431,4.2,1.2.826.0.1.3680043.8.498.30318316055303527409908554247827063178,22,4.4,1,True
1.2.826.0.1.3680043.8.498.91323765268136520804399328350809179765,mcl_centre,73.869,-1.467,-14.176,0.1015,0.994,1.2.826.0.1.3680043.8.498.70460732955894259968017992496652508467,28,3.3,1,True
1.2.826.0.1.3680043.8.498.91328985601265188961626433080766431089,mcl_centre,42.093,-51.777,-19.21,0.0782,2.669,1.2.826.0.1.3680043.8.498.80935096842709069929273781466774653398,30,3.5,1,True
1.2.826.0.1.3680043.8.498.91346221361264140052760282748336176394,mcl_centre,44.957,-10.63,-18.694,0.1349,0.622,1.2.826.0.1.3680043.8.498.47711543544189101715415199430394529049,25,3.6,1,True
1.2.826.0.1.3680043.8.498.91361379904133499492465873800011777365,mcl_centre,-40.294,-14.274,-31.098,0.0926,1.135,1.2.826.0.1.3680043.8.498.42187776906573834309485068980364808328,28,4.2,1,True
1.2.826.0.1.3680043.8.498.91380337141071062166571333367919885984,mcl_centre,66.457,-41.651,17.542,0.1543,1.483,1.2.826.0.1.3680043.8.498.40011503562829387247370599948184037988,16,4.743,1,True
1.2.826.0.1.3680043.8.498.91385694666101904780012335954322545042,mcl_centre,-32.845,8.204,-23.041,0.0972,1.119,1.2.826.0.1.3680043.8.498.10430834601457865128914957239772621676,32,3.51,1,True
1.2.826.0.1.3680043.8.498.91391446167553025113367459399831345295,mcl_centre,42.256,-15.894,-23.478,0.1137,0.729,1.2.826.0.1.3680043.8.498.56834841259731821379452160306145868008,30,3.3,1,True
1.2.826.0.1.3680043.8.498.91431012289716035498822977054491790785,mcl_centre,-70.976,-7.96,-20.806,0.0871,0.961,1.2.826.0.1.3680043.8.498.52749095849460196588130677813713342002,33,3.3,1,True
1.2.826.0.1.3680043.8.498.91468214041781427810665883790357021637,mcl_centre,60.475,-47.223,-2.215,0.0828,2.526,1.2.826.0.1.3680043.8.498.10302676288832408062385920434616284137,32,3.3,1,True
1.2.826.0.1.3680043.8.498.91497176426480836856097456438014037999,mcl_centre,-46.347,-46.582,-19.023,0.0822,1.471,1.2.826.0.1.3680043.8.498.55839928712513397208478049545615030341,28,3.7,1,True
1.2.826.0.1.3680043.8.498.91499489440453244654238202136675083579,mcl_centre,-91.98,-65.554,-19.732,0.0743,1.293,1.2.826.0.1.3680043.8.498.24446527831308992830213518176469330851,19,5.5,1,True
1.2.826.0.1.3680043.8.498.91581717063042044543371480238854954692,mcl_centre,-37.148,-54.48,-25.32,0.0757,3.167,1.2.826.0.1.3680043.8.498.10493227572348458909209941267331560871,34,3.3,1,True
1.2.826.0.1.3680043.8.498.91606395836371290680039618164703651751,mcl_centre,43.534,-25.106,-28.335,0.0828,1.017,1.2.826.0.1.3680043.8.498.93015236021054681190470178884031371358,20,4.95,1,True
1.2.826.0.1.3680043.8.498.91611403539216247154562810076063878924,mcl_centre,32.145,-18.188,8.862,0.098,1.319,1.2.826.0.1.3680043.8.498.87690798358011185006723263143452919833,20,4.95,1,True
1.2.826.0.1.3680043.8.498.91660278231317256353374962767408532443,mcl_centre,66.003,-52.986,-9.676,0.0915,1.14,1.2.826.0.1.3680043.8.498.12994544507226494081806823532032282635,34,3.3,1,True
1.2.826.0.1.3680043.8.498.91686669332744972709173289374472094988,mcl_centre,-36.448,14.424,-51.42,0.0625,1.318,1.2.826.0.1.3680043.8.498.76693001956932265115688747105861682253,20,4.8,1,True
1.2.826.0.1.3680043.8.498.91727248305411866145131034915485728037,mcl_centre,-78.362,-51.741,-15.738,0.1312,0.851,1.2.826.0.1.3680043.8.498.44031822092276391321386048583051393978,18,4.769,1,True
1.2.826.0.1.3680043.8.498.91742054227008690570256869200116133922,mcl_centre,39.686,-8.866,-23.411,0.1053,1.374,1.2.826.0.1.3680043.8.498.71437442235543247291351242091601594333,30,3.3,1,True
1.2.826.0.1.3680043.8.498.91744384920314309659802891351055961910,mcl_centre,34.098,-4.672,-28.053,0.113,3.837,1.2.826.0.1.3680043.8.498.11401132954191968210370808666230655777,23,4.4,1,True
1.2.826.0.1.3680043.8.498.91839696756303525362262251587171486273,mcl_centre,-43.834,3.17,9.229,0.1323,0.903,1.2.826.0.1.3680043.8.498.19391141414176353291128611964684220317,24,4.0,1,True
1.2.826.0.1.3680043.8.498.91860013313252950044036077977399321593,mcl_centre,-54.782,-24.242,-45.834,0.0799,1.839,1.2.826.0.1.3680043.8.498.67653362891651822517845817697046144873,39,3.3,1,True
1.2.826.0.1.3680043.8.498.91883829404782805058767342767479130421,mcl_centre,-50.465,-24.682,-6.751,0.0913,1.298,1.2.826.0.1.3680043.8.498.22651814983484020300565489845093776524,38,3.3,1,True
1.2.826.0.1.3680043.8.498.91897419008563027309752122760214275182,mcl_centre,-35.729,-19.702,-47.646,0.0918,0.729,1.2.826.0.1.3680043.8.498.37073922896790395471963917242589320140,33,3.3,1,True
1.2.826.0.1.3680043.8.498.91910585599088493175245713843727208369,mcl_centre,90.288,-11.189,-29.487,0.0776,55.518,1.2.826.0.1.3680043.8.498.95210080384496597269956849351476896702,32,3.3,1,True
1.2.826.0.1.3680043.8.498.91913894091933783677568170210064807665,mcl_centre,-72.344,-55.611,-21.023,0.1076,2.059,1.2.826.0.1.3680043.8.498.16064523796924404112527251443463791855,16,6.278,1,True
1.2.826.0.1.3680043.8.498.91940000162714863613139612302783091395,mcl_centre,-69.3,-33.378,-26.365,0.1097,0.636,1.2.826.0.1.3680043.8.498.65976872668193408890927007356450346848,28,3.45,1,True
1.2.826.0.1.3680043.8.498.91979363712708769014277114061159398016,mcl_centre,69.759,-45.036,35.622,0.1145,1.443,1.2.826.0.1.3680043.8.498.11802077054554573809451910837364623558,28,3.5,1,True
1.2.826.0.1.3680043.8.498.91991985280680856830060431668414014465,mcl_centre,-43.697,-62.997,-20.674,0.0753,1.385,1.2.826.0.1.3680043.8.498.83470143466087765200596313650414432246,36,3.3,1,True
1.2.826.0.1.3680043.8.498.92030581934838097812004394123949263069,mcl_centre,-74.395,-17.614,-15.139,0.0725,1.11,1.2.826.0.1.3680043.8.498.23518730942437849507634068172026961805,38,3.3,1,True
1.2.826.0.1.3680043.8.498.92063841381005962285592592672311044745,mcl_centre,-34.821,-7.847,-14.187,0.0839,1.452,1.2.826.0.1.3680043.8.498.80875393150965374939733163414778247588,20,4.95,1,True
1.2.826.0.1.3680043.8.498.92071199603599654827155753204585082303,mcl_centre,39.142,-20.86,11.387,0.0943,0.494,1.2.826.0.1.3680043.8.498.98758954024839659489611228500426066953,34,3.3,1,True
1.2.826.0.1.3680043.8.498.92126358259118823397932994812520542494,mcl_centre,-54.232,0.892,-19.703,0.0842,2.137,1.2.826.0.1.3680043.8.498.12325123737394978795679523524410008411,27,3.6,1,True
1.2.826.0.1.3680043.8.498.92127426417720107708158713612888411025,mcl_centre,53.285,-42.136,-30.623,0.076,1.604,1.2.826.0.1.3680043.8.498.30454058688879663733499121814966530573,38,3.5,1,True
1.2.826.0.1.3680043.8.498.92222956609345084635188178384706987675,mcl_centre,-71.43,-57.817,6.457,0.073,1.165,1.2.826.0.1.3680043.8.498.75246217875053726442354757876978690403,43,3.3,1,True
1.2.826.0.1.3680043.8.498.92249560662718438332916289759028859881,mcl_centre,-58.939,-26.38,-23.121,0.0628,65.159,1.2.826.0.1.3680043.8.498.18905180657566402865459799766379929836,33,3.5,1,True
1.2.826.0.1.3680043.8.498.92285140961160393284537044926797259671,mcl_centre,-35.556,-6.865,-19.692,0.12,0.417,1.2.826.0.1.3680043.8.498.16264021251152327335963176324105610407,26,4.0,1,True
1.2.826.0.1.3680043.8.498.92301915122994899889226415477164044164,mcl_centre,43.026,-66.898,0.426,0.1111,0.768,1.2.826.0.1.3680043.8.498.50083368074771359569133756129569196619,20,4.4,1,True
1.2.826.0.1.3680043.8.498.92326467051364762529119362944559591665,mcl_centre,-36.323,-54.943,-32.763,0.0803,0.708,1.2.826.0.1.3680043.8.498.12132346591110288207569905791200966145,35,3.3,1,True
1.2.826.0.1.3680043.8.498.92386519544130078776672685639580497728,mcl_centre,-14.471,7.886,-40.302,0.0884,1.734,1.2.826.0.1.3680043.8.498.52106917665287870384276379174851384859,34,3.6,1,True
1.2.826.0.1.3680043.8.498.92407834172018110142589158281575319154,mcl_centre,-63.101,22.54,-19.433,0.0692,3.52,1.2.826.0.1.3680043.8.498.61290733100344986898734124549618654288,35,3.5,1,True
1.2.826.0.1.3680043.8.498.92410537691481397330646029810090178745,mcl_centre,-14.345,15.137,-16.024,0.0633,0.91,1.2.826.0.1.3680043.8.498.90266939495101149845831162899809628136,30,3.5,1,True
1.2.826.0.1.3680043.8.498.92445779773398371452908052305534240654,mcl_centre,43.875,-68.023,-3.652,0.0714,1.96,1.2.826.0.1.3680043.8.498.10624167519253570658064386745886379456,34,3.3,1,True
1.2.826.0.1.3680043.8.498.92449204325697143336618138322280397765,mcl_centre,80.407,-19.393,-35.322,0.0716,50.84,1.2.826.0.1.3680043.8.498.10141627530321625633100754242326318568,30,3.3,1,True
1.2.826.0.1.3680043.8.498.92455257597708674644536154732642099964,mcl_centre,-46.53,-59.114,-25.99,0.0885,1.362,1.2.826.0.1.3680043.8.498.11964731747808628940769183093670689769,18,5.148,1,True
1.2.826.0.1.3680043.8.498.92581137608969847756039955144478716506,mcl_centre,38.69,-6.584,-30.73,0.0971,1.007,1.2.826.0.1.3680043.8.498.53836875693827167343208371719139661089,30,3.6,1,True
1.2.826.0.1.3680043.8.498.92597065276819676534178545455668171085,mcl_centre,-41.108,-50.918,-29.489,0.1035,0.846,1.2.826.0.1.3680043.8.498.44949030617051703143706740150338281902,36,3.3,1,True
1.2.826.0.1.3680043.8.498.92602515666185999130675702469977883616,mcl_centre,77.377,-41.414,-40.045,0.0834,0.679,1.2.826.0.1.3680043.8.498.86257032318592333503686098177891694259,30,3.7,1,True
1.2.826.0.1.3680043.8.498.92621720172216795135762712303124932801,mcl_centre,-63.555,-31.227,-49.74,0.0975,1.044,1.2.826.0.1.3680043.8.498.63029637306701392977599281418926454476,16,6.227,1,True
1.2.826.0.1.3680043.8.498.92626490033376759309712417622692944095,mcl_centre,19.892,-13.08,-58.47,0.0781,0.964,1.2.826.0.1.3680043.8.498.87984434176812337369263642452986052772,35,3.3,1,True
1.2.826.0.1.3680043.8.498.92650426727723557280117118587545413917,mcl_centre,-54.557,-26.213,-42.861,0.0753,1.715,1.2.826.0.1.3680043.8.498.81638785801367479511703905067939445661,15,5.371,1,True
1.2.826.0.1.3680043.8.498.92655291659311409459093330375014445330,mcl_centre,-62.489,-60.248,-17.756,0.1204,1.84,1.2.826.0.1.3680043.8.498.93636337750878891177315081030978884616,16,6.595,1,True
1.2.826.0.1.3680043.8.498.92682287574388138675492893420192905780,mcl_centre,80.951,-49.085,-2.003,0.1153,0.744,1.2.826.0.1.3680043.8.498.92317624653422077942782399883199333424,30,3.5,1,True
1.2.826.0.1.3680043.8.498.92715232057122971236003034574127234433,mcl_centre,47.785,-58.817,-47.189,0.0994,1.383,1.2.826.0.1.3680043.8.498.33024142192373363350719633250302157000,19,4.4,1,True
1.2.826.0.1.3680043.8.498.92722393862174380736027353110424417588,mcl_centre,52.262,-57.458,-39.297,0.0741,1.391,1.2.826.0.1.3680043.8.498.19884494359878362323046636846685674556,36,3.3,1,True
1.2.826.0.1.3680043.8.498.92758635328468215409701857842011454608,mcl_centre,75.613,-25.887,-35.612,0.1026,0.647,1.2.826.0.1.3680043.8.498.17093965173575762625971416161897231724,29,4.5,1,True
1.2.826.0.1.3680043.8.498.92839397144213404004277739877191283401,mcl_centre,-46.631,-81.548,-9.448,0.0916,1.324,1.2.826.0.1.3680043.8.498.62944100833309673957375051884816389057,20,4.8,1,True
1.2.826.0.1.3680043.8.498.92854445271746966212168817610305595078,mcl_centre,35.564,-70.297,-46.966,0.1095,1.396,1.2.826.0.1.3680043.8.498.27283781244079080899021348391672473328,17,5.2,1,True
1.2.826.0.1.3680043.8.498.92902692647544828045768164058889405369,mcl_centre,71.324,-63.725,-10.072,0.1305,0.605,1.2.826.0.1.3680043.8.498.46079608107853441668403036462962250321,16,5.868,1,True
1.2.826.0.1.3680043.8.498.92925901047699000727725798824992891055,mcl_centre,66.585,-66.156,-19.987,0.1074,0.446,1.2.826.0.1.3680043.8.498.15844596314463351008838349241656145304,16,5.5,1,True
1.2.826.0.1.3680043.8.498.93026010065162534828966791702007067882,mcl_centre,44.987,-58.716,-9.165,0.0918,2.893,1.2.826.0.1.3680043.8.498.77409936052632731154235988904445634547,34,3.3,1,True
1.2.826.0.1.3680043.8.498.93054327536380380487760790221613186305,mcl_centre,42.688,-64.419,-0.963,0.0624,5.006,1.2.826.0.1.3680043.8.498.55118943032892830913031509274159203194,32,3.3,1,True
1.2.826.0.1.3680043.8.498.93062749017302143105207135454940053142,mcl_centre,8.459,-70.834,-35.934,0.1084,0.939,1.2.826.0.1.3680043.8.498.11689082644240368070207016855981106795,19,4.4,1,True
1.2.826.0.1.3680043.8.498.93096918345463865518663434763610016449,mcl_centre,29.039,1.404,-15.968,0.1479,0.306,1.2.826.0.1.3680043.8.498.28597635818593747349300467171700852039,26,3.5,1,True
1.2.826.0.1.3680043.8.498.93104685852024334015651558514195715956,mcl_centre,-5.311,40.22,-24.465,0.1028,0.539,1.2.826.0.1.3680043.8.498.44034215502343583859947266687745368740,28,3.5,1,True
1.2.826.0.1.3680043.8.498.93141871723058796160969424330424882014,mcl_centre,71.8,-67.641,-4.955,0.0996,1.538,1.2.826.0.1.3680043.8.498.10177096047990954879010263792735401557,30,3.3,1,True
1.2.826.0.1.3680043.8.498.93177444420568709574758402836371200945,mcl_centre,-47.792,-7.026,-55.08,0.0933,1.92,1.2.826.0.1.3680043.8.498.23724364813817826931351175726707187890,35,3.3,1,True
1.2.826.0.1.3680043.8.498.93182602591865019295859776146674822677,mcl_centre,-42.376,-43.981,-6.686,0.0734,1.686,1.2.826.0.1.3680043.8.498.13092308776491878957819515391618655469,30,3.6,1,True
1.2.826.0.1.3680043.8.498.93188773180403601524488403580611534053,mcl_centre,-58.918,-55.977,-30.717,0.1218,1.682,1.2.826.0.1.3680043.8.498.28236118511281050551948417197762852640,30,3.5,1,True
1.2.826.0.1.3680043.8.498.93222021909191248270818335069738080963,mcl_centre,47.296,-6.354,-12.144,0.1104,1.778,1.2.826.0.1.3680043.8.498.12545939227716719278882762791281976958,31,3.3,1,True
1.2.826.0.1.3680043.8.498.93230313557251171119475173996942942855,mcl_centre,40.082,-4.556,-12.915,0.0887,1.078,1.2.826.0.1.3680043.8.498.35945016904292281053255412699586919068,32,3.7,1,True
1.2.826.0.1.3680043.8.498.93301337627536436086612556500687157032,mcl_centre,48.553,28.544,-42.766,0.1079,0.576,1.2.826.0.1.3680043.8.498.16524179539088535345247940605283851143,28,3.5,1,True
1.2.826.0.1.3680043.8.498.93318293884671598055223778443354732793,mcl_centre,-54.908,-58.348,51.352,0.0943,1.174,1.2.826.0.1.3680043.8.498.16388208524060469474627974488469963166,32,3.3,1,True
1.2.826.0.1.3680043.8.498.93344237572402384894445814841725878706,mcl_centre,-14.011,12.67,-40.289,0.1034,0.759,1.2.826.0.1.3680043.8.498.86483485737768384302875579566641677756,27,3.6,1,True
1.2.826.0.1.3680043.8.498.93359387652821116106937882388838959209,mcl_centre,-32.234,-57.856,-22.755,0.0867,0.726,1.2.826.0.1.3680043.8.498.59940349175224102823331352345714682235,19,4.4,1,True
1.2.826.0.1.3680043.8.498.93385433312281352893457225415812880948,mcl_centre,62.469,-72.936,-2.578,0.1211,0.894,1.2.826.0.1.3680043.8.498.38168137215088821150621791755164182727,18,5.5,1,True
1.2.826.0.1.3680043.8.498.93478919245462741704531324128061533679,mcl_centre,-38.783,-11.568,-17.211,0.0803,1.273,1.2.826.0.1.3680043.8.498.10657284404100076066130152737129537521,34,3.3,1,True
1.2.826.0.1.3680043.8.498.93555726419626687118723083838655757151,mcl_centre,39.667,-66.984,-6.178,0.0695,2.656,1.2.826.0.1.3680043.8.498.12693268757392525776680152427006433922,36,3.3,1,True
1.2.826.0.1.3680043.8.498.93623421864452751381778712192879121271,mcl_centre,-55.407,-31.916,0.365,0.0943,1.14,1.2.826.0.1.3680043.8.498.53803019656714449935839402179839876488,27,4.4,1,True
1.2.826.0.1.3680043.8.498.93653421810951484288813767943453706233,mcl_centre,68.318,-52.516,-36.318,0.0994,1.887,1.2.826.0.1.3680043.8.498.77775840622022368667611494040439989497,18,4.706,1,True
1.2.826.0.1.3680043.8.498.93655619137163635289231840294252859840,mcl_centre,-31.137,-16.193,-9.327,0.0832,0.515,1.2.826.0.1.3680043.8.498.40919701014774113727880259267910233074,29,3.5,1,True
1.2.826.0.1.3680043.8.498.93718451128867963123946970296603639068,mcl_centre,39.263,-34.125,-28.206,0.0778,2.506,1.2.826.0.1.3680043.8.498.41547434324415086745831671638221530484,22,4.95,1,True
1.2.826.0.1.3680043.8.498.93719148934772792523193842156217224487,mcl_centre,-41.989,-7.207,-14.643,0.0784,2.878,1.2.826.0.1.3680043.8.498.14481166903148757012715934335688559194,32,3.5,1,True
1.2.826.0.1.3680043.8.498.93722352425168280299901366261374293722,mcl_centre,-66.576,-63.583,-29.45,0.1161,0.744,1.2.826.0.1.3680043.8.498.10516011475639504912793867254270622902,16,5.951,1,True
1.2.826.0.1.3680043.8.498.93728117237268000947508816107096388086,mcl_centre,-41.087,-34.963,-26.346,0.107,1.288,1.2.826.0.1.3680043.8.498.92216087189479875980262886860868866362,30,3.3,1,True
1.2.826.0.1.3680043.8.498.93747304211180517979657679136059719120,mcl_centre,52.688,-69.705,6.057,0.0947,0.881,1.2.826.0.1.3680043.8.498.11932822315126859765930292991700201954,16,6.278,1,True
1.2.826.0.1.3680043.8.498.93774667493652492119129601342627338680,mcl_centre,-68.374,-46.722,-63.45,0.0893,0.907,1.2.826.0.1.3680043.8.498.10752606275413987927697937734894583564,30,3.7,1,True
1.2.826.0.1.3680043.8.498.93848205752465320137433228658870667418,mcl_centre,60.067,-22.793,-58.381,0.0784,1.519,1.2.826.0.1.3680043.8.498.35026141116415342342541863321013614980,38,3.5,1,True
1.2.826.0.1.3680043.8.498.93902628119199416703899320994283313812,mcl_centre,-28.424,-7.929,-25.36,0.0981,1.86,1.2.826.0.1.3680043.8.498.20005079387053724659384022570799045034,30,3.3,1,True
1.2.826.0.1.3680043.8.498.93921993164883084178408030385007465064,mcl_centre,-56.041,-0.978,-45.492,0.0917,1.423,1.2.826.0.1.3680043.8.498.73235399263768777780495686179887410901,27,3.6,1,True
1.2.826.0.1.3680043.8.498.93976819306514730278115540117878688308,mcl_centre,46.273,-54.258,-40.041,0.0906,0.948,1.2.826.0.1.3680043.8.498.55548680817825280622707232494129590297,22,5.2,1,True
1.2.826.0.1.3680043.8.498.93985093305024344873337249433396141838,mcl_centre,-41.2,-25.753,-63.916,0.0899,0.798,1.2.826.0.1.3680043.8.498.52659794158233936327227068593212479306,30,3.6,1,True
1.2.826.0.1.3680043.8.498.94002633501154835018549300667479350401,mcl_centre,-42.247,-22.052,-7.324,0.1069,1.661,1.2.826.0.1.3680043.8.498.76823882368951475543329658116688100624,30,3.3,1,True
1.2.826.0.1.3680043.8.498.94027547274004055924993074754507802303,mcl_centre,-42.702,-15.408,-48.166,0.0937,0.873,1.2.826.0.1.3680043.8.498.27900031312266832214759955230276924517,32,3.51,1,True
1.2.826.0.1.3680043.8.498.94030816415316308210133175314873817171,mcl_centre,73.109,-43.497,-39.188,0.1092,0.529,1.2.826.0.1.3680043.8.498.17870456507376342945256315987774426668,30,3.7,1,True
1.2.826.0.1.3680043.8.498.94069670011071682445520414370532541612,mcl_centre,-48.241,-57.408,-35.362,0.0438,64.967,1.2.826.0.1.3680043.8.498.49696709230828626962185950952615181470,19,5.2,1,True
1.2.826.0.1.3680043.8.498.94117540970936035429846288243624086693,mcl_centre,30.766,2.066,-13.76,0.0947,1.534,1.2.826.0.1.3680043.8.498.23377313391395985222476613461841919560,24,3.5,1,True
1.2.826.0.1.3680043.8.498.94244885518758327449236878653096161475,mcl_centre,49.618,-52.372,-17.971,0.1013,1.567,1.2.826.0.1.3680043.8.498.28458089334846578315428830197486926318,30,3.3,1,True
1.2.826.0.1.3680043.8.498.94252884278314596961426629318911909075,mcl_centre,-66.147,-6.646,-15.824,0.094,0.58,1.2.826.0.1.3680043.8.498.38766062948963546423189220846940401090,28,3.3,1,True
1.2.826.0.1.3680043.8.498.94255124739558547668304022649099251744,mcl_centre,-44.931,-17.187,-22.17,0.1032,1.372,1.2.826.0.1.3680043.8.498.11923901515182510277294472906346327815,30,3.3,1,True
1.2.826.0.1.3680043.8.498.94274898137310893945218731717226819541,mcl_centre,-66.273,-47.563,-8.879,0.1011,1.785,1.2.826.0.1.3680043.8.498.11832458387130737461987905889931073027,30,3.3,1,True
1.2.826.0.1.3680043.8.498.94296943940827583101208235208463322140,mcl_centre,77.98,-64.951,-16.18,0.0492,7.405,1.2.826.0.1.3680043.8.498.91188531077807899195634464364443516276,25,4.5,1,True
1.2.826.0.1.3680043.8.498.94328216642444410827846344286227627425,mcl_centre,-73.778,-51.116,-21.156,0.1021,1.643,1.2.826.0.1.3680043.8.498.89394238258705182502147352592751216038,30,3.3,1,True
1.2.826.0.1.3680043.8.498.94335780236370744781443631231792792083,mcl_centre,45.838,-2.452,-39.017,0.0725,1.067,1.2.826.0.1.3680043.8.498.12604262684207469645948316337280057698,37,3.51,1,True
1.2.826.0.1.3680043.8.498.94381282809153270156987123429739805206,mcl_centre,-52.508,-11.08,-22.843,0.0946,0.814,1.2.826.0.1.3680043.8.498.10567102468849839560979737494058810650,32,3.3,1,True
1.2.826.0.1.3680043.8.498.94393348753936295687030819683853459606,mcl_centre,-33.375,-27.606,-18.653,0.0798,0.999,1.2.826.0.1.3680043.8.498.15576773826372332857837066554023005101,32,3.3,1,True
1.2.826.0.1.3680043.8.498.94433753471890306108089557761231739312,mcl_centre,95.867,25.663,-1.062,0.0949,0.491,1.2.826.0.1.3680043.8.498.19808351390262770843383719107538938411,35,3.7,1,True
1.2.826.0.1.3680043.8.498.94447683257072169359896104855962933413,mcl_centre,-40.754,-21.758,-19.627,0.1006,0.833,1.2.826.0.1.3680043.8.498.11906610033468120117486149388205741382,30,3.3,1,True
1.2.826.0.1.3680043.8.498.94448720962054029575571654250994769402,mcl_centre,37.864,-11.803,-29.797,0.0887,0.66,1.2.826.0.1.3680043.8.498.13323642473137073052550648095989628281,30,3.3,1,True
1.2.826.0.1.3680043.8.498.94553664348118184200007654265863262684,mcl_centre,-41.243,-13.533,-33.271,0.098,1.782,1.2.826.0.1.3680043.8.498.13087931369504311832045711465110274649,30,3.6,1,True
1.2.826.0.1.3680043.8.498.94590838906158914501563687877014778914,mcl_centre,69.527,-45.269,-23.898,0.1119,0.866,1.2.826.0.1.3680043.8.498.57610799787229987091756599503541404463,30,3.7,1,True
1.2.826.0.1.3680043.8.498.94594009911808653224418094594012527944,mcl_centre,-75.387,-65.529,-40.15,0.0596,0.829,1.2.826.0.1.3680043.8.498.32095128776383222926579006484518595808,22,4.95,1,True
1.2.826.0.1.3680043.8.498.94601583997736688762302974573903982304,mcl_centre,32.617,-16.703,-7.151,0.121,0.907,1.2.826.0.1.3680043.8.498.37638033628970872008663668858847550233,25,3.6,1,True
1.2.826.0.1.3680043.8.498.94607524665407029611795868588964734480,mcl_centre,46.489,-24.764,-23.104,0.0454,1.22,1.2.826.0.1.3680043.8.498.13371221246648032930709829204000564492,40,3.5,1,True
1.2.826.0.1.3680043.8.498.94625454484290996254750481989036812516,mcl_centre,30.791,-18.208,-20.05,0.116,1.339,1.2.826.0.1.3680043.8.498.10246654810967499834621506583435366904,34,3.0,1,True
1.2.826.0.1.3680043.8.498.94635110520016467882028406590905441740,mcl_centre,-29.611,-61.366,21.124,0.0929,1.981,1.2.826.0.1.3680043.8.498.92204023617779530779394059529057535142,37,3.3,1,True
1.2.826.0.1.3680043.8.498.94658317716039594639343437780115140531,mcl_centre,-39.148,-76.263,-35.572,0.1063,0.727,1.2.826.0.1.3680043.8.498.57587987608278201375427791593562788967,19,5.2,1,True
1.2.826.0.1.3680043.8.498.94677297888135961827159679484207792618,mcl_centre,53.469,-39.644,-38.893,0.1069,3.178,1.2.826.0.1.3680043.8.498.61967982759232501725130037568787203340,40,3.5,1,True
1.2.826.0.1.3680043.8.498.94722363227977785887442194094888460046,mcl_centre,-37.365,-14.354,-52.868,0.0786,0.805,1.2.826.0.1.3680043.8.498.84909375845557144373437772354518005687,30,3.6,1,True
1.2.826.0.1.3680043.8.498.94729634553835820944505159643192054175,mcl_centre,40.521,-18.335,3.247,0.0949,1.796,1.2.826.0.1.3680043.8.498.42086919465223711971737477091424480853,30,3.3,1,True
1.2.826.0.1.3680043.8.498.94747403767627336827372096100476526821,mcl_centre,-44.626,-42.862,-41.697,0.0982,1.118,1.2.826.0.1.3680043.8.498.85363768599169339092006762527438572660,28,3.7,1,True
1.2.826.0.1.3680043.8.498.94753144127920558221268610279343359449,mcl_centre,-51.252,13.743,-28.602,0.1317,1.409,1.2.826.0.1.3680043.8.498.23990519024090052393781307290880994468,24,3.5,1,True
1.2.826.0.1.3680043.8.498.94761755148413531477206243804832613511,mcl_centre,-0.92,-66.637,24.967,0.1106,0.717,1.2.826.0.1.3680043.8.498.84778187013913103594060623434806987789,28,3.5,1,True
1.2.826.0.1.3680043.8.498.94774472240035721003264951868030913589,mcl_centre,-47.382,-65.401,-50.282,0.0961,1.275,1.2.826.0.1.3680043.8.498.82770061376488417706642658375775774937,32,3.3,1,True
1.2.826.0.1.3680043.8.498.94798723424795346945893598929864335472,mcl_centre,28.299,-15.509,-31.646,0.1033,0.946,1.2.826.0.1.3680043.8.498.93150715834396188707117711815673185186,28,4.5,1,True
1.2.826.0.1.3680043.8.498.94822220672465914426995315295921716764,mcl_centre,-59.08,-50.375,1.192,0.0885,1.485,1.2.826.0.1.3680043.8.498.12016592084133249981349775278268625508,16,5.524,1,True
1.2.826.0.1.3680043.8.498.94921929374845793599006362190119159537,mcl_centre,72.723,-49.409,-45.759,0.1141,1.15,1.2.826.0.1.3680043.8.498.10909817820501600918600514029059753832,30,3.3,1,True
1.2.826.0.1.3680043.8.498.94944218313788305917509271079443871442,mcl_centre,53.897,-59.738,-35.469,0.09,1.699,1.2.826.0.1.3680043.8.498.57964571844439579222498805731244131136,35,3.5,1,True
1.2.826.0.1.3680043.8.498.94945670991495145462605178471390637325,mcl_centre,-24.984,-30.831,-37.115,0.087,1.001,1.2.826.0.1.3680043.8.498.51712183412796719631341903159534733431,32,3.3,1,True
1.2.826.0.1.3680043.8.498.94954489705497211843190734684710878341,mcl_centre,52.877,-73.823,14.859,0.1072,1.396,1.2.826.0.1.3680043.8.498.61185940944585658798988120110124492017,30,3.3,1,True
1.2.826.0.1.3680043.8.498.94955017957653373798729896600270551224,mcl_centre,-80.762,-38.474,-4.71,0.0471,65.741,1.2.826.0.1.3680043.8.498.57648238520136837364624615661229397072,20,5.0,1,True
1.2.826.0.1.3680043.8.498.95026524886584356226576936309513335214,mcl_centre,78.134,-40.37,-42.954,0.1093,0.914,1.2.826.0.1.3680043.8.498.88902621436530968263859551428264613399,30,3.7,1,True
1.2.826.0.1.3680043.8.498.95030266788619257057351879256576338162,mcl_centre,33.425,-6.939,-21.447,0.1083,0.781,1.2.826.0.1.3680043.8.498.59993344953138931102668901204717213646,37,3.51,1,True
1.2.826.0.1.3680043.8.498.95060380238431209646600378585422128745,mcl_centre,26.326,-19.521,-21.713,0.092,2.407,1.2.826.0.1.3680043.8.498.40338185896521020279260308270107117081,38,3.5,1,True
1.2.826.0.1.3680043.8.498.95080449640993916851075185393444497308,mcl_centre,67.887,-79.439,-24.302,0.1089,0.806,1.2.826.0.1.3680043.8.498.90016441570859876355590421363687065425,28,3.5,1,True
1.2.826.0.1.3680043.8.498.95091624999382167943525022414631622532,mcl_centre,77.359,-26.965,-64.55,0.1058,1.335,1.2.826.0.1.3680043.8.498.38846421575715644963676003321793594951,30,3.7,1,True
1.2.826.0.1.3680043.8.498.95113114010658169441709314948308683982,mcl_centre,34.993,4.931,-35.993,0.0885,2.647,1.2.826.0.1.3680043.8.498.48329902560833288392664207520302990494,30,3.7,1,True
1.2.826.0.1.3680043.8.498.95142886737239438773421088967802136318,mcl_centre,-17.244,22.123,-13.839,0.1194,1.25,1.2.826.0.1.3680043.8.498.57226428928318613457189049159200833175,30,3.6,1,True
1.2.826.0.1.3680043.8.498.95193282490279394602564266574551123732,mcl_centre,70.299,-56.317,-8.743,0.1097,1.448,1.2.826.0.1.3680043.8.498.78909989026992366638482168922566749800,16,5.5,1,True
1.2.826.0.1.3680043.8.498.95196756237527666678816095708949563380,mcl_centre,40.576,1.933,-10.029,0.0891,0.458,1.2.826.0.1.3680043.8.498.84647892678460271030996023909134001419,30,3.3,1,True
1.2.826.0.1.3680043.8.498.95223549428749744711279985897241419512,mcl_centre,-66.097,4.281,-15.661,0.0598,1.232,1.2.826.0.1.3680043.8.498.62018106179962997048412607339763055271,35,3.3,1,True
1.2.826.0.1.3680043.8.498.95256518245659249144569318023469597946,mcl_centre,-49.104,-62.516,-29.658,0.0739,0.556,1.2.826.0.1.3680043.8.498.33874727546620349126401182540392352002,32,3.3,1,True
1.2.826.0.1.3680043.8.498.95262231945171099723559613554350591139,mcl_centre,63.0,3.772,4.984,0.0986,1.953,1.2.826.0.1.3680043.8.498.50126205431307217773521333466389012023,32,3.5,1,True
1.2.826.0.1.3680043.8.498.95321750682026667237717880394536750835,mcl_centre,-67.075,-57.996,9.583,0.0916,3.988,1.2.826.0.1.3680043.8.498.84663229600550165611744658963963954867,30,3.3,1,True
1.2.826.0.1.3680043.8.498.95324318295506605557933083155792587297,mcl_centre,91.238,-38.435,-26.622,0.0613,66.496,1.2.826.0.1.3680043.8.498.12587263832874489504127314424284960586,30,3.6,1,True
1.2.826.0.1.3680043.8.498.95334149193711661424105715330320414755,mcl_centre,75.947,-57.64,-41.815,0.0544,1.286,1.2.826.0.1.3680043.8.498.72854236988274744897819177960420304069,25,4.95,1,True
1.2.826.0.1.3680043.8.498.95351925765761617117057799846763403963,mcl_centre,65.78,-14.025,-44.016,0.1069,0.826,1.2.826.0.1.3680043.8.498.40613447720139827838716478866671975430,31,3.5,1,True
1.2.826.0.1.3680043.8.498.95376417067109020835342111882595126109,mcl_centre,-71.898,-38.595,-42.998,0.0957,0.759,1.2.826.0.1.3680043.8.498.91506092194277450482480258478861352661,30,3.3,1,True
1.2.826.0.1.3680043.8.498.95433650759419050864053270236035947981,mcl_centre,25.35,-1.734,-18.936,0.0888,0.624,1.2.826.0.1.3680043.8.498.10852729735700669441140275035812125640,34,3.3,1,True
1.2.826.0.1.3680043.8.498.95464807346156547985763374990661923815,mcl_centre,44.397,-52.838,-3.316,0.0884,1.373,1.2.826.0.1.3680043.8.498.38311613831150420386807431983600101529,33,3.3,1,True
1.2.826.0.1.3680043.8.498.95490888360439852685783476266753304657,mcl_centre,-78.193,-44.184,-35.169,0.0885,0.978,1.2.826.0.1.3680043.8.498.15806564980594946070306982882392437570,28,3.7,1,True
1.2.826.0.1.3680043.8.498.95497572581157858069692837655072209020,mcl_centre,43.339,-18.14,-26.745,0.0996,0.858,1.2.826.0.1.3680043.8.498.52971622212873559893330660731584749635,30,3.3,1,True
1.2.826.0.1.3680043.8.498.95500234888498554736637315199668317948,mcl_centre,-63.566,-56.696,-16.648,0.09,1.75,1.2.826.0.1.3680043.8.498.12269639604915811234152583167593070613,30,3.3,1,True
1.2.826.0.1.3680043.8.498.95555755747044090477918262640906805885,mcl_centre,-40.975,-22.804,-24.164,0.0985,1.43,1.2.826.0.1.3680043.8.498.96227304464415937959178099577545399032,30,3.6,1,True
1.2.826.0.1.3680043.8.498.95560861705581165570145459410262387310,mcl_centre,-36.472,19.018,-25.163,0.126,0.745,1.2.826.0.1.3680043.8.498.78135625644505614805514506759814876347,28,4.0,1,True
1.2.826.0.1.3680043.8.498.95570207430778332247200880037915693375,mcl_centre,-39.863,-15.731,-36.923,0.0794,1.028,1.2.826.0.1.3680043.8.498.86287141996428963819045770863817988955,40,3.0,1,True
1.2.826.0.1.3680043.8.498.95586477246200285088746818821808017494,mcl_centre,-28.423,-6.985,-29.776,0.1148,1.134,1.2.826.0.1.3680043.8.498.90470843071950787726822700796269112964,32,3.6,1,True
1.2.826.0.1.3680043.8.498.95588576819758266413765165887081039863,mcl_centre,-74.688,-42.866,-9.207,0.083,1.968,1.2.826.0.1.3680043.8.498.12836491415268767957062709708836854043,30,3.3,1,True
1.2.826.0.1.3680043.8.498.95601371640669355936785637162110963091,mcl_centre,-62.573,55.955,-3.671,0.0862,3.156,1.2.826.0.1.3680043.8.498.68392646458139732434288542803390543721,28,3.5,1,True
1.2.826.0.1.3680043.8.498.95621693348567815920675804584086926261,mcl_centre,29.864,-10.622,-23.579,0.1515,1.084,1.2.826.0.1.3680043.8.498.61492794300967409722045431958135491590,24,3.5,1,True
1.2.826.0.1.3680043.8.498.95638601079527306640829424921455011698,mcl_centre,62.092,-36.342,-13.109,0.0983,0.954,1.2.826.0.1.3680043.8.498.38528785427887659468677056088223009466,30,3.3,1,True
1.2.826.0.1.3680043.8.498.95653228095828585867177997067051877351,mcl_centre,-37.423,-22.062,-2.578,0.0752,3.164,1.2.826.0.1.3680043.8.498.25734532720822452029346389887882545888,38,3.3,1,True
1.2.826.0.1.3680043.8.498.95694598580744163428934772566469311180,mcl_centre,43.749,-31.9,-16.981,0.0751,0.809,1.2.826.0.1.3680043.8.498.20609760135342871782131179982182567631,40,3.6,1,True
1.2.826.0.1.3680043.8.498.95705755527332814775935856896567782522,mcl_centre,-39.227,-38.102,-25.448,0.0844,1.435,1.2.826.0.1.3680043.8.498.83824963772263263459390714443451746919,32,3.3,1,True
1.2.826.0.1.3680043.8.498.95720534093121754146413060811354489247,mcl_centre,49.301,-8.266,-5.609,0.1081,1.4,1.2.826.0.1.3680043.8.498.29654645624577907658408642036620596363,30,3.6,1,True
1.2.826.0.1.3680043.8.498.95727100148189624148200652225439854460,mcl_centre,45.366,9.267,-22.81,0.0985,0.969,1.2.826.0.1.3680043.8.498.34503270402918880141824585180839038752,30,3.5,1,True
1.2.826.0.1.3680043.8.498.95728724960383464194568391302477328450,mcl_centre,-84.511,-47.2,-35.026,0.0724,1.669,1.2.826.0.1.3680043.8.498.26593851196701162807184729874410399863,30,3.5,1,True
1.2.826.0.1.3680043.8.498.95777611643095956714301310992151723603,mcl_centre,-54.115,-6.329,-67.677,0.1072,2.903,1.2.826.0.1.3680043.8.498.63076928805244100813563266672084697207,20,5.0,1,True
1.2.826.0.1.3680043.8.498.95796009319232592137564145023096016872,mcl_centre,66.194,-56.1,-17.591,0.1125,1.228,1.2.826.0.1.3680043.8.498.59924606869030669868100489238218872714,30,3.3,1,True
1.2.826.0.1.3680043.8.498.95850844945129153291759207212815927078,mcl_centre,43.452,-28.565,-30.562,0.0904,1.085,1.2.826.0.1.3680043.8.498.74421461777237059152437511690162119699,30,3.6,1,True
1.2.826.0.1.3680043.8.498.95864678405973312042815189771902289608,mcl_centre,58.304,-75.333,-1.194,0.1124,1.224,1.2.826.0.1.3680043.8.498.27258580971970399083598582142310782734,16,5.561,1,True
1.2.826.0.1.3680043.8.498.95882731821729917461275694847968503951,mcl_centre,-67.228,-46.598,-38.006,0.1087,1.159,1.2.826.0.1.3680043.8.498.91796186514479848944831361578888961845,20,4.95,1,True
1.2.826.0.1.3680043.8.498.95912798959818676102590029534562878721,mcl_centre,67.851,-83.94,-12.721,0.1376,0.941,1.2.826.0.1.3680043.8.498.98465713454298229733294104657319386813,16,5.512,1,True
1.2.826.0.1.3680043.8.498.95918254432056542701730614049432316728,mcl_centre,48.333,-63.808,-37.421,0.0852,0.74,1.2.826.0.1.3680043.8.498.91975612528149982723266573496430734474,32,3.3,1,True
1.2.826.0.1.3680043.8.498.95984406324600336713471618620285270466,mcl_centre,76.004,-45.075,-12.942,0.073,1.377,1.2.826.0.1.3680043.8.498.67123608798819813175449846409698720711,20,4.95,1,True
1.2.826.0.1.3680043.8.498.96051765028927322365509303222455708654,mcl_centre,47.559,42.523,-49.027,0.1083,1.997,1.2.826.0.1.3680043.8.498.69072787597021971910948534678732294870,30,3.7,1,True
1.2.826.0.1.3680043.8.498.96054287426681123062488435620352206601,mcl_centre,-21.557,8.296,-48.728,0.1173,0.718,1.2.826.0.1.3680043.8.498.12751099483255942485347647626794704832,29,4.0,1,True
1.2.826.0.1.3680043.8.498.96094001324999448553107805455529187871,mcl_centre,-83.728,-42.429,-50.049,0.0752,1.021,1.2.826.0.1.3680043.8.498.63585078602995115921993816958110800506,28,3.7,1,True
1.2.826.0.1.3680043.8.498.96117880374445894729658092255088269716,mcl_centre,67.849,-26.145,-27.251,0.1093,0.86,1.2.826.0.1.3680043.8.498.31892728496482952529018853022367510541,24,4.5,1,True
1.2.826.0.1.3680043.8.498.96146854841734718524530740965296119916,mcl_centre,-63.641,-50.104,-17.036,0.0834,0.799,1.2.826.0.1.3680043.8.498.93259726407935476262510150364637855229,30,3.3,1,True
1.2.826.0.1.3680043.8.498.96152894373838410779390571000523933753,mcl_centre,45.9,-40.989,-42.7,0.1149,0.518,1.2.826.0.1.3680043.8.498.97458730069669948614385896121207290508,18,4.274,1,True
1.2.826.0.1.3680043.8.498.96158169859491339496094295508194547199,mcl_centre,50.263,-61.629,-20.071,0.0611,4.526,1.2.826.0.1.3680043.8.498.97114157090003883902853936736895964187,30,3.5,1,True
1.2.826.0.1.3680043.8.498.96174494699876332875347380499122120925,mcl_centre,73.787,-5.99,-46.86,0.1072,0.978,1.2.826.0.1.3680043.8.498.12663936315815924038741835073750054127,25,4.4,1,True
1.2.826.0.1.3680043.8.498.96293531288862652713666056362328893428,mcl_centre,-37.251,-103.516,-41.139,0.1253,1.007,1.2.826.0.1.3680043.8.498.12188976291649736560844977088537160560,17,5.0,1,True
1.2.826.0.1.3680043.8.498.96316229168827165128604998083731481211,mcl_centre,31.383,-17.018,-47.114,0.1052,0.69,1.2.826.0.1.3680043.8.498.13366602631140263411823818970429606240,32,3.3,1,True
1.2.826.0.1.3680043.8.498.96323485839061204012967074568679195142,mcl_centre,94.166,53.612,-74.77,0.0842,70.748,1.2.826.0.1.3680043.8.498.15050837528282866451669115923902063231,30,3.7,1,True
1.2.826.0.1.3680043.8.498.96425049974772570897047688166336162674,mcl_centre,55.896,-58.2,-20.285,0.0525,1.857,1.2.826.0.1.3680043.8.498.11054554137126759026580377557872555571,28,4.95,1,True
1.2.826.0.1.3680043.8.498.96448229695053562621553132798380456420,mcl_centre,52.941,-9.578,12.683,0.0844,3.579,1.2.826.0.1.3680043.8.498.43999932950714212452843108042329922026,31,3.6,1,True
1.2.826.0.1.3680043.8.498.96483513352751590579274577125356217169,mcl_centre,56.416,-31.59,-38.435,0.08,1.195,1.2.826.0.1.3680043.8.498.14911469069401190028189389696914459601,30,3.6,1,True
1.2.826.0.1.3680043.8.498.96510621665552630060821422211995212854,mcl_centre,43.566,-18.445,21.123,0.0865,1.825,1.2.826.0.1.3680043.8.498.25022898020882325653827363895915968284,34,3.3,1,True
1.2.826.0.1.3680043.8.498.96559819562317669526803257835398470484,mcl_centre,42.75,-40.24,-22.23,0.086,0.994,1.2.826.0.1.3680043.8.498.35868244319891611779838424223571396954,19,4.4,1,True
1.2.826.0.1.3680043.8.498.96561978771090020509310535265236331946,mcl_centre,-56.658,-47.248,-51.258,0.1143,1.643,1.2.826.0.1.3680043.8.498.64977160362416586421803894165166645689,24,4.0,1,True
1.2.826.0.1.3680043.8.498.96562865861483086790615358719391771217,mcl_centre,-67.255,-30.624,-30.156,0.0923,0.657,1.2.826.0.1.3680043.8.498.10997803906020837009354696973671764770,30,3.5,1,True
1.2.826.0.1.3680043.8.498.96564709711765982786409987515735443801,mcl_centre,-34.654,-8.097,-30.827,0.0835,0.844,1.2.826.0.1.3680043.8.498.46436869033921454928696664019027249102,32,3.3,1,True
1.2.826.0.1.3680043.8.498.96587029379314618196381307882235433083,mcl_centre,-17.269,-6.394,-59.659,0.1274,3.728,1.2.826.0.1.3680043.8.498.15280867700975953278833266586239718947,27,3.6,1,True
1.2.826.0.1.3680043.8.498.96614828054790815108190478795539254570,mcl_centre,52.067,-33.625,-33.603,0.0943,0.992,1.2.826.0.1.3680043.8.498.34023540025978409704736269165519587550,29,4.5,1,True
1.2.826.0.1.3680043.8.498.96621557839848412555023112236627663339,mcl_centre,-0.523,-25.803,22.909,0.0919,1.3,1.2.826.0.1.3680043.8.498.22815859205001731068686703895613493393,38,3.3,1,True
1.2.826.0.1.3680043.8.498.96657465815875587552665111166265086308,mcl_centre,-45.113,-55.103,-19.567,0.079,2.129,1.2.826.0.1.3680043.8.498.74670715416582308069074200368036375696,32,3.3,1,True
1.2.826.0.1.3680043.8.498.96791010280967772394523567484937888186,mcl_centre,-70.144,-52.748,-55.634,0.1017,0.862,1.2.826.0.1.3680043.8.498.35897781428610932417951277677923504378,24,4.5,1,True
1.2.826.0.1.3680043.8.498.96818533353374094273022322108861564926,mcl_centre,-41.583,-23.158,13.493,0.0778,0.856,1.2.826.0.1.3680043.8.498.90820010486838582886157645134117510379,32,3.3,1,True
1.2.826.0.1.3680043.8.498.96846796615932368166905347054245013501,mcl_centre,-43.799,-26.605,-46.74,0.107,0.982,1.2.826.0.1.3680043.8.498.29597227475005600221687204448835879925,20,4.95,1,True
1.2.826.0.1.3680043.8.498.96859317329616917022799512740280754327,mcl_centre,70.523,-51.921,-47.439,0.0934,1.914,1.2.826.0.1.3680043.8.498.24374326547110018289693935892660087278,20,4.95,1,True
1.2.826.0.1.3680043.8.498.96943946564115188893954628924857155670,mcl_centre,-29.699,-7.81,-20.387,0.1142,1.153,1.2.826.0.1.3680043.8.498.75036634422845267406535562407402968806,25,3.6,1,True
1.2.826.0.1.3680043.8.498.96944926470854551064948200936284887742,mcl_centre,-52.997,-21.864,-17.896,0.0874,0.649,1.2.826.0.1.3680043.8.498.11943702781442335298324980564801849425,35,3.3,1,True
1.2.826.0.1.3680043.8.498.96947237995559790704304892745226362883,mcl_centre,84.991,-39.469,-19.33,0.1212,0.718,1.2.826.0.1.3680043.8.498.10618489032192665817238230460224415232,30,3.5,1,True
1.2.826.0.1.3680043.8.498.96950011369238410949579095568317214261,mcl_centre,-20.496,11.155,-14.437,0.0725,0.731,1.2.826.0.1.3680043.8.498.11251493941412973833926792631241691706,28,4.0,1,True
1.2.826.0.1.3680043.8.498.97003157807630958179276831877591411623,mcl_centre,-1.968,-3.923,-33.415,0.0643,0.624,1.2.826.0.1.3680043.8.498.10949365902671650269493276049228670871,32,3.3,1,True
1.2.826.0.1.3680043.8.498.97004483591331502283638578516018997228,mcl_centre,74.355,-21.639,9.258,0.1375,0.714,1.2.826.0.1.3680043.8.498.11643074837097636920077978926705349108,23,4.4,1,True
1.2.826.0.1.3680043.8.498.97020520267554584684160936968569132254,mcl_centre,43.279,-58.777,-39.722,0.1046,2.258,1.2.826.0.1.3680043.8.498.20981704289559737789659715014560070165,32,3.3,1,True
1.2.826.0.1.3680043.8.498.97042446513400958172996637321308032556,mcl_centre,-74.986,-34.954,-32.493,0.0675,0.952,1.2.826.0.1.3680043.8.498.56323916502049690171035592694373974890,27,4.5,1,True
1.2.826.0.1.3680043.8.498.97055845147740306780908051236353219644,mcl_centre,24.028,-62.062,-38.757,0.1244,1.283,1.2.826.0.1.3680043.8.498.58129478820433524850741494874628695066,19,5.0,1,True
1.2.826.0.1.3680043.8.498.97087958215554026148585108910609248523,mcl_centre,77.765,15.576,55.23,0.1021,1.236,1.2.826.0.1.3680043.8.498.51349609715383800795416727380546674685,32,3.5,1,True
1.2.826.0.1.3680043.8.498.97107472223824971578324157203273471706,mcl_centre,40.797,-8.395,-48.961,0.0895,1.339,1.2.826.0.1.3680043.8.498.93495214393119925059759769149166002056,38,3.0,1,True
1.2.826.0.1.3680043.8.498.97135552871905937467775630206570358085,mcl_centre,37.539,-54.755,-59.415,0.0832,1.43,1.2.826.0.1.3680043.8.498.12244950478343485670572691128064270795,32,3.3,1,True
1.2.826.0.1.3680043.8.498.97156518925820521351080132062400795929,mcl_centre,42.198,-64.636,-4.727,0.0755,3.317,1.2.826.0.1.3680043.8.498.67936293451691155406207527870697210566,31,3.3,1,True
1.2.826.0.1.3680043.8.498.97220604868276521004168045790587997687,mcl_centre,-69.649,-64.388,-18.299,0.1184,1.335,1.2.826.0.1.3680043.8.498.48517557292178913030345410410288586579,30,3.3,1,True
1.2.826.0.1.3680043.8.498.97234348688223610934999923021953923903,mcl_centre,-39.317,22.073,-57.034,0.1469,0.988,1.2.826.0.1.3680043.8.498.83059182244231756831504541864732250987,27,3.6,1,True
1.2.826.0.1.3680043.8.498.97248397528214121944398119979516268902,mcl_centre,-44.908,-49.433,-28.155,0.088,0.787,1.2.826.0.1.3680043.8.498.10401565768112769771749653569599857757,30,3.5,1,True
1.2.826.0.1.3680043.8.498.97259766233250760343109933426776941754,mcl_centre,35.579,-3.844,-29.76,0.0907,0.626,1.2.826.0.1.3680043.8.498.76766139843939510386288040782837629682,36,3.3,1,True
1.2.826.0.1.3680043.8.498.97259977321685658337087695233264517545,mcl_centre,-34.158,-18.041,6.766,0.0619,1.532,1.2.826.0.1.3680043.8.498.95205313233076265380474381227985166465,38,3.3,1,True
1.2.826.0.1.3680043.8.498.97269744864161337523188705262974234442,mcl_centre,-24.719,-31.274,-39.478,0.1012,3.282,1.2.826.0.1.3680043.8.498.12700785172962484122973859930068605140,28,3.7,1,True
1.2.826.0.1.3680043.8.498.97274720257634584071500649275217521662,mcl_centre,-32.183,-48.707,2.052,0.0751,1.79,1.2.826.0.1.3680043.8.498.96963728552261384768664457442339822107,32,3.3,1,True
1.2.826.0.1.3680043.8.498.97274847570547462056218828853253311223,mcl_centre,-64.276,-56.02,-25.493,0.079,0.489,1.2.826.0.1.3680043.8.498.64048340611924967907545823087028891197,28,3.7,1,True
1.2.826.0.1.3680043.8.498.97296323335289879687414244774227160450,mcl_centre,37.95,68.73,-25.519,0.0968,0.804,1.2.826.0.1.3680043.8.498.10573353590386776320858471679766400227,30,3.7,1,True
1.2.826.0.1.3680043.8.498.97303893645051596044169857585815133097,mcl_centre,-64.928,-54.656,-7.55,0.1043,0.636,1.2.826.0.1.3680043.8.498.89474065123862757820053428811522971164,31,3.3,1,True
1.2.826.0.1.3680043.8.498.97348112008590316355392924312704081684,mcl_centre,-55.421,-81.718,-37.765,0.1131,0.662,1.2.826.0.1.3680043.8.498.42372439479738242633784669273686432168,19,4.8,1,True
1.2.826.0.1.3680043.8.498.97353980946516912216109392482235435606,mcl_centre,63.202,-7.473,-61.449,0.0815,2.599,1.2.826.0.1.3680043.8.498.41894926106763201763076535288006146466,24,5.0,1,True
1.2.826.0.1.3680043.8.498.97400307568415006244714024769069514497,mcl_centre,-49.045,-7.441,15.407,0.0826,1.436,1.2.826.0.1.3680043.8.498.68921665866775782174944806287497854916,22,4.4,1,True
1.2.826.0.1.3680043.8.498.97464332941382646555656038793589898504,mcl_centre,41.242,-66.311,-6.276,0.1328,0.591,1.2.826.0.1.3680043.8.498.62992662355600540252061771531683730823,19,4.8,1,True
1.2.826.0.1.3680043.8.498.97485476951995325021464683747847126869,mcl_centre,-79.979,-8.128,-33.927,0.0853,0.797,1.2.826.0.1.3680043.8.498.84119889195463860372086787795256220391,37,3.6,1,True
1.2.826.0.1.3680043.8.498.97488501634729541923597957717971376373,mcl_centre,31.59,-6.554,-3.489,0.1,2.261,1.2.826.0.1.3680043.8.498.67216294187156200937742497328418553392,30,3.3,1,True
1.2.826.0.1.3680043.8.498.97496319463700021339637597270948309369,mcl_centre,56.222,-73.951,18.787,0.099,1.004,1.2.826.0.1.3680043.8.498.42573750041245772853324546806980795594,32,3.3,1,True
1.2.826.0.1.3680043.8.498.97500632594529766269369977508352975364,mcl_centre,-73.045,-44.956,-41.261,0.0948,1.522,1.2.826.0.1.3680043.8.498.96968081012141222980874487337508614427,30,3.3,1,True
1.2.826.0.1.3680043.8.498.97520184067825971918316082134210579391,mcl_centre,-72.219,-59.73,-36.063,0.1243,0.586,1.2.826.0.1.3680043.8.498.11580810161122214085034769567431382504,30,3.3,1,True
1.2.826.0.1.3680043.8.498.97536230315600409983600607358927775480,mcl_centre,72.672,-47.541,-28.63,0.1119,1.276,1.2.826.0.1.3680043.8.498.43552404934427469221896611133482163481,30,3.3,1,True
1.2.826.0.1.3680043.8.498.97564564380731258764291146761742841527,mcl_centre,-69.2,-50.519,-30.162,0.0824,2.547,1.2.826.0.1.3680043.8.498.87171684004985397055387071703600433743,30,3.3,1,True
1.2.826.0.1.3680043.8.498.97579738268290461886850261405719501384,mcl_centre,9.987,62.51,-44.812,0.0834,1.666,1.2.826.0.1.3680043.8.498.60340718691995184401258101706361673344,34,3.5,1,True
1.2.826.0.1.3680043.8.498.97600121574703193898619052529830275028,mcl_centre,-70.698,-57.252,-45.582,0.0696,2.268,1.2.826.0.1.3680043.8.498.12179970650166968272663986814144233201,24,4.95,1,True
1.2.826.0.1.3680043.8.498.97658595748192892503053963872409769829,mcl_centre,-48.952,-34.165,-27.336,0.1599,1.797,1.2.826.0.1.3680043.8.498.47492502737765690650677064767674071338,15,5.371,1,True
1.2.826.0.1.3680043.8.498.97689748704772735695349883980413529091,mcl_centre,33.366,-80.334,-44.553,0.0846,1.531,1.2.826.0.1.3680043.8.498.56725081134546279137876893438439748928,19,4.72,1,True
1.2.826.0.1.3680043.8.498.97694479664965569386338738579573728752,mcl_centre,-54.468,68.739,2.9,0.0839,1.171,1.2.826.0.1.3680043.8.498.78287146275449387674832399693485284134,28,3.7,1,True
1.2.826.0.1.3680043.8.498.97696436660690920809826140686268769509,mcl_centre,-33.047,-17.831,2.559,0.0847,0.631,1.2.826.0.1.3680043.8.498.80535050610587984490729084481115087693,30,3.375,1,True
1.2.826.0.1.3680043.8.498.97705920250069816684861966612302390614,mcl_centre,-30.916,-16.8,-4.329,0.1021,3.322,1.2.826.0.1.3680043.8.498.14241794714968084682863886357311642490,25,3.6,1,True
1.2.826.0.1.3680043.8.498.97731968872354496470096174559789586056,mcl_centre,-65.66,-51.334,-1.378,0.1151,1.409,1.2.826.0.1.3680043.8.498.88316353346155255497535951831671622986,30,3.3,1,True
1.2.826.0.1.3680043.8.498.97759980486481979519068526243106370997,mcl_centre,-20.531,-5.658,-26.961,0.092,1.128,1.2.826.0.1.3680043.8.498.24823850635665269086360535525111416295,32,3.6,1,True
1.2.826.0.1.3680043.8.498.97797693721516872008302328638374252668,mcl_centre,-40.688,-59.413,-50.424,0.1009,0.81,1.2.826.0.1.3680043.8.498.50670549085628178969789482906646147097,30,3.3,1,True
1.2.826.0.1.3680043.8.498.97830923192341890652952842494018952920,mcl_centre,46.336,-50.032,-0.681,0.0924,0.886,1.2.826.0.1.3680043.8.498.13852545462235926302893304618969156773,23,4.592,1,True
1.2.826.0.1.3680043.8.498.97849030682292314880463675622456900933,mcl_centre,47.165,-7.402,-23.106,0.0887,0.744,1.2.826.0.1.3680043.8.498.35685899073300231496268108879582370055,30,3.3,1,True
1.2.826.0.1.3680043.8.498.97909881548577311929907613359449243075,mcl_centre,-40.35,-53.787,-31.221,0.1136,1.641,1.2.826.0.1.3680043.8.498.10877345168923350933805011837803408508,32,3.3,1,True
1.2.826.0.1.3680043.8.498.97944261713902372188894456162512065499,mcl_centre,-81.008,-5.592,-22.483,0.0554,0.923,1.2.826.0.1.3680043.8.498.98742974851969969364935682059292090345,32,3.5,1,True
1.2.826.0.1.3680043.8.498.97964867333695657200856428936254426086,mcl_centre,-76.673,-66.125,1.964,0.0697,0.668,1.2.826.0.1.3680043.8.498.10811750149579333232036063249071405238,26,4.5,1,True
1.2.826.0.1.3680043.8.498.98022738778461179495257509215244053198,mcl_centre,-82.174,23.113,7.547,0.1031,1.887,1.2.826.0.1.3680043.8.498.95230572059739717778825860265167252625,28,3.7,1,True
1.2.826.0.1.3680043.8.498.98027050915885651900992366068887550187,mcl_centre,40.921,22.131,5.52,0.0854,0.959,1.2.826.0.1.3680043.8.498.53743543884079411524171892054196285508,30,3.3,1,True
1.2.826.0.1.3680043.8.498.98028018520101798863795620289151810642,mcl_centre,32.322,5.618,-3.42,0.0859,2.35,1.2.826.0.1.3680043.8.498.52207888705798655322160808942688765889,36,3.0,1,True
1.2.826.0.1.3680043.8.498.98039072306618106705944452906395982381,mcl_centre,37.61,-27.929,-13.325,0.0847,0.801,1.2.826.0.1.3680043.8.498.67448527753693617586150974105143474919,30,3.6,1,True
1.2.826.0.1.3680043.8.498.98064941971367073978404461105852658265,mcl_centre,-105.799,-46.539,-31.652,0.1055,0.462,1.2.826.0.1.3680043.8.498.86140214084538574013302564382255720806,19,5.905,1,True
1.2.826.0.1.3680043.8.498.98081486779628580946589119341754353354,mcl_centre,-62.489,-45.902,-6.959,0.0883,1.396,1.2.826.0.1.3680043.8.498.72122742593414964273342820523451455808,30,3.3,1,True
1.2.826.0.1.3680043.8.498.98102475310924339032647376491442498974,mcl_centre,-62.849,-37.897,-63.372,0.0796,3.14,1.2.826.0.1.3680043.8.498.41453556275339749413658382794397823919,30,3.5,1,True
1.2.826.0.1.3680043.8.498.98107112397588450345153336193341117589,mcl_centre,39.888,-25.165,-47.793,0.067,1.168,1.2.826.0.1.3680043.8.498.76214928423226389474420438461539908908,40,3.3,1,True
1.2.826.0.1.3680043.8.498.98112373403331748422888362310572528002,mcl_centre,68.145,-58.268,-43.552,0.0812,1.786,1.2.826.0.1.3680043.8.498.10794571810050001903876671613186227371,25,4.95,1,True
1.2.826.0.1.3680043.8.498.98143909986671737130865120569673002676,mcl_centre,-73.873,-69.187,-56.609,0.0789,0.917,1.2.826.0.1.3680043.8.498.19257759129347987163756572975893031399,23,4.95,1,True
1.2.826.0.1.3680043.8.498.98146155044178593810385943365143374814,mcl_centre,-61.082,-55.696,6.308,0.1354,1.106,1.2.826.0.1.3680043.8.498.69696039873369502544303208292367841879,18,6.23,1,True
1.2.826.0.1.3680043.8.498.98151095279541278201351784048265686573,mcl_centre,-27.9,-1.286,-15.865,0.0921,1.622,1.2.826.0.1.3680043.8.498.71572247295773000804881931492365621792,32,3.6,1,True
1.2.826.0.1.3680043.8.498.98181040478767526925214101502401448074,mcl_centre,37.277,21.651,-11.927,0.1274,0.908,1.2.826.0.1.3680043.8.498.12597897113113096548226336355469888197,20,4.5,1,True
1.2.826.0.1.3680043.8.498.98239758242192048511912905088391835938,mcl_centre,-48.675,-19.148,-0.793,0.0981,0.488,1.2.826.0.1.3680043.8.498.84446047077305537781230639303530514072,30,3.6,1,True
1.2.826.0.1.3680043.8.498.98255454187594895604610283922744869720,mcl_centre,-74.043,-26.086,-12.668,0.0942,1.005,1.2.826.0.1.3680043.8.498.10398222319302725471808768357083307924,28,3.7,1,True
1.2.826.0.1.3680043.8.498.98315778542448798493600485116505234132,mcl_centre,9.337,-21.218,-34.055,0.1241,3.855,1.2.826.0.1.3680043.8.498.74490336994702105524045318078944852534,22,4.4,1,True
1.2.826.0.1.3680043.8.498.98333658788330318335997032513277632526,mcl_centre,-62.593,-44.532,-22.467,0.0788,3.296,1.2.826.0.1.3680043.8.498.51749628234796849828204066316790613726,30,3.3,1,True
1.2.826.0.1.3680043.8.498.98343185597651455245996667389303915779,mcl_centre,-72.517,-30.095,8.195,0.0658,1.0,1.2.826.0.1.3680043.8.498.12552521993950691720845072107469257294,36,3.51,1,True
1.2.826.0.1.3680043.8.498.98351891935507349137982199658103205287,mcl_centre,-72.013,-60.155,-15.612,0.0901,1.48,1.2.826.0.1.3680043.8.498.28144086315074911201148392526060519436,30,3.3,1,True
1.2.826.0.1.3680043.8.498.98400072082366198211931728015692551635,mcl_centre,-55.238,-25.194,-17.038,0.0637,0.87,1.2.826.0.1.3680043.8.498.29881797547516228725832650336752085887,34,3.3,1,True
1.2.826.0.1.3680043.8.498.98454206323401382140655387224146512225,mcl_centre,38.577,35.415,-21.689,0.1096,2.006,1.2.826.0.1.3680043.8.498.49201436250707533811257006610044467277,20,4.5,1,True
1.2.826.0.1.3680043.8.498.98541661035340329000785741171799559104,mcl_centre,31.814,-37.422,-19.83,0.0693,2.63,1.2.826.0.1.3680043.8.498.49574068423589246299345666020795586501,35,3.6,1,True
1.2.826.0.1.3680043.8.498.98581537941208552065033680853629122764,mcl_centre,49.748,-33.087,-36.969,0.097,1.601,1.2.826.0.1.3680043.8.498.54732965723779041839885549730737158662,30,3.3,1,True
1.2.826.0.1.3680043.8.498.98599322992880180540967962062521615070,mcl_centre,-58.094,-35.049,-7.306,0.079,1.04,1.2.826.0.1.3680043.8.498.79805398774468745782770274102233549823,37,3.3,1,True
1.2.826.0.1.3680043.8.498.98676079331571304021387833410440136393,mcl_centre,38.8,-44.109,-37.203,0.099,2.329,1.2.826.0.1.3680043.8.498.10658660280352365294171788482208302805,28,3.3,1,True
1.2.826.0.1.3680043.8.498.98752901295449528283322564256444025625,mcl_centre,-69.707,-64.429,56.095,0.1026,1.111,1.2.826.0.1.3680043.8.498.89648696066839005444906523067726321154,30,3.5,1,True
1.2.826.0.1.3680043.8.498.98781117432577714521231232440503778261,mcl_centre,69.06,-80.78,-21.633,0.0967,1.024,1.2.826.0.1.3680043.8.498.10894208817016556640736504786442504160,28,3.5,1,True
1.2.826.0.1.3680043.8.498.98795677271204502833293873138219040186,mcl_centre,-34.937,16.072,-15.896,0.1054,0.834,1.2.826.0.1.3680043.8.498.12922961107811897628935721830856124651,29,4.0,1,True
1.2.826.0.1.3680043.8.498.98824066826946884510314135448574304233,mcl_centre,55.863,-71.499,-17.752,0.1029,1.813,1.2.826.0.1.3680043.8.498.50501728487408192382747237851152657225,20,4.95,1,True
1.2.826.0.1.3680043.8.498.98828753472895685940998888332947119084,mcl_centre,26.307,-13.791,-22.991,0.1169,1.256,1.2.826.0.1.3680043.8.498.11567766964041195470722250777310793819,20,4.95,1,True
1.2.826.0.1.3680043.8.498.98871650330162988912501872031191530068,mcl_centre,-69.826,-22.398,-31.95,0.081,0.922,1.2.826.0.1.3680043.8.498.75784386872752929896632877182029486814,29,3.3,1,True
1.2.826.0.1.3680043.8.498.98883718766501717651651876978607853803,mcl_centre,77.936,-12.622,-36.013,0.0876,0.832,1.2.826.0.1.3680043.8.498.53493584648864826005002576555762970916,35,3.3,1,True
1.2.826.0.1.3680043.8.498.98890851347757949328159691828768030366,mcl_centre,-41.881,-26.144,-11.167,0.0707,0.996,1.2.826.0.1.3680043.8.498.23938821005077743660489157826762525656,30,3.6,1,True
1.2.826.0.1.3680043.8.498.98914528123216365374152816424181510781,mcl_centre,69.987,-34.137,-31.47,0.0885,0.495,1.2.826.0.1.3680043.8.498.12334618734697932701924489365527043348,33,3.3,1,True
1.2.826.0.1.3680043.8.498.98958651320983196982606333548522846934,mcl_centre,-78.459,-53.234,-8.661,0.0937,1.654,1.2.826.0.1.3680043.8.498.60101573180771667676144724691221097017,16,5.618,1,True
1.2.826.0.1.3680043.8.498.99052905406751383674032587504235261874,mcl_centre,-66.422,-57.372,-27.108,0.1233,0.528,1.2.826.0.1.3680043.8.498.22015347078450877212751667125407925918,20,5.024,1,True
1.2.826.0.1.3680043.8.498.99077241529686301278201179461896593659,mcl_centre,51.053,-61.506,-41.199,0.1186,1.475,1.2.826.0.1.3680043.8.498.71941538802481309308079419290860386921,24,4.0,1,True
1.2.826.0.1.3680043.8.498.99088247184917460283293617180083591028,mcl_centre,47.85,-63.724,-21.369,0.1073,3.294,1.2.826.0.1.3680043.8.498.91136460824107887038809448290205361619,32,3.3,1,True
1.2.826.0.1.3680043.8.498.99108147913292332418681050058312852494,mcl_centre,-54.886,-5.313,-8.658,0.0714,60.514,1.2.826.0.1.3680043.8.498.98671141327695609087912787819132706164,30,3.3,1,True
1.2.826.0.1.3680043.8.498.99155175553749543768821558247962844052,mcl_centre,41.682,-57.062,-48.16,0.0666,0.958,1.2.826.0.1.3680043.8.498.26239217436277568619016677488177468798,40,3.3,1,True
1.2.826.0.1.3680043.8.498.99178010550062268668346041362629896201,mcl_centre,-83.052,-56.776,-26.459,0.0541,67.776,1.2.826.0.1.3680043.8.498.46728039951030949526109540826217184993,25,4.95,1,True
1.2.826.0.1.3680043.8.498.99237666579371266866432031468578336182,mcl_centre,47.025,-56.342,-25.798,0.0621,1.576,1.2.826.0.1.3680043.8.498.85303304220241979260397593175937268377,36,3.3,1,True
1.2.826.0.1.3680043.8.498.99243902497374852166139435719549686908,mcl_centre,-72.829,-51.27,-9.063,0.146,1.226,1.2.826.0.1.3680043.8.498.90614750058567464680481684494676718933,16,4.668,1,True
1.2.826.0.1.3680043.8.498.99257151613846084492342083136797222759,mcl_centre,-35.324,-49.618,-38.059,0.0961,1.296,1.2.826.0.1.3680043.8.498.69575461522508118053259553840063544338,27,3.85,1,True
1.2.826.0.1.3680043.8.498.99303079292320085374389086609761974820,mcl_centre,-5.425,-68.538,4.204,0.0748,1.889,1.2.826.0.1.3680043.8.498.54108709148496843028025402292757981860,21,4.8,1,True
1.2.826.0.1.3680043.8.498.99309981642816644502709148844743995902,mcl_centre,-22.047,-19.791,6.782,0.1104,1.758,1.2.826.0.1.3680043.8.498.11939568846336015508658969139211680875,25,3.6,1,True
1.2.826.0.1.3680043.8.498.99413398303724030328059886749330413303,mcl_centre,-56.375,-3.727,-41.448,0.0966,2.087,1.2.826.0.1.3680043.8.498.80069060445125156385233497804903941908,29,3.5,1,True
1.2.826.0.1.3680043.8.498.99414163787650487720542840540379270468,mcl_centre,38.696,-36.414,30.395,0.1148,0.892,1.2.826.0.1.3680043.8.498.67186687390706416103240943408253281919,30,3.6,1,True
1.2.826.0.1.3680043.8.498.99438805806853675793560604625783460513,mcl_centre,73.954,-42.807,-36.71,0.07,5.527,1.2.826.0.1.3680043.8.498.92741038539839230631942423900901734473,30,3.3,1,True
1.2.826.0.1.3680043.8.498.99441773159476751698123795913150660766,mcl_centre,-61.803,-8.318,-69.929,0.0767,1.389,1.2.826.0.1.3680043.8.498.10076097194597763188089355924380581273,25,4.0,1,True
1.2.826.0.1.3680043.8.498.99444110025206148999881196086066868280,mcl_centre,-24.709,-2.571,-12.789,0.052,60.642,1.2.826.0.1.3680043.8.498.18467353455515669631004185587298838199,30,3.6,1,True
1.2.826.0.1.3680043.8.498.99448612525108835020450967944392129536,mcl_centre,43.568,-35.699,-40.653,0.0798,1.98,1.2.826.0.1.3680043.8.498.22047539503023315299258362836065385357,46,3.3,1,True
1.2.826.0.1.3680043.8.498.99454657594216441037514296544803013407,mcl_centre,43.988,-18.233,4.842,0.1046,1.139,1.2.826.0.1.3680043.8.498.73432435645629705459780964145813296604,30,3.0,1,True
1.2.826.0.1.3680043.8.498.99458163491875066451936719024359566928,mcl_centre,-45.445,-29.388,-17.691,0.1061,0.88,1.2.826.0.1.3680043.8.498.10586468861951403792564120365274035663,18,5.371,1,True
1.2.826.0.1.3680043.8.498.99493257395588095270208592176887619190,mcl_centre,-66.465,-57.249,-30.367,0.1079,1.646,1.2.826.0.1.3680043.8.498.68056095631056793010536745743208659891,28,3.3,1,True
1.2.826.0.1.3680043.8.498.99526998617163591447503530185291775961,mcl_centre,-45.594,-26.768,37.801,0.0925,0.726,1.2.826.0.1.3680043.8.498.95435245205115134599176639727000034815,35,3.3,1,True
1.2.826.0.1.3680043.8.498.99577045720075471058329330051900767206,mcl_centre,-27.491,21.43,-70.864,0.1383,1.508,1.2.826.0.1.3680043.8.498.22783992299841288994316324352352315291,24,4.0,1,True
1.2.826.0.1.3680043.8.498.99578894341571394220300473118855007095,mcl_centre,-36.814,-9.778,-6.16,0.1242,2.228,1.2.826.0.1.3680043.8.498.57501207546473854347283957120399484614,24,4.0,1,True
1.2.826.0.1.3680043.8.498.99635784824711754116112241806442235135,mcl_centre,-47.168,-53.782,-49.661,0.0738,1.255,1.2.826.0.1.3680043.8.498.13335401444962951734014798664890513332,35,3.3,1,True
1.2.826.0.1.3680043.8.498.99651725851820083142440965238449655973,mcl_centre,33.095,15.573,-61.03,0.088,3.003,1.2.826.0.1.3680043.8.498.10436847332245692116065840429873897831,30,4.2,1,True
1.2.826.0.1.3680043.8.498.99708702196778120583644711299950439036,mcl_centre,-44.971,-51.578,-9.935,0.102,1.18,1.2.826.0.1.3680043.8.498.17911902705430423696018460677575809770,34,3.3,1,True
1.2.826.0.1.3680043.8.498.99710592666731203419714499168506345263,mcl_centre,-77.606,-31.497,-56.626,0.0911,1.216,1.2.826.0.1.3680043.8.498.47921898712579242800383835611036857795,38,3.3,1,True
1.2.826.0.1.3680043.8.498.99725523560254732094432244556623376711,mcl_centre,-38.718,-10.175,-12.969,0.1009,1.4,1.2.826.0.1.3680043.8.498.72323358624788947379454651439003776032,27,3.6,1,True
1.2.826.0.1.3680043.8.498.99726731706411379395165830480890405115,mcl_centre,53.132,-31.36,5.554,0.1309,1.066,1.2.826.0.1.3680043.8.498.12474101104915585977900417425292325269,16,6.5,1,True
1.2.826.0.1.3680043.8.498.99768154649604643975127490783989114506,mcl_centre,76.126,-43.439,-32.23,0.1049,1.779,1.2.826.0.1.3680043.8.498.18247559701490950705051685558619508063,37,3.3,1,True
1.2.826.0.1.3680043.8.498.99813269006669714758887909212386431934,mcl_centre,73.276,-47.64,-33.777,0.0977,1.531,1.2.826.0.1.3680043.8.498.64167339835370193667326960744138590779,30,3.3,1,True
1.2.826.0.1.3680043.8.498.99826037216341310731701527407057049820,mcl_centre,-59.136,-34.384,-50.135,0.0876,0.714,1.2.826.0.1.3680043.8.498.42192736836655935384244169150154303991,28,3.7,1,True
1.2.826.0.1.3680043.8.498.99827460918477409069820779642161448917,mcl_centre,71.906,-23.006,-25.52,0.0792,1.538,1.2.826.0.1.3680043.8.498.45757143984521646376932787950671290605,42,3.5,1,True
1.2.826.0.1.3680043.8.498.99864345386635409953374818045984558970,mcl_centre,-39.152,-57.059,-24.283,0.0755,1.15,1.2.826.0.1.3680043.8.498.42971770973926041502882069397035677896,31,3.6,1,True
1.2.826.0.1.3680043.8.498.99864558747514747686151806909794288262,mcl_centre,-5.278,-28.709,1.469,0.1038,1.308,1.2.826.0.1.3680043.8.498.11372243683617754156251199333064168238,20,4.95,1,True
1.2.826.0.1.3680043.8.498.99880021280666757817587834481314366555,mcl_centre,-34.796,-6.488,12.275,0.0751,1.498,1.2.826.0.1.3680043.8.498.57075026057016289771660811830704812249,34,3.5,1,True
1.2.826.0.1.3680043.8.498.99881620336512626242732899010111041290,mcl_centre,-37.47,-28.11,-35.12,0.0614,0.938,1.2.826.0.1.3680043.8.498.20305640188091615734194656632751254465,30,3.6,1,True
1.2.826.0.1.3680043.8.498.99926624968240681772735102303531613209,mcl_centre,-38.718,-10.175,-12.969,0.1009,1.4,1.2.826.0.1.3680043.8.498.40678480454302526362872555318918248500,27,3.6,1,True
1.2.826.0.1.3680043.8.498.99939100657291954890286900729983287973,mcl_centre,44.113,23.812,-55.627,0.1221,1.527,1.2.826.0.1.3680043.8.498.75652438013374920566145809256507662433,24,3.5,1,True
1.2.826.0.1.3680043.8.498.99957611207313098696146908027229590966,mcl_centre,37.53,-33.327,-17.075,0.1083,0.918,1.2.826.0.1.3680043.8.498.62870298129639401344127673739505626530,21,5.03,1,True
