study,point,x_mm,y_mm,z_mm,confidence,spread_mm,series,n_slices,spacing_mm,stride,ordered
1.2.826.0.1.3680043.8.498.10004873229099053869093324292195817260,pf_centre,-116.719,-96.002,33.738,0.0996,3.824,1.2.826.0.1.3680043.8.498.13821229744997220641575291927426543265,18,7.718,1,True
1.2.826.0.1.3680043.8.498.10004945927472656027199792075652399585,pf_centre,-90.269,-48.205,-43.933,0.0779,0.615,1.2.826.0.1.3680043.8.498.83327574802189551711953505990029424266,38,3.6,1,True
1.2.826.0.1.3680043.8.498.10009278692606631573540062909909132231,pf_centre,92.926,-64.131,13.878,0.0534,1.836,1.2.826.0.1.3680043.8.498.26515132645256697953312631089055309042,48,3.75,1,True
1.2.826.0.1.3680043.8.498.10009639203170750274174707434356622764,pf_centre,96.013,-48.861,-6.036,0.1104,1.508,1.2.826.0.1.3680043.8.498.12899608222010739549162228949977121036,30,3.9,1,True
1.2.826.0.1.3680043.8.498.10013663742400736029415768216599146542,pf_centre,-99.174,-63.817,-10.734,0.1078,1.534,1.2.826.0.1.3680043.8.498.11982164807463634778369544669639739403,40,3.3,1,True
1.2.826.0.1.3680043.8.498.10018552945042470316597008531304016339,pf_centre,87.47,-44.118,11.613,0.0635,1.453,1.2.826.0.1.3680043.8.498.23891625731161491661628238457017424651,30,4.5,1,True
1.2.826.0.1.3680043.8.498.10018749256316287542884435387067561101,pf_centre,85.783,-38.699,-5.84,0.0983,1.063,1.2.826.0.1.3680043.8.498.94288268297326706009195326058014280624,22,4.4,1,True
1.2.826.0.1.3680043.8.498.10021179701366615563817491713738306606,pf_centre,-131.396,-75.511,0.367,0.0726,1.621,1.2.826.0.1.3680043.8.498.28176392245110944163839399659439535293,48,3.3,1,True
1.2.826.0.1.3680043.8.498.10021288557171866794624317186288618513,pf_centre,143.697,-96.093,17.164,0.0863,6.622,1.2.826.0.1.3680043.8.498.78517915125227969420323795995142127096,24,4.0,1,True
1.2.826.0.1.3680043.8.498.10025765742726180988537955593315007559,pf_centre,104.217,-40.221,17.797,0.1025,1.303,1.2.826.0.1.3680043.8.498.52503045794545563216216974185473269584,40,4.4,1,True
1.2.826.0.1.3680043.8.498.10026410865298348818136520318965356394,pf_centre,88.868,-50.075,7.129,0.0986,0.597,1.2.826.0.1.3680043.8.498.12085504130809929729103897247086930468,36,3.3,1,True
1.2.826.0.1.3680043.8.498.10029168398037940681915299760479434938,pf_centre,-63.95,-44.937,14.208,0.071,0.607,1.2.826.0.1.3680043.8.498.93204062869632903043115397277688722632,32,4.55,1,True
1.2.826.0.1.3680043.8.498.10029520033957968044048068502185417806,pf_centre,75.406,-53.022,12.486,0.0921,1.29,1.2.826.0.1.3680043.8.498.10138400860303228304047985771421435784,26,3.9,1,True
1.2.826.0.1.3680043.8.498.10039686090738454718354181337513293981,pf_centre,69.716,-86.379,-23.26,0.1065,1.133,1.2.826.0.1.3680043.8.498.10261053202170116880341199746093649009,23,5.2,1,True
1.2.826.0.1.3680043.8.498.10048842414095994814596043262132965018,pf_centre,-34.037,-30.902,-7.833,0.1415,3.015,1.2.826.0.1.3680043.8.498.41751407285593261301937942061885125240,21,5.5,1,True
1.2.826.0.1.3680043.8.498.10058298717414171145622092128156266866,pf_centre,100.544,-83.229,38.068,0.0416,2.82,1.2.826.0.1.3680043.8.498.12421004035680984708227339687183062277,38,3.6,1,True
1.2.826.0.1.3680043.8.498.10059200627175320481920009076697103801,pf_centre,-126.366,-127.418,23.722,0.1008,2.724,1.2.826.0.1.3680043.8.498.12351434285244105587327544381760836887,20,7.336,1,True
1.2.826.0.1.3680043.8.498.10061120822929703004201627784850458401,pf_centre,123.895,-59.612,21.067,0.0798,1.223,1.2.826.0.1.3680043.8.498.76206109519289930878461038242097331022,35,3.5,1,True
1.2.826.0.1.3680043.8.498.10064642360075735959136394136507408269,pf_centre,-23.066,-34.064,-14.867,0.0556,0.76,1.2.826.0.1.3680043.8.498.58849834278018158596588761481850832613,19,6.0,1,True
1.2.826.0.1.3680043.8.498.10066945398485042741116657288959323922,pf_centre,90.344,-53.041,19.826,0.0901,2.123,1.2.826.0.1.3680043.8.498.26822768456111767807589411073221552859,32,3.9,1,True
1.2.826.0.1.3680043.8.498.10077497528995409346950814927366582736,pf_centre,72.656,-42.563,2.719,0.0897,1.007,1.2.826.0.1.3680043.8.498.75225539867204936817329444857995249574,36,4.4,1,True
1.2.826.0.1.3680043.8.498.10077803906105306230229342168184970097,pf_centre,86.693,-114.548,-28.038,0.1356,1.119,1.2.826.0.1.3680043.8.498.59555639823582486217889487781737126277,24,3.3,1,True
1.2.826.0.1.3680043.8.498.10081117556977868957150377234052259018,pf_centre,-84.328,-58.391,25.858,0.0577,2.15,1.2.826.0.1.3680043.8.498.92960296688581206433523891848228463595,30,3.9,1,True
1.2.826.0.1.3680043.8.498.10085187975213640798228717119613397941,pf_centre,119.607,-93.446,6.742,0.0547,1.6,1.2.826.0.1.3680043.8.498.64196529040018685703593172441461699859,47,0.9,4,True
1.2.826.0.1.3680043.8.498.10087350795575215080051569638065974347,pf_centre,105.748,-51.184,-5.353,0.0582,1.104,1.2.826.0.1.3680043.8.498.22083524570800997810756116671664380573,30,4.4,1,True
1.2.826.0.1.3680043.8.498.10088120558600684332737135714636269365,pf_centre,87.708,-66.668,-1.955,0.0902,0.757,1.2.826.0.1.3680043.8.498.19687789349338073696932144805224885139,32,3.3,1,True
1.2.826.0.1.3680043.8.498.10088707526476055079083082931629995449,pf_centre,-99.822,-65.781,-10.564,0.0876,0.902,1.2.826.0.1.3680043.8.498.12943110519784474302391125333965928911,30,3.6,1,True
1.2.826.0.1.3680043.8.498.10090136633727522725960302994815319097,pf_centre,-82.891,-25.368,10.371,0.0932,0.735,1.2.826.0.1.3680043.8.498.26739695880351722615408236206223622714,36,4.5,1,True
1.2.826.0.1.3680043.8.498.10090631811016939819371208464230332678,pf_centre,-97.678,-62.116,7.378,0.0758,1.454,1.2.826.0.1.3680043.8.498.10351152397204164344416168902069476285,30,4.4,1,True
1.2.826.0.1.3680043.8.498.10095687747295410396510538520594649149,pf_centre,-109.868,-94.275,37.778,0.1069,1.404,1.2.826.0.1.3680043.8.498.67495435033389756963800730529101229430,32,4.025,1,True
1.2.826.0.1.3680043.8.498.10096063158753121251217031021181036863,pf_centre,91.029,-63.837,40.436,0.0705,1.069,1.2.826.0.1.3680043.8.498.68794986082746925829057693643199433591,35,3.5,1,True
1.2.826.0.1.3680043.8.498.10096216489317602387766193675918767557,pf_centre,-93.99,-73.866,-0.779,0.0765,0.937,1.2.826.0.1.3680043.8.498.43172859976153629688903126690946894177,31,4.0,1,True
1.2.826.0.1.3680043.8.498.10096919689272424388113819845481617364,pf_centre,72.417,-28.279,1.359,0.0638,1.299,1.2.826.0.1.3680043.8.498.36057579978771860657165441134042213424,30,3.3,1,True
1.2.826.0.1.3680043.8.498.10100718559177860518999368876392117659,pf_centre,80.78,-32.506,1.484,0.0538,3.172,1.2.826.0.1.3680043.8.498.45860069773213535583606324988544204643,45,3.5,1,True
1.2.826.0.1.3680043.8.498.10112440805412493412191181061985753636,pf_centre,-85.052,-26.806,9.433,0.0611,0.674,1.2.826.0.1.3680043.8.498.76605869573637398595637701390740956041,32,4.55,1,True
1.2.826.0.1.3680043.8.498.10118623027360228027776975311765133100,pf_centre,-86.269,-20.762,20.295,0.0955,0.789,1.2.826.0.1.3680043.8.498.25823386585191095678975577314110303662,28,4.5,1,True
1.2.826.0.1.3680043.8.498.10120841513315425967980213160839994882,pf_centre,-107.821,-91.549,-0.228,0.0634,1.203,1.2.826.0.1.3680043.8.498.10689105701012441571090306678235579195,38,3.3,1,True
1.2.826.0.1.3680043.8.498.10121558854084271154265851933273260339,pf_centre,-58.769,-73.067,15.972,0.1038,0.45,1.2.826.0.1.3680043.8.498.83414511284588606467536827083958768831,29,4.5,1,True
1.2.826.0.1.3680043.8.498.10123751739767586025744123799948754343,pf_centre,146.911,-98.295,22.457,0.1232,2.026,1.2.826.0.1.3680043.8.498.13070981013263561967641428142796521676,22,4.5,1,True
1.2.826.0.1.3680043.8.498.10124063607403942330156450768015985834,pf_centre,-104.102,-83.897,-7.152,0.0981,2.181,1.2.826.0.1.3680043.8.498.94557540944998494802223205206487031009,30,3.6,1,True
1.2.826.0.1.3680043.8.498.10124701778993602117271554854098856833,pf_centre,-92.302,-48.952,-3.065,0.092,1.794,1.2.826.0.1.3680043.8.498.23018906617964676055055758476109628559,36,3.3,1,True
1.2.826.0.1.3680043.8.498.10128954897472795975323353442305671586,pf_centre,122.948,-93.233,15.198,0.0924,1.498,1.2.826.0.1.3680043.8.498.72186653999779217286768831822800036101,35,3.5,1,True
1.2.826.0.1.3680043.8.498.10129462959695121379466274688956171166,pf_centre,126.52,-74.783,15.427,0.0969,1.816,1.2.826.0.1.3680043.8.498.12283767751881998837899173131991452052,30,3.5,1,True
1.2.826.0.1.3680043.8.498.10132169498032330070492330913783717864,pf_centre,121.894,-12.228,15.64,0.0622,1.585,1.2.826.0.1.3680043.8.498.12158138298476613647307379500495222490,42,3.5,1,True
1.2.826.0.1.3680043.8.498.10133843191898064967257276100779798471,pf_centre,-117.361,-98.721,16.67,0.0763,1.245,1.2.826.0.1.3680043.8.498.89907148560264215007915118880911884303,24,5.0,1,True
1.2.826.0.1.3680043.8.498.10135587809070718435691939321937314104,pf_centre,-68.719,-33.092,-1.925,0.0661,1.796,1.2.826.0.1.3680043.8.498.34250391165634005487105222319632670933,33,4.5,1,True
1.2.826.0.1.3680043.8.498.10136486417446492428821313562961937182,pf_centre,-78.261,-44.553,9.876,0.1137,1.564,1.2.826.0.1.3680043.8.498.54589306571106048260993855029755373659,35,3.3,1,True
1.2.826.0.1.3680043.8.498.10143536655047216390592811329604738314,pf_centre,-89.064,-47.954,5.373,0.0762,1.924,1.2.826.0.1.3680043.8.498.29761921794318255865229762391074384745,30,3.9,1,True
1.2.826.0.1.3680043.8.498.10144735099702632881322032871591573824,pf_centre,95.504,-43.343,-4.76,0.0568,1.678,1.2.826.0.1.3680043.8.498.10241162724241290501988646649924895142,35,4.4,1,True
1.2.826.0.1.3680043.8.498.10147180484860577398303524379319212586,pf_centre,94.192,-53.4,9.997,0.0887,1.975,1.2.826.0.1.3680043.8.498.69279151696869294053029050274360354721,27,3.6,1,True
1.2.826.0.1.3680043.8.498.10147717839726734017869499799005084725,pf_centre,95.889,-86.809,32.853,0.0813,1.419,1.2.826.0.1.3680043.8.498.89200806589520831313379005384201520295,31,3.3,1,True
1.2.826.0.1.3680043.8.498.10148037169326559689992758180208780221,pf_centre,-113.649,-74.068,-16.852,0.0816,1.991,1.2.826.0.1.3680043.8.498.75936723106952608430637802524046218935,30,4.4,1,True
1.2.826.0.1.3680043.8.498.10148517526101576084961355066637531019,pf_centre,116.237,-82.201,10.001,0.0919,1.542,1.2.826.0.1.3680043.8.498.68536734261021460331290518059387895086,30,3.6,1,True
1.2.826.0.1.3680043.8.498.10149967031679082348901055550415519790,pf_centre,-106.838,-75.259,29.348,0.0965,0.974,1.2.826.0.1.3680043.8.498.37077644804808535042670994700386715899,30,3.85,1,True
1.2.826.0.1.3680043.8.498.10150914432481980534086434136814789205,pf_centre,-104.627,-85.401,-0.995,0.0771,1.057,1.2.826.0.1.3680043.8.498.40788347567229295946987885536290671852,36,3.3,1,True
1.2.826.0.1.3680043.8.498.10155611590208164695256621422536643320,pf_centre,-111.336,-99.101,-10.765,0.064,0.557,1.2.826.0.1.3680043.8.498.71632516016159079115119797092655911971,42,3.3,1,True
1.2.826.0.1.3680043.8.498.10157549662917062273945150928668828930,pf_centre,-107.84,-93.228,17.656,0.047,1.567,1.2.826.0.1.3680043.8.498.12048402687794141013818869563273436477,47,0.9,4,True
1.2.826.0.1.3680043.8.498.10158178668962379857908493434842864484,pf_centre,-9.33,-22.978,-0.026,0.0598,0.929,1.2.826.0.1.3680043.8.498.10639730431763423787617015830145416552,32,4.5,1,True
1.2.826.0.1.3680043.8.498.10159551371305936155888341171022480536,pf_centre,-96.156,-65.943,-21.728,0.0751,1.648,1.2.826.0.1.3680043.8.498.11689504985769779618588241781208618567,30,4.4,1,True
1.2.826.0.1.3680043.8.498.10161011217774350674534600439166319161,pf_centre,119.689,-78.311,1.203,0.0792,1.3,1.2.826.0.1.3680043.8.498.67781858327660713056877114376962129508,30,4.4,1,True
1.2.826.0.1.3680043.8.498.10162168547770229150261479353227398478,pf_centre,108.438,-52.542,31.469,0.072,1.036,1.2.826.0.1.3680043.8.498.92802177170801631847731463206327395361,34,4.5,1,True
1.2.826.0.1.3680043.8.498.10162720374291180196973998234794414415,pf_centre,-120.421,-80.222,39.037,0.0679,2.752,1.2.826.0.1.3680043.8.498.68527550681985449152635877451104473534,24,5.0,1,True
1.2.826.0.1.3680043.8.498.10165669527316708372190215034240922433,pf_centre,-113.672,-64.419,-29.879,0.0626,1.476,1.2.826.0.1.3680043.8.498.57051414885653176199571522374478663812,30,4.4,1,True
1.2.826.0.1.3680043.8.498.10170898615867673028696505248839028269,pf_centre,-103.452,-109.049,7.179,0.0299,0.697,1.2.826.0.1.3680043.8.498.71876353677262220297725143243928050962,40,3.3,1,True
1.2.826.0.1.3680043.8.498.10181119664728335020976262955776463973,pf_centre,34.387,3.283,22.461,0.0597,1.573,1.2.826.0.1.3680043.8.498.45598525177725299928996498825173854869,40,3.5,1,True
1.2.826.0.1.3680043.8.498.10181291283712008544475048457589664787,pf_centre,112.317,-75.195,21.074,0.0806,0.665,1.2.826.0.1.3680043.8.498.19396300033493401328740387893770546496,35,3.3,1,True
1.2.826.0.1.3680043.8.498.10182565688010898600749222617373997197,pf_centre,-95.369,-54.201,-15.682,0.0737,0.781,1.2.826.0.1.3680043.8.498.32157658084222604910876248410927477104,34,4.2,1,True
1.2.826.0.1.3680043.8.498.10183939841890895037058579455663880292,pf_centre,72.888,-100.984,8.767,0.0751,1.324,1.2.826.0.1.3680043.8.498.12756443704239742683730493522918279646,23,5.0,1,True
1.2.826.0.1.3680043.8.498.10189392162056736163704940747328177364,pf_centre,87.607,-38.046,13.525,0.091,2.411,1.2.826.0.1.3680043.8.498.10052052142602846814375429051826138830,30,4.55,1,True
1.2.826.0.1.3680043.8.498.10190506315646895064803936408630113507,pf_centre,-118.178,-76.615,9.069,0.0412,1.29,1.2.826.0.1.3680043.8.498.10176379852205420311211715017017353604,47,0.9,4,True
1.2.826.0.1.3680043.8.498.10197515493414564227930855210542221039,pf_centre,-114.225,-75.043,9.303,0.0433,2.568,1.2.826.0.1.3680043.8.498.10311881159524822194371683400431695124,29,5.5,1,True
1.2.826.0.1.3680043.8.498.10197565004992937722841731691775578390,pf_centre,-112.128,-80.448,-16.103,0.0949,1.574,1.2.826.0.1.3680043.8.498.72455833717907156549593796364579035418,24,5.0,1,True
1.2.826.0.1.3680043.8.498.10199522802568420589167284753473646773,pf_centre,123.063,-67.892,-5.889,0.0828,1.72,1.2.826.0.1.3680043.8.498.97125702020356409016261693917242009340,21,5.5,1,True
1.2.826.0.1.3680043.8.498.10201197020583611347810070328854760801,pf_centre,-91.928,-98.806,37.742,0.081,0.76,1.2.826.0.1.3680043.8.498.17119669813127611916401473113653677494,21,5.2,1,True
1.2.826.0.1.3680043.8.498.10201660732108909756259359440298787775,pf_centre,91.231,-63.551,61.598,0.0825,4.129,1.2.826.0.1.3680043.8.498.10412242176807447471327601873666239732,38,4.05,1,True
1.2.826.0.1.3680043.8.498.10205592316907266136938526795826751183,pf_centre,-84.889,-73.647,7.859,0.0933,2.698,1.2.826.0.1.3680043.8.498.52417591829781666982794713829779567002,40,3.3,1,True
1.2.826.0.1.3680043.8.498.10207134048598925821261298801127950516,pf_centre,94.189,-55.088,26.192,0.0496,4.497,1.2.826.0.1.3680043.8.498.98181997189145111107488835828100714149,46,3.3,1,True
1.2.826.0.1.3680043.8.498.10209387047693448282446870911381660585,pf_centre,-103.508,-115.782,-18.181,0.0863,1.113,1.2.826.0.1.3680043.8.498.31164916096341609329568398610993475558,24,5.6,1,True
1.2.826.0.1.3680043.8.498.10211034309703220222647821582770542129,pf_centre,92.152,-79.373,8.298,0.0797,1.494,1.2.826.0.1.3680043.8.498.54609779635707026936402241545212626112,40,4.0,1,True
1.2.826.0.1.3680043.8.498.10211815027850731240126403602239595062,pf_centre,-92.934,-89.27,15.189,0.0595,0.805,1.2.826.0.1.3680043.8.498.29590264382520318647432972951156289862,22,5.844,1,True
1.2.826.0.1.3680043.8.498.10218285921271312931891912812808052375,pf_centre,121.439,-96.864,30.265,0.0827,2.201,1.2.826.0.1.3680043.8.498.59237091497221090870612942654199676783,22,5.787,1,True
1.2.826.0.1.3680043.8.498.10218458664774126578027318307405130821,pf_centre,-107.699,-74.823,18.378,0.0779,2.254,1.2.826.0.1.3680043.8.498.12120629942302457543698760338790764077,30,3.6,1,True
1.2.826.0.1.3680043.8.498.10229223546412441924801428332647762115,pf_centre,-108.295,-93.316,47.425,0.0392,2.235,1.2.826.0.1.3680043.8.498.12793186650850639025527456007385566346,40,3.3,1,True
1.2.826.0.1.3680043.8.498.10239418182819270860819533058081041576,pf_centre,-105.691,-41.602,4.437,0.049,10.404,1.2.826.0.1.3680043.8.498.10583953208255984456583770488538610073,21,6.782,1,True
1.2.826.0.1.3680043.8.498.10240166440044087554182120832488098189,pf_centre,97.983,-76.597,9.028,0.0616,1.268,1.2.826.0.1.3680043.8.498.61710011321979902777595326712949498452,38,3.6,1,True
1.2.826.0.1.3680043.8.498.10240237086492917349933491458808329326,pf_centre,-111.503,-83.151,17.764,0.0787,1.034,1.2.826.0.1.3680043.8.498.84420106226634229715724242726940331787,36,3.3,1,True
1.2.826.0.1.3680043.8.498.10241639721703882165429374175491428414,pf_centre,38.531,-74.564,-10.32,0.0769,1.86,1.2.826.0.1.3680043.8.498.66329718510489698682846385479529824620,35,3.5,1,True
1.2.826.0.1.3680043.8.498.10243300429607935614655219482457289307,pf_centre,-69.504,-96.361,-6.58,0.1137,1.492,1.2.826.0.1.3680043.8.498.11813424485012618176922849479597231956,24,0.6,6,True
1.2.826.0.1.3680043.8.498.10247930792182001003497189021027466833,pf_centre,-45.178,2.488,16.736,0.0859,0.614,1.2.826.0.1.3680043.8.498.42655534637312585571893824568232095907,26,4.52,1,True
1.2.826.0.1.3680043.8.498.10252121617380434672930525780360219531,pf_centre,-80.539,-70.814,20.829,0.0932,1.993,1.2.826.0.1.3680043.8.498.53853697267386325855050304501825370467,30,3.45,1,True
1.2.826.0.1.3680043.8.498.10252163031705285141538200795896549203,pf_centre,-74.21,-38.237,9.76,0.0495,1.433,1.2.826.0.1.3680043.8.498.10516784608287332404311877663610757299,31,4.5,1,True
1.2.826.0.1.3680043.8.498.10254828365033984708960944586564394286,pf_centre,104.071,-39.474,-15.347,0.0891,1.347,1.2.826.0.1.3680043.8.498.64923769131146081353672711856062427976,28,5.0,1,True
1.2.826.0.1.3680043.8.498.10255067212695306715722782826234429766,pf_centre,-123.867,-88.513,18.297,0.0867,1.021,1.2.826.0.1.3680043.8.498.13201672067157658307086761809424037576,32,4.0,1,True
1.2.826.0.1.3680043.8.498.10256441455107860474283716992657597873,pf_centre,110.906,-62.053,-3.132,0.0831,3.314,1.2.826.0.1.3680043.8.498.65638227333340239080606905989253160260,21,4.5,1,True
1.2.826.0.1.3680043.8.498.10261794102024899290234062909324134903,pf_centre,80.856,-88.339,-9.153,0.0961,13.6,1.2.826.0.1.3680043.8.498.24268032675274956886789362244354592047,32,0.6,5,True
1.2.826.0.1.3680043.8.498.10262024906324456863812446480254600405,pf_centre,108.78,-41.32,10.554,0.0825,3.279,1.2.826.0.1.3680043.8.498.82287621350865318295670877623493088935,30,3.3,1,True
1.2.826.0.1.3680043.8.498.10262784969531507133353458615303007839,pf_centre,-69.406,-24.388,9.236,0.1205,0.563,1.2.826.0.1.3680043.8.498.34769620643166254696253074754381740184,24,4.0,1,True
1.2.826.0.1.3680043.8.498.10271567891603078238024189515805908561,pf_centre,15.128,-45.838,-10.109,0.1015,1.985,1.2.826.0.1.3680043.8.498.11887128415566066538639811393074744572,24,5.5,1,True
1.2.826.0.1.3680043.8.498.10273861326753707436672556008991334542,pf_centre,86.685,-32.284,11.468,0.0536,1.399,1.2.826.0.1.3680043.8.498.87430158816093172998193341727218285659,32,4.55,1,True
1.2.826.0.1.3680043.8.498.10274314637471308855247991547659839029,pf_centre,-115.938,-95.462,1.336,0.0739,1.758,1.2.826.0.1.3680043.8.498.13073929499931293515978165461325174342,26,4.435,1,True
1.2.826.0.1.3680043.8.498.10274956886032850418742861294277331382,pf_centre,10.587,-25.16,13.757,0.0658,1.216,1.2.826.0.1.3680043.8.498.17051735353762250068580937597343013095,28,4.0,1,True
1.2.826.0.1.3680043.8.498.10275265831651276229168539541982478639,pf_centre,110.881,-93.947,15.656,0.0815,0.965,1.2.826.0.1.3680043.8.498.17867286367390777667851527535179637345,35,3.85,1,True
1.2.826.0.1.3680043.8.498.10284263494252700630857173843779724077,pf_centre,-77.47,-43.559,1.24,0.0874,1.547,1.2.826.0.1.3680043.8.498.13348065917387117767990304461512778701,32,4.4,1,True
1.2.826.0.1.3680043.8.498.10284446538566255572004044331831825072,pf_centre,86.359,-65.463,18.878,0.0743,0.564,1.2.826.0.1.3680043.8.498.86617793598548395640599296463459618609,30,4.4,1,True
1.2.826.0.1.3680043.8.498.10287488031206457680758379452936914669,pf_centre,-58.642,-43.023,-34.5,0.0565,2.176,1.2.826.0.1.3680043.8.498.17001619315704702130658986157286177485,38,3.6,1,True
1.2.826.0.1.3680043.8.498.10299396087685174806129850512856451005,pf_centre,51.369,-76.949,-4.762,0.0772,1.917,1.2.826.0.1.3680043.8.498.64324908121907952100122966087354877131,30,3.45,1,True
1.2.826.0.1.3680043.8.498.10299618611626190927173051117228647808,pf_centre,-108.516,-84.017,2.913,0.0816,1.168,1.2.826.0.1.3680043.8.498.25101442181336970122086565575227563009,22,5.628,1,True
1.2.826.0.1.3680043.8.498.10301089872627496769249366231947887097,pf_centre,117.332,-78.729,4.81,0.0747,1.853,1.2.826.0.1.3680043.8.498.15556425464007765233413054057705951245,32,3.3,1,True
1.2.826.0.1.3680043.8.498.10304242666970626179776896768140580106,pf_centre,42.365,21.303,26.71,0.056,1.737,1.2.826.0.1.3680043.8.498.49359067841584277580273128692124052324,43,3.5,1,True
1.2.826.0.1.3680043.8.498.10306159113324811538703788080836752052,pf_centre,-156.263,-40.78,66.934,0.0356,15.181,1.2.826.0.1.3680043.8.498.52935759841844767282979852850479469448,30,3.5,1,True
1.2.826.0.1.3680043.8.498.10309477218703786877612946261946268132,pf_centre,-95.866,-95.533,24.783,0.078,4.653,1.2.826.0.1.3680043.8.498.57883802715275003472393086208593811624,29,4.5,1,True
1.2.826.0.1.3680043.8.498.10310831394568337664174691281092566272,pf_centre,-112.85,-71.588,-1.043,0.0565,1.148,1.2.826.0.1.3680043.8.498.37169981188815818697642650154430705725,42,3.3,1,True
1.2.826.0.1.3680043.8.498.10312350714164739081126996907250465738,pf_centre,99.593,-35.612,13.549,0.122,2.257,1.2.826.0.1.3680043.8.498.56798972099993394367643876357351680742,27,3.3,1,True
1.2.826.0.1.3680043.8.498.10314240078685804110739316196999571466,pf_centre,-81.838,-46.83,16.88,0.0889,2.396,1.2.826.0.1.3680043.8.498.83359830507646957860800206738049671198,43,3.3,1,True
1.2.826.0.1.3680043.8.498.10318366890716843554246682186865048846,pf_centre,-100.586,-84.211,14.272,0.1246,0.661,1.2.826.0.1.3680043.8.498.10812668322490503397843861888978525173,26,0.6,5,True
1.2.826.0.1.3680043.8.498.10321461243762453573005633063753741725,pf_centre,-64.871,-20.324,-14.3,0.0983,1.367,1.2.826.0.1.3680043.8.498.97011119464988985971367876859337476583,32,3.3,1,True
1.2.826.0.1.3680043.8.498.10321556388278642027434955207617064548,pf_centre,-84.064,-55.756,-6.396,0.103,1.358,1.2.826.0.1.3680043.8.498.12947525228617236458008333275468710927,32,3.6,1,True
1.2.826.0.1.3680043.8.498.10321702681363532511953946967334431952,pf_centre,-120.967,-84.945,-2.474,0.0852,0.938,1.2.826.0.1.3680043.8.498.12751756057218887023429898226206235360,36,3.3,1,True
1.2.826.0.1.3680043.8.498.10322724865012212544754724404226583315,pf_centre,91.937,-43.355,15.075,0.0741,2.116,1.2.826.0.1.3680043.8.498.41731945035369097344055161439283312539,36,3.3,1,True
1.2.826.0.1.3680043.8.498.10322853084122920408377349136830993432,pf_centre,105.493,7.271,-53.169,0.057,2.855,1.2.826.0.1.3680043.8.498.48851037476961747621757338862952330123,30,4.4,1,True
1.2.826.0.1.3680043.8.498.10326352669696598934883805147731461341,pf_centre,120.396,-73.049,23.397,0.0606,1.728,1.2.826.0.1.3680043.8.498.82357545864671391890323608699227577591,48,3.3,1,True
1.2.826.0.1.3680043.8.498.10327608571317884761792196888985963332,pf_centre,127.392,-35.97,36.876,0.0521,1.273,1.2.826.0.1.3680043.8.498.50801897070902191483468881621106649366,36,4.0,1,True
1.2.826.0.1.3680043.8.498.10330805760778577501878048995484987687,pf_centre,-130.544,-79.631,1.239,0.0671,0.489,1.2.826.0.1.3680043.8.498.68873891053134610128375538021215302734,36,3.3,1,True
1.2.826.0.1.3680043.8.498.10336221220793312503236159680373829726,pf_centre,115.773,-86.06,-19.265,0.0689,2.202,1.2.826.0.1.3680043.8.498.12167449940389703086621390892658137623,40,3.3,1,True
1.2.826.0.1.3680043.8.498.10336300544286006569730381727202519821,pf_centre,74.963,-57.557,47.104,0.095,1.197,1.2.826.0.1.3680043.8.498.28772180387049739042543086372880643166,46,3.3,1,True
1.2.826.0.1.3680043.8.498.10339654093023509742663983374586998753,pf_centre,-97.047,-99.737,-0.973,0.1381,0.595,1.2.826.0.1.3680043.8.498.11239581556011071804203065202198795958,19,4.8,1,True
1.2.826.0.1.3680043.8.498.10348611327224519953673858098392135936,pf_centre,-94.535,3.401,-0.507,0.091,1.015,1.2.826.0.1.3680043.8.498.25334951916774168418069841113346563539,35,3.3,1,True
1.2.826.0.1.3680043.8.498.10349368332722015923160611226877741306,pf_centre,142.66,-76.944,4.925,0.0534,1.326,1.2.826.0.1.3680043.8.498.11370696569641560246043062901132635921,24,6.337,1,True
1.2.826.0.1.3680043.8.498.10351168527688244230248760520733020605,pf_centre,61.591,-22.398,-17.734,0.1003,4.022,1.2.826.0.1.3680043.8.498.82660432235369063200246536571426554029,32,5.0,1,True
1.2.826.0.1.3680043.8.498.10351460911387106879135924409514835385,pf_centre,102.927,-82.244,9.639,0.0645,3.413,1.2.826.0.1.3680043.8.498.47771744504414497962139610362781061050,22,5.147,1,True
1.2.826.0.1.3680043.8.498.10352011938574988727803498915608467179,pf_centre,-112.327,-84.33,17.944,0.0526,0.886,1.2.826.0.1.3680043.8.498.11516970453859080724649683058969205867,40,3.3,1,True
1.2.826.0.1.3680043.8.498.10352044313309892076985642485759368197,pf_centre,85.213,-60.212,31.657,0.1051,1.121,1.2.826.0.1.3680043.8.498.13256289021483697369566985758579036918,32,3.6,1,True
1.2.826.0.1.3680043.8.498.10354576637002647863048798607011636355,pf_centre,69.084,-15.079,-5.031,0.0813,2.052,1.2.826.0.1.3680043.8.498.31573346262550295678201711757418061957,28,4.52,1,True
1.2.826.0.1.3680043.8.498.10361030765327974510262894062047216433,pf_centre,77.726,-44.534,-7.523,0.0617,2.839,1.2.826.0.1.3680043.8.498.61206987394458493900465439099259899578,32,4.5,1,True
1.2.826.0.1.3680043.8.498.10370612191212456931506340727148605247,pf_centre,10.549,-23.022,24.505,0.0751,3.151,1.2.826.0.1.3680043.8.498.75322298236812688477618940983414341707,22,5.5,1,True
1.2.826.0.1.3680043.8.498.10371162371589200772388569623043753617,pf_centre,98.611,-93.377,25.791,0.0994,1.848,1.2.826.0.1.3680043.8.498.23096471439003297465310065770422966179,32,0.6,5,True
1.2.826.0.1.3680043.8.498.10374791734880310643587680407133671218,pf_centre,96.347,-65.813,-8.786,0.0794,15.699,1.2.826.0.1.3680043.8.498.55818112171837421187961781130015730897,38,3.6,1,True
1.2.826.0.1.3680043.8.498.10378535286770237477615181844634903700,pf_centre,106.044,-76.468,22.902,0.0605,0.715,1.2.826.0.1.3680043.8.498.61537394391826262243472182205448309047,48,3.3,1,True
1.2.826.0.1.3680043.8.498.10382074558506016193900889176239337801,pf_centre,-124.256,-18.006,24.915,0.0597,1.37,1.2.826.0.1.3680043.8.498.20691354159833082824942005460248838148,27,5.0,1,True
1.2.826.0.1.3680043.8.498.10386894500329189457070808193345170500,pf_centre,-120.661,-51.525,22.141,0.0792,0.673,1.2.826.0.1.3680043.8.498.72270986454939961511955133947802204246,40,3.3,1,True
1.2.826.0.1.3680043.8.498.10387227472110643414333498953513810066,pf_centre,-91.316,-44.848,-14.057,0.0745,0.717,1.2.826.0.1.3680043.8.498.98281342676472765586584090313024669293,43,3.3,1,True
1.2.826.0.1.3680043.8.498.10387383212921524066516723428665512341,pf_centre,93.715,-81.95,18.897,0.0856,1.873,1.2.826.0.1.3680043.8.498.32384701845788175400093680690979011647,35,3.5,1,True
1.2.826.0.1.3680043.8.498.10387876708310019345913209598612198432,pf_centre,94.59,-51.236,-8.13,0.0791,2.034,1.2.826.0.1.3680043.8.498.53015359586938987475089261515735077650,33,4.5,1,True
1.2.826.0.1.3680043.8.498.10391178814963564201551003358372148419,pf_centre,52.846,-65.712,-20.173,0.0719,0.874,1.2.826.0.1.3680043.8.498.10246041763579315727223026907770171189,30,3.5,1,True
1.2.826.0.1.3680043.8.498.10395211177230760565674811878437948933,pf_centre,95.103,-48.691,-29.833,0.1344,1.641,1.2.826.0.1.3680043.8.498.11593920344175678734701512504883629457,27,3.6,1,True
1.2.826.0.1.3680043.8.498.10401813253995823397883215400000450724,pf_centre,-110.908,-81.846,5.189,0.0915,2.114,1.2.826.0.1.3680043.8.498.31293113001082634943546556250857495731,30,3.6,1,True
1.2.826.0.1.3680043.8.498.10402431429660337753694827208437698007,pf_centre,65.422,-49.913,23.928,0.0922,1.986,1.2.826.0.1.3680043.8.498.11492388527430571863466826301899559225,30,4.55,1,True
1.2.826.0.1.3680043.8.498.10405028141768633100332386157519916334,pf_centre,-99.59,-66.018,22.042,0.1184,1.811,1.2.826.0.1.3680043.8.498.10262105074293839185767303087060685562,40,3.3,1,True
1.2.826.0.1.3680043.8.498.10407865232593182855530878478701744409,pf_centre,76.673,-101.514,20.48,0.1247,2.051,1.2.826.0.1.3680043.8.498.12474275447357619608811072193870370014,23,5.0,1,True
1.2.826.0.1.3680043.8.498.10409870090434047408497289167124673434,pf_centre,92.854,-45.876,25.027,0.0859,2.217,1.2.826.0.1.3680043.8.498.56056886813519906330808385434902626888,30,3.9,1,True
1.2.826.0.1.3680043.8.498.10415616591430643294142401482460086713,pf_centre,-120.139,-92.874,-1.419,0.0746,1.175,1.2.826.0.1.3680043.8.498.11005619584562790889907645845831317795,40,3.3,1,True
1.2.826.0.1.3680043.8.498.10417042894702157309437002434676100667,pf_centre,-79.855,-38.924,11.229,0.0555,1.574,1.2.826.0.1.3680043.8.498.76086903583936257462304575911841686259,30,4.4,1,True
1.2.826.0.1.3680043.8.498.10418888172081069709796646795446885715,pf_centre,-135.794,-86.157,0.615,0.0608,0.69,1.2.826.0.1.3680043.8.498.51868617929771884999773457192466193614,47,0.9,4,True
1.2.826.0.1.3680043.8.498.10419958821528108176389641942168280311,pf_centre,70.006,-97.866,30.365,0.0678,6.842,1.2.826.0.1.3680043.8.498.61189977904749664748013799164178420681,22,4.553,1,True
1.2.826.0.1.3680043.8.498.10419993051271996183722192755371692029,pf_centre,139.268,-88.461,-10.254,0.0414,0.722,1.2.826.0.1.3680043.8.498.89628760572258583256034212518370188939,47,0.9,4,True
1.2.826.0.1.3680043.8.498.10422130685453254363700365908336246863,pf_centre,-85.135,-52.88,-38.584,0.0905,0.559,1.2.826.0.1.3680043.8.498.87239186827932355007728827241327160851,33,4.5,1,True
1.2.826.0.1.3680043.8.498.10422536395266111565753575369125069689,pf_centre,15.72,-31.533,11.84,0.0524,4.956,1.2.826.0.1.3680043.8.498.43107589186828718052106886327986901933,28,4.5,1,True
1.2.826.0.1.3680043.8.498.10423586531262405323219596291234698626,pf_centre,-100.192,-93.597,13.53,0.1176,1.689,1.2.826.0.1.3680043.8.498.53636053019000465981833059248294288955,29,0.6,5,True
1.2.826.0.1.3680043.8.498.10425131723456547056365404016184663035,pf_centre,98.619,-49.924,25.091,0.0443,2.942,1.2.826.0.1.3680043.8.498.66735727914846518402904991892228580424,33,4.5,1,True
1.2.826.0.1.3680043.8.498.10427893579790102216163565692202919399,pf_centre,-115.509,-96.954,14.799,0.058,1.812,1.2.826.0.1.3680043.8.498.86429651690128380613069161647476324133,47,0.9,4,True
1.2.826.0.1.3680043.8.498.10429032846672074760218668873927822056,pf_centre,-100.022,-43.425,48.279,0.1006,1.044,1.2.826.0.1.3680043.8.498.65249626378501201881028459892404902225,27,4.4,1,True
1.2.826.0.1.3680043.8.498.10432568348356281020515782178064869805,pf_centre,137.38,-79.006,14.47,0.0928,1.978,1.2.826.0.1.3680043.8.498.12635235030218343952200612891471327955,32,3.3,1,True
1.2.826.0.1.3680043.8.498.10434135978927658622039675788413759069,pf_centre,-99.918,-84.542,-0.493,0.0873,1.116,1.2.826.0.1.3680043.8.498.11798306767994349595961889415922717610,29,0.6,5,True
1.2.826.0.1.3680043.8.498.10440858363080910322920496514558347561,pf_centre,127.457,-65.381,-19.697,0.0804,2.249,1.2.826.0.1.3680043.8.498.12136046570218320617848301998799159537,35,3.5,1,True
1.2.826.0.1.3680043.8.498.10442828926117258624043497279351962738,pf_centre,117.072,-85.429,7.62,0.0538,1.215,1.2.826.0.1.3680043.8.498.43029114884517979884664605067493305460,40,3.3,1,True
1.2.826.0.1.3680043.8.498.10445893053733106322562086357169418409,pf_centre,-84.668,-27.485,38.95,0.0491,1.947,1.2.826.0.1.3680043.8.498.13372515709977940542846289958094038890,28,4.52,1,True
1.2.826.0.1.3680043.8.498.10447920208680921688438738178539475509,pf_centre,-113.194,-83.46,19.772,0.1104,1.225,1.2.826.0.1.3680043.8.498.10527732625853171317151208277392924623,30,3.6,1,True
1.2.826.0.1.3680043.8.498.10454875772176439944597553400963295397,pf_centre,120.96,-73.195,-12.329,0.0916,1.515,1.2.826.0.1.3680043.8.498.12557100315402165352566128033527350084,27,5.0,1,True
1.2.826.0.1.3680043.8.498.10455589411958266725060942213473374667,pf_centre,117.809,-104.192,22.712,0.0809,2.276,1.2.826.0.1.3680043.8.498.69196110753701096243935529855861279516,25,5.5,1,True
1.2.826.0.1.3680043.8.498.10459044164648238749799867924228983674,pf_centre,82.262,-78.518,-20.859,0.1118,1.646,1.2.826.0.1.3680043.8.498.97639855332563872908207073072676858618,24,0.6,6,True
1.2.826.0.1.3680043.8.498.10459901081962705567398560859229437818,pf_centre,115.71,-91.393,60.735,0.0782,1.75,1.2.826.0.1.3680043.8.498.34029302510255378708293686344400468735,46,3.3,1,True
1.2.826.0.1.3680043.8.498.10470282959537049979906878778884086884,pf_centre,117.566,-98.817,53.481,0.0623,1.655,1.2.826.0.1.3680043.8.498.19015027116571727865004033105382664703,40,3.3,1,True
1.2.826.0.1.3680043.8.498.10472519452146922631626638652503679695,pf_centre,-7.559,-19.625,9.707,0.0565,2.207,1.2.826.0.1.3680043.8.498.13289649929314138666647628385344948336,30,4.5,1,True
1.2.826.0.1.3680043.8.498.10475397432011699698577978597417345091,pf_centre,-85.089,-59.114,15.934,0.0416,5.871,1.2.826.0.1.3680043.8.498.89877019199518818360776237810431890278,32,4.4,1,True
1.2.826.0.1.3680043.8.498.10485026284343436524865922231113748546,pf_centre,106.111,-53.956,28.244,0.1078,3.99,1.2.826.0.1.3680043.8.498.84805266575991857040521246734101569161,30,4.55,1,True
1.2.826.0.1.3680043.8.498.10491012711700179118010977263805828326,pf_centre,-77.988,-45.65,-2.965,0.0812,2.032,1.2.826.0.1.3680043.8.498.10448868261060659272030211072291778496,30,4.4,1,True
1.2.826.0.1.3680043.8.498.10492484093480313596330475837639172625,pf_centre,102.231,-74.352,-17.426,0.0739,1.219,1.2.826.0.1.3680043.8.498.11966193632600892473360881060865021404,30,4.4,1,True
1.2.826.0.1.3680043.8.498.10495281520660483987888839682017074584,pf_centre,-82.066,-50.633,-1.301,0.0712,1.547,1.2.826.0.1.3680043.8.498.44689783839514242692597037745725725473,40,3.51,1,True
1.2.826.0.1.3680043.8.498.10495855084258410825408867079175646590,pf_centre,115.654,-90.953,-4.308,0.0718,0.919,1.2.826.0.1.3680043.8.498.11397620847069025463412980693484611379,35,3.3,1,True
1.2.826.0.1.3680043.8.498.10499265498716562276605625682538326716,pf_centre,-77.466,-96.545,34.768,0.0932,2.137,1.2.826.0.1.3680043.8.498.86750785011951108457240770736567788192,32,0.6,5,True
1.2.826.0.1.3680043.8.498.10501068619333941198079851978532746117,pf_centre,95.795,-53.465,28.685,0.0785,2.672,1.2.826.0.1.3680043.8.498.22830479045278174488866068260623943646,33,4.5,1,True
1.2.826.0.1.3680043.8.498.10502440129091559437492859441158882078,pf_centre,-86.416,-35.837,-16.362,0.1043,0.537,1.2.826.0.1.3680043.8.498.13158583917970620006479198159172272022,28,4.5,1,True
1.2.826.0.1.3680043.8.498.10505282086293876725410939800054491454,pf_centre,113.081,-63.096,60.63,0.0416,2.207,1.2.826.0.1.3680043.8.498.98000275087131656175240071722512933840,35,4.0,1,True
1.2.826.0.1.3680043.8.498.10511712617129216774539441890488742560,pf_centre,100.559,-95.536,16.07,0.1194,1.308,1.2.826.0.1.3680043.8.498.12361757366518514640950703946106070894,29,0.6,5,True
1.2.826.0.1.3680043.8.498.10512466806929129734785318932315918522,pf_centre,-76.796,-46.926,7.288,0.086,0.967,1.2.826.0.1.3680043.8.498.32302325471674978929157248817507623038,36,3.3,1,True
1.2.826.0.1.3680043.8.498.10519480654942067141173172019311858213,pf_centre,-88.898,-46.447,-2.993,0.1105,0.656,1.2.826.0.1.3680043.8.498.12458602904400384303589710829232464192,36,3.3,1,True
1.2.826.0.1.3680043.8.498.10519566075312736546346469231439794627,pf_centre,68.499,-27.991,7.715,0.0785,0.729,1.2.826.0.1.3680043.8.498.12327973997698835621835033415742695767,36,4.0,1,True
1.2.826.0.1.3680043.8.498.10521372086358356219840179458708706015,pf_centre,94.636,-98.104,30.179,0.0886,2.566,1.2.826.0.1.3680043.8.498.42006282073220349563312207314700700586,32,0.6,5,True
1.2.826.0.1.3680043.8.498.10522585237725235866013737575867341946,pf_centre,-117.372,-67.282,4.87,0.0673,2.093,1.2.826.0.1.3680043.8.498.12804377361642432799715051095582384327,29,4.5,1,True
1.2.826.0.1.3680043.8.498.10524164196949381411165626176732559196,pf_centre,-95.716,-98.934,43.954,0.0775,1.737,1.2.826.0.1.3680043.8.498.77566849991640864833457772373049521791,20,5.2,1,True
1.2.826.0.1.3680043.8.498.10530226787566708645477257565528473018,pf_centre,83.613,-77.415,12.064,0.1119,2.216,1.2.826.0.1.3680043.8.498.26296461508151029163309274666416127090,32,0.6,5,True
1.2.826.0.1.3680043.8.498.10532708800468111850607752497432656694,pf_centre,-115.674,-37.957,20.366,0.0536,1.338,1.2.826.0.1.3680043.8.498.79194636454186667828827034186274647568,40,3.5,1,True
1.2.826.0.1.3680043.8.498.10533568124272062696642461303295694739,pf_centre,62.14,-34.019,20.945,0.0844,2.243,1.2.826.0.1.3680043.8.498.37115091642012541532816450895595633546,28,4.55,1,True
1.2.826.0.1.3680043.8.498.10534260101860670685224894870019533364,pf_centre,104.253,-84.857,14.549,0.1069,1.612,1.2.826.0.1.3680043.8.498.97049620832590133387398892006127242874,32,3.3,1,True
1.2.826.0.1.3680043.8.498.10536557774352716497356905292652597953,pf_centre,117.999,-70.557,40.527,0.0773,2.343,1.2.826.0.1.3680043.8.498.22190263446184527904190559033613858671,30,4.4,1,True
1.2.826.0.1.3680043.8.498.10537503354035115750949427337500909327,pf_centre,117.889,-95.025,7.424,0.0743,0.923,1.2.826.0.1.3680043.8.498.38785828187751474262429365854804422520,40,3.3,1,True
1.2.826.0.1.3680043.8.498.10538502578022388392340022120166213828,pf_centre,-119.713,-89.504,-2.689,0.0758,1.242,1.2.826.0.1.3680043.8.498.61436531412535765337162536177304325078,20,6.786,1,True
1.2.826.0.1.3680043.8.498.10540882690103231159064894952851205573,pf_centre,115.4,-77.296,4.289,0.056,1.013,1.2.826.0.1.3680043.8.498.11660334315706083522118701228233492061,24,5.402,1,True
1.2.826.0.1.3680043.8.498.10540980111087702906123811593906850156,pf_centre,99.719,-76.274,-2.267,0.0557,1.754,1.2.826.0.1.3680043.8.498.10452917563177180345266581460732294086,30,3.75,1,True
1.2.826.0.1.3680043.8.498.10541029960718591409318399557079055927,pf_centre,35.57,-40.275,-5.004,0.1498,1.61,1.2.826.0.1.3680043.8.498.10373800917990226709177233833212984363,17,5.0,1,True
1.2.826.0.1.3680043.8.498.10541215772904358938061268226270989801,pf_centre,-116.22,-96.059,6.96,0.0679,2.268,1.2.826.0.1.3680043.8.498.55893467756430372796475235957862198880,36,3.3,1,True
1.2.826.0.1.3680043.8.498.10541227283184832783436242773084724216,pf_centre,114.894,-71.636,13.268,0.0828,0.953,1.2.826.0.1.3680043.8.498.12724367611095945089332592654664231065,40,4.5,1,True
1.2.826.0.1.3680043.8.498.10542526906255526405613760733936070251,pf_centre,86.667,-78.799,-10.222,0.0907,2.149,1.2.826.0.1.3680043.8.498.98244663124762490756829572617988007570,29,0.6,5,True
1.2.826.0.1.3680043.8.498.10546313646515875953943156661172963953,pf_centre,-0.144,-21.637,10.577,0.0925,1.811,1.2.826.0.1.3680043.8.498.10418561691648873812099710891667260964,28,4.0,1,True
1.2.826.0.1.3680043.8.498.10549360192675575195491716398555148512,pf_centre,87.914,-26.374,-19.347,0.0427,1.651,1.2.826.0.1.3680043.8.498.12465647359487723620905269747682346197,30,4.4,1,True
1.2.826.0.1.3680043.8.498.10562412345413239960204081248510238736,pf_centre,111.824,-53.002,-37.21,0.1408,0.858,1.2.826.0.1.3680043.8.498.68900108284635015233771931587692405280,27,4.5,1,True
1.2.826.0.1.3680043.8.498.10563016328082326759266280856730347260,pf_centre,-114.058,-83.411,-20.608,0.0664,2.173,1.2.826.0.1.3680043.8.498.11413303612514411458053430456693822717,36,3.3,1,True
1.2.826.0.1.3680043.8.498.10574706940531650593705137704922433109,pf_centre,122.596,-112.942,19.077,0.0941,2.931,1.2.826.0.1.3680043.8.498.18192030546439927111861649455897467268,18,6.069,1,True
1.2.826.0.1.3680043.8.498.10578013533179563448221888658506023084,pf_centre,72.762,-35.838,10.879,0.0567,1.38,1.2.826.0.1.3680043.8.498.69813374485984353241674423312834344670,36,3.3,1,True
1.2.826.0.1.3680043.8.498.10580260109117947709069163110100632085,pf_centre,-113.577,-71.124,45.232,0.0899,0.657,1.2.826.0.1.3680043.8.498.72874439418425187246553136429352234899,27,4.4,1,True
1.2.826.0.1.3680043.8.498.10581718331223731732815674582085184169,pf_centre,74.307,-54.846,18.963,0.078,1.784,1.2.826.0.1.3680043.8.498.34032569739843351865030993307195163534,32,4.2,1,True
1.2.826.0.1.3680043.8.498.10587511485561679190576188107774736852,pf_centre,-93.844,-25.387,-25.148,0.0777,1.563,1.2.826.0.1.3680043.8.498.33178585125571286788420791632495550089,23,4.4,1,True
1.2.826.0.1.3680043.8.498.10589889055723532336864750992142411145,pf_centre,-102.541,-101.08,23.566,0.0795,12.858,1.2.826.0.1.3680043.8.498.31742856310510345677187008291941459085,20,7.146,1,True
1.2.826.0.1.3680043.8.498.10590148272001480024086117269799629816,pf_centre,80.996,-63.423,1.384,0.0697,2.489,1.2.826.0.1.3680043.8.498.12303870338077338549548925999965801249,30,3.5,1,True
1.2.826.0.1.3680043.8.498.10590169032156570386146081157598789893,pf_centre,96.154,11.319,26.773,0.0157,41.45,1.2.826.0.1.3680043.8.498.17747241487778230931717092731509816573,24,5.4,1,True
1.2.826.0.1.3680043.8.498.10591507262178959553431147886647585916,pf_centre,-82.954,-38.04,3.744,0.0635,1.771,1.2.826.0.1.3680043.8.498.13278619496629747050912464464600419449,30,4.55,1,True
1.2.826.0.1.3680043.8.498.10593694750925047629619718537436931628,pf_centre,-112.781,-108.462,23.773,0.0841,0.923,1.2.826.0.1.3680043.8.498.53631112165553270415150928056532501925,23,6.335,1,True
1.2.826.0.1.3680043.8.498.10599128554628698518723223547497007137,pf_centre,58.897,-57.011,0.739,0.0847,2.094,1.2.826.0.1.3680043.8.498.20839811402117187709507496282216813260,30,3.7,1,True
1.2.826.0.1.3680043.8.498.10600654987896381983520458496207741798,pf_centre,-93.576,-43.05,-6.233,0.0663,0.832,1.2.826.0.1.3680043.8.498.75015587106251309157840274081259326303,38,3.5,1,True
1.2.826.0.1.3680043.8.498.10601062881015669567737602031338578146,pf_centre,-65.454,-14.218,10.577,0.0496,0.757,1.2.826.0.1.3680043.8.498.13185105048054281108510659492260791806,37,4.5,1,True
1.2.826.0.1.3680043.8.498.10601711635138681269270505152909539290,pf_centre,-84.145,-132.838,-3.878,0.1115,0.75,1.2.826.0.1.3680043.8.498.71578918055169027874832428784102882394,19,4.4,1,True
1.2.826.0.1.3680043.8.498.10601812195848580582490508608655011196,pf_centre,-80.472,-50.103,0.317,0.1034,1.185,1.2.826.0.1.3680043.8.498.55474364078751475991666428812678996421,34,4.5,1,True
1.2.826.0.1.3680043.8.498.10603952065748622499432940419853732241,pf_centre,80.347,-49.733,10.703,0.0587,1.106,1.2.826.0.1.3680043.8.498.56822829637909681029718998994047504953,38,3.6,1,True
1.2.826.0.1.3680043.8.498.10614508096225944703643482200835890514,pf_centre,106.304,-81.252,24.891,0.0846,3.507,1.2.826.0.1.3680043.8.498.27879341426817851586002443024495146190,22,6.335,1,True
1.2.826.0.1.3680043.8.498.10615816709018712955642546871639043403,pf_centre,-76.819,-27.488,7.704,0.0923,1.786,1.2.826.0.1.3680043.8.498.10730915732703090825891907913890601582,30,3.3,1,True
1.2.826.0.1.3680043.8.498.10619486897279334206912764495067756449,pf_centre,89.945,-49.724,31.061,0.0742,0.991,1.2.826.0.1.3680043.8.498.41975218590491556903019789623742612443,32,4.55,1,True
1.2.826.0.1.3680043.8.498.10619967804774235096151367674093177430,pf_centre,-95.571,-45.361,-7.193,0.104,9.035,1.2.826.0.1.3680043.8.498.91918394583103671869473125004804012551,30,3.3,1,True
1.2.826.0.1.3680043.8.498.10624417936475721846835761375334601839,pf_centre,113.668,-76.989,28.132,0.0549,2.388,1.2.826.0.1.3680043.8.498.72136322538200737638335322212985749652,48,3.3,1,True
1.2.826.0.1.3680043.8.498.10626071553432761206594400919097854593,pf_centre,98.396,-113.037,50.949,0.0683,2.268,1.2.826.0.1.3680043.8.498.17282817463363779415928145052087653412,24,5.2,1,True
1.2.826.0.1.3680043.8.498.10626411974489938664325062396760010912,pf_centre,121.381,-86.505,10.082,0.0821,1.432,1.2.826.0.1.3680043.8.498.70720474494883173698284997048008126150,32,3.3,1,True
1.2.826.0.1.3680043.8.498.10627019153481144392726933328057818971,pf_centre,-113.073,-67.292,13.052,0.0339,3.268,1.2.826.0.1.3680043.8.498.28124515570704621518023486971054581630,36,3.3,1,True
1.2.826.0.1.3680043.8.498.10627795990821506536342369227971125477,pf_centre,-79.064,-62.766,1.471,0.0875,2.131,1.2.826.0.1.3680043.8.498.30865918226846159205955375296138159412,32,4.55,1,True
1.2.826.0.1.3680043.8.498.10631238417904652761254062374051500506,pf_centre,-108.729,-52.446,-4.652,0.0964,1.127,1.2.826.0.1.3680043.8.498.41663442834395023245192801095947057352,36,3.3,1,True
1.2.826.0.1.3680043.8.498.10632177122947017620482277062226288392,pf_centre,97.217,-54.162,6.608,0.0729,1.607,1.2.826.0.1.3680043.8.498.63258260445214921314382295711113660702,36,3.3,1,True
1.2.826.0.1.3680043.8.498.10642286343421893916348249679230632066,pf_centre,-96.964,-106.879,14.98,0.0814,1.588,1.2.826.0.1.3680043.8.498.79534244788628168753834278038944217620,29,4.5,1,True
1.2.826.0.1.3680043.8.498.10648346793256473462304051626410900340,pf_centre,101.197,-33.793,36.442,0.0569,2.623,1.2.826.0.1.3680043.8.498.39024259216409996056743619594684242682,33,4.5,1,True
1.2.826.0.1.3680043.8.498.10650751856837517181090589171468851374,pf_centre,99.792,-49.656,22.962,0.0852,0.902,1.2.826.0.1.3680043.8.498.54773029728329248565717427491594479947,33,4.5,1,True
1.2.826.0.1.3680043.8.498.10652685418462611085839874321267337079,pf_centre,86.709,-49.858,6.193,0.0768,1.514,1.2.826.0.1.3680043.8.498.44960911526511640638895347662189809480,38,3.6,1,True
1.2.826.0.1.3680043.8.498.10652764425372125015319160977894047658,pf_centre,45.415,-20.938,11.155,0.1113,1.182,1.2.826.0.1.3680043.8.498.92301965040673847368938292031809966558,28,4.56,1,True
1.2.826.0.1.3680043.8.498.10653432159060774337155662807644609967,pf_centre,-73.159,-58.469,1.082,0.0694,1.313,1.2.826.0.1.3680043.8.498.98819086222791903928887402715173374973,30,4.55,1,True
1.2.826.0.1.3680043.8.498.10656388982978239967297620214873636996,pf_centre,-111.746,-91.998,6.848,0.0833,1.868,1.2.826.0.1.3680043.8.498.92873796631048229621656544554966617630,36,3.3,1,True
1.2.826.0.1.3680043.8.498.10657506540109137829814058249895525831,pf_centre,-125.646,-80.742,19.097,0.0656,0.787,1.2.826.0.1.3680043.8.498.10960330652036191989614885605403180539,40,3.3,1,True
1.2.826.0.1.3680043.8.498.10657584461509809047185519742966035356,pf_centre,112.546,-76.76,1.81,0.0885,1.131,1.2.826.0.1.3680043.8.498.31984620888397101199816365598485584880,30,3.6,1,True
1.2.826.0.1.3680043.8.498.10659781998801845781246073928620795082,pf_centre,-120.882,-76.741,-4.968,0.0753,1.378,1.2.826.0.1.3680043.8.498.10538999233263503648504657145384035327,40,3.3,1,True
1.2.826.0.1.3680043.8.498.10661650555947788912511478165000737040,pf_centre,-125.888,-79.756,2.104,0.0689,0.732,1.2.826.0.1.3680043.8.498.11464573324892252519776750278801583796,30,3.6,1,True
1.2.826.0.1.3680043.8.498.10673300644364559354643106316993112731,pf_centre,130.27,-73.834,-39.755,0.0812,10.258,1.2.826.0.1.3680043.8.498.11181744005436250820622348491269950456,30,3.6,1,True
1.2.826.0.1.3680043.8.498.10674673641872871321890995010616205087,pf_centre,-72.054,-48.191,33.009,0.068,1.694,1.2.826.0.1.3680043.8.498.11974899098484068292013146913184403085,34,4.2,1,True
1.2.826.0.1.3680043.8.498.10675139840690240606562530926349987331,pf_centre,75.212,-65.728,36.119,0.0549,8.164,1.2.826.0.1.3680043.8.498.34795745255915390812159104497361932712,29,0.64,5,True
1.2.826.0.1.3680043.8.498.10676253869668012791900504544106495589,pf_centre,-110.067,-69.485,19.231,0.0668,1.324,1.2.826.0.1.3680043.8.498.10644662943826161045820718738445502175,36,3.3,1,True
1.2.826.0.1.3680043.8.498.10684020894033412667820478260168097071,pf_centre,126.355,-77.775,3.556,0.0722,3.267,1.2.826.0.1.3680043.8.498.69646977943104855483908141936648005100,32,3.3,1,True
1.2.826.0.1.3680043.8.498.10686407053180376367066321489809395592,pf_centre,-78.849,-31.922,-34.341,0.1187,1.313,1.2.826.0.1.3680043.8.498.11727607974190974481170793866832945839,30,3.3,1,True
1.2.826.0.1.3680043.8.498.10688670034893539180306173203903350286,pf_centre,-97.908,-91.573,16.601,0.1377,1.11,1.2.826.0.1.3680043.8.498.14377454035672531016707705866710049593,27,0.6,6,True
1.2.826.0.1.3680043.8.498.10699348333280906956391277892869999716,pf_centre,121.698,-74.905,-15.611,0.0764,1.232,1.2.826.0.1.3680043.8.498.22096014193744946396168906878241497885,30,4.4,1,True
1.2.826.0.1.3680043.8.498.10702284568670902901846767166679293654,pf_centre,-119.271,-89.859,7.1,0.1072,1.248,1.2.826.0.1.3680043.8.498.12148085871521049340320769822265487887,36,3.3,1,True
1.2.826.0.1.3680043.8.498.10704240846075023334288326143979277080,pf_centre,125.9,-73.127,-15.123,0.0464,1.587,1.2.826.0.1.3680043.8.498.86801080204035534557614265996532522259,40,3.3,1,True
1.2.826.0.1.3680043.8.498.10713285016170190922777298047146228811,pf_centre,-72.421,-39.954,3.577,0.1244,0.863,1.2.826.0.1.3680043.8.498.37699883166730297899096656738917451104,30,4.0,1,True
1.2.826.0.1.3680043.8.498.10715956446507906169485719013515169244,pf_centre,-88.017,-74.923,13.363,0.067,1.855,1.2.826.0.1.3680043.8.498.24662433267749616403811651347481592042,38,3.6,1,True
1.2.826.0.1.3680043.8.498.10724604223190030113012801427752979879,pf_centre,123.424,-99.134,-10.582,0.0839,1.527,1.2.826.0.1.3680043.8.498.46634512196946932804071739100758949107,26,4.0,1,True
1.2.826.0.1.3680043.8.498.10726624821670417064567481545750543282,pf_centre,-80.153,-99.517,22.976,0.044,3.352,1.2.826.0.1.3680043.8.498.78513801623463453802988982712660134042,48,3.3,1,True
1.2.826.0.1.3680043.8.498.10728448245470003618625208276233778895,pf_centre,127.839,-87.047,14.136,0.1181,1.672,1.2.826.0.1.3680043.8.498.28308037197371673323661359196733765522,32,3.3,1,True
1.2.826.0.1.3680043.8.498.10729725525284633011179038668107963557,pf_centre,-7.681,-18.355,4.796,0.0589,2.679,1.2.826.0.1.3680043.8.498.53550886318339095631934159953667654712,30,4.4,1,True
1.2.826.0.1.3680043.8.498.10731612202208916303411280624156291171,pf_centre,123.14,-106.535,-11.349,0.1158,2.416,1.2.826.0.1.3680043.8.498.32602838704493599489891594646184286493,22,4.5,1,True
1.2.826.0.1.3680043.8.498.10736346409444614168571281812134757732,pf_centre,94.769,-3.293,3.784,0.0623,1.686,1.2.826.0.1.3680043.8.498.43798714947386439041052705185976937904,40,3.85,1,True
1.2.826.0.1.3680043.8.498.10738640862162795323010965765443420384,pf_centre,-98.529,-96.443,-9.132,0.1357,1.209,1.2.826.0.1.3680043.8.498.12051847207401924553180919895524463827,19,5.0,1,True
1.2.826.0.1.3680043.8.498.10739653650865735867752564520952904802,pf_centre,124.061,-82.743,36.215,0.0602,7.127,1.2.826.0.1.3680043.8.498.13729517091028270137956278647758250669,40,3.3,1,True
1.2.826.0.1.3680043.8.498.10740857795874468664161171813136103519,pf_centre,-95.714,-62.958,2.83,0.0848,1.373,1.2.826.0.1.3680043.8.498.67206207672329386899935646323662348206,40,3.3,1,True
1.2.826.0.1.3680043.8.498.10748806810865802591313438958975301375,pf_centre,-93.949,-82.738,-1.73,0.1467,0.87,1.2.826.0.1.3680043.8.498.37055151353736106393114723175702822655,24,0.6,6,True
1.2.826.0.1.3680043.8.498.10750145216793948201921667945805555093,pf_centre,-79.8,-26.279,-3.833,0.1013,0.953,1.2.826.0.1.3680043.8.498.55305594432109919924095982887746552936,23,4.4,1,True
1.2.826.0.1.3680043.8.498.10751346650129497348457481341700957445,pf_centre,-111.54,-37.263,25.17,0.0701,0.936,1.2.826.0.1.3680043.8.498.10252546933994968206229718620052753740,30,3.5,1,True
1.2.826.0.1.3680043.8.498.10751624265599812767108610284996090628,pf_centre,90.938,-50.367,-2.782,0.0721,1.632,1.2.826.0.1.3680043.8.498.87721781263984814967279237285574891842,38,3.6,1,True
1.2.826.0.1.3680043.8.498.10756245293186761042431460535210737327,pf_centre,-90.292,-60.861,27.748,0.0925,1.126,1.2.826.0.1.3680043.8.498.59789466710140555805160608003879597301,36,3.3,1,True
1.2.826.0.1.3680043.8.498.10759288702627176691392048851622294054,pf_centre,58.436,4.15,-3.029,0.0833,2.179,1.2.826.0.1.3680043.8.498.29207067593231135761452941387938250460,30,5.0,1,True
1.2.826.0.1.3680043.8.498.10760847155803463653759690525160815826,pf_centre,125.947,-99.419,49.858,0.0596,2.676,1.2.826.0.1.3680043.8.498.10198801949545620764705686958715624232,40,3.3,1,True
1.2.826.0.1.3680043.8.498.10761658878615069270304502752374858610,pf_centre,-107.858,-76.895,-13.703,0.0794,0.873,1.2.826.0.1.3680043.8.498.11630631447413724157271553406248363991,30,3.45,1,True
1.2.826.0.1.3680043.8.498.10762741411077456296656623422020928762,pf_centre,-74.352,-36.193,-2.263,0.1036,0.843,1.2.826.0.1.3680043.8.498.13276079887735094149760947592710931148,28,4.5,1,True
1.2.826.0.1.3680043.8.498.10765617676329232046176300833850901740,pf_centre,125.684,-102.156,32.247,0.1044,1.302,1.2.826.0.1.3680043.8.498.37575170619088750403635850264152926482,18,7.671,1,True
1.2.826.0.1.3680043.8.498.10768305343887790230989914438483009428,pf_centre,-75.435,-32.345,8.124,0.0718,2.534,1.2.826.0.1.3680043.8.498.11006910962228708750296692735183177399,36,3.3,1,True
1.2.826.0.1.3680043.8.498.10769126730281890056368854871900324448,pf_centre,100.763,-87.777,-0.416,0.1305,2.232,1.2.826.0.1.3680043.8.498.74905242071999992362185831251713984776,24,0.6,6,True
1.2.826.0.1.3680043.8.498.10770877369291591553624215762368014357,pf_centre,99.835,-58.626,-13.751,0.0577,2.689,1.2.826.0.1.3680043.8.498.89182250861658901173713714247465053547,38,3.6,1,True
1.2.826.0.1.3680043.8.498.10774147135673365265606645781662088745,pf_centre,133.634,-41.761,22.755,0.0911,2.52,1.2.826.0.1.3680043.8.498.93820798503521351221177019227576200469,32,5.0,1,True
1.2.826.0.1.3680043.8.498.10777331080659372520952742261140923555,pf_centre,7.69,-21.176,22.451,0.0721,1.674,1.2.826.0.1.3680043.8.498.38386396910843489804587533351832228438,35,4.4,1,True
1.2.826.0.1.3680043.8.498.10782963448708192069959366583555573334,pf_centre,102.246,-78.613,23.056,0.0641,1.167,1.2.826.0.1.3680043.8.498.93932450946202434961134120403937290988,40,3.3,1,True
1.2.826.0.1.3680043.8.498.10783501127779906316117667790784040770,pf_centre,-104.176,-91.202,2.727,0.0919,2.051,1.2.826.0.1.3680043.8.498.27882670850180881984580027854091462362,22,5.0,1,True
1.2.826.0.1.3680043.8.498.10790689419760453870458170966064168002,pf_centre,-60.479,-40.758,-12.624,0.1,1.091,1.2.826.0.1.3680043.8.498.12985273724913429834126423786893878368,30,4.375,1,True
1.2.826.0.1.3680043.8.498.10802653832050736637820225444196833450,pf_centre,-96.936,37.984,24.22,0.0655,1.587,1.2.826.0.1.3680043.8.498.93126934310826426351524679908174850904,30,4.4,1,True
1.2.826.0.1.3680043.8.498.10803283287658556463524649793955055077,pf_centre,-105.77,-87.925,31.449,0.0445,2.398,1.2.826.0.1.3680043.8.498.49930807537250161422832897023706048296,40,3.3,1,True
1.2.826.0.1.3680043.8.498.10808663384878038371710260386807468588,pf_centre,-119.58,-88.896,23.717,0.0883,1.773,1.2.826.0.1.3680043.8.498.41049909341698095671097380266847305250,36,3.3,1,True
1.2.826.0.1.3680043.8.498.10812894672739619566834776054635588406,pf_centre,-112.65,-89.047,13.489,0.0666,2.456,1.2.826.0.1.3680043.8.498.69848452678164681779808628771850858130,20,6.316,1,True
1.2.826.0.1.3680043.8.498.10818980124981334596808438908811623528,pf_centre,-86.776,-46.485,21.338,0.0618,1.126,1.2.826.0.1.3680043.8.498.43437254428033785269210356783968702525,38,3.6,1,True
1.2.826.0.1.3680043.8.498.10824420630965162625242888916805538597,pf_centre,-3.636,-35.098,16.891,0.0966,0.715,1.2.826.0.1.3680043.8.498.13327591817198000962574347264212834092,28,4.0,1,True
1.2.826.0.1.3680043.8.498.10829579914809383212986717269028170263,pf_centre,87.719,-27.883,19.333,0.0785,2.342,1.2.826.0.1.3680043.8.498.46389127916509006601593709659772613495,30,4.55,1,True
1.2.826.0.1.3680043.8.498.10830288389793651695251406408666084306,pf_centre,-109.453,-79.247,10.829,0.0629,4.532,1.2.826.0.1.3680043.8.498.12421766865602641995571623155131343218,40,3.3,1,True
1.2.826.0.1.3680043.8.498.10835889400414225749339608096119636738,pf_centre,-83.494,-46.12,2.547,0.0918,1.053,1.2.826.0.1.3680043.8.498.86277781798381038064413895290529785089,24,4.4,1,True
1.2.826.0.1.3680043.8.498.10839126901366636822676830560774505865,pf_centre,78.622,-84.718,-2.865,0.0891,1.347,1.2.826.0.1.3680043.8.498.16028398713204851979555884248055167953,19,5.2,1,True
1.2.826.0.1.3680043.8.498.10842906919708856642000130208791281263,pf_centre,-90.358,-52.07,51.45,0.0321,2.647,1.2.826.0.1.3680043.8.498.31570563991867471779420276274624051671,44,3.6,1,True
1.2.826.0.1.3680043.8.498.10843463954622076609489312662891432839,pf_centre,121.51,-77.454,14.645,0.047,1.976,1.2.826.0.1.3680043.8.498.28798546215369442215420222435134673142,47,0.9,4,True
1.2.826.0.1.3680043.8.498.10843917293035279597622029625809500972,pf_centre,83.862,-55.656,13.432,0.0705,2.395,1.2.826.0.1.3680043.8.498.12839036332986557908481042284511065518,36,3.3,1,True
1.2.826.0.1.3680043.8.498.10848350333764008140459854470293737650,pf_centre,101.807,-87.359,15.664,0.0981,2.523,1.2.826.0.1.3680043.8.498.85102956437619791523060483988917402997,24,5.0,1,True
1.2.826.0.1.3680043.8.498.10850742579000782417673172155504794301,pf_centre,-92.13,-50.73,-1.678,0.0734,1.868,1.2.826.0.1.3680043.8.498.12859779983531406715959381504195216623,45,3.3,1,True
1.2.826.0.1.3680043.8.498.10851562687641986545442408470139368318,pf_centre,-79.698,-59.077,28.293,0.0975,3.24,1.2.826.0.1.3680043.8.498.10937547719069221267007441455052995673,28,3.6,1,True
1.2.826.0.1.3680043.8.498.10852517092524464338210061305792376636,pf_centre,-42.332,-33.381,12.17,0.075,3.25,1.2.826.0.1.3680043.8.498.92153985350692437713069670214045351658,22,6.0,1,True
1.2.826.0.1.3680043.8.498.10854012268828835845581966634225522931,pf_centre,-89.309,-96.143,12.87,0.0952,1.293,1.2.826.0.1.3680043.8.498.72691582851580562896434368621811693793,32,0.6,5,True
1.2.826.0.1.3680043.8.498.10854223557359336882116168394037581766,pf_centre,101.287,-30.036,-11.619,0.0948,3.528,1.2.826.0.1.3680043.8.498.51623380996526781282586532876592817381,30,3.3,1,True
1.2.826.0.1.3680043.8.498.10855290714402117092990651362697310270,pf_centre,112.014,-72.622,63.195,0.0828,1.308,1.2.826.0.1.3680043.8.498.78768994275563700784706646526234195085,37,4.5,1,True
1.2.826.0.1.3680043.8.498.10857485602186206735293765836065270655,pf_centre,-105.198,-49.247,21.965,0.0709,1.583,1.2.826.0.1.3680043.8.498.74059629671809506861861345318428729944,33,4.5,1,True
1.2.826.0.1.3680043.8.498.10857771747813858957718058322384884551,pf_centre,126.347,-81.545,-10.627,0.084,0.716,1.2.826.0.1.3680043.8.498.30266494261627905551026428353342440450,32,3.3,1,True
1.2.826.0.1.3680043.8.498.10862481204237376580557516731952961213,pf_centre,102.234,-73.775,13.263,0.0751,1.004,1.2.826.0.1.3680043.8.498.12628317524486733775062982407230367179,30,4.4,1,True
1.2.826.0.1.3680043.8.498.10867622488467375444427908425709367385,pf_centre,-93.203,-85.016,4.777,0.0882,1.366,1.2.826.0.1.3680043.8.498.11618089689196197454113263566166206566,24,5.0,1,True
1.2.826.0.1.3680043.8.498.10876177342063734507664188801203192617,pf_centre,-73.71,-48.958,5.791,0.0605,2.519,1.2.826.0.1.3680043.8.498.45663724849560379915723355107858343697,38,3.6,1,True
1.2.826.0.1.3680043.8.498.10880553082640412137979450100928382021,pf_centre,82.228,-52.435,-6.029,0.0738,2.012,1.2.826.0.1.3680043.8.498.55372591018362894843781034088255566480,36,3.3,1,True
1.2.826.0.1.3680043.8.498.10884987036948550523442514147204321748,pf_centre,-66.791,-74.962,7.265,0.0665,0.852,1.2.826.0.1.3680043.8.498.89837873571047667182183544654990579046,25,5.5,1,True
1.2.826.0.1.3680043.8.498.10886583574130697346788286647281863932,pf_centre,83.209,-52.425,43.132,0.0547,2.303,1.2.826.0.1.3680043.8.498.87244408340366892056910464361026176657,33,4.5,1,True
1.2.826.0.1.3680043.8.498.10890699078723972693302029683905114834,pf_centre,-89.315,-82.657,-5.934,0.0899,1.791,1.2.826.0.1.3680043.8.498.91347003748391899540001900316150369483,38,3.6,1,True
1.2.826.0.1.3680043.8.498.10895521387894821238259709507311341758,pf_centre,88.322,-56.332,15.579,0.0828,2.021,1.2.826.0.1.3680043.8.498.27566900786355199912973018935325917632,40,3.3,1,True
1.2.826.0.1.3680043.8.498.10896245499713818848442117831482755673,pf_centre,85.119,-11.443,-23.763,0.1085,1.267,1.2.826.0.1.3680043.8.498.72085367543686823170454459454354339610,30,3.3,1,True
1.2.826.0.1.3680043.8.498.10902166579916526176697193295886992412,pf_centre,-93.797,-51.952,12.954,0.0827,1.14,1.2.826.0.1.3680043.8.498.84579279442518714293177320657460649390,40,3.3,1,True
1.2.826.0.1.3680043.8.498.10903003118372337016190215211789983264,pf_centre,120.485,-84.832,-5.73,0.107,4.56,1.2.826.0.1.3680043.8.498.11954952069041799404856759609688757645,29,0.6,5,True
1.2.826.0.1.3680043.8.498.10917389623891555306584069980815338466,pf_centre,100.732,24.869,-15.672,0.0779,0.553,1.2.826.0.1.3680043.8.498.74126342625320754630904391710961526722,30,4.4,1,True
1.2.826.0.1.3680043.8.498.10917606677895195837968927716728385881,pf_centre,-87.798,-45.42,-8.504,0.0858,1.001,1.2.826.0.1.3680043.8.498.63288433573638021822070434197232563636,34,4.2,1,True
1.2.826.0.1.3680043.8.498.10918580785296934228715514366408269433,pf_centre,-66.206,-51.093,9.858,0.0781,1.159,1.2.826.0.1.3680043.8.498.75956320112168352803495396962001496825,36,3.3,1,True
1.2.826.0.1.3680043.8.498.10919665962088003807153039302898262235,pf_centre,-118.161,-92.906,23.24,0.0522,1.482,1.2.826.0.1.3680043.8.498.11178952638002016908964608883280593637,36,3.3,1,True
1.2.826.0.1.3680043.8.498.10920269679387171659375091645187772303,pf_centre,-73.808,-35.225,28.142,0.0815,1.892,1.2.826.0.1.3680043.8.498.85327307977112776018181518623340296077,34,4.2,1,True
1.2.826.0.1.3680043.8.498.10924685588962763768106617368647678902,pf_centre,-106.595,-76.091,30.791,0.0654,8.913,1.2.826.0.1.3680043.8.498.73659798219516555920916239976715773129,40,3.3,1,True
1.2.826.0.1.3680043.8.498.10924995713871537837233985073507509566,pf_centre,70.639,-87.002,7.714,0.1138,2.388,1.2.826.0.1.3680043.8.498.15131074406989349701283907211985104857,24,0.6,6,True
1.2.826.0.1.3680043.8.498.10927716750119165925963563081261605359,pf_centre,86.75,-31.309,3.243,0.087,0.99,1.2.826.0.1.3680043.8.498.89827309875773348755043568828895340223,30,3.9,1,True
1.2.826.0.1.3680043.8.498.10930374192038896613513882597332665403,pf_centre,-89.23,-54.358,10.953,0.0848,0.754,1.2.826.0.1.3680043.8.498.21019537848955756955587117165880537638,30,4.4,1,True
1.2.826.0.1.3680043.8.498.10931111730564885182398163970692599398,pf_centre,94.053,-57.215,22.829,0.0838,1.25,1.2.826.0.1.3680043.8.498.94660930394364666351564827059520482605,36,3.3,1,True
1.2.826.0.1.3680043.8.498.10932818400202426453525918723737011737,pf_centre,-99.151,-45.118,-3.186,0.0839,0.976,1.2.826.0.1.3680043.8.498.49042962527541240465600822355201725571,30,3.5,1,True
1.2.826.0.1.3680043.8.498.10933003998197427979325590791540457658,pf_centre,114.41,-70.64,-20.992,0.0707,1.354,1.2.826.0.1.3680043.8.498.45723974658433803179836498909863894947,30,4.4,1,True
1.2.826.0.1.3680043.8.498.10937181824204907065071760564745305722,pf_centre,79.865,-29.864,13.209,0.0772,1.215,1.2.826.0.1.3680043.8.498.10942063984791437227126025396937194812,34,4.4,1,True
1.2.826.0.1.3680043.8.498.10937504474673840994058935502377258768,pf_centre,82.296,-33.493,23.335,0.0587,1.192,1.2.826.0.1.3680043.8.498.87876383576270611983952602016146459024,33,4.5,1,True
1.2.826.0.1.3680043.8.498.10937585701850306334458420860276069606,pf_centre,88.814,-51.54,23.478,0.1002,2.67,1.2.826.0.1.3680043.8.498.16660104770503781152156668339060998752,36,3.3,1,True
1.2.826.0.1.3680043.8.498.10938719716535758543863717421521822626,pf_centre,-82.631,-93.092,-2.943,0.0846,1.299,1.2.826.0.1.3680043.8.498.12234139798209022789162297307721406210,24,5.0,1,True
1.2.826.0.1.3680043.8.498.10939964887585312209861601414669494409,pf_centre,111.431,-96.705,24.815,0.1057,1.357,1.2.826.0.1.3680043.8.498.36639986044461724921668168249439837501,24,5.6,1,True
1.2.826.0.1.3680043.8.498.10951328287594724738476663200798896670,pf_centre,-126.55,-52.562,-4.545,0.0806,2.485,1.2.826.0.1.3680043.8.498.50487611767369968604653797088264637791,39,4.5,1,True
1.2.826.0.1.3680043.8.498.10959153852077371752490787490374555514,pf_centre,-71.713,-26.607,30.768,0.1028,1.102,1.2.826.0.1.3680043.8.498.74778607439151213114944611985465291865,28,4.5,1,True
1.2.826.0.1.3680043.8.498.10960770430559425421609885784366918575,pf_centre,-17.667,-29.352,9.476,0.0813,2.065,1.2.826.0.1.3680043.8.498.10920292118738972767932956839796666228,28,4.0,1,True
1.2.826.0.1.3680043.8.498.10964287649604862436796341368993301245,pf_centre,-92.077,-41.043,-2.684,0.0872,1.096,1.2.826.0.1.3680043.8.498.12480998855954565019212550074647697960,30,3.9,1,True
1.2.826.0.1.3680043.8.498.10965573028231658307306828073340279415,pf_centre,-111.172,-78.231,20.077,0.0881,3.522,1.2.826.0.1.3680043.8.498.84193852744656921962254881584899359131,30,4.025,1,True
1.2.826.0.1.3680043.8.498.10975347305662629858093628672419901528,pf_centre,79.795,-108.051,27.982,0.1165,1.384,1.2.826.0.1.3680043.8.498.13304791872982909151644015575017945475,20,4.8,1,True
1.2.826.0.1.3680043.8.498.10979105661314213697886164132444977106,pf_centre,-92.253,-71.317,-8.047,0.0918,1.661,1.2.826.0.1.3680043.8.498.63373874637657760702752299660526643003,30,4.4,1,True
1.2.826.0.1.3680043.8.498.10981062990502278795793220223076241424,pf_centre,-88.509,-43.985,7.914,0.0596,4.465,1.2.826.0.1.3680043.8.498.24779864529653816308882029783832892975,40,3.3,1,True
1.2.826.0.1.3680043.8.498.10983416091338854252058678062116243962,pf_centre,-81.225,-36.582,27.013,0.1263,0.668,1.2.826.0.1.3680043.8.498.11515525514613269417702093064558155658,31,5.0,1,True
1.2.826.0.1.3680043.8.498.10992875360571368325079907908221899699,pf_centre,-116.508,-74.429,-42.189,0.0592,1.23,1.2.826.0.1.3680043.8.498.73044252381624609351882739767751786695,44,3.3,1,True
1.2.826.0.1.3680043.8.498.10994554560803816407362754025763036100,pf_centre,83.236,-90.614,0.853,0.0928,1.46,1.2.826.0.1.3680043.8.498.12932296025754915518103135380099375285,32,0.6,5,True
1.2.826.0.1.3680043.8.498.10994848378662155711176898659205016445,pf_centre,-105.829,-105.801,25.746,0.0963,0.858,1.2.826.0.1.3680043.8.498.12654975596045953747404323534801495735,18,7.627,1,True
1.2.826.0.1.3680043.8.498.10994854354532517072359864903910225174,pf_centre,-110.569,-15.846,-19.824,0.0987,0.749,1.2.826.0.1.3680043.8.498.12795566765509597739832248221669986244,23,5.0,1,True
1.2.826.0.1.3680043.8.498.10994899269366718796438389394954844979,pf_centre,-107.613,-97.199,31.627,0.0573,0.964,1.2.826.0.1.3680043.8.498.12000137012449870082624569443478528156,22,6.688,1,True
1.2.826.0.1.3680043.8.498.10995980880227536691827030731644023480,pf_centre,79.964,-55.457,-23.65,0.0723,1.797,1.2.826.0.1.3680043.8.498.12226445555670114269292196022250758556,30,3.5,1,True
1.2.826.0.1.3680043.8.498.10998144118962608870602180672090998054,pf_centre,116.456,-75.33,14.603,0.0613,0.848,1.2.826.0.1.3680043.8.498.67015647886174644970881565263702416545,35,4.5,1,True
1.2.826.0.1.3680043.8.498.10998405409474759941744305665540376339,pf_centre,-77.321,-47.81,-13.145,0.0821,1.767,1.2.826.0.1.3680043.8.498.10972967353708330418713283752625474260,38,3.6,1,True
1.2.826.0.1.3680043.8.498.11006241238894862275805535376070111510,pf_centre,-75.083,-50.188,22.17,0.1119,1.044,1.2.826.0.1.3680043.8.498.13606840504138114964136479712907945500,25,5.0,1,True
1.2.826.0.1.3680043.8.498.11007527194601989039620198927241696256,pf_centre,75.229,-63.158,38.7,0.08,2.936,1.2.826.0.1.3680043.8.498.94477421891117385300329712567961114295,36,3.3,1,True
1.2.826.0.1.3680043.8.498.11010004366885474301784150582039137111,pf_centre,18.427,-35.15,20.228,0.0348,4.203,1.2.826.0.1.3680043.8.498.11487572300133788385308231981000908764,28,4.5,1,True
1.2.826.0.1.3680043.8.498.11011061033863592500429481719734134286,pf_centre,-80.282,-51.995,-2.612,0.0622,1.143,1.2.826.0.1.3680043.8.498.12835516304973761808560494457875386970,38,3.6,1,True
1.2.826.0.1.3680043.8.498.11014091506864318694851337553197477906,pf_centre,80.997,-42.728,11.69,0.0842,1.446,1.2.826.0.1.3680043.8.498.10150849228435818500982508942849425937,27,3.6,1,True
1.2.826.0.1.3680043.8.498.11040296449332764126530525726037541310,pf_centre,-90.733,-79.643,13.378,0.1053,1.097,1.2.826.0.1.3680043.8.498.72869894823761377178626980069986100075,29,0.6,5,True
1.2.826.0.1.3680043.8.498.11041694833778404465582610810664391088,pf_centre,75.483,-48.124,11.461,0.1067,1.449,1.2.826.0.1.3680043.8.498.74873632646339330529532952252057392094,30,3.9,1,True
1.2.826.0.1.3680043.8.498.11043081829401721095803441219553837608,pf_centre,93.519,-70.231,-13.1,0.0591,1.622,1.2.826.0.1.3680043.8.498.89727638203396723183635988289277185299,38,3.6,1,True
1.2.826.0.1.3680043.8.498.11043543420859531726426521315399258528,pf_centre,-75.894,-86.941,-33.478,0.1178,0.709,1.2.826.0.1.3680043.8.498.10210152493008841342409288632473466215,32,0.6,5,True
1.2.826.0.1.3680043.8.498.11043926695471016727738735328317975282,pf_centre,97.946,-52.696,11.943,0.0736,1.305,1.2.826.0.1.3680043.8.498.10066611045150267821217000314477504439,38,3.3,1,True
1.2.826.0.1.3680043.8.498.11045459770905584149950259201414074545,pf_centre,-101.77,-42.859,15.05,0.0478,3.105,1.2.826.0.1.3680043.8.498.12416195563204440297932626779551277054,36,4.5,1,True
1.2.826.0.1.3680043.8.498.11049882927267755769995376553330493298,pf_centre,-123.211,-97.251,18.782,0.025,1.753,1.2.826.0.1.3680043.8.498.10634277759129994580569512564826942108,47,0.9,4,True
1.2.826.0.1.3680043.8.498.11050604958275820465127935558416408008,pf_centre,65.965,-60.997,-29.464,0.0842,1.788,1.2.826.0.1.3680043.8.498.48685447008300647869778575617459372707,30,3.5,1,True
1.2.826.0.1.3680043.8.498.11052656375391331522834364601050945860,pf_centre,117.482,-24.767,25.023,0.0725,1.911,1.2.826.0.1.3680043.8.498.10391936951859709862624758388224646150,30,4.4,1,True
1.2.826.0.1.3680043.8.498.11052720536194493057619720620119095739,pf_centre,-89.552,-46.716,3.306,0.0662,1.426,1.2.826.0.1.3680043.8.498.75567391372686069962652971920300538173,40,3.3,1,True
1.2.826.0.1.3680043.8.498.11057883757434391643878168168845592475,pf_centre,-71.079,-87.895,-25.711,0.099,2.328,1.2.826.0.1.3680043.8.498.61876027219887729773572031773349239180,23,5.2,1,True
1.2.826.0.1.3680043.8.498.11060834081463491262807709963877480026,pf_centre,92.817,-51.435,2.783,0.052,1.761,1.2.826.0.1.3680043.8.498.38047728237172508061947656258055375584,38,3.6,1,True
1.2.826.0.1.3680043.8.498.11064977170395595339882840534354229547,pf_centre,86.21,-98.266,14.27,0.1099,2.193,1.2.826.0.1.3680043.8.498.41220134823084008278714063897444422461,27,0.6,6,True
1.2.826.0.1.3680043.8.498.11067200656721609390997819562401839124,pf_centre,-3.907,-54.188,19.219,0.1023,2.199,1.2.826.0.1.3680043.8.498.30915500550389470642377712523479157629,32,5.0,1,True
1.2.826.0.1.3680043.8.498.11070900122260301212131296598983372089,pf_centre,-55.37,-23.723,16.742,0.0824,2.952,1.2.826.0.1.3680043.8.498.11494042071256178897174372219199581179,34,3.3,1,True
1.2.826.0.1.3680043.8.498.11077406555624926104628200252710914930,pf_centre,-90.101,-65.639,2.058,0.091,2.669,1.2.826.0.1.3680043.8.498.10078685968426648322211784479447374488,36,4.095,1,True
1.2.826.0.1.3680043.8.498.11079556243110299049578981210837702995,pf_centre,119.021,-63.466,5.043,0.0707,0.983,1.2.826.0.1.3680043.8.498.32704514397768378725363641942016415579,35,3.5,1,True
1.2.826.0.1.3680043.8.498.11080651962904815250736183346281427445,pf_centre,-95.77,-36.497,19.628,0.0673,1.03,1.2.826.0.1.3680043.8.498.10433781525390960133544993407624554814,35,4.0,1,True
1.2.826.0.1.3680043.8.498.11084010833221855396433326769153950681,pf_centre,122.778,-50.023,-32.255,0.1702,1.142,1.2.826.0.1.3680043.8.498.79133388869368115960594153743468086036,23,4.5,1,True
1.2.826.0.1.3680043.8.498.11090884548990390279582832205294943635,pf_centre,11.578,25.447,-33.444,0.0619,1.152,1.2.826.0.1.3680043.8.498.59256359637084936433429688016464034231,28,5.0,1,True
1.2.826.0.1.3680043.8.498.11091958567356981151034727948765010881,pf_centre,94.095,-45.715,-26.238,0.0743,3.265,1.2.826.0.1.3680043.8.498.78150561106660961652468220709313005475,45,3.3,1,True
1.2.826.0.1.3680043.8.498.11100224438877567316062152508871079233,pf_centre,117.032,-94.799,-8.018,0.0762,1.839,1.2.826.0.1.3680043.8.498.95575757290809735256495233287576789578,40,3.3,1,True
1.2.826.0.1.3680043.8.498.11103894265181149878864749992746236768,pf_centre,100.192,-30.075,15.533,0.0329,1.559,1.2.826.0.1.3680043.8.498.67343214684927208514011163481472891900,33,4.5,1,True
1.2.826.0.1.3680043.8.498.11110575656494405149601490027444484170,pf_centre,92.012,-88.618,-10.211,0.1135,1.63,1.2.826.0.1.3680043.8.498.10257076873470624137022887521892653390,24,0.6,6,True
1.2.826.0.1.3680043.8.498.11111022632180183697497694737350901427,pf_centre,96.907,-97.155,-33.945,0.099,0.742,1.2.826.0.1.3680043.8.498.86165267579210467438177068750657842391,18,6.649,1,True
1.2.826.0.1.3680043.8.498.11113442398569287228475456000446876768,pf_centre,83.122,-86.71,-19.686,0.0505,4.321,1.2.826.0.1.3680043.8.498.66289228171579366415689932100403402073,19,5.0,1,True
1.2.826.0.1.3680043.8.498.11119324966854127911591363740049886324,pf_centre,-103.061,-79.211,3.947,0.0678,1.094,1.2.826.0.1.3680043.8.498.12724132064614845209694019224901675557,30,4.4,1,True
1.2.826.0.1.3680043.8.498.11122485005317809892694992204053124213,pf_centre,-98.164,-88.2,0.631,0.0918,1.148,1.2.826.0.1.3680043.8.498.61331218641893203362518004354311084381,30,4.0,1,True
1.2.826.0.1.3680043.8.498.11123446342116837882811834332727990911,pf_centre,-107.453,-81.209,-7.689,0.0536,0.843,1.2.826.0.1.3680043.8.498.91360426418842124443136227460128866285,40,3.3,1,True
1.2.826.0.1.3680043.8.498.11125718814639515292482773418372267821,pf_centre,110.681,-96.418,-0.357,0.1044,9.304,1.2.826.0.1.3680043.8.498.64560123347492431965793443891711933562,21,6.134,1,True
1.2.826.0.1.3680043.8.498.11126383719852491587081347886000714259,pf_centre,-96.572,-61.347,12.218,0.1032,0.705,1.2.826.0.1.3680043.8.498.10186525746047024290166243904598665445,28,4.5,1,True
1.2.826.0.1.3680043.8.498.11128099896284546522122813576483001027,pf_centre,-73.306,-33.185,19.926,0.0657,1.72,1.2.826.0.1.3680043.8.498.50371199093890552104945399877481999296,25,4.8,1,True
1.2.826.0.1.3680043.8.498.11129751904857491327872353316480050290,pf_centre,88.989,-45.005,23.552,0.0706,1.441,1.2.826.0.1.3680043.8.498.97429411189660095803742436552642883670,21,6.273,1,True
1.2.826.0.1.3680043.8.498.11131210140372132238166068091728877219,pf_centre,121.142,-93.041,14.353,0.0669,2.254,1.2.826.0.1.3680043.8.498.10569134517500088866045246021220344474,40,3.3,1,True
1.2.826.0.1.3680043.8.498.11135115047200279264914390528987153419,pf_centre,80.348,-49.464,27.134,0.0951,1.313,1.2.826.0.1.3680043.8.498.61186952500689646697728005450647570661,30,3.9,1,True
1.2.826.0.1.3680043.8.498.11136723251983227230447257874027263286,pf_centre,96.766,-43.243,42.154,0.0662,1.7,1.2.826.0.1.3680043.8.498.72058290790207727572875316450742118448,33,4.5,1,True
1.2.826.0.1.3680043.8.498.11145632111083286399683467139301564425,pf_centre,83.95,-32.181,10.427,0.0837,1.075,1.2.826.0.1.3680043.8.498.54718322920558438345686018796797929663,40,4.52,1,True
1.2.826.0.1.3680043.8.498.11148939654362681630811787929668902046,pf_centre,-131.667,-100.27,9.579,0.093,3.988,1.2.826.0.1.3680043.8.498.27486115471137089333189924303929240010,20,6.26,1,True
1.2.826.0.1.3680043.8.498.11149530279799223497509928655010867960,pf_centre,-76.075,-0.187,-25.36,0.0576,2.554,1.2.826.0.1.3680043.8.498.85715432931154305628522012939812201324,44,3.5,1,True
1.2.826.0.1.3680043.8.498.11150193626240150189232364321568347937,pf_centre,82.474,-32.53,-7.898,0.1213,1.442,1.2.826.0.1.3680043.8.498.12807887150379099844529794439858496640,28,4.0,1,True
1.2.826.0.1.3680043.8.498.11150597567791052354257165699079348456,pf_centre,-10.493,-22.248,-13.164,0.0517,1.077,1.2.826.0.1.3680043.8.498.13383531435987091188910819212430274701,32,4.5,1,True
1.2.826.0.1.3680043.8.498.11150751959089942633754454715290410758,pf_centre,119.846,-82.675,22.249,0.0862,2.112,1.2.826.0.1.3680043.8.498.12418547158713740570455624056070933805,25,5.5,1,True
1.2.826.0.1.3680043.8.498.11152585968424897353533125085307104033,pf_centre,-86.889,-94.502,38.062,0.118,0.931,1.2.826.0.1.3680043.8.498.56386917286563827631089891953933694219,19,4.4,1,True
1.2.826.0.1.3680043.8.498.11154238555579687338157479416363307605,pf_centre,-94.0,-45.362,-16.131,0.0714,1.21,1.2.826.0.1.3680043.8.498.43827577254181704614914680158603260799,36,3.3,1,True
1.2.826.0.1.3680043.8.498.11156884483511690263238401598901614096,pf_centre,-121.163,-70.387,-9.732,0.0695,1.475,1.2.826.0.1.3680043.8.498.28050656540004598218144922456274580449,30,3.6,1,True
1.2.826.0.1.3680043.8.498.11159546221032123495135103648570690656,pf_centre,72.12,-47.217,1.38,0.0627,2.208,1.2.826.0.1.3680043.8.498.30064328905820577518654138081069948753,40,3.6,1,True
1.2.826.0.1.3680043.8.498.11173951743276817877673759975853741079,pf_centre,124.342,-89.561,-3.108,0.1023,2.618,1.2.826.0.1.3680043.8.498.57613371491385693316275767697163793067,32,0.6,5,True
1.2.826.0.1.3680043.8.498.11180457573346204459956051956213528997,pf_centre,112.002,-87.173,25.304,0.0647,2.531,1.2.826.0.1.3680043.8.498.54786552374529179052792214898308872149,40,3.3,1,True
1.2.826.0.1.3680043.8.498.11183915112115196028799391678356464392,pf_centre,-80.821,-40.799,5.117,0.0815,1.19,1.2.826.0.1.3680043.8.498.81216815328203788894274604866286169692,33,4.55,1,True
1.2.826.0.1.3680043.8.498.11184968672176462852561645279750399747,pf_centre,105.122,-55.83,21.552,0.0477,1.702,1.2.826.0.1.3680043.8.498.40930760490632634273668080150158057641,34,4.52,1,True
1.2.826.0.1.3680043.8.498.11190292536746235063218740991532759863,pf_centre,99.483,-55.172,46.14,0.0487,2.045,1.2.826.0.1.3680043.8.498.75353553084433738305211497573128050980,33,4.5,1,True
1.2.826.0.1.3680043.8.498.11191015483427903713800997920940844550,pf_centre,-100.125,-46.669,3.534,0.0642,0.568,1.2.826.0.1.3680043.8.498.93432516469827055984220448709093774219,34,4.52,1,True
1.2.826.0.1.3680043.8.498.11192287547210248515805146368662883131,pf_centre,-92.2,-76.225,23.46,0.0823,0.956,1.2.826.0.1.3680043.8.498.12410998422105889041230225671656091598,42,3.3,1,True
1.2.826.0.1.3680043.8.498.11201589885283493748455257854104771618,pf_centre,124.759,-86.647,-2.715,0.0944,7.057,1.2.826.0.1.3680043.8.498.12641742550562840625727412606175814415,30,3.6,1,True
1.2.826.0.1.3680043.8.498.11201741528059502111642265469347871878,pf_centre,-120.926,-67.245,22.297,0.0985,2.553,1.2.826.0.1.3680043.8.498.10005488803102962734659960996323792804,33,4.5,1,True
1.2.826.0.1.3680043.8.498.11207013225631251718312189933025529824,pf_centre,-115.915,-91.671,15.729,0.0944,0.646,1.2.826.0.1.3680043.8.498.31329019285358414916674628231660150298,36,3.3,1,True
1.2.826.0.1.3680043.8.498.11208107516750574657838495761140109258,pf_centre,121.247,-92.427,9.71,0.0483,2.451,1.2.826.0.1.3680043.8.498.11535036162687450931477186514531920455,40,3.3,1,True
1.2.826.0.1.3680043.8.498.11208663314213048426907645330143931419,pf_centre,135.115,-115.875,3.014,0.0944,0.792,1.2.826.0.1.3680043.8.498.75532322911856426490566819507498965987,18,7.336,1,True
1.2.826.0.1.3680043.8.498.11210361780779474361817208167009080083,pf_centre,10.084,-51.222,-33.998,0.0172,11.676,1.2.826.0.1.3680043.8.498.50725246447014545329859808622328307293,33,5.4,1,True
1.2.826.0.1.3680043.8.498.11211598263863419448236436640277320409,pf_centre,122.964,-69.859,16.665,0.0797,2.671,1.2.826.0.1.3680043.8.498.75369379509711661645306257881636666624,30,4.4,1,True
1.2.826.0.1.3680043.8.498.11212667888429022863778740306223585731,pf_centre,47.9,-70.016,59.289,0.0975,1.179,1.2.826.0.1.3680043.8.498.46251820158844780631616265822136051723,36,3.3,1,True
1.2.826.0.1.3680043.8.498.11214158717183172156320144105486247892,pf_centre,109.714,-26.614,16.948,0.0927,1.798,1.2.826.0.1.3680043.8.498.11795173675605423190945360433961943506,35,3.3,1,True
1.2.826.0.1.3680043.8.498.11218351123386367961865331646414911627,pf_centre,-85.218,-10.026,-14.33,0.0899,0.576,1.2.826.0.1.3680043.8.498.57848819544572419034653596365327007193,25,5.0,1,True
1.2.826.0.1.3680043.8.498.11218782547268547937641080283066300678,pf_centre,98.86,-93.092,8.417,0.1029,1.12,1.2.826.0.1.3680043.8.498.66536508229204139448661585580659332151,25,5.2,1,True
1.2.826.0.1.3680043.8.498.11219813299300915347039206446596901205,pf_centre,149.373,-58.606,-27.844,0.0929,1.278,1.2.826.0.1.3680043.8.498.10097583488988702954892237769096852455,26,5.0,1,True
1.2.826.0.1.3680043.8.498.11221318524515817857172161854667955115,pf_centre,-70.901,-27.722,16.943,0.0982,0.785,1.2.826.0.1.3680043.8.498.84114162145930932790168836750135767077,30,3.3,1,True
1.2.826.0.1.3680043.8.498.11223691171233118900160265287691267884,pf_centre,109.906,-90.243,15.889,0.0775,2.052,1.2.826.0.1.3680043.8.498.26620953331975312711842952394853691151,32,3.3,1,True
1.2.826.0.1.3680043.8.498.11226582925516370364253861721606580867,pf_centre,41.306,-66.304,-2.541,0.0673,1.118,1.2.826.0.1.3680043.8.498.52791145452482584046666716253339080521,39,3.5,1,True
1.2.826.0.1.3680043.8.498.11229566047228169850473554486278603754,pf_centre,-96.607,-89.016,15.563,0.1053,0.553,1.2.826.0.1.3680043.8.498.10972653201273094675585632762550406091,24,5.0,1,True
1.2.826.0.1.3680043.8.498.11231822445970527276203191047278744341,pf_centre,-56.164,-105.416,-15.287,0.1229,2.401,1.2.826.0.1.3680043.8.498.32427460475862439835083535246920188220,19,4.8,1,True
1.2.826.0.1.3680043.8.498.11232674915186872899189440191805868376,pf_centre,121.207,-82.919,15.722,0.0663,2.465,1.2.826.0.1.3680043.8.498.45016666091171770991519010723812640837,40,3.3,1,True
1.2.826.0.1.3680043.8.498.11244115315611630362929576340631670750,pf_centre,101.624,-88.355,34.94,0.0795,1.38,1.2.826.0.1.3680043.8.498.88940532792591133438525237004929250015,32,0.6,5,True
1.2.826.0.1.3680043.8.498.11249981834802444119817546155435759007,pf_centre,96.682,-35.671,4.083,0.0798,1.337,1.2.826.0.1.3680043.8.498.12378914010937184776968522123902927764,25,3.8,1,True
1.2.826.0.1.3680043.8.498.11254890841796835340329521299102281678,pf_centre,-100.96,-69.858,13.219,0.0945,2.295,1.2.826.0.1.3680043.8.498.42497718657780937237950447420581552548,30,4.4,1,True
1.2.826.0.1.3680043.8.498.11257168136762043265165109052826442974,pf_centre,77.616,-65.579,1.758,0.0894,1.071,1.2.826.0.1.3680043.8.498.82587999721527403817522028413484578864,36,3.3,1,True
1.2.826.0.1.3680043.8.498.11257869433929994221899994675448655047,pf_centre,124.48,-96.456,15.085,0.0474,1.292,1.2.826.0.1.3680043.8.498.54941004602590534222644550753754282516,48,3.3,1,True
1.2.826.0.1.3680043.8.498.11260248089108026217929330361529065683,pf_centre,110.601,-83.333,18.283,0.0753,2.339,1.2.826.0.1.3680043.8.498.53918941350143442547633578689568988858,34,3.3,1,True
1.2.826.0.1.3680043.8.498.11262944211104069231500934582412003273,pf_centre,117.822,-63.784,-14.371,0.0825,1.921,1.2.826.0.1.3680043.8.498.53365159762076500398919470493843628202,30,4.4,1,True
1.2.826.0.1.3680043.8.498.11264140845869814478794346490273061499,pf_centre,-95.276,-33.404,22.881,0.0639,1.86,1.2.826.0.1.3680043.8.498.11253421744068482526064379400472789979,21,5.0,1,True
1.2.826.0.1.3680043.8.498.11268635423021790546063903457498005204,pf_centre,-86.395,-61.07,2.64,0.0718,1.629,1.2.826.0.1.3680043.8.498.10894577743852742621049937211870178566,31,4.55,1,True
1.2.826.0.1.3680043.8.498.11270845320057097450047912107461684885,pf_centre,52.633,-37.558,26.55,0.1137,1.238,1.2.826.0.1.3680043.8.498.86574285727850246221325728574847823765,32,4.5,1,True
1.2.826.0.1.3680043.8.498.11275711698468745807758222802302685022,pf_centre,-115.192,-85.107,-36.603,0.0866,1.189,1.2.826.0.1.3680043.8.498.10399873864379618149101307537938832629,27,0.6,6,True
1.2.826.0.1.3680043.8.498.11276674006815021828943434205349220551,pf_centre,97.265,-44.26,29.612,0.0677,1.041,1.2.826.0.1.3680043.8.498.91781346525787208639280854696168028406,33,4.5,1,True
1.2.826.0.1.3680043.8.498.11276732020240247755618413418003401291,pf_centre,84.589,-87.911,23.523,0.0844,3.858,1.2.826.0.1.3680043.8.498.14015016460217103543625771329856409272,18,7.336,1,True
1.2.826.0.1.3680043.8.498.11277078989123345865112116288626381353,pf_centre,-98.023,-53.649,15.256,0.0703,2.414,1.2.826.0.1.3680043.8.498.51538385517383307709896505660900968131,44,3.3,1,True
1.2.826.0.1.3680043.8.498.11277278232377185347750793496260885546,pf_centre,-89.896,-97.136,0.747,0.1204,1.451,1.2.826.0.1.3680043.8.498.56070041243741201820339187537960175809,27,0.6,6,True
1.2.826.0.1.3680043.8.498.11282162920338602001456704018617788412,pf_centre,-87.58,-124.161,4.972,0.0997,2.454,1.2.826.0.1.3680043.8.498.12238374023946101585751373019545827175,25,5.0,1,True
1.2.826.0.1.3680043.8.498.11282706861378379965012380644125662529,pf_centre,-72.741,-42.511,50.328,0.0792,2.266,1.2.826.0.1.3680043.8.498.79445614773782091506926205958153058383,30,3.9,1,True
1.2.826.0.1.3680043.8.498.11287173314232027941677698384842764593,pf_centre,109.296,-37.697,25.766,0.1018,0.87,1.2.826.0.1.3680043.8.498.30415432733669167886836818492538562768,30,4.55,1,True
1.2.826.0.1.3680043.8.498.11287937729196958426538087439102017580,pf_centre,84.842,-8.481,-40.308,0.094,2.261,1.2.826.0.1.3680043.8.498.12552728774210526013400534363105740572,30,5.0,1,True
1.2.826.0.1.3680043.8.498.11291875173369366854889507729635968509,pf_centre,94.028,-46.284,-0.092,0.0766,0.957,1.2.826.0.1.3680043.8.498.38057197798214219056859031185748833375,36,3.3,1,True
1.2.826.0.1.3680043.8.498.11294885816514924203337081832122619605,pf_centre,101.452,-98.962,6.084,0.1309,1.952,1.2.826.0.1.3680043.8.498.83055526077143861632768088611616297225,19,4.4,1,True
1.2.826.0.1.3680043.8.498.11295899132697862632905938037090529644,pf_centre,-83.021,-34.819,-11.046,0.1205,2.192,1.2.826.0.1.3680043.8.498.45922994568755907770823262272109933054,24,4.0,1,True
1.2.826.0.1.3680043.8.498.11296867854260286881418279496022384461,pf_centre,109.172,-85.31,39.15,0.0711,3.285,1.2.826.0.1.3680043.8.498.10643041425601403055236532580166601013,24,5.629,1,True
1.2.826.0.1.3680043.8.498.11298099571581989006135838942599921393,pf_centre,-71.399,-26.41,4.789,0.0657,2.661,1.2.826.0.1.3680043.8.498.13254265968449604690981924266256171777,27,4.8,1,True
1.2.826.0.1.3680043.8.498.11302750434639976191333636496428935632,pf_centre,-77.132,-63.462,40.592,0.0591,1.172,1.2.826.0.1.3680043.8.498.12328781530272644444391978821475342444,40,3.9,1,True
1.2.826.0.1.3680043.8.498.11307870660160563329996058267938398411,pf_centre,68.876,-56.632,28.884,0.0786,1.23,1.2.826.0.1.3680043.8.498.32842610905704128813962705024290938448,22,6.691,1,True
1.2.826.0.1.3680043.8.498.11312798102268182343541500463824266929,pf_centre,-76.017,-38.456,41.945,0.0877,1.31,1.2.826.0.1.3680043.8.498.10039299706120855964847841105762943154,30,3.3,1,True
1.2.826.0.1.3680043.8.498.11314687816975146963598226343179928616,pf_centre,-92.726,-96.491,-9.084,0.0718,2.027,1.2.826.0.1.3680043.8.498.12942357015382709792688831044143288747,30,4.0,1,True
1.2.826.0.1.3680043.8.498.11315871586936178043350206344448851055,pf_centre,87.049,-85.015,15.727,0.1211,1.601,1.2.826.0.1.3680043.8.498.72632832771981491571013248082545464654,24,0.6,6,True
1.2.826.0.1.3680043.8.498.11316091466685605758061778045311969672,pf_centre,81.645,-67.183,-18.919,0.0655,2.02,1.2.826.0.1.3680043.8.498.42339255088864017754953976990254217332,42,3.6,1,True
1.2.826.0.1.3680043.8.498.11331824020096159502562313322049966712,pf_centre,-70.89,-35.255,20.131,0.0729,1.118,1.2.826.0.1.3680043.8.498.11831466582072149886255868654603215611,30,4.55,1,True
1.2.826.0.1.3680043.8.498.11334486185870324597335039163116965763,pf_centre,-103.976,-50.424,25.08,0.0858,2.65,1.2.826.0.1.3680043.8.498.80420630865395058127857830708142911797,32,3.6,1,True
1.2.826.0.1.3680043.8.498.11334776960319816844935217444817103072,pf_centre,-70.327,-41.192,9.571,0.0855,1.15,1.2.826.0.1.3680043.8.498.13253546289221638866537209428208481931,29,5.0,1,True
1.2.826.0.1.3680043.8.498.11337616353935430160375524217870968575,pf_centre,95.453,-89.626,10.797,0.0371,3.499,1.2.826.0.1.3680043.8.498.57842776286361987549916536675550520239,25,5.5,1,True
1.2.826.0.1.3680043.8.498.11338962847958062668991874160027887372,pf_centre,-97.718,-67.034,18.285,0.0738,0.743,1.2.826.0.1.3680043.8.498.29409917433980367359676038326809603275,31,4.0,1,True
1.2.826.0.1.3680043.8.498.11340429352365972769264064439788186260,pf_centre,-23.065,-27.984,22.841,0.0835,1.501,1.2.826.0.1.3680043.8.498.92419831488128309692880819094800061194,28,4.0,1,True
1.2.826.0.1.3680043.8.498.11345369648571407541082013397591193473,pf_centre,-122.189,-56.387,36.087,0.0981,1.343,1.2.826.0.1.3680043.8.498.10764908852564056138856815005084266226,40,3.3,1,True
1.2.826.0.1.3680043.8.498.11347466940974045182979684641300336177,pf_centre,76.342,-25.767,-16.25,0.0514,1.897,1.2.826.0.1.3680043.8.498.22747613938276941045436303216443925377,32,4.4,1,True
1.2.826.0.1.3680043.8.498.11352722814008170661344291337061231555,pf_centre,-103.561,-74.177,22.794,0.0916,2.042,1.2.826.0.1.3680043.8.498.12668585944578825530108813337675332159,30,3.7,1,True
1.2.826.0.1.3680043.8.498.11353976221682532422630231842008146722,pf_centre,69.616,-34.337,13.374,0.079,3.166,1.2.826.0.1.3680043.8.498.13030837831142984863298092731656186977,30,4.4,1,True
1.2.826.0.1.3680043.8.498.11362547519125634779422991321337283241,pf_centre,-117.102,-84.816,0.264,0.0705,1.061,1.2.826.0.1.3680043.8.498.12114573477397244218376906795011479842,42,3.3,1,True
1.2.826.0.1.3680043.8.498.11369844885381156110080055326139875897,pf_centre,-127.343,-30.809,-29.038,0.0647,4.797,1.2.826.0.1.3680043.8.498.70037409234494125585241310129626828448,30,3.3,1,True
1.2.826.0.1.3680043.8.498.11371400503360468962117579439852064607,pf_centre,-76.372,-53.83,9.105,0.1068,1.241,1.2.826.0.1.3680043.8.498.51344680205362236271529507335820310780,20,5.0,1,True
1.2.826.0.1.3680043.8.498.11382021393803389951964005983002209238,pf_centre,76.176,-58.377,32.157,0.0869,2.317,1.2.826.0.1.3680043.8.498.14985374264812063212398702944383827602,30,3.9,1,True
1.2.826.0.1.3680043.8.498.11383056981606331444758741778014516431,pf_centre,-112.434,-44.27,18.633,0.1146,1.547,1.2.826.0.1.3680043.8.498.12650762027901425253127336877714893404,20,5.0,1,True
1.2.826.0.1.3680043.8.498.11385845157446557781575804962818981994,pf_centre,-91.03,-102.826,26.735,0.1106,2.83,1.2.826.0.1.3680043.8.498.92442317956383258431006193112066625203,24,4.5,1,True
1.2.826.0.1.3680043.8.498.11386074316342852649653530230563922899,pf_centre,94.7,-49.654,-27.31,0.0846,0.733,1.2.826.0.1.3680043.8.498.12489883260496400275102104701272701692,36,3.3,1,True
1.2.826.0.1.3680043.8.498.11391095418955817124325938917797687542,pf_centre,86.426,-71.382,-6.076,0.0954,1.319,1.2.826.0.1.3680043.8.498.10464775636081981663315497806833392702,36,3.3,1,True
1.2.826.0.1.3680043.8.498.11394861774586578112386386342670500749,pf_centre,90.853,-41.234,16.997,0.1157,2.173,1.2.826.0.1.3680043.8.498.20952275945492602303541749665244110869,34,3.3,1,True
1.2.826.0.1.3680043.8.498.11395349736725035422736613041202251830,pf_centre,102.478,-74.116,-6.576,0.0905,2.559,1.2.826.0.1.3680043.8.498.79152502003885292626651018378568018768,27,5.0,1,True
1.2.826.0.1.3680043.8.498.11396451979734570993257791565721573849,pf_centre,90.325,-81.878,-27.997,0.1254,2.711,1.2.826.0.1.3680043.8.498.98915276468841587537684897893405943032,22,0.6,6,True
1.2.826.0.1.3680043.8.498.11402325536521359105285323485008939602,pf_centre,99.322,-69.482,24.484,0.0634,1.745,1.2.826.0.1.3680043.8.498.31109467828008213388688276106613953655,30,3.9,1,True
1.2.826.0.1.3680043.8.498.11406304618685790128709325242250648417,pf_centre,-81.593,-44.136,53.406,0.079,0.632,1.2.826.0.1.3680043.8.498.30887025016130975743726755727908776123,36,3.3,1,True
1.2.826.0.1.3680043.8.498.11406381777983128446583783158882827226,pf_centre,74.084,-42.59,2.064,0.0403,3.114,1.2.826.0.1.3680043.8.498.94900963408614275545850479493846564388,40,3.3,1,True
1.2.826.0.1.3680043.8.498.11413427362266862411525989114324631512,pf_centre,114.546,-1.144,24.776,0.0572,4.079,1.2.826.0.1.3680043.8.498.49436757509612000304748940967385111775,43,3.5,1,True
1.2.826.0.1.3680043.8.498.11414215447313658600502835138277811260,pf_centre,108.443,-78.041,8.223,0.0767,0.724,1.2.826.0.1.3680043.8.498.94974014038294156161545805280295396600,30,4.4,1,True
1.2.826.0.1.3680043.8.498.11420670844338686032030860787688858057,pf_centre,101.352,-63.373,19.496,0.0586,1.362,1.2.826.0.1.3680043.8.498.63214975678437630838730885123489533361,34,4.2,1,True
1.2.826.0.1.3680043.8.498.11425019165071014217290822852865654127,pf_centre,74.947,9.202,1.22,0.0814,1.27,1.2.826.0.1.3680043.8.498.11682797134908455793320529260845747557,40,3.5,1,True
1.2.826.0.1.3680043.8.498.11425683153901568541658945026861110110,pf_centre,-83.416,-52.092,5.599,0.1152,1.75,1.2.826.0.1.3680043.8.498.11817083668353038628288775865340665675,22,4.4,1,True
1.2.826.0.1.3680043.8.498.11428482061412578159115168314865188597,pf_centre,-120.253,-94.266,19.949,0.0624,0.885,1.2.826.0.1.3680043.8.498.98035715761706714542695628963338758036,40,3.3,1,True
1.2.826.0.1.3680043.8.498.11432815311029789072253610823554308183,pf_centre,133.471,-53.31,-7.47,0.0817,2.174,1.2.826.0.1.3680043.8.498.39260630187842720868186116009214864297,32,3.6,1,True
1.2.826.0.1.3680043.8.498.11440214477653629899108986507154583794,pf_centre,-88.755,-59.759,18.569,0.1225,1.464,1.2.826.0.1.3680043.8.498.12608303877117770443552731059811238511,36,3.3,1,True
1.2.826.0.1.3680043.8.498.11440217845998767853986099058965644463,pf_centre,-93.726,-58.98,23.104,0.0789,1.115,1.2.826.0.1.3680043.8.498.10895816793754457526702114263682776425,36,3.3,1,True
1.2.826.0.1.3680043.8.498.11441489276425334980205891153179893797,pf_centre,97.677,-39.554,-6.467,0.0559,1.409,1.2.826.0.1.3680043.8.498.12758420266157558709171834059948558796,30,3.3,1,True
1.2.826.0.1.3680043.8.498.11446264194433135282793848490754001623,pf_centre,-117.983,-84.395,9.066,0.106,1.55,1.2.826.0.1.3680043.8.498.12545240630052505223060197904037913588,30,3.6,1,True
1.2.826.0.1.3680043.8.498.11448326350892044215419380818679679579,pf_centre,90.878,-38.46,-9.654,0.0911,2.035,1.2.826.0.1.3680043.8.498.94023912471839082220846381888165265013,27,4.8,1,True
1.2.826.0.1.3680043.8.498.11448865770537436004548718998804636234,pf_centre,-69.848,-38.814,21.548,0.0657,1.827,1.2.826.0.1.3680043.8.498.18902829426376861333471178576807692551,27,5.0,1,True
1.2.826.0.1.3680043.8.498.11451448731901996559834481853733404099,pf_centre,-63.742,-100.346,43.002,0.0792,2.406,1.2.826.0.1.3680043.8.498.63923270540137270609238793089946840737,22,5.841,1,True
1.2.826.0.1.3680043.8.498.11451981256762378203455481812714370193,pf_centre,120.305,-75.219,22.305,0.0848,3.318,1.2.826.0.1.3680043.8.498.11234403202012513118931312482178349004,34,3.85,1,True
1.2.826.0.1.3680043.8.498.11455388290952699607973723923118848769,pf_centre,-94.921,-97.85,-13.903,0.1173,2.73,1.2.826.0.1.3680043.8.498.58609126851744856698425476705851755794,19,5.6,1,True
1.2.826.0.1.3680043.8.498.11458488293461896930750018852127694875,pf_centre,95.118,-66.186,8.221,0.1028,4.249,1.2.826.0.1.3680043.8.498.44915118181016721251653909933055476108,36,3.3,1,True
1.2.826.0.1.3680043.8.498.11458715255296685383451160973781612197,pf_centre,75.952,-74.588,-18.557,0.0615,2.004,1.2.826.0.1.3680043.8.498.62395128922153762339118531831160760057,40,3.3,1,True
1.2.826.0.1.3680043.8.498.11465586454035959390661499120751232686,pf_centre,108.113,-89.951,13.644,0.0906,1.273,1.2.826.0.1.3680043.8.498.97652344491521224545569350837294667429,38,3.3,1,True
1.2.826.0.1.3680043.8.498.11467955500991327547315970867313333592,pf_centre,-65.487,-43.836,22.239,0.0977,2.256,1.2.826.0.1.3680043.8.498.11353120419353900946409397270083068359,27,4.8,1,True
1.2.826.0.1.3680043.8.498.11468812519969607938527116557104410121,pf_centre,-127.221,-100.398,15.381,0.0826,4.236,1.2.826.0.1.3680043.8.498.12346026796944003151808964122901912888,21,6.186,1,True
1.2.826.0.1.3680043.8.498.11471148332557464549579838595592736047,pf_centre,-86.96,-44.425,12.834,0.0769,1.264,1.2.826.0.1.3680043.8.498.39670754130438950973865394745200825625,36,3.3,1,True
1.2.826.0.1.3680043.8.498.11472441320199233244785757534656853558,pf_centre,-95.355,-55.161,-10.85,0.0782,1.595,1.2.826.0.1.3680043.8.498.17428455312519423561844856305028382999,36,3.3,1,True
1.2.826.0.1.3680043.8.498.11477000011453869751231224714283666904,pf_centre,78.93,-64.79,57.798,0.0467,1.974,1.2.826.0.1.3680043.8.498.41061902043567167106626696180759220243,36,4.0,1,True
1.2.826.0.1.3680043.8.498.11477583622065195478886525904745372063,pf_centre,-90.156,-78.427,-9.477,0.0642,3.481,1.2.826.0.1.3680043.8.498.31431215432480727421024524823593522992,38,3.6,1,True
1.2.826.0.1.3680043.8.498.11482325994550095339373157256174349858,pf_centre,88.661,-51.5,52.128,0.0659,1.89,1.2.826.0.1.3680043.8.498.81658576155023183858034500312979561441,36,4.5,1,True
1.2.826.0.1.3680043.8.498.11487799220518102363643849548556099719,pf_centre,81.408,-60.9,-8.367,0.064,2.225,1.2.826.0.1.3680043.8.498.94242711639662046774772011317383589709,36,3.3,1,True
1.2.826.0.1.3680043.8.498.11489881286208501558797333161632486099,pf_centre,91.889,-57.239,23.428,0.1059,2.053,1.2.826.0.1.3680043.8.498.12381096939840551428260590839402696166,36,3.3,1,True
1.2.826.0.1.3680043.8.498.11495133447993934376048707763538781434,pf_centre,-113.123,-74.114,16.918,0.0712,0.945,1.2.826.0.1.3680043.8.498.84613136805735338238181168381713737774,36,3.3,1,True
1.2.826.0.1.3680043.8.498.11497761063752461132736045914751707046,pf_centre,105.346,-69.073,3.388,0.0711,1.551,1.2.826.0.1.3680043.8.498.79756136838487723458642007776689569645,32,3.3,1,True
1.2.826.0.1.3680043.8.498.11498239309891927151456629915927889165,pf_centre,76.062,-55.7,27.28,0.07,0.974,1.2.826.0.1.3680043.8.498.89497909005532413408718568237510304154,34,4.2,1,True
1.2.826.0.1.3680043.8.498.11498505068787084440256890724559761815,pf_centre,83.717,-55.81,40.909,0.0697,1.987,1.2.826.0.1.3680043.8.498.22288958242328317250995765702268488174,33,4.5,1,True
1.2.826.0.1.3680043.8.498.11498845504486569595587386245872511981,pf_centre,-86.266,-90.259,-1.779,0.0694,0.924,1.2.826.0.1.3680043.8.498.12163675020152080514130880976560545760,35,3.5,1,True
1.2.826.0.1.3680043.8.498.11501070108039994411346060488666341726,pf_centre,-126.582,-77.797,35.71,0.0607,2.486,1.2.826.0.1.3680043.8.498.50385292659884231513896528081929364705,30,4.4,1,True
1.2.826.0.1.3680043.8.498.11504079342934513987748646905909982588,pf_centre,-102.479,-41.899,19.486,0.0807,1.331,1.2.826.0.1.3680043.8.498.90502033596554560541227317362264911254,40,3.3,1,True
1.2.826.0.1.3680043.8.498.11506642732332295874076832453198901115,pf_centre,-83.878,-73.605,-17.218,0.0696,0.584,1.2.826.0.1.3680043.8.498.64541314136350055714376254947004659004,48,3.3,1,True
1.2.826.0.1.3680043.8.498.11506856887791286395737465774061395929,pf_centre,85.628,-64.965,18.095,0.0625,4.71,1.2.826.0.1.3680043.8.498.12437229684036318377424276688009212263,34,4.2,1,True
1.2.826.0.1.3680043.8.498.11508340006652282767645009271305921426,pf_centre,-114.678,-90.455,19.498,0.082,1.668,1.2.826.0.1.3680043.8.498.10562674363675629697402467833740271244,33,3.85,1,True
1.2.826.0.1.3680043.8.498.11515987024418648685676369132061127664,pf_centre,50.446,-14.506,9.826,0.0963,1.573,1.2.826.0.1.3680043.8.498.93212518927519672590269285516108577286,28,4.5,1,True
1.2.826.0.1.3680043.8.498.11516498203727058146656616413699979433,pf_centre,-114.308,-34.059,-16.629,0.0658,1.437,1.2.826.0.1.3680043.8.498.66947318167476697180670328643115853468,36,4.0,1,True
1.2.826.0.1.3680043.8.498.11516842786271998149681118182571061813,pf_centre,91.765,-23.477,-15.488,0.0785,3.638,1.2.826.0.1.3680043.8.498.11136590086331621931918031103535027872,42,3.5,1,True
1.2.826.0.1.3680043.8.498.11520508017843738484108845144418061602,pf_centre,117.654,-73.568,1.767,0.0844,1.614,1.2.826.0.1.3680043.8.498.48580422696516156704071547885311407971,30,4.4,1,True
1.2.826.0.1.3680043.8.498.11521971289581057766555206729274639736,pf_centre,-87.755,-56.137,4.197,0.0625,2.612,1.2.826.0.1.3680043.8.498.12173751120094584280747934900707629975,36,3.6,1,True
1.2.826.0.1.3680043.8.498.11529405479134457001825038259936796388,pf_centre,-81.31,-29.759,-10.739,0.109,1.72,1.2.826.0.1.3680043.8.498.86714564965204314396244030975858209238,30,3.3,1,True
1.2.826.0.1.3680043.8.498.11530446425918247469882351709851883983,pf_centre,79.902,-48.152,-10.113,0.0634,0.597,1.2.826.0.1.3680043.8.498.80437585378057984170148964914568756228,36,4.0,1,True
1.2.826.0.1.3680043.8.498.11532517984322509215429681648257299355,pf_centre,90.4,-53.606,-12.37,0.0703,2.22,1.2.826.0.1.3680043.8.498.80448379008254264685596871857648343975,30,4.4,1,True
1.2.826.0.1.3680043.8.498.11533971444023236216745801026152089075,pf_centre,80.419,-32.483,34.112,0.0759,0.972,1.2.826.0.1.3680043.8.498.63582955966333706107742845130652643286,24,4.4,1,True
1.2.826.0.1.3680043.8.498.11542298537902846156898976374522470463,pf_centre,-74.293,-38.56,-15.516,0.0866,0.894,1.2.826.0.1.3680043.8.498.23357245979280982805199693679119023084,36,3.3,1,True
1.2.826.0.1.3680043.8.498.11543622448213658856759993374276266341,pf_centre,95.358,-44.715,15.632,0.0981,1.925,1.2.826.0.1.3680043.8.498.33741750897674788768678731192326415432,37,4.0,1,True
1.2.826.0.1.3680043.8.498.11545541207342029419461179316053148974,pf_centre,-63.095,-24.439,34.728,0.0856,1.288,1.2.826.0.1.3680043.8.498.12209122232263391306396708817911963590,23,5.0,1,True
1.2.826.0.1.3680043.8.498.11546127923715190914128277599849591183,pf_centre,-72.849,-66.164,13.678,0.0661,1.693,1.2.826.0.1.3680043.8.498.44263240555865592653417251813746459729,30,4.4,1,True
1.2.826.0.1.3680043.8.498.11547192037231064935759879673500408149,pf_centre,-13.067,-36.045,17.565,0.0729,2.371,1.2.826.0.1.3680043.8.498.15910929636581838565036637462302679152,24,4.4,1,True
1.2.826.0.1.3680043.8.498.11548045715264151632153040089882701935,pf_centre,-101.255,-83.796,23.613,0.0768,1.315,1.2.826.0.1.3680043.8.498.13258540246811280543331620740563767493,40,3.3,1,True
1.2.826.0.1.3680043.8.498.11548839502674800051973767797346682106,pf_centre,-86.206,-59.957,7.929,0.0709,1.297,1.2.826.0.1.3680043.8.498.59816975524813571577114682492234710280,38,3.6,1,True
1.2.826.0.1.3680043.8.498.11551347885357242022697196552822735795,pf_centre,95.457,-74.044,1.316,0.0775,2.105,1.2.826.0.1.3680043.8.498.12184191122612666296097547329031966103,38,3.6,1,True
1.2.826.0.1.3680043.8.498.11551770225828320378339882849245348148,pf_centre,-88.187,-48.823,-6.855,0.0747,3.547,1.2.826.0.1.3680043.8.498.93381513372233333491197687910932226270,38,5.0,1,True
1.2.826.0.1.3680043.8.498.11557620559191469069130827959098335840,pf_centre,-79.028,-57.654,22.38,0.0878,1.001,1.2.826.0.1.3680043.8.498.50613286207082214222722525784789239290,34,4.55,1,True
1.2.826.0.1.3680043.8.498.11561519302314146020052258325459371962,pf_centre,-67.813,-73.679,-16.558,0.0981,0.807,1.2.826.0.1.3680043.8.498.62043940982560895412369448561407736293,32,0.6,5,True
1.2.826.0.1.3680043.8.498.11569355546217846610131708883985793793,pf_centre,-123.448,-61.771,-9.945,0.1417,1.169,1.2.826.0.1.3680043.8.498.48751422533360543879191309592621599991,22,4.5,1,True
1.2.826.0.1.3680043.8.498.11569601172991867969672947467467392425,pf_centre,85.95,-9.408,18.321,0.0871,1.187,1.2.826.0.1.3680043.8.498.49660726841764354498670979714397992559,25,5.0,1,True
1.2.826.0.1.3680043.8.498.11571057273590444914079281238002921868,pf_centre,72.001,-47.351,-34.475,0.1175,1.095,1.2.826.0.1.3680043.8.498.30219043134234956704555002341935608127,31,4.5,1,True
1.2.826.0.1.3680043.8.498.11574480940878399452466699512074769686,pf_centre,-92.336,-46.618,-4.409,0.0838,1.189,1.2.826.0.1.3680043.8.498.13065024032097247888486770627017173542,36,3.3,1,True
1.2.826.0.1.3680043.8.498.11574667600340420151274680172753922967,pf_centre,-102.893,-64.572,-19.402,0.0627,1.165,1.2.826.0.1.3680043.8.498.80367116620046594361401129215108207018,36,3.3,1,True
1.2.826.0.1.3680043.8.498.11577630811395858629711985689258647804,pf_centre,114.387,-100.093,30.738,0.0918,1.317,1.2.826.0.1.3680043.8.498.45840560047288531178825971853634299139,22,6.125,1,True
1.2.826.0.1.3680043.8.498.11579571696748051185342754881791715610,pf_centre,103.184,-64.963,10.044,0.0678,2.524,1.2.826.0.1.3680043.8.498.12146286750536224547433959575351988626,42,3.6,1,True
1.2.826.0.1.3680043.8.498.11583098598455610459898849451117846552,pf_centre,-97.082,-21.906,15.221,0.0951,0.8,1.2.826.0.1.3680043.8.498.12836562282954350249815325022804955052,24,4.5,1,True
1.2.826.0.1.3680043.8.498.11586616391541918134110642641868079265,pf_centre,97.101,-87.328,11.487,0.0615,1.485,1.2.826.0.1.3680043.8.498.63821432114222470816353609663815984830,24,4.8,1,True
1.2.826.0.1.3680043.8.498.11587989960888698769912899464470116193,pf_centre,-86.807,-7.982,9.134,0.0912,1.25,1.2.826.0.1.3680043.8.498.45808935898690413867896274674087463262,27,5.0,1,True
1.2.826.0.1.3680043.8.498.11590096889491409910425456896187293515,pf_centre,115.664,-74.28,42.158,0.0814,1.017,1.2.826.0.1.3680043.8.498.61759688462134644234242615752482396743,22,6.335,1,True
1.2.826.0.1.3680043.8.498.11592056376890319271545710970155310824,pf_centre,-81.831,-56.469,4.456,0.0728,7.661,1.2.826.0.1.3680043.8.498.71897454394240427591302309329142928097,33,4.0,1,True
1.2.826.0.1.3680043.8.498.11592838054859712596515534341207971997,pf_centre,-119.901,-75.755,12.324,0.0701,2.035,1.2.826.0.1.3680043.8.498.49300433637361899333825241291273056203,36,3.3,1,True
1.2.826.0.1.3680043.8.498.11595338216297251382188195835520492789,pf_centre,-104.548,-55.928,-18.394,0.05,1.011,1.2.826.0.1.3680043.8.498.22152044596855692473566867733389905578,30,4.52,1,True
1.2.826.0.1.3680043.8.498.11596665780617412984766822528862741584,pf_centre,121.512,-72.748,-27.382,0.0988,3.326,1.2.826.0.1.3680043.8.498.59737098021306262062080408528674327977,35,3.5,1,True
1.2.826.0.1.3680043.8.498.11596866241403598097171345671773992202,pf_centre,-55.442,-29.812,30.575,0.1372,1.785,1.2.826.0.1.3680043.8.498.35412825101691261871109131497467068735,30,3.3,1,True
1.2.826.0.1.3680043.8.498.11598606533748611505510113033734692457,pf_centre,80.861,-115.71,-3.909,0.0928,0.858,1.2.826.0.1.3680043.8.498.14535603304351434324560921134079187358,19,5.4,1,True
1.2.826.0.1.3680043.8.498.11599387556469808488160280438305325860,pf_centre,103.723,-61.337,22.468,0.0919,3.692,1.2.826.0.1.3680043.8.498.99872725822635667590591318423034454433,34,4.55,1,True
1.2.826.0.1.3680043.8.498.11604138460812393624691789275263090511,pf_centre,-94.945,-61.062,-8.302,0.1029,0.849,1.2.826.0.1.3680043.8.498.12223791147765751096133501221501241147,40,3.3,1,True
1.2.826.0.1.3680043.8.498.11604298807403466096392316117803661479,pf_centre,88.216,-60.064,-5.19,0.0874,3.363,1.2.826.0.1.3680043.8.498.30431957309315496099699200441661930063,44,3.3,1,True
1.2.826.0.1.3680043.8.498.11605266731872772432220415835172557961,pf_centre,-17.811,-74.916,33.459,0.08,2.155,1.2.826.0.1.3680043.8.498.16884644212138500218596055738487531441,33,3.7,1,True
1.2.826.0.1.3680043.8.498.11610176134207131408691324676304640501,pf_centre,93.864,-55.2,-4.555,0.0677,1.98,1.2.826.0.1.3680043.8.498.73216197222483630190647913351304388691,40,3.3,1,True
1.2.826.0.1.3680043.8.498.11610585947047502123824835405421129552,pf_centre,-80.636,-83.636,22.906,0.0704,3.662,1.2.826.0.1.3680043.8.498.51287586444049976659995464561989220417,21,5.0,1,True
1.2.826.0.1.3680043.8.498.11613637647831801354398273334552399874,pf_centre,81.202,-44.077,25.515,0.0682,2.947,1.2.826.0.1.3680043.8.498.49076927248449903008886900037764768627,40,3.51,1,True
1.2.826.0.1.3680043.8.498.11619883329923252065839671636992770849,pf_centre,82.3,-76.811,35.211,0.1365,2.612,1.2.826.0.1.3680043.8.498.10711778652343936898817968259934230349,24,4.5,1,True
1.2.826.0.1.3680043.8.498.11625598825018422177242262569319579378,pf_centre,-84.613,-69.814,25.283,0.079,1.796,1.2.826.0.1.3680043.8.498.75139601678338667489704572802585495595,35,3.85,1,True
1.2.826.0.1.3680043.8.498.11629659616217352895144469980856259097,pf_centre,-114.901,-89.413,-11.934,0.0448,3.424,1.2.826.0.1.3680043.8.498.38753311408694176248461833841043379727,47,0.9,4,True
1.2.826.0.1.3680043.8.498.11641274367861998748475337224297076397,pf_centre,-56.807,-0.607,8.574,0.0929,1.028,1.2.826.0.1.3680043.8.498.11405739375898435001423877402917570308,26,4.52,1,True
1.2.826.0.1.3680043.8.498.11641866550826314411250696478180861612,pf_centre,-80.794,-83.715,-17.893,0.0364,3.259,1.2.826.0.1.3680043.8.498.82082186978650944031753201497309408809,33,4.0,1,True
1.2.826.0.1.3680043.8.498.11642228346306175407288158335830376197,pf_centre,-112.328,-42.571,22.671,0.0744,1.662,1.2.826.0.1.3680043.8.498.86534532774698828538347214464805645858,30,3.3,1,True
1.2.826.0.1.3680043.8.498.11642678020345468499556230871411308014,pf_centre,113.884,-79.273,44.135,0.1026,1.538,1.2.826.0.1.3680043.8.498.65607218604910062806801393615533617005,32,3.3,1,True
1.2.826.0.1.3680043.8.498.11646465814751330102194657154003685957,pf_centre,79.805,-30.878,-7.107,0.0635,2.425,1.2.826.0.1.3680043.8.498.73088753078609923730245447157351802940,33,4.4,1,True
1.2.826.0.1.3680043.8.498.11647595587705638372290862475518195181,pf_centre,101.29,-48.706,4.467,0.0303,2.091,1.2.826.0.1.3680043.8.498.10596270434001697223042523325218527920,45,3.3,1,True
1.2.826.0.1.3680043.8.498.11651755040149549966484720727140190853,pf_centre,86.19,-28.565,1.911,0.0701,1.065,1.2.826.0.1.3680043.8.498.10985655479406971602314885997770061455,30,4.4,1,True
1.2.826.0.1.3680043.8.498.11652570369213315569275956969935617843,pf_centre,80.602,-59.612,-3.38,0.087,1.928,1.2.826.0.1.3680043.8.498.46826733311182369695951889337742990956,36,3.3,1,True
1.2.826.0.1.3680043.8.498.11654064547593365398103107850228629066,pf_centre,-98.737,-28.11,37.257,0.0741,4.758,1.2.826.0.1.3680043.8.498.13270292373891023223652448580625607579,27,4.4,1,True
1.2.826.0.1.3680043.8.498.11655692245049710970881619360721342623,pf_centre,113.395,-40.834,3.238,0.0847,1.141,1.2.826.0.1.3680043.8.498.66733268482077391033469514354090103790,31,4.5,1,True
1.2.826.0.1.3680043.8.498.11659861228342609979638095779959188093,pf_centre,-70.214,-57.394,23.817,0.0765,1.212,1.2.826.0.1.3680043.8.498.12229765362289191839559825420084550615,36,3.3,1,True
1.2.826.0.1.3680043.8.498.11661333712307504012375232163708358493,pf_centre,115.479,-97.7,39.171,0.0614,2.252,1.2.826.0.1.3680043.8.498.61470548704655974366012651514173599235,40,3.3,1,True
1.2.826.0.1.3680043.8.498.11669120316759278775792190599036288128,pf_centre,114.103,-74.271,77.35,0.0934,2.831,1.2.826.0.1.3680043.8.498.72532103512964934280912614223273992429,30,4.5,1,True
1.2.826.0.1.3680043.8.498.11674925658184069242322832524274428408,pf_centre,-40.164,-69.767,9.309,0.0835,1.24,1.2.826.0.1.3680043.8.498.74016039032458507413301146322642240124,32,3.6,1,True
1.2.826.0.1.3680043.8.498.11679044101697033975478370934058085847,pf_centre,-80.138,-83.493,-22.959,0.0931,0.549,1.2.826.0.1.3680043.8.498.12610670222707848423189303757923211925,30,3.5,1,True
1.2.826.0.1.3680043.8.498.11679981444785137570894759919380932611,pf_centre,-92.472,-51.81,27.478,0.0936,2.008,1.2.826.0.1.3680043.8.498.75595084019894820076187901275594764993,22,5.0,1,True
1.2.826.0.1.3680043.8.498.11682243736539231948790371952356165171,pf_centre,-87.497,-39.524,-6.371,0.0738,1.495,1.2.826.0.1.3680043.8.498.49093905640862733123440960170337140007,38,3.6,1,True
1.2.826.0.1.3680043.8.498.11685904538570360040472064238371379681,pf_centre,-98.331,-62.391,2.721,0.0891,1.78,1.2.826.0.1.3680043.8.498.64158710785132005136213371765623375296,32,3.6,1,True
1.2.826.0.1.3680043.8.498.11689820638581431730501617718741779835,pf_centre,-101.949,-78.995,12.933,0.0594,0.914,1.2.826.0.1.3680043.8.498.53115654595278075315958373520837538927,48,3.3,1,True
1.2.826.0.1.3680043.8.498.11691245281415120685024733512803575288,pf_centre,-80.47,-52.804,9.784,0.0651,1.827,1.2.826.0.1.3680043.8.498.31471555538370296961776163182393207405,30,3.9,1,True
1.2.826.0.1.3680043.8.498.11695097367686121784104505410611821860,pf_centre,-93.819,-44.434,24.827,0.066,2.195,1.2.826.0.1.3680043.8.498.10102515465689053406757705070124186805,35,4.5,1,True
1.2.826.0.1.3680043.8.498.11703195077261884009442719578918319962,pf_centre,-108.975,-49.803,16.34,0.0787,1.821,1.2.826.0.1.3680043.8.498.11792552682827599188884756566219638253,40,3.3,1,True
1.2.826.0.1.3680043.8.498.11706378290185110677863653788588307917,pf_centre,117.276,-98.763,19.031,0.073,2.746,1.2.826.0.1.3680043.8.498.78586897505768927631514873239488959927,25,5.5,1,True
1.2.826.0.1.3680043.8.498.11709909941833245598246010905322129256,pf_centre,-119.481,-81.567,-3.877,0.068,1.417,1.2.826.0.1.3680043.8.498.72262315519171099892555010817789541032,30,4.4,1,True
1.2.826.0.1.3680043.8.498.11716605112302071535035323666308656381,pf_centre,-76.213,-90.712,-32.867,0.0913,1.862,1.2.826.0.1.3680043.8.498.57058234349160438072366167424518849269,29,0.6,5,True
1.2.826.0.1.3680043.8.498.11716730437469973434747875401501334429,pf_centre,94.068,-35.849,0.5,0.0883,1.835,1.2.826.0.1.3680043.8.498.39095862822423225171502337066434731574,36,3.3,1,True
1.2.826.0.1.3680043.8.498.11719502398697390809777045891822044637,pf_centre,91.905,-55.283,13.963,0.0792,1.33,1.2.826.0.1.3680043.8.498.82308380197687562468418335529158712949,40,3.3,1,True
1.2.826.0.1.3680043.8.498.11720535027022778971695130536590302635,pf_centre,-94.517,-58.696,0.623,0.0946,0.821,1.2.826.0.1.3680043.8.498.91368448255996345361867045597748617566,36,3.3,1,True
1.2.826.0.1.3680043.8.498.11720664166420613534218395854543939928,pf_centre,-68.85,-37.234,-28.83,0.1235,0.707,1.2.826.0.1.3680043.8.498.94933571072989574673458681870855373755,24,4.5,1,True
1.2.826.0.1.3680043.8.498.11722185671504770687850569082348083612,pf_centre,83.9,-23.132,-24.202,0.1176,1.351,1.2.826.0.1.3680043.8.498.74183351281975903116616312135489875849,30,3.3,1,True
1.2.826.0.1.3680043.8.498.11723286647024326363349453996818420374,pf_centre,85.136,-49.545,11.875,0.0827,2.826,1.2.826.0.1.3680043.8.498.16659012354170576571074928438068267669,36,3.3,1,True
1.2.826.0.1.3680043.8.498.11723945299462627737346907048285143063,pf_centre,143.109,-119.238,-52.478,0.0747,7.125,1.2.826.0.1.3680043.8.498.45839012883827155133741591710692736078,35,4.5,1,True
1.2.826.0.1.3680043.8.498.11725843001854130477287484865097535511,pf_centre,98.077,-67.315,-17.945,0.0599,4.69,1.2.826.0.1.3680043.8.498.63583288471734972919908861145629352914,30,4.4,1,True
1.2.826.0.1.3680043.8.498.11726452645519338341002251323463736083,pf_centre,-88.869,-57.96,12.669,0.0989,0.493,1.2.826.0.1.3680043.8.498.45553821873772680916063925305626354720,36,3.3,1,True
1.2.826.0.1.3680043.8.498.11738872955471637985947490962985266753,pf_centre,91.711,-58.308,10.656,0.0845,1.761,1.2.826.0.1.3680043.8.498.86081715224425882952148342040748199024,44,3.3,1,True
1.2.826.0.1.3680043.8.498.11751697254880722008245447197446027607,pf_centre,-97.929,-115.002,40.495,0.0569,9.223,1.2.826.0.1.3680043.8.498.98555813812900377524347193614735990949,36,5.0,1,True
1.2.826.0.1.3680043.8.498.11752091432368750506312921028559788225,pf_centre,82.37,-42.102,51.061,0.0897,1.65,1.2.826.0.1.3680043.8.498.27121009003564950503195859429664607941,36,3.3,1,True
1.2.826.0.1.3680043.8.498.11753067309373104365558887398441364695,pf_centre,-86.266,-68.027,24.095,0.0802,1.784,1.2.826.0.1.3680043.8.498.21456504595809477059991552936166915764,30,4.4,1,True
1.2.826.0.1.3680043.8.498.11762352496600661264881556836248251400,pf_centre,-97.365,-62.572,-18.789,0.0585,3.284,1.2.826.0.1.3680043.8.498.64553649286034703233270750935539955370,30,4.4,1,True
1.2.826.0.1.3680043.8.498.11762851510866726051342964961256680025,pf_centre,-20.376,-50.766,-1.823,0.0822,1.087,1.2.826.0.1.3680043.8.498.10029502290189977905668112003995443939,30,5.0,1,True
1.2.826.0.1.3680043.8.498.11770690655120964721059321709525979950,pf_centre,-152.479,-92.401,38.613,0.0412,1.67,1.2.826.0.1.3680043.8.498.12462812072477282160071382561598285270,22,6.195,1,True
1.2.826.0.1.3680043.8.498.11771393824519892797114773408583976756,pf_centre,-13.811,-37.555,5.751,0.1293,0.772,1.2.826.0.1.3680043.8.498.84820111452997120776541070690928490202,24,4.4,1,True
1.2.826.0.1.3680043.8.498.11775352515236862473778507708524782015,pf_centre,-112.2,-83.539,17.298,0.0923,3.045,1.2.826.0.1.3680043.8.498.11879842328445957013794795008704916170,30,3.6,1,True
1.2.826.0.1.3680043.8.498.11776647434143676427722616249587614803,pf_centre,-93.249,-15.854,3.674,0.0539,2.466,1.2.826.0.1.3680043.8.498.82220404992393429349124950924483669149,44,3.5,1,True
1.2.826.0.1.3680043.8.498.11779387602988880691008088661075117406,pf_centre,110.468,-31.479,10.741,0.0557,1.644,1.2.826.0.1.3680043.8.498.12610944382094841505589335023240419577,29,4.5,1,True
1.2.826.0.1.3680043.8.498.11783597160745641720078978406968189488,pf_centre,-76.003,-54.296,28.017,0.1136,3.314,1.2.826.0.1.3680043.8.498.30212169777744737761408860886885611210,20,5.0,1,True
1.2.826.0.1.3680043.8.498.11785138333495400389510795613252286069,pf_centre,-104.907,-68.262,17.181,0.0804,1.656,1.2.826.0.1.3680043.8.498.32492617860557613632099634248982925004,43,3.3,1,True
1.2.826.0.1.3680043.8.498.11786296135006283515679011075884245663,pf_centre,-72.661,-26.905,-9.328,0.1048,0.557,1.2.826.0.1.3680043.8.498.44817125693505410958840677842536371414,35,4.0,1,True
1.2.826.0.1.3680043.8.498.11786582806577871618290342375465595269,pf_centre,133.921,-71.267,-19.75,0.0666,3.156,1.2.826.0.1.3680043.8.498.24721329136275451740013498668431826553,30,4.4,1,True
1.2.826.0.1.3680043.8.498.11791028039098776993164396657149877483,pf_centre,-75.183,-74.628,4.052,0.0699,0.947,1.2.826.0.1.3680043.8.498.12246886798679468811733288571761884160,28,5.0,1,True
1.2.826.0.1.3680043.8.498.11791567830371683660578052737702299124,pf_centre,93.393,-58.082,2.735,0.087,1.0,1.2.826.0.1.3680043.8.498.68643217968240655781515731558585826660,35,4.4,1,True
1.2.826.0.1.3680043.8.498.11794753699425693678056056340551238033,pf_centre,-122.275,-62.882,8.586,0.0577,1.195,1.2.826.0.1.3680043.8.498.96854554906954972322396603940285467024,33,4.5,1,True
1.2.826.0.1.3680043.8.498.11796547950032543541071896156852778697,pf_centre,89.03,-53.095,4.359,0.1128,2.29,1.2.826.0.1.3680043.8.498.17170538579649104376355022891111930515,25,4.0,1,True
1.2.826.0.1.3680043.8.498.11798183157109435753679723596499976762,pf_centre,-85.129,-33.529,74.182,0.0251,9.701,1.2.826.0.1.3680043.8.498.37059536119189433268020615776630709383,32,4.52,1,True
1.2.826.0.1.3680043.8.498.11799272823743145498601173910069737855,pf_centre,66.979,-22.579,5.63,0.056,1.705,1.2.826.0.1.3680043.8.498.11605720713022045758347463845571203520,40,3.3,1,True
1.2.826.0.1.3680043.8.498.11803762390999881908101130422708589537,pf_centre,-111.27,-45.351,26.924,0.0379,0.853,1.2.826.0.1.3680043.8.498.22513442751695337148949437631643464066,33,4.5,1,True
1.2.826.0.1.3680043.8.498.11804799183537166337413388415687675758,pf_centre,-106.08,-61.943,-3.871,0.092,1.024,1.2.826.0.1.3680043.8.498.59489389374059675889908456806884165681,32,3.6,1,True
1.2.826.0.1.3680043.8.498.11805131119810457174456565128522037991,pf_centre,114.606,-87.096,-0.914,0.0648,1.555,1.2.826.0.1.3680043.8.498.13234334803512307271241679872308601612,40,3.3,1,True
1.2.826.0.1.3680043.8.498.11807494462283790976935891042637502434,pf_centre,125.509,-79.134,-6.913,0.0637,2.278,1.2.826.0.1.3680043.8.498.72369234236665784150989419166146217235,30,4.4,1,True
1.2.826.0.1.3680043.8.498.11812607848520072826145426247813670653,pf_centre,-75.93,10.76,0.424,0.0692,2.798,1.2.826.0.1.3680043.8.498.68745329426797900119745170516653245129,44,3.3,1,True
1.2.826.0.1.3680043.8.498.11814923363609140180293604689814785969,pf_centre,-67.775,-34.175,20.813,0.0804,1.173,1.2.826.0.1.3680043.8.498.97839781672041209962373902597617709176,30,3.3,1,True
1.2.826.0.1.3680043.8.498.11823120042104793954689778719229868108,pf_centre,-84.369,-30.168,-1.338,0.0623,7.392,1.2.826.0.1.3680043.8.498.40956047582708391748396390790140492302,36,3.3,1,True
1.2.826.0.1.3680043.8.498.11830915612184936576804778995164042200,pf_centre,-81.467,-27.923,1.4,0.1177,2.564,1.2.826.0.1.3680043.8.498.13335603912366114792670076738508292135,30,3.3,1,True
1.2.826.0.1.3680043.8.498.11836929166973549727078374306175992474,pf_centre,-114.818,-70.522,-22.211,0.0614,1.845,1.2.826.0.1.3680043.8.498.80582839735061651292975374264947743417,30,4.4,1,True
1.2.826.0.1.3680043.8.498.11848828525319749834876185415845381479,pf_centre,-85.654,-39.938,11.031,0.0892,4.221,1.2.826.0.1.3680043.8.498.81975283709907310568981233914194908936,40,3.3,1,True
1.2.826.0.1.3680043.8.498.11851285389689341495961233129719325417,pf_centre,-119.121,-80.606,-3.863,0.0568,0.884,1.2.826.0.1.3680043.8.498.34953035672207213080853502978756070396,48,3.3,1,True
1.2.826.0.1.3680043.8.498.11851412923016044948101698015974810604,pf_centre,-63.285,-49.189,16.97,0.0772,2.375,1.2.826.0.1.3680043.8.498.43694888338048703729850099846765930063,40,3.51,1,True
1.2.826.0.1.3680043.8.498.11860731961337988611847638299761007498,pf_centre,75.32,-87.252,-1.075,0.0911,1.741,1.2.826.0.1.3680043.8.498.76609325392565675716609703152017291919,29,0.6,5,True
1.2.826.0.1.3680043.8.498.11863890747360341056211511874563792862,pf_centre,75.86,8.676,22.299,0.0801,1.368,1.2.826.0.1.3680043.8.498.84400464023232598434227952000666402254,40,3.5,1,True
1.2.826.0.1.3680043.8.498.11867198902144602395671904591496233129,pf_centre,-89.391,-98.513,13.125,0.0619,1.185,1.2.826.0.1.3680043.8.498.22460211714375534713354977697684334277,36,3.85,1,True
1.2.826.0.1.3680043.8.498.11868154141292577776796381772987549697,pf_centre,114.305,-58.479,38.926,0.0243,2.895,1.2.826.0.1.3680043.8.498.12587906820354793918744585217334954300,33,4.5,1,True
1.2.826.0.1.3680043.8.498.11868389442143514705330687746274512632,pf_centre,84.728,-79.021,13.053,0.1333,1.092,1.2.826.0.1.3680043.8.498.41908579102349094319446923791627707469,29,0.6,5,True
1.2.826.0.1.3680043.8.498.11871142388984150456249558619289234011,pf_centre,118.063,-79.034,16.283,0.0617,1.962,1.2.826.0.1.3680043.8.498.10057757335570259591178337456213772366,40,3.3,1,True
1.2.826.0.1.3680043.8.498.11878847808072119549790690649256090471,pf_centre,-88.647,-38.705,-0.531,0.0298,4.603,1.2.826.0.1.3680043.8.498.57816138119660072695941068819075471088,38,3.6,1,True
1.2.826.0.1.3680043.8.498.11880385031047315524154761508473409762,pf_centre,102.523,-24.682,-8.886,0.1029,1.489,1.2.826.0.1.3680043.8.498.99160632836031308462290461652454117368,30,3.3,1,True
1.2.826.0.1.3680043.8.498.11881735311125899170335963782017197184,pf_centre,-85.555,-74.885,28.834,0.1116,1.764,1.2.826.0.1.3680043.8.498.64866236535776191115859055205894427739,22,0.6,6,True
1.2.826.0.1.3680043.8.498.11887143891500181344364122992066593229,pf_centre,89.83,-47.129,13.898,0.088,1.594,1.2.826.0.1.3680043.8.498.56318267394785019313631900198415796279,36,3.3,1,True
1.2.826.0.1.3680043.8.498.11892908237449514945544380023820626319,pf_centre,91.652,-81.669,-35.703,0.0585,2.266,1.2.826.0.1.3680043.8.498.20689283201380418378456141393846511923,30,3.9,1,True
1.2.826.0.1.3680043.8.498.11897083656099489353496670273111097794,pf_centre,79.091,-5.569,-0.59,0.1156,1.101,1.2.826.0.1.3680043.8.498.12370728879814998165634780468119567791,28,4.64,1,True
1.2.826.0.1.3680043.8.498.11900355716044995266104285198121445744,pf_centre,102.336,-40.267,-25.087,0.1333,0.936,1.2.826.0.1.3680043.8.498.65949343165754276499737681557922635690,22,4.5,1,True
1.2.826.0.1.3680043.8.498.11901474252960403779405194385221103673,pf_centre,93.937,-49.543,-29.943,0.0612,2.701,1.2.826.0.1.3680043.8.498.18225856908710909605728128704869844805,38,3.6,1,True
1.2.826.0.1.3680043.8.498.11902464730418099436837163594625541861,pf_centre,-82.721,-80.542,-13.721,0.1179,1.16,1.2.826.0.1.3680043.8.498.90249526383563833593394098335236390753,26,0.6,5,True
1.2.826.0.1.3680043.8.498.11904156585987383639134967886361403369,pf_centre,-70.054,-94.777,10.562,0.104,2.227,1.2.826.0.1.3680043.8.498.42174711069316276116447691870606135278,30,0.6,6,True
1.2.826.0.1.3680043.8.498.11905397531490569218559534495408776672,pf_centre,99.048,-83.206,-12.785,0.1162,1.749,1.2.826.0.1.3680043.8.498.87753470509510140680705588542790701457,22,0.6,6,True
1.2.826.0.1.3680043.8.498.11906266535122698149967624908585010734,pf_centre,54.976,-39.24,17.124,0.109,4.425,1.2.826.0.1.3680043.8.498.49736684438569190684699777814575056960,21,5.0,1,True
1.2.826.0.1.3680043.8.498.11909779134152823550896593167929611759,pf_centre,-74.113,-69.563,-13.241,0.0639,1.283,1.2.826.0.1.3680043.8.498.10381872188120320819003885277362704997,38,3.6,1,True
1.2.826.0.1.3680043.8.498.11911688823908554151914734938172012708,pf_centre,-6.809,-46.557,8.356,0.0732,1.66,1.2.826.0.1.3680043.8.498.11674995492707382870604541483021007333,24,4.4,1,True
1.2.826.0.1.3680043.8.498.11912276256810863127132294167870461707,pf_centre,8.739,-39.436,7.979,0.0927,1.065,1.2.826.0.1.3680043.8.498.28044433299531804966246977866753733475,28,4.0,1,True
1.2.826.0.1.3680043.8.498.11912618147674655465071922267060032851,pf_centre,78.15,-67.362,0.096,0.043,1.174,1.2.826.0.1.3680043.8.498.26546507790700727073127070578028218107,38,3.6,1,True
1.2.826.0.1.3680043.8.498.11915933561045570822185908784072057715,pf_centre,-69.476,-75.144,41.35,0.0425,3.65,1.2.826.0.1.3680043.8.498.81791042854520770346492315921396318051,42,3.6,1,True
1.2.826.0.1.3680043.8.498.11915937982684988073644209606907169581,pf_centre,-102.174,-64.922,40.359,0.0683,2.662,1.2.826.0.1.3680043.8.498.64673316729830153768997702312444992482,40,3.3,1,True
1.2.826.0.1.3680043.8.498.11919420571588879483419578078755803351,pf_centre,132.558,-107.615,-15.351,0.0435,0.948,1.2.826.0.1.3680043.8.498.82264408332345385197032726261899556939,35,4.5,1,True
1.2.826.0.1.3680043.8.498.11920026019322352546372153111621676066,pf_centre,113.116,-98.0,8.897,0.0976,1.227,1.2.826.0.1.3680043.8.498.37713262116361900993748987209685113911,27,0.6,6,True
1.2.826.0.1.3680043.8.498.11920531053482540304184657218030242597,pf_centre,-92.771,-85.168,12.447,0.0621,2.617,1.2.826.0.1.3680043.8.498.40972426236379970149838803059529864743,25,5.5,1,True
1.2.826.0.1.3680043.8.498.11923218013055841952315996726408812182,pf_centre,-88.267,-40.129,6.96,0.0759,1.597,1.2.826.0.1.3680043.8.498.75845080461638849813657848365297011106,36,3.3,1,True
1.2.826.0.1.3680043.8.498.11924999889245769866426422681253524920,pf_centre,-113.018,-92.515,23.007,0.0643,9.432,1.2.826.0.1.3680043.8.498.13308545092523025146507120149148250355,30,3.6,1,True
1.2.826.0.1.3680043.8.498.11926412946593048423086380882538180028,pf_centre,82.976,-1.902,3.262,0.0825,1.935,1.2.826.0.1.3680043.8.498.92329289362168741989208703051662276509,40,3.5,1,True
1.2.826.0.1.3680043.8.498.11927352926669104658144933891780551483,pf_centre,-99.139,-91.772,-8.764,0.1052,1.132,1.2.826.0.1.3680043.8.498.72883568688380751038053576973000472221,21,4.4,1,True
1.2.826.0.1.3680043.8.498.11934483804567594363179973225449686890,pf_centre,-86.461,-51.003,10.651,0.0598,1.155,1.2.826.0.1.3680043.8.498.66465571253371823642110837773853980041,30,3.9,1,True
1.2.826.0.1.3680043.8.498.11935116791150327546384719051023540185,pf_centre,-30.096,-45.313,44.53,0.0632,1.21,1.2.826.0.1.3680043.8.498.23752797444834730620906268793760654811,30,5.0,1,True
1.2.826.0.1.3680043.8.498.11935893582662912138522962760478513770,pf_centre,-121.655,-112.226,22.369,0.0411,12.89,1.2.826.0.1.3680043.8.498.12989172756167506158170308173292158963,47,0.9,4,True
1.2.826.0.1.3680043.8.498.11937911933281010146897685679862930140,pf_centre,-115.725,-103.495,-27.108,0.0412,4.335,1.2.826.0.1.3680043.8.498.29283985635147289288145571508136126752,47,0.9,4,True
1.2.826.0.1.3680043.8.498.11938864543152001817866013174907274014,pf_centre,-126.277,-41.806,18.358,0.0667,3.774,1.2.826.0.1.3680043.8.498.10252306463132736006385100230606340656,30,3.3,1,True
1.2.826.0.1.3680043.8.498.11944762815616453054528091721553484857,pf_centre,-42.033,-59.295,2.43,0.0742,1.553,1.2.826.0.1.3680043.8.498.48967576305671178839789355196296917426,30,3.5,1,True
1.2.826.0.1.3680043.8.498.11954711639198972958656966617027374769,pf_centre,-40.004,-38.763,11.881,0.0101,59.496,1.2.826.0.1.3680043.8.498.12545239919751739193129050703745175704,19,5.0,1,True
1.2.826.0.1.3680043.8.498.11956771495610267604936834092317960600,pf_centre,100.152,-63.57,-15.092,0.0676,1.388,1.2.826.0.1.3680043.8.498.90693794192387240994271966038102102821,40,3.6,1,True
1.2.826.0.1.3680043.8.498.11957476321850340968244508976719889277,pf_centre,80.835,-26.239,32.025,0.0167,4.224,1.2.826.0.1.3680043.8.498.40739724050720909659438071267170308202,35,4.5,1,True
1.2.826.0.1.3680043.8.498.11958117172819754862618612170999909480,pf_centre,38.54,-41.169,0.183,0.1084,2.384,1.2.826.0.1.3680043.8.498.51713818650005470298482697915344613192,20,5.0,1,True
1.2.826.0.1.3680043.8.498.11964826300307458382604479841253457304,pf_centre,-106.603,-95.791,16.571,0.0893,2.877,1.2.826.0.1.3680043.8.498.15889566039883165067353236284952567659,36,3.3,1,True
1.2.826.0.1.3680043.8.498.11964919539297578836040550782883323317,pf_centre,86.346,-49.131,-1.093,0.1065,2.603,1.2.826.0.1.3680043.8.498.87131673949236744357645621445387860532,27,4.8,1,True
1.2.826.0.1.3680043.8.498.11977465062890611952998635094033472451,pf_centre,-117.374,14.382,-16.085,0.0755,1.01,1.2.826.0.1.3680043.8.498.27125959433145660018299857973998307803,35,3.3,1,True
1.2.826.0.1.3680043.8.498.11979034558288454336812613626594510186,pf_centre,42.723,-26.506,-0.63,0.0957,0.824,1.2.826.0.1.3680043.8.498.13307121793006748421276365930095466341,19,5.0,1,True
1.2.826.0.1.3680043.8.498.11979906027101464432999416052202616662,pf_centre,90.264,40.062,-23.664,0.0646,2.251,1.2.826.0.1.3680043.8.498.10316447045175393554621934984365782335,30,4.4,1,True
1.2.826.0.1.3680043.8.498.11980187124986749407584543247586384443,pf_centre,121.765,-89.49,17.516,0.0702,1.855,1.2.826.0.1.3680043.8.498.24925629863365255067700272474449100003,30,4.4,1,True
1.2.826.0.1.3680043.8.498.11980805687949950504930975019161587970,pf_centre,-142.679,-109.578,13.023,0.0585,1.775,1.2.826.0.1.3680043.8.498.59709328614706078319035061357204928503,29,4.5,1,True
1.2.826.0.1.3680043.8.498.11981170645605720774509861722988500673,pf_centre,85.812,-88.626,10.675,0.1173,1.271,1.2.826.0.1.3680043.8.498.57564434446504861354801180053246421347,26,0.6,5,True
1.2.826.0.1.3680043.8.498.11988551795896617815207749665102049499,pf_centre,89.538,-49.93,15.615,0.0866,1.134,1.2.826.0.1.3680043.8.498.48577986385478681225329495686830738076,36,3.3,1,True
1.2.826.0.1.3680043.8.498.11991512352474459753052051071717622771,pf_centre,110.557,-44.648,-41.065,0.078,1.63,1.2.826.0.1.3680043.8.498.99185669013745770421639253295675573108,44,4.0,1,True
1.2.826.0.1.3680043.8.498.11992172807590757302730513420827032389,pf_centre,-123.618,-100.403,-6.863,0.0894,4.429,1.2.826.0.1.3680043.8.498.11564126598785532318683934647765839774,18,7.495,1,True
1.2.826.0.1.3680043.8.498.11999008448480965933785988718780864948,pf_centre,-75.569,-53.604,20.463,0.0608,2.459,1.2.826.0.1.3680043.8.498.27345086264014171753183296821228480171,40,3.6,1,True
1.2.826.0.1.3680043.8.498.12005327370242618323737652892230673473,pf_centre,-107.133,-107.683,-7.575,0.0983,1.245,1.2.826.0.1.3680043.8.498.31402573432321625735253810458733801739,21,5.4,1,True
1.2.826.0.1.3680043.8.498.12006027138204983547873134458107233878,pf_centre,83.792,-53.628,32.041,0.0995,1.18,1.2.826.0.1.3680043.8.498.53694460185787479263402023661402824793,30,3.9,1,True
1.2.826.0.1.3680043.8.498.12007335335641704192494936946829650792,pf_centre,117.885,-93.607,70.948,0.0894,0.948,1.2.826.0.1.3680043.8.498.29371746826583094116091495848734784482,28,4.5,1,True
1.2.826.0.1.3680043.8.498.12009816058271421855131593296751372723,pf_centre,-118.298,-58.764,27.068,0.0875,1.016,1.2.826.0.1.3680043.8.498.73069660406894528786763755352421104272,40,3.3,1,True
1.2.826.0.1.3680043.8.498.12010150865087936209475730225377000084,pf_centre,70.164,-40.117,-23.427,0.1169,0.98,1.2.826.0.1.3680043.8.498.12842299952590926012019401479686841957,29,4.5,1,True
1.2.826.0.1.3680043.8.498.12014959202771141042815134335571931814,pf_centre,-86.077,-65.603,-29.558,0.0814,2.428,1.2.826.0.1.3680043.8.498.51733247994199038662971710586486776890,43,3.3,1,True
1.2.826.0.1.3680043.8.498.12015406188790105426257083591807220760,pf_centre,87.044,-30.791,-12.244,0.0967,1.206,1.2.826.0.1.3680043.8.498.66170346602565959357047922555459042050,30,3.3,1,True
1.2.826.0.1.3680043.8.498.12026457191304650188547548517205757122,pf_centre,87.843,-37.826,39.574,0.0848,1.488,1.2.826.0.1.3680043.8.498.73346500929245351193347002887103612552,30,3.9,1,True
1.2.826.0.1.3680043.8.498.12031315219947933845048665397149229969,pf_centre,-120.189,-57.999,-18.085,0.0082,4.61,1.2.826.0.1.3680043.8.498.41778583210906204872994103436434468916,30,4.4,1,True
1.2.826.0.1.3680043.8.498.12034579945815402722591687609951730205,pf_centre,81.877,-52.102,44.958,0.0737,1.428,1.2.826.0.1.3680043.8.498.12482607885143844244130943561085157178,38,3.6,1,True
1.2.826.0.1.3680043.8.498.12036404333388388978317335770611404933,pf_centre,-72.762,-56.585,30.168,0.0622,2.227,1.2.826.0.1.3680043.8.498.94252767460837127347682055453375596054,30,4.55,1,True
1.2.826.0.1.3680043.8.498.12041392088066705782960819598258792338,pf_centre,80.532,-91.221,26.376,0.0853,0.914,1.2.826.0.1.3680043.8.498.13576296382891878329131320984691662145,33,3.85,1,True
1.2.826.0.1.3680043.8.498.12041491173612341571223481616114183729,pf_centre,96.658,-81.523,5.402,0.0898,1.92,1.2.826.0.1.3680043.8.498.18583936173644733857301345453323463261,32,0.6,6,True
1.2.826.0.1.3680043.8.498.12045300645580015230470991493790324857,pf_centre,-75.342,-19.025,-5.384,0.1102,0.918,1.2.826.0.1.3680043.8.498.10049652568021778646861430531680266367,28,4.5,1,True
1.2.826.0.1.3680043.8.498.12050415099056648944934039580585859179,pf_centre,-88.956,-102.491,24.344,0.0914,1.077,1.2.826.0.1.3680043.8.498.86643373703080488194155952873077944827,32,0.6,5,True
1.2.826.0.1.3680043.8.498.12051169109587120248372991913002670813,pf_centre,-80.875,-63.518,-50.499,0.0531,1.48,1.2.826.0.1.3680043.8.498.63795205963989284926028964198225914441,30,4.4,1,True
1.2.826.0.1.3680043.8.498.12054099347723802635102026371218576198,pf_centre,120.124,-69.242,18.242,0.0832,1.699,1.2.826.0.1.3680043.8.498.96253562072655557568736397607422130304,35,3.5,1,True
1.2.826.0.1.3680043.8.498.12063742398421783626420335095128808816,pf_centre,102.542,-77.844,22.078,0.0791,1.405,1.2.826.0.1.3680043.8.498.11649442246379355811980089014439180970,24,4.743,1,True
1.2.826.0.1.3680043.8.498.12064822036518837577612019712902340953,pf_centre,85.596,-8.972,8.015,0.0885,2.105,1.2.826.0.1.3680043.8.498.51583327743594349624349783127949429613,25,5.0,1,True
1.2.826.0.1.3680043.8.498.12067625141402105065337444349201280606,pf_centre,-74.44,-43.308,14.575,0.0397,8.255,1.2.826.0.1.3680043.8.498.46810323340285571161800733440702240586,36,3.85,1,True
1.2.826.0.1.3680043.8.498.12068674252637046261029360607215822017,pf_centre,105.201,-47.649,26.202,0.0614,1.402,1.2.826.0.1.3680043.8.498.13424389518361772372956394685368606048,33,4.5,1,True
1.2.826.0.1.3680043.8.498.12071998470084955703027522152040042364,pf_centre,-114.207,-24.922,6.505,0.0494,1.992,1.2.826.0.1.3680043.8.498.10810637251875830836749111155207745792,44,3.5,1,True
1.2.826.0.1.3680043.8.498.12073401429398042797505820525732905336,pf_centre,-75.286,-31.664,-21.656,0.0726,0.93,1.2.826.0.1.3680043.8.498.70459438881844960296661655321704914548,45,3.3,1,True
1.2.826.0.1.3680043.8.498.12092744899746753313905432642371563786,pf_centre,-104.496,-63.771,-1.759,0.0537,0.957,1.2.826.0.1.3680043.8.498.18073890757845468380664337390217909480,30,4.4,1,True
1.2.826.0.1.3680043.8.498.12095779329738382018467257299597656491,pf_centre,-14.067,-42.931,2.132,0.0951,1.755,1.2.826.0.1.3680043.8.498.72992997928004163031465132625232119439,26,4.4,1,True
1.2.826.0.1.3680043.8.498.12098718763390783455090805975786780205,pf_centre,117.267,-51.901,15.137,0.0809,1.967,1.2.826.0.1.3680043.8.498.23656375959234062304608797464386760282,33,4.5,1,True
1.2.826.0.1.3680043.8.498.12100254887364913022980951672127944515,pf_centre,108.429,-79.758,76.893,0.0737,2.248,1.2.826.0.1.3680043.8.498.11166215740865134881264727284339566626,24,6.0,1,True
1.2.826.0.1.3680043.8.498.12104799278874963688461235330096856415,pf_centre,89.185,-70.819,18.958,0.0604,2.127,1.2.826.0.1.3680043.8.498.92888546700095706998698548407511315565,38,3.6,1,True
1.2.826.0.1.3680043.8.498.12106775587428595108771304868101362618,pf_centre,6.853,-55.502,-7.5,0.0499,10.618,1.2.826.0.1.3680043.8.498.12124219007849475701598543530023432315,33,5.0,1,True
1.2.826.0.1.3680043.8.498.12107680313133383587522762626929218051,pf_centre,-7.971,-38.436,5.028,0.096,1.395,1.2.826.0.1.3680043.8.498.10636467190471602958350165476426474085,28,4.3,1,True
1.2.826.0.1.3680043.8.498.12110510829608190094905588610131531103,pf_centre,76.005,-64.62,-19.618,0.0666,1.772,1.2.826.0.1.3680043.8.498.12004652643723822610989961674633195688,30,4.4,1,True
1.2.826.0.1.3680043.8.498.12117377043894182951345966247899775612,pf_centre,-85.851,-76.701,-1.185,0.0541,1.125,1.2.826.0.1.3680043.8.498.31865745507046166492274468137731567199,32,3.6,1,True
1.2.826.0.1.3680043.8.498.12130605331118953242364684736005454581,pf_centre,-75.213,-63.671,48.067,0.0805,1.434,1.2.826.0.1.3680043.8.498.59535920928440388209878697425271097435,40,3.3,1,True
1.2.826.0.1.3680043.8.498.12130868132537772155475981935868588761,pf_centre,-86.128,-78.228,34.869,0.0576,3.576,1.2.826.0.1.3680043.8.498.20392459991569726270179997653951048141,30,3.6,1,True
1.2.826.0.1.3680043.8.498.12131866860554871145836544571379633595,pf_centre,-115.205,-69.153,-13.937,0.0742,1.438,1.2.826.0.1.3680043.8.498.72843623161682532155055544583973175044,30,4.4,1,True
1.2.826.0.1.3680043.8.498.12132814192991105841939278718608095213,pf_centre,123.269,-81.229,-2.071,0.0938,2.955,1.2.826.0.1.3680043.8.498.12552431439683834741331559006974197171,30,4.4,1,True
1.2.826.0.1.3680043.8.498.12135456587022560662140325717612726990,pf_centre,72.302,-41.748,2.886,0.0765,3.12,1.2.826.0.1.3680043.8.498.12837966021491972334579149948952416610,38,3.6,1,True
1.2.826.0.1.3680043.8.498.12137739162059836759686062882514824614,pf_centre,107.514,-81.269,28.043,0.0903,2.671,1.2.826.0.1.3680043.8.498.35093308775159271160405707495477600818,22,5.8,1,True
1.2.826.0.1.3680043.8.498.12139829070290803654867114374799823711,pf_centre,-48.227,-92.807,-19.597,0.1153,2.095,1.2.826.0.1.3680043.8.498.73087777177687731099762802427950701940,25,3.3,1,True
1.2.826.0.1.3680043.8.498.12148236440353424874546037143134438088,pf_centre,-98.042,-88.354,-52.979,0.1238,1.803,1.2.826.0.1.3680043.8.498.12792512126227846784502519288055230374,32,0.6,5,True
1.2.826.0.1.3680043.8.498.12150502202634860887314001818431257267,pf_centre,-97.761,-37.841,-1.263,0.1302,0.909,1.2.826.0.1.3680043.8.498.64599829814630877667915788027059760621,26,4.0,1,True
1.2.826.0.1.3680043.8.498.12153755823296803843819361055386265595,pf_centre,107.015,-86.579,14.592,0.1041,1.18,1.2.826.0.1.3680043.8.498.62443695371874371268228550248878411466,32,3.3,1,True
1.2.826.0.1.3680043.8.498.12154188739734505793699974626991872621,pf_centre,95.273,-92.398,0.92,0.1037,1.747,1.2.826.0.1.3680043.8.498.75485821271239888784604260566599103974,29,0.6,5,True
1.2.826.0.1.3680043.8.498.12158630368692962312115489365152319457,pf_centre,110.658,-35.58,-3.696,0.0913,2.059,1.2.826.0.1.3680043.8.498.66699515004245949765095445109492968741,36,3.3,1,True
1.2.826.0.1.3680043.8.498.12160065317167766993207036411434801297,pf_centre,-87.8,-82.6,14.533,0.114,1.702,1.2.826.0.1.3680043.8.498.46294431808464921956878816136471061601,22,0.6,6,True
1.2.826.0.1.3680043.8.498.12165893434332227221101266719291133169,pf_centre,-102.579,-86.603,22.138,0.0535,0.791,1.2.826.0.1.3680043.8.498.54084173905869134657293347020637606278,40,3.3,1,True
1.2.826.0.1.3680043.8.498.12166081590548185636776183599317715045,pf_centre,-78.609,-46.704,21.538,0.0706,3.752,1.2.826.0.1.3680043.8.498.92861995787799571699733419945236448742,38,3.6,1,True
1.2.826.0.1.3680043.8.498.12166235678892893545054546864889743251,pf_centre,85.03,-46.73,-17.549,0.0737,1.41,1.2.826.0.1.3680043.8.498.87748493982105704395556756012707281768,38,3.6,1,True
1.2.826.0.1.3680043.8.498.12168045829469202472124733625621943469,pf_centre,-63.679,-43.417,-16.268,0.1095,1.036,1.2.826.0.1.3680043.8.498.98675776690771869141356240669824507408,36,3.3,1,True
1.2.826.0.1.3680043.8.498.12170753305862973517190756418865414984,pf_centre,-119.674,-104.338,6.713,0.0626,6.608,1.2.826.0.1.3680043.8.498.69601936141665045530455543548938793653,24,5.2,1,True
1.2.826.0.1.3680043.8.498.12171469604213841534511019872648327851,pf_centre,-109.689,-79.391,2.595,0.0623,1.01,1.2.826.0.1.3680043.8.498.43818070203813490028408561368715633576,48,3.3,1,True
1.2.826.0.1.3680043.8.498.12171790864123519428649395041090102217,pf_centre,113.629,-85.398,45.06,0.0688,9.155,1.2.826.0.1.3680043.8.498.11562258343248620698507051102956222844,40,3.3,1,True
1.2.826.0.1.3680043.8.498.12176466551281285838907773521868954581,pf_centre,-81.557,-40.766,-10.166,0.0766,0.946,1.2.826.0.1.3680043.8.498.11440608443353712209397204914021665670,36,3.3,1,True
1.2.826.0.1.3680043.8.498.12176469158911896593955662590695392044,pf_centre,86.693,-54.078,29.531,0.0752,2.715,1.2.826.0.1.3680043.8.498.57399180085320839151458997589382886545,34,4.2,1,True
1.2.826.0.1.3680043.8.498.12178921459424917661210327999672203211,pf_centre,112.723,-70.191,24.177,0.0763,2.68,1.2.826.0.1.3680043.8.498.60066159591433036782201381872265555952,32,4.5,1,True
1.2.826.0.1.3680043.8.498.12181591358572249491885248089245858515,pf_centre,-72.982,-46.387,34.994,0.1012,0.811,1.2.826.0.1.3680043.8.498.12033703837096607495226239532985097096,28,4.5,1,True
1.2.826.0.1.3680043.8.498.12182309401920763498667366352681074302,pf_centre,-79.29,-88.946,3.937,0.1369,2.02,1.2.826.0.1.3680043.8.498.13405876553136147461982222484731784457,24,0.6,6,True
1.2.826.0.1.3680043.8.498.12185615973620890770158935333033805789,pf_centre,-104.082,-50.21,14.052,0.0757,1.006,1.2.826.0.1.3680043.8.498.99463040379296740704232119345148212083,40,3.3,1,True
1.2.826.0.1.3680043.8.498.12186494601308291174548814564387764515,pf_centre,71.284,-37.748,12.879,0.0832,3.703,1.2.826.0.1.3680043.8.498.52942633872465110525768844994207294027,30,4.55,1,True
1.2.826.0.1.3680043.8.498.12189863023888657759738596583562992408,pf_centre,26.261,-30.974,30.704,0.0636,2.317,1.2.826.0.1.3680043.8.498.12667524418905322526199073495762335597,32,4.5,1,True
1.2.826.0.1.3680043.8.498.12192455583120681639582915365754780698,pf_centre,121.594,-80.61,-14.864,0.0496,1.543,1.2.826.0.1.3680043.8.498.29238191394047385723760920679322492984,30,4.4,1,True
1.2.826.0.1.3680043.8.498.12195007606427082866449558290311905939,pf_centre,-115.614,-70.705,16.71,0.0674,1.065,1.2.826.0.1.3680043.8.498.32562983956115855488691329373720169023,18,7.126,1,True
1.2.826.0.1.3680043.8.498.12195090472992304712555822541659656360,pf_centre,102.48,-50.684,-5.111,0.0706,1.277,1.2.826.0.1.3680043.8.498.12217101994136498325795912273079861517,33,4.1,1,True
1.2.826.0.1.3680043.8.498.12200672323103829956274910258854933266,pf_centre,28.538,-38.447,8.971,0.078,0.722,1.2.826.0.1.3680043.8.498.35627722864772141600756615299594832111,30,4.2,1,True
1.2.826.0.1.3680043.8.498.12201598444731259697380878112783653796,pf_centre,108.104,-74.77,24.494,0.075,0.688,1.2.826.0.1.3680043.8.498.85406638303322326638751092511005200266,35,3.5,1,True
1.2.826.0.1.3680043.8.498.12202865491511254130359509254373393681,pf_centre,-87.385,10.986,45.618,0.0904,2.149,1.2.826.0.1.3680043.8.498.10638001299584095987610489929510929782,22,5.5,1,True
1.2.826.0.1.3680043.8.498.12207279366369605175255203969558548753,pf_centre,92.599,-54.321,8.529,0.0579,1.045,1.2.826.0.1.3680043.8.498.10336405823401566804045315181443406949,36,3.3,1,True
1.2.826.0.1.3680043.8.498.12208986088767216690584621773389997968,pf_centre,-77.832,-70.619,1.434,0.0585,0.57,1.2.826.0.1.3680043.8.498.37255696679228054374930933633924446109,30,4.4,1,True
1.2.826.0.1.3680043.8.498.12215902620611618183321984433114460986,pf_centre,-79.076,-43.548,16.58,0.0638,1.592,1.2.826.0.1.3680043.8.498.13042339347066750863315740638406205961,30,4.55,1,True
1.2.826.0.1.3680043.8.498.12219658385745696203053079500246399481,pf_centre,-121.566,-93.245,27.599,0.0676,1.262,1.2.826.0.1.3680043.8.498.10785490151346848997432767064917348210,36,3.3,1,True
1.2.826.0.1.3680043.8.498.12221892384948220776502422531414659289,pf_centre,82.501,-43.68,10.697,0.08,0.924,1.2.826.0.1.3680043.8.498.50944244605347020475788763096816895862,40,3.3,1,True
1.2.826.0.1.3680043.8.498.12225975251304101975065271521710735735,pf_centre,-103.779,-88.199,28.863,0.0719,0.933,1.2.826.0.1.3680043.8.498.68745831078096610324595520031104270087,35,4.0,1,True
1.2.826.0.1.3680043.8.498.12229628534316014336864328244217875465,pf_centre,-74.828,-44.862,4.236,0.0967,1.81,1.2.826.0.1.3680043.8.498.10105817235318405243669971031536329573,28,4.5,1,True
1.2.826.0.1.3680043.8.498.12232127448545053821926845887026738988,pf_centre,-71.139,-37.212,24.615,0.0771,1.702,1.2.826.0.1.3680043.8.498.86191857401423456682354712513125815433,36,3.3,1,True
1.2.826.0.1.3680043.8.498.12238753439953831519247789198174756615,pf_centre,119.292,-87.208,68.249,0.0677,2.47,1.2.826.0.1.3680043.8.498.58607832141470727812909466054320117251,40,3.3,1,True
1.2.826.0.1.3680043.8.498.12238865510201989224648662550299925120,pf_centre,-86.498,-38.464,-36.07,0.0787,0.561,1.2.826.0.1.3680043.8.498.67383840232122570305852995056076986372,36,3.3,1,True
1.2.826.0.1.3680043.8.498.12241413500128553133597113709525575494,pf_centre,-92.325,-70.915,36.559,0.0598,0.66,1.2.826.0.1.3680043.8.498.92658717652212066844692366289075377493,40,3.3,1,True
1.2.826.0.1.3680043.8.498.12242172267695588655664456078003635837,pf_centre,128.594,-103.302,1.786,0.087,2.291,1.2.826.0.1.3680043.8.498.69896442556910516142264335645309498716,24,6.0,1,True
1.2.826.0.1.3680043.8.498.12243764506921404196245986681613075136,pf_centre,-63.729,-23.842,-7.412,0.1096,2.321,1.2.826.0.1.3680043.8.498.73157749419812528762190923180818747936,28,4.64,1,True
1.2.826.0.1.3680043.8.498.12245760386130805526409111049874664817,pf_centre,83.017,-52.532,39.367,0.0949,1.48,1.2.826.0.1.3680043.8.498.12361403760858458165556495989568081707,30,3.9,1,True
1.2.826.0.1.3680043.8.498.12246086238999179953298261549112671014,pf_centre,122.486,-20.004,-24.902,0.0879,1.292,1.2.826.0.1.3680043.8.498.62664900114544925434949878764949844024,30,3.3,1,True
1.2.826.0.1.3680043.8.498.12248983667596865960950671947508678392,pf_centre,94.704,-31.771,-7.068,0.1137,1.84,1.2.826.0.1.3680043.8.498.41654501116010320842130796487728238778,31,3.3,1,True
1.2.826.0.1.3680043.8.498.12256365473385257798561212457071712327,pf_centre,-84.744,-45.577,40.52,0.0689,2.368,1.2.826.0.1.3680043.8.498.16652685328012622124543054841874861090,33,4.5,1,True
1.2.826.0.1.3680043.8.498.12257119852150088212071954292747252243,pf_centre,113.81,-104.056,-28.224,0.0931,11.163,1.2.826.0.1.3680043.8.498.40357522486441610718951357500453507247,22,4.5,1,True
1.2.826.0.1.3680043.8.498.12257484608743859456600273083454447341,pf_centre,-116.378,-104.997,13.465,0.0556,4.25,1.2.826.0.1.3680043.8.498.10437966082009605497527537047854919952,40,3.3,1,True
1.2.826.0.1.3680043.8.498.12259896940707176389739553110492954399,pf_centre,-55.654,-54.262,1.378,0.0847,1.49,1.2.826.0.1.3680043.8.498.10603817152232917993904287377967073692,20,5.0,1,True
1.2.826.0.1.3680043.8.498.12260661730837055872432103268905182876,pf_centre,69.684,-96.304,28.394,0.0769,4.681,1.2.826.0.1.3680043.8.498.99630072206162873484224403731101411095,32,5.5,1,True
1.2.826.0.1.3680043.8.498.12261175520056712414700866621816882336,pf_centre,-72.765,-33.666,-0.903,0.0799,1.51,1.2.826.0.1.3680043.8.498.89360389175512820200866187818841167608,34,3.3,1,True
1.2.826.0.1.3680043.8.498.12264607993101717201407955391437731134,pf_centre,92.998,-52.853,9.042,0.0761,1.16,1.2.826.0.1.3680043.8.498.70580320138882335581359049970679681858,33,4.5,1,True
1.2.826.0.1.3680043.8.498.12266054872802015665014176014323258615,pf_centre,90.759,-72.762,10.925,0.0719,0.885,1.2.826.0.1.3680043.8.498.19524039576494581682328888352761780660,38,3.6,1,True
1.2.826.0.1.3680043.8.498.12266133889557145601371064833389800065,pf_centre,-124.784,-75.279,-7.638,0.0896,2.032,1.2.826.0.1.3680043.8.498.99381667403478945732702542019152014667,27,5.904,1,True
1.2.826.0.1.3680043.8.498.12266644932420958618394322959047940542,pf_centre,87.681,-68.481,8.085,0.0546,1.817,1.2.826.0.1.3680043.8.498.15557662215814852313451357872646158661,47,3.3,1,True
1.2.826.0.1.3680043.8.498.12267944258766605501055560486655358039,pf_centre,84.963,-84.01,40.533,0.0617,1.821,1.2.826.0.1.3680043.8.498.11816251264066016838728615748114628797,40,4.2,1,True
1.2.826.0.1.3680043.8.498.12271616365050313084031931009756086606,pf_centre,89.015,-35.466,22.996,0.1045,1.824,1.2.826.0.1.3680043.8.498.62499420094935238619045595091641148842,28,4.5,1,True
1.2.826.0.1.3680043.8.498.12273356591019341319494035708698721367,pf_centre,-117.628,0.309,-25.861,0.0748,2.218,1.2.826.0.1.3680043.8.498.11930387877137044779889933968468592879,35,3.3,1,True
1.2.826.0.1.3680043.8.498.12273490180961458167930039242826008249,pf_centre,-73.954,-31.309,4.748,0.1163,1.267,1.2.826.0.1.3680043.8.498.35882728926096629485522377792453728443,28,4.0,1,True
1.2.826.0.1.3680043.8.498.12274801503555668613400469130773239683,pf_centre,-102.123,-84.962,31.285,0.0767,10.482,1.2.826.0.1.3680043.8.498.87183146729941172243951238798527873526,24,6.122,1,True
1.2.826.0.1.3680043.8.498.12275265458583331749472987758046974406,pf_centre,123.952,-73.475,5.726,0.0777,1.024,1.2.826.0.1.3680043.8.498.11273932285011210306123557912905884297,30,3.3,1,True
1.2.826.0.1.3680043.8.498.12280407492991430179266369843997653205,pf_centre,-91.459,-79.965,-4.963,0.1049,2.077,1.2.826.0.1.3680043.8.498.83201257370138002029712999418154231298,24,5.0,1,True
1.2.826.0.1.3680043.8.498.12283662652762881783845275662580546217,pf_centre,-91.104,-93.752,-0.903,0.0733,1.079,1.2.826.0.1.3680043.8.498.18997854213487826853771957790489697831,23,5.6,1,True
1.2.826.0.1.3680043.8.498.12285177271228289867211553575739205132,pf_centre,-115.942,-82.253,-4.428,0.0193,3.523,1.2.826.0.1.3680043.8.498.50363193898451861606110115372100520717,36,3.5,1,True
1.2.826.0.1.3680043.8.498.12285469859900617016859868410323043734,pf_centre,100.596,-103.954,36.368,0.0808,3.61,1.2.826.0.1.3680043.8.498.57288024046370748348697616464151387019,22,6.465,1,True
1.2.826.0.1.3680043.8.498.12286894057773964720268768529280193085,pf_centre,-39.956,-34.252,-1.219,0.1186,0.808,1.2.826.0.1.3680043.8.498.31507597040821724882343837781120713269,15,6.0,1,True
1.2.826.0.1.3680043.8.498.12294073960417956629256115458135748872,pf_centre,-104.806,-81.507,-5.396,0.0926,1.353,1.2.826.0.1.3680043.8.498.64574556400469413191363382923902313966,30,3.6,1,True
1.2.826.0.1.3680043.8.498.12295284437770380354725533247473017729,pf_centre,-101.935,-90.233,12.414,0.0596,1.924,1.2.826.0.1.3680043.8.498.60801076221815362135650562144071018356,42,3.5,1,True
1.2.826.0.1.3680043.8.498.12295443776523723913480216844110882937,pf_centre,-89.864,-99.221,21.625,0.0512,1.902,1.2.826.0.1.3680043.8.498.69163612007074033350916745634100177630,40,3.3,1,True
1.2.826.0.1.3680043.8.498.12296624595750602443033689366743784387,pf_centre,-101.242,-86.993,-81.297,0.0766,2.771,1.2.826.0.1.3680043.8.498.47800591297556363048589135347028060855,26,4.05,1,True
1.2.826.0.1.3680043.8.498.12300749089664733313051543117302244508,pf_centre,114.472,-71.939,-32.072,0.0691,2.095,1.2.826.0.1.3680043.8.498.14131238577320061897163600732116101228,46,4.0,1,True
1.2.826.0.1.3680043.8.498.12301945990161670321760708884248055936,pf_centre,-82.463,-93.267,47.635,0.1031,1.726,1.2.826.0.1.3680043.8.498.59927819475316294480954043210571782811,32,0.6,5,True
1.2.826.0.1.3680043.8.498.12303161232396569915032951761728884199,pf_centre,4.225,-23.155,-14.589,0.0775,0.674,1.2.826.0.1.3680043.8.498.38602704360960995449006736305001764631,32,4.5,1,True
1.2.826.0.1.3680043.8.498.12305281328019552390691110900015627668,pf_centre,87.069,-45.359,6.173,0.0728,1.492,1.2.826.0.1.3680043.8.498.67069605533786055425218038109162076656,38,3.6,1,True
1.2.826.0.1.3680043.8.498.12305733049746414359748178404911549573,pf_centre,-113.458,-121.384,32.004,0.0597,4.024,1.2.826.0.1.3680043.8.498.12283736734531453211089656474137674206,47,0.9,4,True
1.2.826.0.1.3680043.8.498.12307356432736970350794033171174403632,pf_centre,88.563,-65.155,21.875,0.0633,3.293,1.2.826.0.1.3680043.8.498.10007733420204550163632132642292824624,44,3.6,1,True
1.2.826.0.1.3680043.8.498.12308357850075929758995438211317707857,pf_centre,75.87,-117.272,-10.449,0.0919,1.133,1.2.826.0.1.3680043.8.498.83675816456081067207664886447061939540,24,6.0,1,True
1.2.826.0.1.3680043.8.498.12314729913655626716039376606973474150,pf_centre,113.117,-80.944,10.823,0.0727,0.858,1.2.826.0.1.3680043.8.498.10830137247626538802460343146253900053,40,3.3,1,True
1.2.826.0.1.3680043.8.498.12322760603170246518010233325038530097,pf_centre,-64.136,8.774,-71.56,0.0771,0.443,1.2.826.0.1.3680043.8.498.10914156777786339778162233112544582288,30,4.4,1,True
1.2.826.0.1.3680043.8.498.12326930847104022196329390608780066947,pf_centre,103.059,-43.632,43.32,0.0766,1.082,1.2.826.0.1.3680043.8.498.32841342619324445913825202604951127403,36,3.5,1,True
1.2.826.0.1.3680043.8.498.12328313245396930020974053819810033945,pf_centre,76.322,-107.048,3.612,0.057,1.316,1.2.826.0.1.3680043.8.498.72394141379330551287035792240636129232,34,5.5,1,True
1.2.826.0.1.3680043.8.498.12331841096593105748526634055968654914,pf_centre,-89.999,-63.486,22.765,0.0618,2.92,1.2.826.0.1.3680043.8.498.53715200184574207313725155678653739696,36,4.55,1,True
1.2.826.0.1.3680043.8.498.12332727488899501354972751168284397151,pf_centre,127.619,-28.898,55.067,0.0606,7.229,1.2.826.0.1.3680043.8.498.35481743181880561929207574028267471198,30,4.4,1,True
1.2.826.0.1.3680043.8.498.12333996498811456012744466468462396081,pf_centre,-95.977,-100.131,30.064,0.0674,3.116,1.2.826.0.1.3680043.8.498.97696656566643469391502249705489898870,25,6.128,1,True
1.2.826.0.1.3680043.8.498.12335573784261147388984372283481919933,pf_centre,-115.85,-95.194,21.496,0.0763,1.709,1.2.826.0.1.3680043.8.498.10675902318704312847451548991028571317,36,3.3,1,True
1.2.826.0.1.3680043.8.498.12345064031074704673835101507426902246,pf_centre,87.432,-84.573,34.829,0.0671,0.961,1.2.826.0.1.3680043.8.498.30730893215933587125724336384810056258,33,3.8,1,True
1.2.826.0.1.3680043.8.498.12347007036329783363431172840583325937,pf_centre,-99.83,-38.378,0.127,0.06,0.917,1.2.826.0.1.3680043.8.498.61195853512401951698816873691506701023,33,4.5,1,True
1.2.826.0.1.3680043.8.498.12348352904452887226227118450588511578,pf_centre,-111.752,-97.67,14.122,0.0767,1.011,1.2.826.0.1.3680043.8.498.12574165175410256113967869386216543721,30,4.4,1,True
1.2.826.0.1.3680043.8.498.12348875283993064999589090039392140219,pf_centre,103.383,-70.607,0.991,0.0584,1.354,1.2.826.0.1.3680043.8.498.11896930464250820568596902393787164989,40,3.3,1,True
1.2.826.0.1.3680043.8.498.12348960754791091583201828167607825033,pf_centre,88.846,-97.3,22.452,0.088,0.898,1.2.826.0.1.3680043.8.498.87952859999670980177566641243259282843,30,0.6,6,True
1.2.826.0.1.3680043.8.498.12349656752404066719917550972333542508,pf_centre,106.709,-29.798,-13.961,0.066,2.057,1.2.826.0.1.3680043.8.498.22006914887430713458803962034126918493,38,3.6,1,True
1.2.826.0.1.3680043.8.498.12352132666379687393012255589355771387,pf_centre,-72.245,-94.821,11.309,0.0637,3.75,1.2.826.0.1.3680043.8.498.50892369808073656029842526091253051529,27,0.6,6,True
1.2.826.0.1.3680043.8.498.12354685390005531691919754048141542648,pf_centre,-93.834,-29.582,-24.3,0.0848,1.916,1.2.826.0.1.3680043.8.498.40740858090125250392660742462763860536,32,4.4,1,True
1.2.826.0.1.3680043.8.498.12355011301785011370279005103251815187,pf_centre,109.287,-27.621,-24.011,0.0922,1.859,1.2.826.0.1.3680043.8.498.83752118669508671525661701549889592240,28,5.0,1,True
1.2.826.0.1.3680043.8.498.12356611369549236159671896247094661767,pf_centre,-86.719,-45.683,-13.183,0.0838,0.646,1.2.826.0.1.3680043.8.498.10162713952401157887561822751533618425,38,3.6,1,True
1.2.826.0.1.3680043.8.498.12361144153852256276011948786791830435,pf_centre,97.093,-56.112,-24.044,0.0929,2.24,1.2.826.0.1.3680043.8.498.84170575493055359111860403635407688645,36,3.3,1,True
1.2.826.0.1.3680043.8.498.12365033663152692616611548717152384269,pf_centre,95.935,-39.865,40.48,0.0346,3.063,1.2.826.0.1.3680043.8.498.64937545825526949492710418853440834252,30,3.9,1,True
1.2.826.0.1.3680043.8.498.12366238437963147962850341556508931973,pf_centre,120.223,-84.944,-12.277,0.0491,1.509,1.2.826.0.1.3680043.8.498.13938028542291875098261076514094495644,47,0.9,4,True
1.2.826.0.1.3680043.8.498.12373923338033469765189220784089350380,pf_centre,71.781,-128.723,40.644,0.0832,7.506,1.2.826.0.1.3680043.8.498.78174542057083477904817357290592940062,23,4.4,1,True
1.2.826.0.1.3680043.8.498.12374183329974116022606010915169117790,pf_centre,70.982,-31.601,-10.436,0.0882,0.933,1.2.826.0.1.3680043.8.498.83990962271686553923285172109360127163,30,3.3,1,True
1.2.826.0.1.3680043.8.498.12377852033407536077897684568488365785,pf_centre,81.882,-82.801,-4.928,0.0893,1.424,1.2.826.0.1.3680043.8.498.24380565001952303917864952593178583464,32,0.6,5,True
1.2.826.0.1.3680043.8.498.12379570725733005682132316461218878636,pf_centre,91.186,-38.627,-1.851,0.075,2.454,1.2.826.0.1.3680043.8.498.85016185009008314878752308852529387450,38,3.6,1,True
1.2.826.0.1.3680043.8.498.12381325071746339154385415220972069782,pf_centre,-115.759,-76.914,-1.311,0.0572,1.092,1.2.826.0.1.3680043.8.498.31555711879493572460668265096939415142,40,3.3,1,True
1.2.826.0.1.3680043.8.498.12381909868368799280462187344958674397,pf_centre,-87.452,-54.215,47.967,0.0874,0.941,1.2.826.0.1.3680043.8.498.23901279687494714195325897433019738319,36,3.3,1,True
1.2.826.0.1.3680043.8.498.12383716855639375235119728470042467411,pf_centre,106.412,-33.284,4.433,0.0908,8.991,1.2.826.0.1.3680043.8.498.48451639325615810918610975769069395867,30,3.3,1,True
1.2.826.0.1.3680043.8.498.12386255059403233724886571725482313876,pf_centre,-90.371,-70.832,21.737,0.0522,1.645,1.2.826.0.1.3680043.8.498.26726549132627442358774389067857645896,48,3.6,1,True
1.2.826.0.1.3680043.8.498.12387075993162655781372091860026675548,pf_centre,94.518,-29.912,-18.57,0.1223,1.269,1.2.826.0.1.3680043.8.498.81354764445645298985479892891572350620,27,3.6,1,True
1.2.826.0.1.3680043.8.498.12387241932914995417493041212958089910,pf_centre,84.315,-46.318,3.729,0.0675,0.985,1.2.826.0.1.3680043.8.498.11631126645403399086341632331207064744,30,4.5,1,True
1.2.826.0.1.3680043.8.498.12387667155732116394489547491673280062,pf_centre,68.816,-53.201,38.643,0.0663,2.814,1.2.826.0.1.3680043.8.498.24481553289969233242619176501727693966,30,3.6,1,True
1.2.826.0.1.3680043.8.498.12390186846317493876612228407734068726,pf_centre,-36.407,-52.669,23.92,0.1029,2.056,1.2.826.0.1.3680043.8.498.12284251607119910921141162728419589067,24,5.0,1,True
1.2.826.0.1.3680043.8.498.12401147012438969595202076588471168894,pf_centre,80.012,-44.576,-5.877,0.068,1.735,1.2.826.0.1.3680043.8.498.11949553542797307897688029002198238652,36,3.3,1,True
1.2.826.0.1.3680043.8.498.12406043058701411628555010402350032739,pf_centre,94.458,-49.038,-4.587,0.0814,3.631,1.2.826.0.1.3680043.8.498.12368183489328271709479766943106664216,36,4.095,1,True
1.2.826.0.1.3680043.8.498.12408186961945791320086301369036829266,pf_centre,-118.299,-93.366,32.561,0.0408,1.6,1.2.826.0.1.3680043.8.498.10608285129088648270877133835763781380,40,3.3,1,True
1.2.826.0.1.3680043.8.498.12408314059030096510457440879771212020,pf_centre,126.543,-74.74,-3.721,0.0778,2.076,1.2.826.0.1.3680043.8.498.65298383245218592734618206813776776580,35,3.5,1,True
1.2.826.0.1.3680043.8.498.12408933790879905193765468926022393696,pf_centre,117.788,-77.319,34.968,0.0907,1.587,1.2.826.0.1.3680043.8.498.64599211287228407360040470705414652990,32,3.3,1,True
1.2.826.0.1.3680043.8.498.12408945963789246646229147558387793270,pf_centre,-97.445,-44.328,18.312,0.0883,1.038,1.2.826.0.1.3680043.8.498.24573410697184467053717292294372842155,30,4.5,1,True
1.2.826.0.1.3680043.8.498.12411340904876460326022004747253138831,pf_centre,-74.414,-63.433,-11.942,0.1099,1.428,1.2.826.0.1.3680043.8.498.10344165389179009670373467929293508166,22,0.6,6,True
1.2.826.0.1.3680043.8.498.12411396124304166984011280826756258628,pf_centre,100.141,-50.616,27.416,0.078,1.552,1.2.826.0.1.3680043.8.498.10172866265042618201848399951568138585,36,3.3,1,True
1.2.826.0.1.3680043.8.498.12414869188691502885668778427120766321,pf_centre,90.609,-49.028,-35.288,0.1034,0.987,1.2.826.0.1.3680043.8.498.66190164467233565212885052399485462744,20,5.0,1,True
1.2.826.0.1.3680043.8.498.12426381920136706157912507136730458010,pf_centre,-61.603,-7.625,-0.947,0.0808,1.484,1.2.826.0.1.3680043.8.498.12258720129040208740682154698860529992,45,3.5,1,True
1.2.826.0.1.3680043.8.498.12431272351851438889289190308550697909,pf_centre,-69.144,-33.541,1.393,0.0634,2.183,1.2.826.0.1.3680043.8.498.10810513489517445373849716621344711909,32,3.4,1,True
1.2.826.0.1.3680043.8.498.12432974885645948103184031984290883090,pf_centre,88.726,-70.088,32.938,0.0877,1.375,1.2.826.0.1.3680043.8.498.65486216070199521417545028267318591379,43,3.3,1,True
1.2.826.0.1.3680043.8.498.12435506274406010562396858512839065232,pf_centre,75.649,-57.564,3.259,0.065,1.488,1.2.826.0.1.3680043.8.498.86964968139095725131569144922357093510,45,3.3,1,True
1.2.826.0.1.3680043.8.498.12437154858167700438432674983971817217,pf_centre,120.089,15.686,28.633,0.038,2.805,1.2.826.0.1.3680043.8.498.12295516339656347668358363129583139044,28,5.0,1,True
1.2.826.0.1.3680043.8.498.12438369033802887819851319347622787876,pf_centre,123.158,-100.21,16.985,0.0942,0.833,1.2.826.0.1.3680043.8.498.11598687125748625892340310140434854086,23,6.134,1,True
1.2.826.0.1.3680043.8.498.12438775479300781065075835270622538230,pf_centre,130.103,-73.953,29.725,0.134,1.908,1.2.826.0.1.3680043.8.498.52417526066591351366797282021650019781,12,4.033,1,True
1.2.826.0.1.3680043.8.498.12448079646359892252441208258836556945,pf_centre,-106.903,-92.215,23.382,0.0938,1.384,1.2.826.0.1.3680043.8.498.98854653755559244446286531435612319314,22,5.34,1,True
1.2.826.0.1.3680043.8.498.12450858400030959723767712312663176092,pf_centre,120.754,-62.366,-6.295,0.0792,2.244,1.2.826.0.1.3680043.8.498.83723745547310455567795706095610597084,30,4.4,1,True
1.2.826.0.1.3680043.8.498.12462498156569316578044317782899399656,pf_centre,120.012,-82.88,68.109,0.081,0.975,1.2.826.0.1.3680043.8.498.84465920520247786145713363393087371372,40,3.3,1,True
1.2.826.0.1.3680043.8.498.12462703906850759490077163612851243080,pf_centre,99.646,-118.382,9.121,0.0842,1.484,1.2.826.0.1.3680043.8.498.98123726880340849667978228446462227561,19,5.2,1,True
1.2.826.0.1.3680043.8.498.12471165461877621368840037945454256612,pf_centre,-53.351,-42.508,29.339,0.0762,0.697,1.2.826.0.1.3680043.8.498.73889806331741942409995417572834683898,25,5.0,1,True
1.2.826.0.1.3680043.8.498.12473533314363654795650919604551685896,pf_centre,94.641,-63.561,16.845,0.0767,1.303,1.2.826.0.1.3680043.8.498.90998095476199715062524087547088636636,34,4.55,1,True
1.2.826.0.1.3680043.8.498.12473755232610784318190599222252893949,pf_centre,-67.553,-26.506,2.456,0.0891,2.836,1.2.826.0.1.3680043.8.498.21533647912824131770656036969775159790,26,4.52,1,True
1.2.826.0.1.3680043.8.498.12481913908649439189738319460342358360,pf_centre,98.881,-52.546,20.902,0.0691,1.893,1.2.826.0.1.3680043.8.498.68679035769857752150328601150140828035,34,4.55,1,True
1.2.826.0.1.3680043.8.498.12482482491088588051076210158062455084,pf_centre,-112.901,-74.325,14.026,0.0816,1.397,1.2.826.0.1.3680043.8.498.41070943233117177088897683304845236340,36,3.3,1,True
1.2.826.0.1.3680043.8.498.12484700311993345120015691857089576898,pf_centre,78.517,-33.223,-6.037,0.0687,3.3,1.2.826.0.1.3680043.8.498.10822861933781504112846118938982684628,40,3.5,1,True
1.2.826.0.1.3680043.8.498.12487362549907644519947672428024977201,pf_centre,-104.982,-89.286,11.737,0.0663,1.701,1.2.826.0.1.3680043.8.498.11037148382268585141931484327030464882,40,3.3,1,True
1.2.826.0.1.3680043.8.498.12489752598467506094826904655029553699,pf_centre,50.48,-0.833,59.779,0.0741,1.907,1.2.826.0.1.3680043.8.498.17732950737538175330566324448434448072,30,3.9,1,True
1.2.826.0.1.3680043.8.498.12490034912643658601552092574630438642,pf_centre,134.173,-82.819,12.173,0.073,1.76,1.2.826.0.1.3680043.8.498.10735278525183587980413558885940199546,40,3.3,1,True
1.2.826.0.1.3680043.8.498.12491395125580387847235487841392723348,pf_centre,-75.736,-36.045,17.425,0.0646,1.136,1.2.826.0.1.3680043.8.498.12522271809876130017509595648823268615,34,3.6,1,True
1.2.826.0.1.3680043.8.498.12491747080684524905643593142141672951,pf_centre,-110.686,-87.086,57.164,0.0541,1.336,1.2.826.0.1.3680043.8.498.69095601176486233879756394671400923257,35,3.3,1,True
1.2.826.0.1.3680043.8.498.12491796764641306046176352066215240074,pf_centre,-76.157,-49.238,-0.072,0.0581,2.483,1.2.826.0.1.3680043.8.498.10175052113664394065180399405108422958,30,3.9,1,True
1.2.826.0.1.3680043.8.498.12492431885298164225672926785397151525,pf_centre,88.022,-76.639,24.948,0.0853,1.215,1.2.826.0.1.3680043.8.498.12350889065670522410442084378395844443,30,3.6,1,True
1.2.826.0.1.3680043.8.498.12497144849433082154223897356471317072,pf_centre,-98.483,-70.13,63.416,0.0749,1.98,1.2.826.0.1.3680043.8.498.91361248852113164139675542792346326104,24,5.295,1,True
1.2.826.0.1.3680043.8.498.12499208731138180053966892599139021038,pf_centre,-113.52,-95.421,-6.058,0.0788,1.129,1.2.826.0.1.3680043.8.498.13265280838612421268780384513188459454,21,6.134,1,True
1.2.826.0.1.3680043.8.498.12501925425699863373513819814520995919,pf_centre,106.25,-73.65,39.765,0.0527,2.065,1.2.826.0.1.3680043.8.498.72932823006360301886436053718561384526,33,4.5,1,True
1.2.826.0.1.3680043.8.498.12505035424093604269515328931488770819,pf_centre,136.099,-92.187,8.488,0.0914,1.252,1.2.826.0.1.3680043.8.498.96225261274596688102834905835286265015,24,5.872,1,True
1.2.826.0.1.3680043.8.498.12507957850103916926719601413279798696,pf_centre,77.652,-40.619,-2.68,0.0774,0.923,1.2.826.0.1.3680043.8.498.46646798262451287384747730914877208400,34,4.2,1,True
1.2.826.0.1.3680043.8.498.12509825237087140646629745447753158673,pf_centre,-91.275,-71.086,18.474,0.0529,2.922,1.2.826.0.1.3680043.8.498.85051408611277937749299398909575331295,38,3.6,1,True
1.2.826.0.1.3680043.8.498.12509944331769453135724043962410129357,pf_centre,-105.422,-82.407,29.787,0.0844,0.897,1.2.826.0.1.3680043.8.498.22627974353995732614324412335631003369,36,3.3,1,True
1.2.826.0.1.3680043.8.498.12510856755988712246013743789183840748,pf_centre,115.651,-102.312,-2.641,0.0329,3.667,1.2.826.0.1.3680043.8.498.59325918737465645777752751550717228798,47,0.9,4,True
1.2.826.0.1.3680043.8.498.12514357232100339485873453417784586592,pf_centre,-93.233,-44.086,23.238,0.0574,0.959,1.2.826.0.1.3680043.8.498.92185072554366374681573734389665647931,40,3.3,1,True
1.2.826.0.1.3680043.8.498.12515322634403509077334846234426636136,pf_centre,-82.889,-68.307,41.606,0.0654,1.86,1.2.826.0.1.3680043.8.498.81980343483726909524748314196563218300,44,3.3,1,True
1.2.826.0.1.3680043.8.498.12518297594498173981937681848554641851,pf_centre,-35.967,-57.935,-2.39,0.1113,2.095,1.2.826.0.1.3680043.8.498.64937125249666305919316238178763568148,31,3.6,1,True
1.2.826.0.1.3680043.8.498.12520203592477518476890010185037272575,pf_centre,119.281,-42.742,-10.038,0.0998,1.985,1.2.826.0.1.3680043.8.498.12643426552459715411686892147808832710,35,3.3,1,True
1.2.826.0.1.3680043.8.498.12522620957277632939731546099134770342,pf_centre,-48.932,-41.413,8.981,0.1231,0.859,1.2.826.0.1.3680043.8.498.47960807605031985558512250557592275666,20,5.5,1,True
1.2.826.0.1.3680043.8.498.12523676732876902778577970655429060858,pf_centre,-72.758,-33.734,-18.218,0.0613,2.943,1.2.826.0.1.3680043.8.498.13825475917904783851393966449448266732,38,3.6,1,True
1.2.826.0.1.3680043.8.498.12525752631743097782762806859112218620,pf_centre,-66.029,-2.721,-27.958,0.0762,1.518,1.2.826.0.1.3680043.8.498.10236474382053599715493576637386686074,26,4.4,1,True
1.2.826.0.1.3680043.8.498.12526590714362529606046044104426807158,pf_centre,-106.81,-86.517,6.15,0.0805,3.39,1.2.826.0.1.3680043.8.498.13252007445288356405323242831577384058,44,3.3,1,True
1.2.826.0.1.3680043.8.498.12526876471494728147635430816990398219,pf_centre,84.467,-38.722,10.271,0.0851,1.206,1.2.826.0.1.3680043.8.498.45615489149115811625013810587139154605,32,4.55,1,True
1.2.826.0.1.3680043.8.498.12531442175319757740745664049001806494,pf_centre,-103.586,-84.947,1.873,0.0571,1.148,1.2.826.0.1.3680043.8.498.20931804074646587413607509636681997009,45,3.3,1,True
1.2.826.0.1.3680043.8.498.12533105585687352326867082376911240942,pf_centre,-94.576,-20.964,-23.288,0.099,1.751,1.2.826.0.1.3680043.8.498.12458127854903271191938201774920464921,30,3.3,1,True
1.2.826.0.1.3680043.8.498.12534628800787651008876070514080610643,pf_centre,-110.414,-96.966,19.173,0.0685,2.153,1.2.826.0.1.3680043.8.498.27736102211603797602783269208684618239,46,3.3,1,True
1.2.826.0.1.3680043.8.498.12547308734950397389859712060653254111,pf_centre,80.747,-47.59,29.412,0.096,4.916,1.2.826.0.1.3680043.8.498.14137497529376449988144958308473508126,27,5.0,1,True
1.2.826.0.1.3680043.8.498.12548176380550230498070609559486512004,pf_centre,-68.852,-31.064,-13.552,0.0864,2.022,1.2.826.0.1.3680043.8.498.10398612131266382653381374134850477481,30,3.3,1,True
1.2.826.0.1.3680043.8.498.12552701911592685137269544109687472988,pf_centre,91.005,-30.031,40.87,0.0414,7.499,1.2.826.0.1.3680043.8.498.35969117659242762355620069689845725121,34,4.5,1,True
1.2.826.0.1.3680043.8.498.12553010776519233077752150342664160826,pf_centre,-122.679,-70.819,-7.41,0.0861,0.8,1.2.826.0.1.3680043.8.498.13857708683711931762348466566381533641,30,3.6,1,True
1.2.826.0.1.3680043.8.498.12553455350653672209409408595948190982,pf_centre,42.058,-47.466,51.226,0.1049,2.01,1.2.826.0.1.3680043.8.498.26377885495328024912711340654735242016,24,0.6,6,True
1.2.826.0.1.3680043.8.498.12554824497579383319980187351290254727,pf_centre,-122.092,-60.947,4.724,0.0844,1.625,1.2.826.0.1.3680043.8.498.12020309505544786732824972594452875375,22,4.5,1,True
1.2.826.0.1.3680043.8.498.12559687473583953266143897736224215680,pf_centre,53.392,-33.039,-17.229,0.069,1.039,1.2.826.0.1.3680043.8.498.10577529466230477561526072675705919143,38,3.6,1,True
1.2.826.0.1.3680043.8.498.12563940497360871791097093821926086616,pf_centre,95.494,-59.307,-12.232,0.0843,1.392,1.2.826.0.1.3680043.8.498.95879758559786616917463196093174626500,35,4.4,1,True
1.2.826.0.1.3680043.8.498.12568337973304376222940287737691898395,pf_centre,96.676,-62.145,9.383,0.0774,2.548,1.2.826.0.1.3680043.8.498.98716913977099930465872971249195280692,36,3.6,1,True
1.2.826.0.1.3680043.8.498.12569762036474456642024618586300354737,pf_centre,97.709,-66.803,-64.895,0.1075,2.083,1.2.826.0.1.3680043.8.498.11393467058617775620992577077086313390,36,3.3,1,True
1.2.826.0.1.3680043.8.498.12570576337098834311171883034999327454,pf_centre,-133.331,-88.772,14.786,0.0787,2.84,1.2.826.0.1.3680043.8.498.38305346324232023802999437079781462803,28,4.5,1,True
1.2.826.0.1.3680043.8.498.12573518342767030025851169814440863785,pf_centre,93.808,-47.441,48.419,0.1145,5.143,1.2.826.0.1.3680043.8.498.88468237367706374407049611439634767202,24,4.5,1,True
1.2.826.0.1.3680043.8.498.12574270269124650675934073761741661292,pf_centre,74.738,-41.176,8.103,0.0617,1.99,1.2.826.0.1.3680043.8.498.60724099929823565733600851009914469279,38,3.6,1,True
1.2.826.0.1.3680043.8.498.12576055921678075813718486704978381993,pf_centre,-108.365,-55.965,23.001,0.0653,0.821,1.2.826.0.1.3680043.8.498.88238994076514642388988388522756590852,33,4.5,1,True
1.2.826.0.1.3680043.8.498.12577828789206467631166875572423539298,pf_centre,32.297,-60.047,39.28,0.0868,1.574,1.2.826.0.1.3680043.8.498.12889804120947853135974851021000509714,37,4.5,1,True
1.2.826.0.1.3680043.8.498.12579738538063674380235672702328412431,pf_centre,78.635,-75.145,-3.761,0.0609,0.875,1.2.826.0.1.3680043.8.498.95888677565579339893553769811147859768,30,4.4,1,True
1.2.826.0.1.3680043.8.498.12580232188757225504172709417466515184,pf_centre,116.448,-91.012,21.367,0.1031,1.443,1.2.826.0.1.3680043.8.498.73669439454573927434413980181936688322,20,4.8,1,True
1.2.826.0.1.3680043.8.498.12583872770399266463538638801797827468,pf_centre,74.729,-90.598,25.532,0.0691,0.566,1.2.826.0.1.3680043.8.498.11493460537397554101966692201369949642,30,4.4,1,True
1.2.826.0.1.3680043.8.498.12598627296066406747921546933391681918,pf_centre,-120.822,-90.388,10.808,0.0976,0.803,1.2.826.0.1.3680043.8.498.79082476308244383822509323373638035695,32,4.025,1,True
1.2.826.0.1.3680043.8.498.12606136253498337506682547306933254691,pf_centre,-99.156,-73.849,-1.302,0.1082,0.775,1.2.826.0.1.3680043.8.498.57295782492759965190052958926881447387,24,4.5,1,True
1.2.826.0.1.3680043.8.498.12606657226568558340797193167488111973,pf_centre,121.673,-85.134,-5.887,0.0572,1.41,1.2.826.0.1.3680043.8.498.13121937699482340490162573230225984913,40,3.3,1,True
1.2.826.0.1.3680043.8.498.12607203615180268117341271176820357242,pf_centre,83.409,-20.489,25.347,0.1112,1.814,1.2.826.0.1.3680043.8.498.80372377765106522940357379591889909096,28,4.72,1,True
1.2.826.0.1.3680043.8.498.12607659092357834912029375690348886159,pf_centre,-106.33,-72.284,10.149,0.0651,1.36,1.2.826.0.1.3680043.8.498.12650167130655713645807960475222818047,35,3.3,1,True
1.2.826.0.1.3680043.8.498.12607959449008110729566106776800628990,pf_centre,-83.382,-44.842,6.981,0.0869,1.435,1.2.826.0.1.3680043.8.498.54985002772077929835485622965613314531,36,3.3,1,True
1.2.826.0.1.3680043.8.498.12614097867016983076979065551985251584,pf_centre,-91.757,-91.386,7.938,0.0773,3.121,1.2.826.0.1.3680043.8.498.63808550926073464665838746113871294015,34,3.9,1,True
1.2.826.0.1.3680043.8.498.12616376042564380071463081913949255574,pf_centre,-97.461,-73.821,13.355,0.0535,1.883,1.2.826.0.1.3680043.8.498.72772172972597628385623395688845888273,36,3.3,1,True
1.2.826.0.1.3680043.8.498.12619895582462244920124420363095282842,pf_centre,100.962,-94.605,28.885,0.0594,2.999,1.2.826.0.1.3680043.8.498.89624904191498083597148553639468890963,38,3.6,1,True
1.2.826.0.1.3680043.8.498.12620718517255799151283445360332799702,pf_centre,108.846,-93.722,36.962,0.0589,2.209,1.2.826.0.1.3680043.8.498.13128300210635954498987952873705124947,40,3.3,1,True
1.2.826.0.1.3680043.8.498.12625250919597111075072308824921101918,pf_centre,86.331,-34.605,1.589,0.0929,1.172,1.2.826.0.1.3680043.8.498.12570788216194721359655398201312714654,30,4.4,1,True
1.2.826.0.1.3680043.8.498.12626383124142146001532197239671686442,pf_centre,106.088,-88.628,1.194,0.0655,1.605,1.2.826.0.1.3680043.8.498.16711279084694447046322147305274546090,30,4.4,1,True
1.2.826.0.1.3680043.8.498.12629372332421954368597330267888483345,pf_centre,124.763,-64.605,50.264,0.0617,2.793,1.2.826.0.1.3680043.8.498.25953464094083619961786632236171629564,22,4.5,1,True
1.2.826.0.1.3680043.8.498.12630423349626505319792444053874011718,pf_centre,70.149,-53.924,12.181,0.079,1.054,1.2.826.0.1.3680043.8.498.11287686010310004028790853805188095015,36,3.3,1,True
1.2.826.0.1.3680043.8.498.12632084649033412400763943977604348172,pf_centre,123.106,-100.579,35.306,0.0644,4.018,1.2.826.0.1.3680043.8.498.56033765375471384389795406877209247994,40,3.3,1,True
1.2.826.0.1.3680043.8.498.12632129640405661298623288977632682289,pf_centre,-109.234,-81.474,12.718,0.0835,1.685,1.2.826.0.1.3680043.8.498.49182485540454636772811638077475201849,32,3.3,1,True
1.2.826.0.1.3680043.8.498.12637591861595747322913829625646935491,pf_centre,-30.735,-11.67,-6.221,0.0814,1.004,1.2.826.0.1.3680043.8.498.41655394541483878359835350726778538397,30,3.3,1,True
1.2.826.0.1.3680043.8.498.12638205949145637289277744267473965719,pf_centre,-116.402,-80.959,38.161,0.0534,1.522,1.2.826.0.1.3680043.8.498.97896267720727218829963969902237582095,46,3.3,1,True
1.2.826.0.1.3680043.8.498.12640439197386154384526090653248054582,pf_centre,115.933,-96.335,0.612,0.107,1.434,1.2.826.0.1.3680043.8.498.29658523484253609458952570867059974903,27,0.6,6,True
1.2.826.0.1.3680043.8.498.12642641661988102031826128876502303807,pf_centre,-62.811,-30.644,30.521,0.1239,1.398,1.2.826.0.1.3680043.8.498.90803212993235480595119398552433296041,34,3.3,1,True
1.2.826.0.1.3680043.8.498.12644400073937544865441360809610886635,pf_centre,-5.936,-11.02,0.22,0.069,1.95,1.2.826.0.1.3680043.8.498.93079173536862715735530461756561265711,30,4.5,1,True
1.2.826.0.1.3680043.8.498.12647791319443598318497312837147189300,pf_centre,13.702,-14.44,11.099,0.1111,2.159,1.2.826.0.1.3680043.8.498.40115377772925115967439070844490450394,24,4.4,1,True
1.2.826.0.1.3680043.8.498.12653936535855858693516515692319733265,pf_centre,-90.415,-55.733,32.777,0.1,0.743,1.2.826.0.1.3680043.8.498.10838418400700539871832977591918853318,36,3.3,1,True
1.2.826.0.1.3680043.8.498.12655324218817524683138594937984186560,pf_centre,70.075,-51.99,36.65,0.082,4.036,1.2.826.0.1.3680043.8.498.12333243653567225070464487318959009065,30,3.9,1,True
1.2.826.0.1.3680043.8.498.12658572494577556884626613972035441625,pf_centre,87.627,-48.218,25.719,0.0671,3.071,1.2.826.0.1.3680043.8.498.43229679083468404333329265009590600037,36,3.3,1,True
1.2.826.0.1.3680043.8.498.12660901572462562819575002681831361427,pf_centre,82.012,-31.817,1.379,0.1198,3.016,1.2.826.0.1.3680043.8.498.70002772425980869146697858637566220817,30,3.3,1,True
1.2.826.0.1.3680043.8.498.12668708646283106269005674386248135220,pf_centre,100.554,-46.956,-6.148,0.0925,2.284,1.2.826.0.1.3680043.8.498.87854405067018421472666923952005822399,36,3.3,1,True
1.2.826.0.1.3680043.8.498.12673561338227595483297605409292531492,pf_centre,43.587,-31.077,14.197,0.0852,1.066,1.2.826.0.1.3680043.8.498.40330199315692692937128316231210557220,24,5.5,1,True
1.2.826.0.1.3680043.8.498.12674069717230126880288353271062347095,pf_centre,-79.461,-36.967,29.711,0.1097,1.629,1.2.826.0.1.3680043.8.498.10354412013981558663578776493563376931,36,3.3,1,True
1.2.826.0.1.3680043.8.498.12674930973831274527829261576087154644,pf_centre,117.614,-126.109,-24.141,0.0566,2.412,1.2.826.0.1.3680043.8.498.10522161291344094509851110825643020189,32,4.5,1,True
1.2.826.0.1.3680043.8.498.12676359576477452816896379524598090410,pf_centre,87.315,-26.357,17.562,0.064,1.541,1.2.826.0.1.3680043.8.498.16689639848740411661503192665210297946,30,4.52,1,True
1.2.826.0.1.3680043.8.498.12688954493547892047021455671738310186,pf_centre,-45.022,-59.319,11.63,0.0703,1.212,1.2.826.0.1.3680043.8.498.46950989271410720195859196430090686583,33,3.5,1,True
1.2.826.0.1.3680043.8.498.12689874339887047433232628649886917274,pf_centre,-66.166,-58.776,63.334,0.0826,1.375,1.2.826.0.1.3680043.8.498.12971496560624531410696500380070985689,23,5.0,1,True
1.2.826.0.1.3680043.8.498.12690080124553846006638565600585469969,pf_centre,-103.874,-96.573,2.043,0.0605,1.364,1.2.826.0.1.3680043.8.498.97901194417516384724899032136954823069,29,5.5,1,True
1.2.826.0.1.3680043.8.498.12690803821768205116702487219908820630,pf_centre,117.116,-84.869,73.069,0.0553,2.391,1.2.826.0.1.3680043.8.498.56119237171833508599824815910177396508,40,3.3,1,True
1.2.826.0.1.3680043.8.498.12692579161952587215276483587686562922,pf_centre,122.971,-84.077,16.533,0.0837,1.124,1.2.826.0.1.3680043.8.498.32283456732796696712701756186543031101,34,3.3,1,True
1.2.826.0.1.3680043.8.498.12697859103448296208701081683487338111,pf_centre,-92.556,-44.52,12.736,0.1242,1.161,1.2.826.0.1.3680043.8.498.51082966618953076938149780099536056685,36,3.3,1,True
1.2.826.0.1.3680043.8.498.12699751030439008569144814819343161608,pf_centre,-74.912,-8.931,16.763,0.0152,13.494,1.2.826.0.1.3680043.8.498.81987254141381728627291257521837585224,43,3.5,1,True
1.2.826.0.1.3680043.8.498.12700591955254168977239658917260628326,pf_centre,70.384,-16.925,-24.922,0.0747,1.367,1.2.826.0.1.3680043.8.498.63868482507169627116242651476363322519,24,4.4,1,True
1.2.826.0.1.3680043.8.498.12700981063762577397919340901063297803,pf_centre,98.711,-72.505,53.224,0.0981,1.403,1.2.826.0.1.3680043.8.498.70366148449917526312348064320058888482,40,3.3,1,True
1.2.826.0.1.3680043.8.498.12701097867143790763644826659974337046,pf_centre,52.322,-53.007,36.55,0.1192,0.634,1.2.826.0.1.3680043.8.498.76754197855818892385275519172615707311,20,5.0,1,True
1.2.826.0.1.3680043.8.498.12704063145595847725421427571860589471,pf_centre,20.157,-45.472,37.582,0.0751,2.363,1.2.826.0.1.3680043.8.498.12592652626460245987266493650004547090,24,4.4,1,True
1.2.826.0.1.3680043.8.498.12709854414521475738435319009767427434,pf_centre,-112.758,-35.485,20.255,0.1038,1.309,1.2.826.0.1.3680043.8.498.12630927899696625637294150316045078778,30,3.3,1,True
1.2.826.0.1.3680043.8.498.12715067947657150279232238280712066972,pf_centre,120.848,-81.794,20.739,0.0989,6.294,1.2.826.0.1.3680043.8.498.47903276551151541610831133601133694948,32,3.3,1,True
1.2.826.0.1.3680043.8.498.12715130507546263968763238702574191950,pf_centre,-90.095,-64.613,10.824,0.0885,1.456,1.2.826.0.1.3680043.8.498.11246259618708651009476691061122545567,36,3.3,1,True
1.2.826.0.1.3680043.8.498.12715402081094788880283826571710131940,pf_centre,84.096,-68.596,30.387,0.0412,1.078,1.2.826.0.1.3680043.8.498.36119895598969135147149978562563124427,22,6.195,1,True
1.2.826.0.1.3680043.8.498.12717728703860353055063551162640833849,pf_centre,74.231,-44.743,29.065,0.0649,0.777,1.2.826.0.1.3680043.8.498.46442256561285673197885096305351165808,30,4.55,1,True
1.2.826.0.1.3680043.8.498.12718966639501121738042125605376714231,pf_centre,136.443,-98.185,-11.588,0.0826,1.34,1.2.826.0.1.3680043.8.498.11940491742101567581202315459134947995,26,4.495,1,True
1.2.826.0.1.3680043.8.498.12719397512102459853075227679498459688,pf_centre,86.096,-43.557,-8.484,0.1083,0.925,1.2.826.0.1.3680043.8.498.63830319032732665024711132602603776467,26,4.5,1,True
1.2.826.0.1.3680043.8.498.12719455674338091089495020475033082405,pf_centre,-117.432,-99.026,4.153,0.0915,1.575,1.2.826.0.1.3680043.8.498.13181087873656237107501323209299849015,24,5.1,1,True
1.2.826.0.1.3680043.8.498.12724250000565012779853884787450109956,pf_centre,-61.091,-62.644,9.937,0.0688,2.118,1.2.826.0.1.3680043.8.498.90397673065514337951339476403517263492,34,4.2,1,True
1.2.826.0.1.3680043.8.498.12725832336445568031849006413563892122,pf_centre,-82.399,-82.942,22.519,0.0987,1.403,1.2.826.0.1.3680043.8.498.50408416797312711032922922701093829164,32,0.6,5,True
1.2.826.0.1.3680043.8.498.12727488524631885827798129418558343386,pf_centre,71.488,-31.577,31.316,0.0668,1.239,1.2.826.0.1.3680043.8.498.82848051429157837914456851544441143623,34,4.52,1,True
1.2.826.0.1.3680043.8.498.12728397615513347615111391662798012012,pf_centre,73.072,-31.649,40.587,0.083,2.432,1.2.826.0.1.3680043.8.498.66712454421994557841658185638320497258,30,4.55,1,True
1.2.826.0.1.3680043.8.498.12731497178056855493473947157407264492,pf_centre,-107.723,-53.267,23.753,0.0735,1.318,1.2.826.0.1.3680043.8.498.12673957503938916067549531725760993224,40,3.3,1,True
1.2.826.0.1.3680043.8.498.12748840878706905309050091576449488666,pf_centre,98.758,-73.577,7.672,0.0694,1.251,1.2.826.0.1.3680043.8.498.54052966555455568825447169749829340533,25,5.5,1,True
1.2.826.0.1.3680043.8.498.12754381146006839341912662615844567067,pf_centre,114.667,-13.488,5.229,0.069,1.004,1.2.826.0.1.3680043.8.498.19718043303909898941802281639890917927,41,3.5,1,True
1.2.826.0.1.3680043.8.498.12759704450656741777120047828560448622,pf_centre,-81.922,-32.241,-14.225,0.1219,4.682,1.2.826.0.1.3680043.8.498.96801216082467563278291848291863109721,26,4.4,1,True
1.2.826.0.1.3680043.8.498.12761906443846433581503942530016459978,pf_centre,-68.64,-85.203,20.101,0.1297,0.823,1.2.826.0.1.3680043.8.498.83184587896160852070321883675372461872,22,0.6,6,True
1.2.826.0.1.3680043.8.498.12762076104929080571464647825161185643,pf_centre,-106.795,-83.887,3.842,0.1057,1.545,1.2.826.0.1.3680043.8.498.78014944424273760301383876790213156345,24,0.6,6,True
1.2.826.0.1.3680043.8.498.12762900657007480138202359874575403361,pf_centre,38.649,-48.348,0.87,0.0533,3.485,1.2.826.0.1.3680043.8.498.82453156406259254961955762871601743275,42,3.5,1,True
1.2.826.0.1.3680043.8.498.12765434812409174436720333864278447770,pf_centre,85.447,-49.537,16.816,0.0773,0.954,1.2.826.0.1.3680043.8.498.12198929533903559909257720277117404741,33,4.55,1,True
1.2.826.0.1.3680043.8.498.12769221625850663248477857087347890908,pf_centre,-111.907,-74.131,69.073,0.0435,1.389,1.2.826.0.1.3680043.8.498.70686380236543391383384218835671043298,40,3.3,1,True
1.2.826.0.1.3680043.8.498.12769887673556938425710414718385118283,pf_centre,-74.811,-18.227,38.533,0.0842,0.919,1.2.826.0.1.3680043.8.498.94325483126964397375442255102850441720,29,5.0,1,True
1.2.826.0.1.3680043.8.498.12771448321084229688831202344007889535,pf_centre,126.109,-67.196,-27.788,0.0482,12.662,1.2.826.0.1.3680043.8.498.45410919537579536942050220771610387031,27,5.0,1,True
1.2.826.0.1.3680043.8.498.12775050278338123442507219047972133270,pf_centre,-111.04,-13.594,-0.011,0.1061,1.901,1.2.826.0.1.3680043.8.498.40621745645005585755728021990493394483,30,3.3,1,True
1.2.826.0.1.3680043.8.498.12775105605170844918620305197829216665,pf_centre,79.432,-42.689,23.74,0.1172,1.386,1.2.826.0.1.3680043.8.498.48538401348561834951578942042733219829,27,3.3,1,True
1.2.826.0.1.3680043.8.498.12775769262869064592411499834441472333,pf_centre,-77.248,5.748,40.302,0.0694,1.404,1.2.826.0.1.3680043.8.498.12084985666572907412626785904322063615,40,3.5,1,True
1.2.826.0.1.3680043.8.498.12778920060586364664953350981285170949,pf_centre,76.091,-23.127,3.845,0.0707,2.062,1.2.826.0.1.3680043.8.498.11271902850800909227481197216695316646,34,4.4,1,True
1.2.826.0.1.3680043.8.498.12785377697188564760194569072434828180,pf_centre,-128.351,-78.205,34.223,0.1273,1.107,1.2.826.0.1.3680043.8.498.81174581927771813577273859687156634576,22,4.5,1,True
1.2.826.0.1.3680043.8.498.12785620442256422697216192462703273802,pf_centre,-63.74,-93.899,11.339,0.099,0.899,1.2.826.0.1.3680043.8.498.65869389642267791721475720598751406231,20,5.2,1,True
1.2.826.0.1.3680043.8.498.12785792890626338008419452097492192088,pf_centre,115.568,-85.426,25.524,0.0791,3.567,1.2.826.0.1.3680043.8.498.10268452316210685465409481764694458412,25,5.5,1,True
1.2.826.0.1.3680043.8.498.12790542912560396272981117250277568532,pf_centre,102.76,5.73,-16.947,0.0667,1.015,1.2.826.0.1.3680043.8.498.41132923822423111919674540447522140125,48,3.5,1,True
1.2.826.0.1.3680043.8.498.12792431109288033212787919118858331455,pf_centre,-116.052,-87.713,1.961,0.0846,1.776,1.2.826.0.1.3680043.8.498.11926799932652337583426506061098420320,36,3.3,1,True
1.2.826.0.1.3680043.8.498.12798419553759200632295966180228523212,pf_centre,93.611,-84.253,22.324,0.0694,1.428,1.2.826.0.1.3680043.8.498.11920092989239260957894386374535976453,48,3.3,1,True
1.2.826.0.1.3680043.8.498.12799849540231315910448269889175806934,pf_centre,97.301,-69.098,61.14,0.1007,0.916,1.2.826.0.1.3680043.8.498.51202811032618825427435814426729796988,23,4.5,1,True
1.2.826.0.1.3680043.8.498.12800130397185143653180509040746675358,pf_centre,-121.618,-73.783,-35.03,0.093,2.238,1.2.826.0.1.3680043.8.498.97186045578564657185767774473333066408,30,3.6,1,True
1.2.826.0.1.3680043.8.498.12801308844398614687904447633432197492,pf_centre,87.413,-117.045,-8.921,0.111,1.44,1.2.826.0.1.3680043.8.498.21310459920289088021941024557702629822,20,5.2,1,True
1.2.826.0.1.3680043.8.498.12801643268939133682891906705186571010,pf_centre,82.563,-27.804,-10.789,0.0676,2.362,1.2.826.0.1.3680043.8.498.28407586108779789857148137033041798193,34,4.2,1,True
1.2.826.0.1.3680043.8.498.12806792356922865929896103306611295151,pf_centre,113.393,-86.838,23.167,0.0611,1.193,1.2.826.0.1.3680043.8.498.14218970577913620022526353072485088852,21,6.135,1,True
1.2.826.0.1.3680043.8.498.12810074901642984174782853829149619043,pf_centre,-98.096,-57.212,12.262,0.0801,0.957,1.2.826.0.1.3680043.8.498.57710064925203569769013241485921210200,38,3.6,1,True
1.2.826.0.1.3680043.8.498.12814598731776085957663058326979908652,pf_centre,-108.987,-43.283,3.583,0.0711,3.255,1.2.826.0.1.3680043.8.498.10562810487375385155444334355129563596,33,4.5,1,True
1.2.826.0.1.3680043.8.498.12815132582382825980088023336277934996,pf_centre,94.875,-93.96,25.315,0.0671,1.706,1.2.826.0.1.3680043.8.498.13011846826267892071360068692653828009,19,5.2,1,True
1.2.826.0.1.3680043.8.498.12817753008281742621758605755308036035,pf_centre,87.227,-55.396,3.657,0.0861,1.559,1.2.826.0.1.3680043.8.498.69365625149001027282224217812962474280,36,3.3,1,True
1.2.826.0.1.3680043.8.498.12818010040786942613541254450332754046,pf_centre,-58.211,-12.7,16.999,0.1058,0.866,1.2.826.0.1.3680043.8.498.55521726295294212747730960537225630834,25,4.52,1,True
1.2.826.0.1.3680043.8.498.12819437506700585448407291050085063174,pf_centre,113.001,-89.96,17.072,0.094,3.656,1.2.826.0.1.3680043.8.498.89528498323824870132465222598690750362,32,4.025,1,True
1.2.826.0.1.3680043.8.498.12820051821104182459960036809430047569,pf_centre,-84.446,-49.381,-49.848,0.0741,1.253,1.2.826.0.1.3680043.8.498.58755544302111860754655901288427163127,38,3.6,1,True
1.2.826.0.1.3680043.8.498.12824438254096860470348581093672563751,pf_centre,90.27,-41.914,1.46,0.0703,1.612,1.2.826.0.1.3680043.8.498.88882823705510684044863839299863241471,44,3.3,1,True
1.2.826.0.1.3680043.8.498.12826828527176716109949704557150950675,pf_centre,113.59,6.553,-96.775,0.0751,1.858,1.2.826.0.1.3680043.8.498.70622328281381000088206481025488391528,30,4.4,1,True
1.2.826.0.1.3680043.8.498.12827120140904847104302376671076396695,pf_centre,-100.27,-70.965,-5.336,0.0503,1.226,1.2.826.0.1.3680043.8.498.13351277218965625451721274331249587285,38,3.6,1,True
1.2.826.0.1.3680043.8.498.12831769902826114242555323443809541052,pf_centre,-97.027,-56.4,33.18,0.0829,1.194,1.2.826.0.1.3680043.8.498.11951620702827472051783198433682871622,34,4.55,1,True
1.2.826.0.1.3680043.8.498.12836702174475748025129787471026627810,pf_centre,78.505,-84.017,24.855,0.0734,1.004,1.2.826.0.1.3680043.8.498.44357036509591886172365463703299102617,37,4.0,1,True
1.2.826.0.1.3680043.8.498.12837030643153472711780894512565629507,pf_centre,80.21,-75.778,23.96,0.0942,0.874,1.2.826.0.1.3680043.8.498.12462547529658360636926976194428342584,36,4.0,1,True
1.2.826.0.1.3680043.8.498.12839498544183083639548298117995964432,pf_centre,14.652,-36.31,8.175,0.0997,0.994,1.2.826.0.1.3680043.8.498.11949371831201026504649403315938747879,28,4.0,1,True
1.2.826.0.1.3680043.8.498.12862782592303338109631225504988756108,pf_centre,53.316,-58.406,-9.259,0.0839,2.954,1.2.826.0.1.3680043.8.498.16784491754966871525724074334008368871,21,6.782,1,True
1.2.826.0.1.3680043.8.498.12864336642218457767597053831458716404,pf_centre,100.762,-92.684,-12.24,0.0628,0.993,1.2.826.0.1.3680043.8.498.18814547003640332231903118075290349152,20,5.26,1,True
1.2.826.0.1.3680043.8.498.12866937766198610064474201436305532400,pf_centre,125.044,-92.191,21.325,0.0666,2.069,1.2.826.0.1.3680043.8.498.30601897555414017808738152177525325694,30,4.4,1,True
1.2.826.0.1.3680043.8.498.12887544771002132349592859410979448655,pf_centre,71.665,-30.86,-26.767,0.1079,4.614,1.2.826.0.1.3680043.8.498.11730565269661595214493592709095505618,27,3.6,1,True
1.2.826.0.1.3680043.8.498.12896740277483734090633132494285615502,pf_centre,-122.89,-94.085,34.97,0.0717,10.433,1.2.826.0.1.3680043.8.498.61348928870156735601280147624546194437,30,4.4,1,True
1.2.826.0.1.3680043.8.498.12899995703999073968090810947564075608,pf_centre,98.406,-59.256,7.628,0.0959,2.089,1.2.826.0.1.3680043.8.498.12248377125874894815957688921897210017,40,4.095,1,True
1.2.826.0.1.3680043.8.498.12904190317996738774518258536997285832,pf_centre,76.76,-105.526,16.439,0.1012,0.581,1.2.826.0.1.3680043.8.498.34547756625906208199357392570301137754,18,6.046,1,True
1.2.826.0.1.3680043.8.498.12907457183137517669505067507754394039,pf_centre,103.637,-73.572,7.414,0.078,2.663,1.2.826.0.1.3680043.8.498.44099058493749184911666285628712307110,32,3.3,1,True
1.2.826.0.1.3680043.8.498.12912436233176216254115594260643600155,pf_centre,112.258,-86.983,-5.3,0.0897,1.287,1.2.826.0.1.3680043.8.498.88999280746836672639951329293565892460,30,4.0,1,True
1.2.826.0.1.3680043.8.498.12914677763148740041755977075799271057,pf_centre,-83.578,-25.174,19.194,0.0554,1.035,1.2.826.0.1.3680043.8.498.27238687537740404489531204042110091061,33,4.5,1,True
1.2.826.0.1.3680043.8.498.12917504242141830416624247604384969664,pf_centre,-86.066,-89.36,12.623,0.0657,1.746,1.2.826.0.1.3680043.8.498.20783794220821074707237598157365054433,32,4.5,1,True
1.2.826.0.1.3680043.8.498.12919303621342250989179219420795277559,pf_centre,114.913,-92.227,4.464,0.0776,2.904,1.2.826.0.1.3680043.8.498.88179162571862140577226411882042090799,21,6.134,1,True
1.2.826.0.1.3680043.8.498.12929915324982999692857962099866616265,pf_centre,-84.943,-45.984,-38.625,0.0895,1.673,1.2.826.0.1.3680043.8.498.23656769357176624213878730510333955338,30,3.9,1,True
1.2.826.0.1.3680043.8.498.12936296973456045538701035923586653502,pf_centre,-92.676,-68.672,5.046,0.0613,4.251,1.2.826.0.1.3680043.8.498.42561439147295066778276759163913015096,30,3.9,1,True
1.2.826.0.1.3680043.8.498.12938500386086171684983091332136233036,pf_centre,-1.661,-33.226,-16.317,0.0787,1.155,1.2.826.0.1.3680043.8.498.50174441929118541987665100538726017222,32,4.8,1,True
1.2.826.0.1.3680043.8.498.12942677240800343332600884989364651588,pf_centre,125.962,-52.082,-13.019,0.1507,2.75,1.2.826.0.1.3680043.8.498.12933474169135149970829225688247673735,22,4.5,1,True
1.2.826.0.1.3680043.8.498.12946163460972553911280889205685745877,pf_centre,113.335,-99.452,14.447,0.0544,2.393,1.2.826.0.1.3680043.8.498.75222743108096809967779505243100175585,47,0.9,4,True
1.2.826.0.1.3680043.8.498.12946789387115203718210904958275579544,pf_centre,-94.148,-107.295,-3.866,0.1137,3.514,1.2.826.0.1.3680043.8.498.11385306681695165334034338134897238182,19,4.8,1,True
1.2.826.0.1.3680043.8.498.12949322114105642048256996295428966924,pf_centre,96.924,-44.695,16.134,0.0909,1.369,1.2.826.0.1.3680043.8.498.69367374728797822974891477938156771714,30,4.55,1,True
1.2.826.0.1.3680043.8.498.12950639892345812884896649629409199101,pf_centre,-82.827,-59.652,19.968,0.0603,2.245,1.2.826.0.1.3680043.8.498.44796095970793352574801613631296382568,40,4.095,1,True
1.2.826.0.1.3680043.8.498.12954163390367261226110152166469167935,pf_centre,-119.714,-80.057,1.836,0.1323,0.868,1.2.826.0.1.3680043.8.498.12268372180941314818115419114169323803,21,5.5,1,True
1.2.826.0.1.3680043.8.498.12957252711278416684461267069498115130,pf_centre,-94.858,-92.581,6.195,0.1035,1.238,1.2.826.0.1.3680043.8.498.10247301311681188734606666222546041603,29,0.6,5,True
1.2.826.0.1.3680043.8.498.12957752106697316015996777476239762111,pf_centre,-123.088,-85.814,-0.36,0.1034,1.568,1.2.826.0.1.3680043.8.498.13347136996152572721642604572951615869,30,3.6,1,True
1.2.826.0.1.3680043.8.498.12958999546496283565938189274771483491,pf_centre,92.947,-85.877,7.316,0.0995,2.33,1.2.826.0.1.3680043.8.498.11225546555132841318862269571391539180,27,0.6,6,True
1.2.826.0.1.3680043.8.498.12961116776122838195555132309258963046,pf_centre,95.068,-35.759,-26.924,0.0763,1.027,1.2.826.0.1.3680043.8.498.12007850881223619783754105635995863143,28,3.5,1,True
1.2.826.0.1.3680043.8.498.12965787822216495014894819598440431626,pf_centre,-114.5,-65.503,-13.268,0.0948,1.179,1.2.826.0.1.3680043.8.498.56500634209564360805887544020387868566,20,5.26,1,True
1.2.826.0.1.3680043.8.498.12968535455086298222684461157825070395,pf_centre,74.316,-38.529,24.613,0.081,1.566,1.2.826.0.1.3680043.8.498.99194758479127894162891911106520151743,33,4.4,1,True
1.2.826.0.1.3680043.8.498.12970315889871740202726744767179863179,pf_centre,90.951,-91.742,28.691,0.0678,1.605,1.2.826.0.1.3680043.8.498.10579578708077978606054586351950283384,38,3.6,1,True
1.2.826.0.1.3680043.8.498.12978172997053500029791786614906570285,pf_centre,-109.04,-74.344,-10.879,0.0889,1.303,1.2.826.0.1.3680043.8.498.11413188394281485468403125532519900970,36,3.3,1,True
1.2.826.0.1.3680043.8.498.12978510157202852202776899910529174803,pf_centre,-118.19,-70.948,14.069,0.0652,1.728,1.2.826.0.1.3680043.8.498.95737920059944686538141068233888690539,40,3.3,1,True
1.2.826.0.1.3680043.8.498.12980448935316870673341494036873313299,pf_centre,89.411,-93.001,-2.379,0.0941,1.414,1.2.826.0.1.3680043.8.498.70685133098265812758625746226740328804,30,3.5,1,True
1.2.826.0.1.3680043.8.498.12981413356524881858859912294078498486,pf_centre,-115.598,-89.93,37.517,0.0489,3.869,1.2.826.0.1.3680043.8.498.12076638729275158891249463035024966782,40,3.3,1,True
1.2.826.0.1.3680043.8.498.12982826264059547618124186257414818172,pf_centre,-90.546,-82.822,26.474,0.084,1.439,1.2.826.0.1.3680043.8.498.52116520815829513058701049694276122225,36,3.3,1,True
1.2.826.0.1.3680043.8.498.12985683732818911488433522743768046254,pf_centre,-116.962,-81.387,0.636,0.0798,1.332,1.2.826.0.1.3680043.8.498.11300602227430919389514792325314379023,36,3.3,1,True
1.2.826.0.1.3680043.8.498.12986028147682493711912242081052787346,pf_centre,-118.468,-62.543,59.005,0.1067,1.263,1.2.826.0.1.3680043.8.498.61083064852065570671266958821291763172,30,4.5,1,True
1.2.826.0.1.3680043.8.498.12986517636774565418070546261705439006,pf_centre,-86.23,-40.721,13.655,0.0729,2.063,1.2.826.0.1.3680043.8.498.34246654630903438827659434996097395068,36,3.3,1,True
1.2.826.0.1.3680043.8.498.12987428318535758055829100395092244687,pf_centre,80.127,-71.795,46.456,0.0659,2.269,1.2.826.0.1.3680043.8.498.12711714041999848431166764428581972613,40,3.3,1,True
1.2.826.0.1.3680043.8.498.12992013816638129896738209015383985569,pf_centre,87.145,-43.877,-8.393,0.0669,1.733,1.2.826.0.1.3680043.8.498.48981345513954196088985077674621731339,32,4.2,1,True
1.2.826.0.1.3680043.8.498.13003520962744192762179786723724282013,pf_centre,-91.378,-82.116,-25.261,0.0923,0.428,1.2.826.0.1.3680043.8.498.66709237839090860593525642852067821548,38,3.3,1,True
1.2.826.0.1.3680043.8.498.13004048880335015585285100185910148808,pf_centre,-21.308,-40.924,-15.351,0.0892,1.916,1.2.826.0.1.3680043.8.498.63087830739296630944274215418136223826,20,5.0,1,True
1.2.826.0.1.3680043.8.498.13009271274636013067662786774946029285,pf_centre,121.255,-89.749,0.502,0.1078,1.718,1.2.826.0.1.3680043.8.498.76025500050383741576882539141374106705,32,3.3,1,True
1.2.826.0.1.3680043.8.498.13015502057686077045104167339480215528,pf_centre,-107.356,14.047,-4.27,0.0873,1.352,1.2.826.0.1.3680043.8.498.12430569127275728732014140127204798805,42,3.5,1,True
1.2.826.0.1.3680043.8.498.13016684730504329799460698013153308088,pf_centre,-120.849,-109.15,-2.065,0.0899,1.14,1.2.826.0.1.3680043.8.498.91102874528160247996778677223428836092,22,5.808,1,True
1.2.826.0.1.3680043.8.498.13017199074506191657941905498813292773,pf_centre,-81.586,-71.912,-3.735,0.0966,1.62,1.2.826.0.1.3680043.8.498.63826919424382504029136669489188971239,19,4.4,1,True
1.2.826.0.1.3680043.8.498.13022266764623819477228425331705640702,pf_centre,18.069,-32.045,7.516,0.0955,1.257,1.2.826.0.1.3680043.8.498.18079537195700182564426969749151311359,24,4.4,1,True
1.2.826.0.1.3680043.8.498.13022585036130454941964190427558363602,pf_centre,0.784,-66.173,17.383,0.0568,2.834,1.2.826.0.1.3680043.8.498.56027277585352782785456703320523246069,26,4.4,1,True
1.2.826.0.1.3680043.8.498.13024250150960117282590397343184827466,pf_centre,50.649,-19.069,3.473,0.0703,2.323,1.2.826.0.1.3680043.8.498.30554393399729010709088188416948889460,40,3.5,1,True
1.2.826.0.1.3680043.8.498.13024625496981667037628275235696732200,pf_centre,108.172,-68.353,-4.486,0.0323,4.781,1.2.826.0.1.3680043.8.498.54654971805106970731631945721180467142,38,5.024,1,True
1.2.826.0.1.3680043.8.498.13026024768908635083636086393662414870,pf_centre,121.126,-96.554,-8.227,0.0748,8.985,1.2.826.0.1.3680043.8.498.20846461297451162567782491058460444160,40,3.3,1,True
1.2.826.0.1.3680043.8.498.13026463185033527579856819607371375594,pf_centre,-85.468,-93.489,-5.339,0.0496,2.771,1.2.826.0.1.3680043.8.498.72809864103903753394506293846002233056,30,4.0,1,True
1.2.826.0.1.3680043.8.498.13027024577729659065187419038453181852,pf_centre,84.548,-42.351,-5.494,0.0748,1.765,1.2.826.0.1.3680043.8.498.11715899933342663562229392903419213421,31,3.3,1,True
1.2.826.0.1.3680043.8.498.13027502247317650159940595684214701589,pf_centre,8.476,-35.327,18.652,0.1111,1.855,1.2.826.0.1.3680043.8.498.86162268680096026480314123539671502689,24,4.4,1,True
1.2.826.0.1.3680043.8.498.13028226019192925363616760332442456953,pf_centre,96.93,-30.821,-25.695,0.079,1.63,1.2.826.0.1.3680043.8.498.15817451223222107659079691911720402999,28,5.0,1,True
1.2.826.0.1.3680043.8.498.13030662056306690969977140713179461363,pf_centre,-120.634,-71.727,8.549,0.0766,1.898,1.2.826.0.1.3680043.8.498.50715694066537496356614507007355830539,30,3.6,1,True
1.2.826.0.1.3680043.8.498.13034169434311535671044673510644711229,pf_centre,-92.319,-57.92,69.6,0.0846,2.948,1.2.826.0.1.3680043.8.498.26406505343485311811665060502150399288,32,3.6,1,True
1.2.826.0.1.3680043.8.498.13035632998746261521316395720102873141,pf_centre,-105.847,-77.888,1.179,0.0701,0.497,1.2.826.0.1.3680043.8.498.71277255827564248598430207710906385013,36,3.3,1,True
1.2.826.0.1.3680043.8.498.13042847643086819857036458569632034999,pf_centre,-97.343,-53.856,-20.731,0.0579,0.796,1.2.826.0.1.3680043.8.498.36584924119474853355968201136773577101,34,4.2,1,True
1.2.826.0.1.3680043.8.498.13054766954092919774634499780241210835,pf_centre,98.843,-30.841,-20.043,0.0896,0.722,1.2.826.0.1.3680043.8.498.76859485033983737867395400072637068009,30,3.6,1,True
1.2.826.0.1.3680043.8.498.13062438493893996542058869514390908492,pf_centre,-94.787,-39.113,19.952,0.0702,1.786,1.2.826.0.1.3680043.8.498.69135403688687136280571565669705821515,27,4.8,1,True
1.2.826.0.1.3680043.8.498.13062978180647549151946243290102173508,pf_centre,68.795,-49.655,-2.084,0.082,1.135,1.2.826.0.1.3680043.8.498.11272757183639466239002585268951932080,36,3.3,1,True
1.2.826.0.1.3680043.8.498.13065120731888368919957856813755701101,pf_centre,-129.265,-63.335,-16.336,0.022,3.463,1.2.826.0.1.3680043.8.498.35602567771427247272240898972176608936,30,4.4,1,True
1.2.826.0.1.3680043.8.498.13068696303639759696458130704554709416,pf_centre,-96.745,-45.19,-29.648,0.0755,0.592,1.2.826.0.1.3680043.8.498.26487645637995498649072155343811541492,40,3.3,1,True
1.2.826.0.1.3680043.8.498.13069081594164738319108129224400751974,pf_centre,107.641,-76.146,1.121,0.0738,6.696,1.2.826.0.1.3680043.8.498.30226348050479539331924289768648692265,32,3.3,1,True
1.2.826.0.1.3680043.8.498.13072908567275370866813748886351904593,pf_centre,-115.157,-95.053,22.12,0.0823,4.306,1.2.826.0.1.3680043.8.498.52382707741487705470038819275802986713,30,4.4,1,True
1.2.826.0.1.3680043.8.498.13073387272228394257811861905056479438,pf_centre,-92.154,-98.09,-1.405,0.1245,2.537,1.2.826.0.1.3680043.8.498.40936048782480894276386907111545767326,20,5.2,1,True
1.2.826.0.1.3680043.8.498.13077357855769903335728068420884303993,pf_centre,-114.695,-72.586,8.157,0.098,1.646,1.2.826.0.1.3680043.8.498.85450383283460038586396328853220019227,28,4.5,1,True
1.2.826.0.1.3680043.8.498.13078009378379325641560321462188164769,pf_centre,-105.402,-96.985,1.159,0.0851,9.945,1.2.826.0.1.3680043.8.498.43894969330099066291250222070568843509,19,5.4,1,True
1.2.826.0.1.3680043.8.498.13078551660783737720660607567713996703,pf_centre,-14.152,-39.083,7.466,0.0937,0.707,1.2.826.0.1.3680043.8.498.10425462399662448096411573966479337214,28,4.0,1,True
1.2.826.0.1.3680043.8.498.13078834627392793401892111941627273421,pf_centre,110.55,-105.876,15.863,0.1105,1.013,1.2.826.0.1.3680043.8.498.15120211142691490649956182284473931249,18,6.041,1,True
1.2.826.0.1.3680043.8.498.13079170182386765602129976624023222742,pf_centre,-73.762,-58.406,-28.876,0.1033,1.595,1.2.826.0.1.3680043.8.498.99867821994687379926959230804697673821,24,4.5,1,True
1.2.826.0.1.3680043.8.498.13086260989634665810181105278930088749,pf_centre,132.026,-81.478,15.822,0.0743,1.364,1.2.826.0.1.3680043.8.498.53286332382652464447448361965496316550,35,3.5,1,True
1.2.826.0.1.3680043.8.498.13087770868099843948960419968576882974,pf_centre,-98.779,-26.471,15.332,0.0927,1.237,1.2.826.0.1.3680043.8.498.10604248550704666758315578628322210744,25,5.0,1,True
1.2.826.0.1.3680043.8.498.13088550794087945662322609097092458487,pf_centre,85.593,-19.297,-17.237,0.0973,1.622,1.2.826.0.1.3680043.8.498.36610290109767339514377828682615437691,35,3.3,1,True
1.2.826.0.1.3680043.8.498.13092094949394905924922534008771583745,pf_centre,-108.036,-89.639,10.558,0.0674,1.053,1.2.826.0.1.3680043.8.498.11482656292757033789904906823427491296,30,3.5,1,True
1.2.826.0.1.3680043.8.498.13093528938282977263747792690249036456,pf_centre,-52.274,20.529,-0.496,0.0749,0.649,1.2.826.0.1.3680043.8.498.10555838985689977634474865532382581419,38,3.5,1,True
1.2.826.0.1.3680043.8.498.13093751810869039645959119469231437894,pf_centre,-97.422,-23.357,15.687,0.0502,6.02,1.2.826.0.1.3680043.8.498.55548847101198421664443298057077965273,33,5.0,1,True
1.2.826.0.1.3680043.8.498.13096288495834275184930201615129174987,pf_centre,79.696,-35.406,9.295,0.0622,2.196,1.2.826.0.1.3680043.8.498.83606900978015203815728658995544406464,27,3.6,1,True
1.2.826.0.1.3680043.8.498.13099702881219862576749493772702888064,pf_centre,-102.0,-91.322,10.648,0.132,1.153,1.2.826.0.1.3680043.8.498.89567594574574666641112394759117800140,22,0.6,6,True
1.2.826.0.1.3680043.8.498.13102058401501684064017656674827527261,pf_centre,84.696,-47.476,-11.806,0.0961,1.809,1.2.826.0.1.3680043.8.498.49190557910200362366557557688310048528,36,3.3,1,True
1.2.826.0.1.3680043.8.498.13103513835731355705707295729643672786,pf_centre,-81.09,-46.648,16.177,0.0641,0.988,1.2.826.0.1.3680043.8.498.12433274967393258513446013534525165916,38,3.6,1,True
1.2.826.0.1.3680043.8.498.13108275880471592702987713766776683590,pf_centre,82.512,-66.605,-7.548,0.0701,1.085,1.2.826.0.1.3680043.8.498.47458708658125695577865990859859575659,38,3.6,1,True
1.2.826.0.1.3680043.8.498.13113623966675790946816351311283701141,pf_centre,95.006,-44.632,-1.134,0.0653,3.019,1.2.826.0.1.3680043.8.498.94973890485663085556322243126694073584,32,3.6,1,True
1.2.826.0.1.3680043.8.498.13114228294359876639109410575915394712,pf_centre,119.797,-106.643,3.252,0.0894,3.841,1.2.826.0.1.3680043.8.498.10385363153646704385982745442688167245,19,4.8,1,True
1.2.826.0.1.3680043.8.498.13114693814781737495494700902699619138,pf_centre,-80.686,-78.926,8.31,0.0732,2.939,1.2.826.0.1.3680043.8.498.92274698558818113544538787334377791048,20,6.186,1,True
1.2.826.0.1.3680043.8.498.13116941594523500503401720636978356127,pf_centre,134.197,-66.389,25.689,0.0746,1.09,1.2.826.0.1.3680043.8.498.11257061824962402087005848021800501752,35,3.5,1,True
1.2.826.0.1.3680043.8.498.13118325043138522704531128725514354285,pf_centre,-115.64,-70.24,-4.788,0.0876,0.826,1.2.826.0.1.3680043.8.498.50158291457838672411049691466821459248,30,3.6,1,True
1.2.826.0.1.3680043.8.498.13118532243906060645114391749986421707,pf_centre,75.025,-78.686,25.557,0.0562,1.34,1.2.826.0.1.3680043.8.498.42080077060101008442749053874020820532,22,5.883,1,True
1.2.826.0.1.3680043.8.498.13125910783461518266627225743585018143,pf_centre,89.875,25.437,4.519,0.0453,2.512,1.2.826.0.1.3680043.8.498.44792891978921908207337242349920408378,30,4.4,1,True
1.2.826.0.1.3680043.8.498.13126070481622692281046898445918832841,pf_centre,124.333,-81.031,3.39,0.0624,4.947,1.2.826.0.1.3680043.8.498.78533765009703181277921374886673131331,30,5.0,1,True
1.2.826.0.1.3680043.8.498.13126380916005729420163981055214890048,pf_centre,-88.237,-44.933,3.426,0.0576,1.265,1.2.826.0.1.3680043.8.498.62124233639593824758033776632327189077,30,4.55,1,True
1.2.826.0.1.3680043.8.498.13128352910661672966143173193241171100,pf_centre,-54.7,-61.731,18.283,0.0824,1.513,1.2.826.0.1.3680043.8.498.31240499032036142443908545494025879078,30,4.4,1,True
1.2.826.0.1.3680043.8.498.13128506994126383651503283021834372142,pf_centre,100.424,-45.787,-10.129,0.1036,1.973,1.2.826.0.1.3680043.8.498.25871201840147096680021158660366724521,32,4.5,1,True
1.2.826.0.1.3680043.8.498.13129258242739880102472095242703169773,pf_centre,93.832,-97.339,7.472,0.0856,15.196,1.2.826.0.1.3680043.8.498.49154629138528309010124784669076423324,32,0.6,5,True
1.2.826.0.1.3680043.8.498.13130534736322715018024786213131944607,pf_centre,-68.07,-61.03,31.083,0.0766,1.772,1.2.826.0.1.3680043.8.498.44166923967318019605816195127591082752,36,4.095,1,True
1.2.826.0.1.3680043.8.498.13131420451380633781538717117200087258,pf_centre,90.346,-39.558,-13.702,0.0934,0.864,1.2.826.0.1.3680043.8.498.32934735104910993298054438193067078481,34,3.3,1,True
1.2.826.0.1.3680043.8.498.13133755791254469039849289186598412660,pf_centre,84.084,-35.153,17.525,0.0665,1.121,1.2.826.0.1.3680043.8.498.95082009562190063890137445124750743279,33,4.5,1,True
1.2.826.0.1.3680043.8.498.13135567399913958681613600650440761032,pf_centre,-120.34,-70.685,-12.671,0.0631,1.696,1.2.826.0.1.3680043.8.498.47490086363407024895108797953797574176,44,3.3,1,True
1.2.826.0.1.3680043.8.498.13136367866260644484250529322937554927,pf_centre,-18.596,-44.382,19.309,0.0467,1.122,1.2.826.0.1.3680043.8.498.12912958025107199992256642601614479894,40,3.3,1,True
1.2.826.0.1.3680043.8.498.13136392756016978765204420377500607545,pf_centre,106.568,-99.983,16.334,0.0424,1.216,1.2.826.0.1.3680043.8.498.22406233191442169744487108472292176140,36,3.3,1,True
1.2.826.0.1.3680043.8.498.13137510961466386836387239510287919268,pf_centre,70.904,-57.99,45.439,0.0734,2.343,1.2.826.0.1.3680043.8.498.17078849534868982992011750353128548690,30,3.9,1,True
1.2.826.0.1.3680043.8.498.13137549927896953291645459480590055925,pf_centre,-89.691,-82.942,-3.632,0.0622,1.57,1.2.826.0.1.3680043.8.498.12017223567489479907310601151720139099,48,3.6,1,True
1.2.826.0.1.3680043.8.498.13139684164906828131777150061532685584,pf_centre,83.6,-48.971,-8.813,0.079,0.903,1.2.826.0.1.3680043.8.498.42585420435385127268973022459754306266,28,5.0,1,True
1.2.826.0.1.3680043.8.498.13143446880514535170343243531129864116,pf_centre,112.993,-65.969,-16.11,0.1028,2.034,1.2.826.0.1.3680043.8.498.12930083115941481243809882526364266661,22,4.5,1,True
1.2.826.0.1.3680043.8.498.13146466304138609448483938844487385775,pf_centre,-91.259,-47.498,5.836,0.0519,2.793,1.2.826.0.1.3680043.8.498.13265240734246373726878306945195045585,34,4.5,1,True
1.2.826.0.1.3680043.8.498.13147249459968468500804358644901642270,pf_centre,80.013,-24.735,12.876,0.1175,1.008,1.2.826.0.1.3680043.8.498.73967113331348420021016609425629354137,24,4.5,1,True
1.2.826.0.1.3680043.8.498.13148805278538458401210722493048566510,pf_centre,72.456,-50.165,32.581,0.0951,1.123,1.2.826.0.1.3680043.8.498.94005116493715554005973441529135805170,40,3.3,1,True
1.2.826.0.1.3680043.8.498.13150780733560495803861509587935093776,pf_centre,116.064,-84.159,-6.398,0.0481,1.568,1.2.826.0.1.3680043.8.498.15475767775865809527587065807682730865,37,4.4,1,True
1.2.826.0.1.3680043.8.498.13150794288945922409613136250303663502,pf_centre,103.23,-101.356,14.321,0.0952,5.251,1.2.826.0.1.3680043.8.498.61040367579840097573263166113717702030,18,7.336,1,True
1.2.826.0.1.3680043.8.498.13151845892175420505816340845155354956,pf_centre,97.1,-94.194,2.601,0.0457,5.175,1.2.826.0.1.3680043.8.498.11534606965451903759247535596671545163,25,5.944,1,True
1.2.826.0.1.3680043.8.498.13152690996267297597178587721720788387,pf_centre,-63.234,-60.823,-3.505,0.099,0.987,1.2.826.0.1.3680043.8.498.68030285592530399462144331358290550115,30,3.9,1,True
1.2.826.0.1.3680043.8.498.13155572156594271049520969168607160312,pf_centre,115.989,-62.728,68.37,0.0073,83.561,1.2.826.0.1.3680043.8.498.12740973054582975723630950986782120967,22,3.3,1,True
1.2.826.0.1.3680043.8.498.13157776420553094741176082047621957775,pf_centre,92.691,-42.102,9.111,0.1329,1.59,1.2.826.0.1.3680043.8.498.91952066292976192552199538247475318041,27,3.6,1,True
1.2.826.0.1.3680043.8.498.13158227087287104386790063637592969032,pf_centre,-80.571,-83.184,-0.209,0.0414,6.522,1.2.826.0.1.3680043.8.498.77870994370136264276715433497765887145,35,4.0,1,True
1.2.826.0.1.3680043.8.498.13158644154518335426512578922874968296,pf_centre,-79.876,-54.705,-35.235,0.1092,0.996,1.2.826.0.1.3680043.8.498.53181531191234409991074042809011577941,20,5.0,1,True
1.2.826.0.1.3680043.8.498.13162284470388627411596358366248494046,pf_centre,-77.521,-50.582,30.512,0.0448,2.839,1.2.826.0.1.3680043.8.498.11258312941169368280500019210181090188,33,4.5,1,True
1.2.826.0.1.3680043.8.498.13162479706670045075896993021883562680,pf_centre,-80.163,-47.61,-4.134,0.0512,1.407,1.2.826.0.1.3680043.8.498.10031016677302738528133519623700036745,30,4.5,1,True
1.2.826.0.1.3680043.8.498.13163727085668231782866823012535268245,pf_centre,-76.306,-32.628,-5.171,0.0806,1.172,1.2.826.0.1.3680043.8.498.12607537613356709830372044641169446143,36,3.3,1,True
1.2.826.0.1.3680043.8.498.13165770394160595162984722917452661205,pf_centre,90.051,-77.385,-40.655,0.0661,2.439,1.2.826.0.1.3680043.8.498.13357425259893315140064462993396148890,30,4.4,1,True
1.2.826.0.1.3680043.8.498.13167727300538353052482338786183678684,pf_centre,85.563,-59.689,25.968,0.0416,2.174,1.2.826.0.1.3680043.8.498.11403787377555610638877528248943389855,35,4.52,1,True
1.2.826.0.1.3680043.8.498.13172295193446466338347273836250944090,pf_centre,68.589,-38.948,50.052,0.0659,1.221,1.2.826.0.1.3680043.8.498.11816979017889394122622179037841091009,38,3.6,1,True
1.2.826.0.1.3680043.8.498.13173050135651736408720687361834045815,pf_centre,77.056,-54.951,2.46,0.0777,1.688,1.2.826.0.1.3680043.8.498.11661439834218659249352231638482437228,32,4.55,1,True
1.2.826.0.1.3680043.8.498.13173781757294564816839795307893228067,pf_centre,-81.681,-104.23,-6.605,0.0874,2.342,1.2.826.0.1.3680043.8.498.12434935574145978968908583269826929210,19,4.8,1,True
1.2.826.0.1.3680043.8.498.13173926977743814814616127342102020710,pf_centre,69.49,-15.969,-14.926,0.1073,1.475,1.2.826.0.1.3680043.8.498.11687778657900445367965481071149868019,30,3.3,1,True
1.2.826.0.1.3680043.8.498.13176146790594027813190776550419533937,pf_centre,-90.972,-33.67,-2.6,0.0681,2.166,1.2.826.0.1.3680043.8.498.10534755788761625628788751288900830497,33,4.4,1,True
1.2.826.0.1.3680043.8.498.13179169600887013946657470830682778717,pf_centre,88.961,-47.582,-28.894,0.0865,1.043,1.2.826.0.1.3680043.8.498.79286036863293446467099186249745722244,36,3.3,1,True
1.2.826.0.1.3680043.8.498.13179829911816163852815103052496326166,pf_centre,-90.666,-92.354,21.374,0.0601,1.69,1.2.826.0.1.3680043.8.498.11778893789334947611632734647585838922,42,3.6,1,True
1.2.826.0.1.3680043.8.498.13197409499722328227876152940338160369,pf_centre,90.287,-58.536,-11.354,0.0883,1.641,1.2.826.0.1.3680043.8.498.28404140817663462611847284160690421804,30,4.4,1,True
1.2.826.0.1.3680043.8.498.13199635020145400856987271814458645896,pf_centre,-105.28,17.232,-26.679,0.0708,1.261,1.2.826.0.1.3680043.8.498.40823100712459700876348063824818817519,30,4.4,1,True
1.2.826.0.1.3680043.8.498.13200225436827306542001129042739578441,pf_centre,-81.24,-90.583,0.518,0.0978,2.11,1.2.826.0.1.3680043.8.498.10928593084221235901735083037900500089,27,0.6,6,True
1.2.826.0.1.3680043.8.498.13203246712933982189680087013566455075,pf_centre,-104.519,-96.091,9.658,0.0782,3.377,1.2.826.0.1.3680043.8.498.29062641042433961161801538631645292348,18,7.336,1,True
1.2.826.0.1.3680043.8.498.13207489724395276840990928372610055495,pf_centre,100.876,-39.507,-0.225,0.0558,3.322,1.2.826.0.1.3680043.8.498.86085023932489594356999903349351513446,32,4.52,1,True
1.2.826.0.1.3680043.8.498.13210084125872700841685814144002495145,pf_centre,-124.801,-81.815,3.63,0.0489,2.694,1.2.826.0.1.3680043.8.498.72131866665282177662564053876886381018,36,3.3,1,True
1.2.826.0.1.3680043.8.498.13211838518836535713919214396985811434,pf_centre,-87.076,-46.016,31.238,0.0746,1.335,1.2.826.0.1.3680043.8.498.10097905774691777164144172695541191375,30,3.9,1,True
1.2.826.0.1.3680043.8.498.13212280182729018182073794487313115605,pf_centre,-82.267,-46.569,-13.47,0.0919,0.374,1.2.826.0.1.3680043.8.498.27455412666467363291433093976152218185,36,3.3,1,True
1.2.826.0.1.3680043.8.498.13214267416673058581197714011913363750,pf_centre,104.921,-89.373,2.762,0.0765,3.292,1.2.826.0.1.3680043.8.498.60467218753048134151865244795388961472,22,4.899,1,True
1.2.826.0.1.3680043.8.498.13222515831888962408632292783773537312,pf_centre,-118.347,-69.678,-3.172,0.0855,1.111,1.2.826.0.1.3680043.8.498.12441029855866660632332223255080566640,30,3.6,1,True
1.2.826.0.1.3680043.8.498.13224933005220329091792052916905776921,pf_centre,-66.355,-97.645,6.814,0.0917,3.673,1.2.826.0.1.3680043.8.498.10620328458985189559722349458292498467,20,6.186,1,True
1.2.826.0.1.3680043.8.498.13226961394403558608712498872213808226,pf_centre,-85.765,-58.205,-7.679,0.077,1.036,1.2.826.0.1.3680043.8.498.80063878017475418334154255914427088030,30,3.9,1,True
1.2.826.0.1.3680043.8.498.13229563888378977350299319159748823477,pf_centre,-115.349,-65.686,-10.966,0.0797,0.657,1.2.826.0.1.3680043.8.498.12375589615941521155462583599140879064,30,3.6,1,True
1.2.826.0.1.3680043.8.498.13232501202175905676335982676386953813,pf_centre,-93.223,-36.726,13.437,0.0473,0.919,1.2.826.0.1.3680043.8.498.78092038755443272720017712628186862681,36,4.0,1,True
1.2.826.0.1.3680043.8.498.13234278816788324761159326624155958655,pf_centre,-83.057,-43.922,3.584,0.1164,1.005,1.2.826.0.1.3680043.8.498.57535261257404767995270696614350435156,27,4.0,1,True
1.2.826.0.1.3680043.8.498.13240749152416621711688053465035013133,pf_centre,127.065,-75.534,3.804,0.0573,9.008,1.2.826.0.1.3680043.8.498.10685244774945705014783446619477228060,21,6.134,1,True
1.2.826.0.1.3680043.8.498.13242536312535334908597493894251783308,pf_centre,128.69,-94.868,-1.244,0.0907,0.529,1.2.826.0.1.3680043.8.498.76895999304274125546345657770099365334,23,6.921,1,True
1.2.826.0.1.3680043.8.498.13245409855393847268063261203253424169,pf_centre,-98.81,-90.94,16.094,0.0925,1.324,1.2.826.0.1.3680043.8.498.20700474899336501022485459610440320429,29,0.6,5,True
1.2.826.0.1.3680043.8.498.13246496699722524712272293738359002501,pf_centre,-108.922,-54.6,7.418,0.061,1.319,1.2.826.0.1.3680043.8.498.41329236479827393933681885831609514958,30,4.4,1,True
1.2.826.0.1.3680043.8.498.13256173302993031630968402868348974108,pf_centre,-86.264,-61.297,17.702,0.1009,0.985,1.2.826.0.1.3680043.8.498.48866862626339829260588560219632616180,36,3.3,1,True
1.2.826.0.1.3680043.8.498.13261595972961358158990410740461308054,pf_centre,103.934,-103.981,0.033,0.1376,1.911,1.2.826.0.1.3680043.8.498.12814785020600297743415146940938245475,19,4.6,1,True
1.2.826.0.1.3680043.8.498.13262053361139017457941697384315610025,pf_centre,-96.198,-102.915,34.872,0.1046,0.934,1.2.826.0.1.3680043.8.498.48127652418113886629200522794141736570,20,6.5,1,True
1.2.826.0.1.3680043.8.498.13262473718294425031790270527413368245,pf_centre,138.1,-74.06,-0.13,0.0947,1.603,1.2.826.0.1.3680043.8.498.92909528333086635485287338370284964771,25,4.0,1,True
1.2.826.0.1.3680043.8.498.13262583253812134425581922368942846684,pf_centre,-92.02,-44.828,-4.7,0.0887,1.498,1.2.826.0.1.3680043.8.498.58591879482030606305221164015439934261,36,3.3,1,True
1.2.826.0.1.3680043.8.498.13263128568157735797391439005687112733,pf_centre,116.748,-83.065,7.173,0.0779,1.517,1.2.826.0.1.3680043.8.498.10197401285699259379595830312484324938,24,5.28,1,True
1.2.826.0.1.3680043.8.498.13267708980958529833316446819156908381,pf_centre,-119.546,-87.95,11.703,0.1082,1.028,1.2.826.0.1.3680043.8.498.12567641413989519845738256162423557707,20,4.8,1,True
1.2.826.0.1.3680043.8.498.13267780356245120052411517053322874891,pf_centre,60.816,-37.826,50.372,0.096,1.344,1.2.826.0.1.3680043.8.498.73978745362309858790387708743520311872,20,5.5,1,True
1.2.826.0.1.3680043.8.498.13269841239774089690227054060975903636,pf_centre,-98.231,-31.243,1.686,0.0678,3.07,1.2.826.0.1.3680043.8.498.10912730810598131130583711013097770493,32,4.4,1,True
1.2.826.0.1.3680043.8.498.13273890409523605456488117581706115075,pf_centre,-88.508,-36.388,2.678,0.0949,1.151,1.2.826.0.1.3680043.8.498.70458801903453503855587116235138246802,30,3.3,1,True
1.2.826.0.1.3680043.8.498.13280017707177438711374726939683941320,pf_centre,128.885,-79.319,27.435,0.0674,7.709,1.2.826.0.1.3680043.8.498.59487944185402989245649100487418829238,40,3.3,1,True
1.2.826.0.1.3680043.8.498.13283411144589724334502427926341646116,pf_centre,-124.701,-71.708,38.515,0.0835,2.066,1.2.826.0.1.3680043.8.498.12370137687483671935508955129717304455,43,3.3,1,True
1.2.826.0.1.3680043.8.498.13284123714012951608998434802430211634,pf_centre,-48.974,-44.258,-9.16,0.0916,1.785,1.2.826.0.1.3680043.8.498.94438864552446188486298870749561623004,30,3.3,1,True
1.2.826.0.1.3680043.8.498.13286048014183811835847662577023535662,pf_centre,-81.664,-49.459,14.95,0.0535,2.491,1.2.826.0.1.3680043.8.498.12451041805561416629668110743080442527,38,3.6,1,True
1.2.826.0.1.3680043.8.498.13288244567806030859347115222642155186,pf_centre,-76.959,-91.183,-22.443,0.1002,0.838,1.2.826.0.1.3680043.8.498.10652736364293089319556962858920810518,19,5.4,1,True
1.2.826.0.1.3680043.8.498.13290698873574296175460151724606672982,pf_centre,-75.31,-54.35,11.652,0.0963,1.236,1.2.826.0.1.3680043.8.498.39384613199720798544344535907067408742,33,3.9,1,True
1.2.826.0.1.3680043.8.498.13291943370279119939499960846843879156,pf_centre,-103.594,-73.329,1.738,0.0668,1.084,1.2.826.0.1.3680043.8.498.12938648157859626963442327413579732127,32,3.3,1,True
1.2.826.0.1.3680043.8.498.13295231176137292542631413614945667314,pf_centre,-86.053,-47.856,42.663,0.0815,3.051,1.2.826.0.1.3680043.8.498.57948102594525256813062340005585713742,30,3.9,1,True
1.2.826.0.1.3680043.8.498.13295633458001436592005068637719195786,pf_centre,69.954,32.994,-101.484,0.0536,3.011,1.2.826.0.1.3680043.8.498.68191670574750869061861475357914526610,30,4.4,1,True
1.2.826.0.1.3680043.8.498.13297973188397662905314777604089528518,pf_centre,40.205,-72.472,18.471,0.0687,1.068,1.2.826.0.1.3680043.8.498.70588147459360239526337693607246213267,33,3.5,1,True
1.2.826.0.1.3680043.8.498.13309299049346932814529962458932580753,pf_centre,-95.924,-27.177,8.841,0.081,0.531,1.2.826.0.1.3680043.8.498.62099731339438596127707684207792953487,28,4.4,1,True
1.2.826.0.1.3680043.8.498.13312139694018789912028129989483016875,pf_centre,-77.756,-28.034,4.987,0.0849,1.64,1.2.826.0.1.3680043.8.498.41118461811104505121348891551661118041,30,5.0,1,True
1.2.826.0.1.3680043.8.498.13314276151860609710431717811242659651,pf_centre,-129.347,-115.533,16.667,0.0915,0.81,1.2.826.0.1.3680043.8.498.11548814171535408943975528500420084996,22,7.336,1,True
1.2.826.0.1.3680043.8.498.13319886927127591971322856062062654146,pf_centre,122.152,-113.021,10.851,0.0544,6.074,1.2.826.0.1.3680043.8.498.48987928682551230156598007026634457437,47,0.9,4,True
1.2.826.0.1.3680043.8.498.13321746459276191365724686301267421531,pf_centre,-74.269,-44.731,-8.144,0.0596,1.767,1.2.826.0.1.3680043.8.498.12555622920124153625250106672331215980,34,4.4,1,True
1.2.826.0.1.3680043.8.498.13323187196249612936800308722675884644,pf_centre,-63.449,-43.763,-0.738,0.1412,1.301,1.2.826.0.1.3680043.8.498.47493489097074814696368829015891752285,25,3.6,1,True
1.2.826.0.1.3680043.8.498.13328029743559327467301971917273397645,pf_centre,-90.985,-86.243,23.052,0.0692,0.666,1.2.826.0.1.3680043.8.498.63056906851455726206557914782436389611,36,3.3,1,True
1.2.826.0.1.3680043.8.498.13330694332190836651711643932953274573,pf_centre,-104.287,-25.489,4.179,0.0553,2.913,1.2.826.0.1.3680043.8.498.62044640363596939806501296182712744258,30,4.4,1,True
1.2.826.0.1.3680043.8.498.13332521365069604440230185026865466121,pf_centre,-92.954,-21.971,6.995,0.0575,2.198,1.2.826.0.1.3680043.8.498.12564642579734401006580124874119395630,33,4.52,1,True
1.2.826.0.1.3680043.8.498.13335129881737731410081002627729200903,pf_centre,-91.372,-63.94,-3.683,0.0643,9.569,1.2.826.0.1.3680043.8.498.13285315477543193167253671337881879897,38,3.6,1,True
1.2.826.0.1.3680043.8.498.13335786652653204791740906118815827207,pf_centre,109.003,-65.191,51.461,0.0543,1.618,1.2.826.0.1.3680043.8.498.78929304240184330361687298309208911359,37,3.3,1,True
1.2.826.0.1.3680043.8.498.13341507176140340924941654608476073030,pf_centre,-114.838,-87.129,3.642,0.0781,1.703,1.2.826.0.1.3680043.8.498.21506789274380950263331276695048135055,41,3.3,1,True
1.2.826.0.1.3680043.8.498.13353249891620291438488727876474802879,pf_centre,111.593,-80.116,26.245,0.0907,0.869,1.2.826.0.1.3680043.8.498.11334556134041807975217801503874780983,22,5.0,1,True
1.2.826.0.1.3680043.8.498.13353409340862821090624127486679097099,pf_centre,118.273,-86.899,1.101,0.0613,4.244,1.2.826.0.1.3680043.8.498.17428694112690835799393392717773887983,35,3.5,1,True
1.2.826.0.1.3680043.8.498.13353966209257569249620562863006006441,pf_centre,-75.317,-43.933,15.597,0.0685,1.7,1.2.826.0.1.3680043.8.498.93667436368515047325093283512907095904,31,5.0,1,True
1.2.826.0.1.3680043.8.498.13357923062946813820390731946535198170,pf_centre,103.991,-44.023,-13.625,0.0795,2.072,1.2.826.0.1.3680043.8.498.48086020295913907140202526688567389228,36,3.3,1,True
1.2.826.0.1.3680043.8.498.13358702230966891064267033765095124604,pf_centre,122.42,-61.746,15.444,0.0579,1.801,1.2.826.0.1.3680043.8.498.24618077878651200118006993246980940606,43,3.5,1,True
1.2.826.0.1.3680043.8.498.13361877959630120404875545203408927433,pf_centre,73.593,-62.74,4.075,0.1247,2.604,1.2.826.0.1.3680043.8.498.72958050841669025886440831827079086384,25,5.0,1,True
1.2.826.0.1.3680043.8.498.13363562142644508091380459785810556567,pf_centre,-83.091,-70.937,1.784,0.0522,1.52,1.2.826.0.1.3680043.8.498.45914850447024909975712101263344365271,46,3.9,1,True
1.2.826.0.1.3680043.8.498.13363856251607349805111249441972460575,pf_centre,131.343,-72.277,-5.297,0.0893,1.369,1.2.826.0.1.3680043.8.498.88300806492307731886089323471870045974,35,3.5,1,True
1.2.826.0.1.3680043.8.498.13367691581890020433564928882602648123,pf_centre,-118.321,-94.347,11.408,0.0769,1.113,1.2.826.0.1.3680043.8.498.56786418380876425230359067798848666630,44,3.3,1,True
1.2.826.0.1.3680043.8.498.13367740087756379568826046059252678700,pf_centre,-44.049,-61.508,4.715,0.1066,1.45,1.2.826.0.1.3680043.8.498.13024619671941973885621766021623968203,26,4.5,1,True
1.2.826.0.1.3680043.8.498.13368881691140330168876825436602977388,pf_centre,1.889,-26.215,4.421,0.0726,0.668,1.2.826.0.1.3680043.8.498.87312074820099057827775180456044065431,28,4.0,1,True
1.2.826.0.1.3680043.8.498.13369443704765101449274062863864122737,pf_centre,94.355,-15.806,-17.276,0.0676,1.149,1.2.826.0.1.3680043.8.498.56158331754353194550979269342894895166,30,4.4,1,True
1.2.826.0.1.3680043.8.498.13371001997511542011416510364359588752,pf_centre,-99.276,-96.359,36.233,0.049,4.032,1.2.826.0.1.3680043.8.498.11903225676331231416324385919270392385,18,7.336,1,True
1.2.826.0.1.3680043.8.498.13377426362348493372112241208607685717,pf_centre,-107.562,-85.183,-8.211,0.1107,1.314,1.2.826.0.1.3680043.8.498.93144839371916793725387652936151626288,24,5.0,1,True
1.2.826.0.1.3680043.8.498.13380735447520796902327272696579348141,pf_centre,-91.177,-45.759,-1.826,0.08,2.104,1.2.826.0.1.3680043.8.498.80435267251733058028182432912017654642,38,3.6,1,True
1.2.826.0.1.3680043.8.498.13383972749798909973472489456126521194,pf_centre,70.733,-46.646,34.82,0.1012,0.788,1.2.826.0.1.3680043.8.498.13044196163801397735856706759395619019,30,4.55,1,True
1.2.826.0.1.3680043.8.498.13390551515761269433524925969561757962,pf_centre,49.197,-74.888,27.755,0.0887,1.382,1.2.826.0.1.3680043.8.498.53073862774221869923222611986268170588,30,3.5,1,True
1.2.826.0.1.3680043.8.498.13391735462825209934041441767886593395,pf_centre,104.895,52.295,25.959,0.0471,4.756,1.2.826.0.1.3680043.8.498.10816123132131258755825325172416990464,35,5.5,1,True
1.2.826.0.1.3680043.8.498.13393268272072264469105890769640363680,pf_centre,104.616,-81.056,22.793,0.0439,4.342,1.2.826.0.1.3680043.8.498.34442502177486820796939406400233641253,48,3.3,1,True
1.2.826.0.1.3680043.8.498.13399254446600380420635633478666850540,pf_centre,13.86,-34.442,14.232,0.0853,1.574,1.2.826.0.1.3680043.8.498.99694215230506486531273970834179063255,24,4.4,1,True
1.2.826.0.1.3680043.8.498.13400273795954308944359576841942016981,pf_centre,109.516,-86.49,3.671,0.0676,0.853,1.2.826.0.1.3680043.8.498.74057464392700222169612023410587041781,40,3.3,1,True
1.2.826.0.1.3680043.8.498.13405120554981098042415743645998258385,pf_centre,124.491,-82.561,22.722,0.063,1.456,1.2.826.0.1.3680043.8.498.57975157148904200399542585756773683830,40,3.3,1,True
1.2.826.0.1.3680043.8.498.13430522388784978790587514142693914965,pf_centre,-97.204,-58.924,-2.916,0.0931,0.771,1.2.826.0.1.3680043.8.498.90126907772602711483050382008266323129,36,3.3,1,True
1.2.826.0.1.3680043.8.498.13440909104569690641314836192184434461,pf_centre,-79.408,-89.809,-2.346,0.0647,1.372,1.2.826.0.1.3680043.8.498.12701106680437416585401060466658446072,38,3.6,1,True
1.2.826.0.1.3680043.8.498.13455212888114594010716499984611216646,pf_centre,-103.59,-69.99,-33.093,0.0693,0.735,1.2.826.0.1.3680043.8.498.11432799233592313965008460158649027371,30,4.4,1,True
1.2.826.0.1.3680043.8.498.13459473184684263663596121399737033933,pf_centre,107.426,-82.52,34.864,0.1099,2.063,1.2.826.0.1.3680043.8.498.11443653654825332507307569780142819364,32,3.3,1,True
1.2.826.0.1.3680043.8.498.13460078631594032326006554321483799928,pf_centre,102.131,-83.13,12.371,0.0909,1.009,1.2.826.0.1.3680043.8.498.44001678589625757006984355925387560955,22,6.335,1,True
1.2.826.0.1.3680043.8.498.13460268079835549295338279322112693785,pf_centre,79.24,-32.258,18.333,0.115,1.539,1.2.826.0.1.3680043.8.498.82569189050563393890210481562695236315,27,4.5,1,True
1.2.826.0.1.3680043.8.498.13461073016327661159616957998589287085,pf_centre,-121.805,-77.655,16.075,0.1144,1.989,1.2.826.0.1.3680043.8.498.55088839686513631065885988071212298475,30,3.6,1,True
1.2.826.0.1.3680043.8.498.13463672277039459152171414002273376185,pf_centre,115.474,-51.798,-0.992,0.0641,1.609,1.2.826.0.1.3680043.8.498.89185873947480693202976022916858633175,40,4.0,1,True
1.2.826.0.1.3680043.8.498.13505671694940677161128783863912245059,pf_centre,116.621,-56.772,-2.681,0.0544,1.721,1.2.826.0.1.3680043.8.498.12114284863278377108555142304595256048,30,4.4,1,True
1.2.826.0.1.3680043.8.498.13575953449958751965232580597585303226,pf_centre,-138.367,-107.996,17.749,0.0682,3.936,1.2.826.0.1.3680043.8.498.13305408284306240547510108898994380198,24,6.186,1,True
1.2.826.0.1.3680043.8.498.13597463452741791628023738080583139636,pf_centre,-113.739,-82.344,49.353,0.0781,1.293,1.2.826.0.1.3680043.8.498.87300841432857205242441676532234532402,40,3.3,1,True
1.2.826.0.1.3680043.8.498.13616982533395291590655841043722813973,pf_centre,-111.279,-73.5,-0.61,0.049,1.183,1.2.826.0.1.3680043.8.498.46109348177256336877322115539076538893,36,3.3,1,True
1.2.826.0.1.3680043.8.498.13660439785395658826946769630921591235,pf_centre,43.863,-25.567,-16.721,0.109,0.544,1.2.826.0.1.3680043.8.498.93395083596331362657089247880819902217,30,3.3,1,True
1.2.826.0.1.3680043.8.498.13695989890112408005495264068064110179,pf_centre,-91.958,-21.681,6.013,0.0416,1.343,1.2.826.0.1.3680043.8.498.70974275854578491464130711650519926524,48,3.5,1,True
1.2.826.0.1.3680043.8.498.13737588520456064856233576393747389054,pf_centre,-65.47,29.3,18.613,0.0624,0.955,1.2.826.0.1.3680043.8.498.10951403284355593751854962748884339651,45,3.5,1,True
1.2.826.0.1.3680043.8.498.13762716088334302039143651507177887969,pf_centre,-95.972,-108.973,20.325,0.0675,1.743,1.2.826.0.1.3680043.8.498.84248772337190968640619176901758841181,22,5.666,1,True
1.2.826.0.1.3680043.8.498.13829111847660458141056077151781118782,pf_centre,-71.004,-83.997,-9.967,0.1349,0.808,1.2.826.0.1.3680043.8.498.12965501479603422905129870063503537796,27,0.6,6,True
1.2.826.0.1.3680043.8.498.13843368750899904654034226115826130084,pf_centre,-127.174,-68.1,36.365,0.0655,2.917,1.2.826.0.1.3680043.8.498.11025636651209364786193881783451070516,30,4.4,1,True
1.2.826.0.1.3680043.8.498.13879163301346984697246311226647565712,pf_centre,117.85,-102.625,-3.82,0.0613,2.154,1.2.826.0.1.3680043.8.498.33437694575081742483994556756582471653,47,0.9,4,True
1.2.826.0.1.3680043.8.498.13915367834258386094001181500560177470,pf_centre,-118.722,-93.126,35.051,0.0652,1.302,1.2.826.0.1.3680043.8.498.14459123198346226009498054459693169011,36,3.85,1,True
1.2.826.0.1.3680043.8.498.13958765761660666865188384031150827763,pf_centre,-95.452,-62.776,0.015,0.0686,0.997,1.2.826.0.1.3680043.8.498.42871905798308533445649781914804574082,36,3.3,1,True
1.2.826.0.1.3680043.8.498.13972325309264527611989585341636140156,pf_centre,71.795,-50.215,2.365,0.0711,1.951,1.2.826.0.1.3680043.8.498.76435304813989077358090840162122032121,47,3.5,1,True
1.2.826.0.1.3680043.8.498.13975027824128345697756313869165838055,pf_centre,108.034,-77.411,-11.576,0.0761,1.249,1.2.826.0.1.3680043.8.498.12173425444226608580524508253175995216,30,4.4,1,True
1.2.826.0.1.3680043.8.498.14024129019390041106306062001538710978,pf_centre,125.558,-73.291,5.033,0.0865,2.328,1.2.826.0.1.3680043.8.498.26464637123231949995447814938231603743,30,3.6,1,True
1.2.826.0.1.3680043.8.498.14032903253348079919799627243690484791,pf_centre,-72.118,-39.906,-25.797,0.0762,1.425,1.2.826.0.1.3680043.8.498.24447380001783732610619228669516198738,36,3.3,1,True
1.2.826.0.1.3680043.8.498.14061227335828384505403558788548348446,pf_centre,68.017,-11.056,-16.217,0.0289,4.389,1.2.826.0.1.3680043.8.498.28575127799946472291432427963369671768,40,3.85,1,True
1.2.826.0.1.3680043.8.498.14066537811671722419109228137841995847,pf_centre,-108.453,-94.553,13.628,0.0941,1.76,1.2.826.0.1.3680043.8.498.45583994966048702246857239948856593540,36,3.3,1,True
1.2.826.0.1.3680043.8.498.14117402902169664329719927863268363596,pf_centre,-94.511,-65.331,14.624,0.0725,2.443,1.2.826.0.1.3680043.8.498.19400417283462733475043035165590573479,38,3.5,1,True
1.2.826.0.1.3680043.8.498.14137431039800236510749401303688858447,pf_centre,-95.318,-95.299,23.701,0.06,1.487,1.2.826.0.1.3680043.8.498.73223004152568336307382567082354445799,34,4.4,1,True
1.2.826.0.1.3680043.8.498.14188540532926067083914263496492255704,pf_centre,92.872,-7.428,-39.727,0.1175,0.698,1.2.826.0.1.3680043.8.498.11082101628939862120373446941059145951,30,3.3,1,True
1.2.826.0.1.3680043.8.498.14218113768651197803980865495163189825,pf_centre,-92.682,-33.17,5.146,0.1087,2.528,1.2.826.0.1.3680043.8.498.17149658253978260117398739129153780168,30,3.3,1,True
1.2.826.0.1.3680043.8.498.14229598279617168024212382336641104878,pf_centre,-72.782,-46.32,9.815,0.094,1.215,1.2.826.0.1.3680043.8.498.27649318594190323800086972802563368385,30,4.55,1,True
1.2.826.0.1.3680043.8.498.14236519693915284584208989450687591759,pf_centre,-74.869,-12.09,42.036,0.0718,1.834,1.2.826.0.1.3680043.8.498.37594293396971959133898932491671609168,47,3.5,1,True
1.2.826.0.1.3680043.8.498.14300107110014472682373589824643789093,pf_centre,103.143,-88.613,7.235,0.0846,1.065,1.2.826.0.1.3680043.8.498.74009479596771445205234201703587363904,32,3.3,1,True
1.2.826.0.1.3680043.8.498.14325424371811230497993759959862738838,pf_centre,-78.635,-49.194,42.847,0.0669,1.103,1.2.826.0.1.3680043.8.498.33600417488528211722382181756137971750,38,3.6,1,True
1.2.826.0.1.3680043.8.498.14347036698014475959973071477777915575,pf_centre,72.879,-88.097,4.869,0.0805,1.277,1.2.826.0.1.3680043.8.498.70903169475423891835872890851131598379,25,5.0,1,True
1.2.826.0.1.3680043.8.498.14377917653321813299237274871837695586,pf_centre,118.527,-79.294,4.176,0.0668,0.653,1.2.826.0.1.3680043.8.498.11721344741570665399553262162945717680,40,3.3,1,True
1.2.826.0.1.3680043.8.498.14400292895187181989838122627394761532,pf_centre,98.716,-36.233,12.835,0.0589,1.581,1.2.826.0.1.3680043.8.498.33995226233721435926603010340724313588,34,4.025,1,True
1.2.826.0.1.3680043.8.498.14453847272947043746856632410254555895,pf_centre,49.731,18.519,18.41,0.0748,2.336,1.2.826.0.1.3680043.8.498.10583856058538942508518020360668069551,46,3.5,1,True
1.2.826.0.1.3680043.8.498.14472261871417480346162193127520918127,pf_centre,121.112,-78.712,-41.937,0.0545,1.14,1.2.826.0.1.3680043.8.498.10787918835808776047864163978831942378,48,3.3,1,True
1.2.826.0.1.3680043.8.498.14477978091360159774052709992034078166,pf_centre,103.955,-77.343,-4.064,0.106,2.2,1.2.826.0.1.3680043.8.498.57543278522029052219625193133996992407,34,3.3,1,True
1.2.826.0.1.3680043.8.498.14479913217228604289584726096114526268,pf_centre,98.076,-90.034,9.246,0.0994,1.652,1.2.826.0.1.3680043.8.498.98943769060135035557564522572082560274,23,4.8,1,True
1.2.826.0.1.3680043.8.498.14490539215064287912254286565666891557,pf_centre,96.401,-123.138,-13.857,0.0974,1.368,1.2.826.0.1.3680043.8.498.11013993237497520180720700271144367421,19,5.2,1,True
1.2.826.0.1.3680043.8.498.14495028403937132710814780922642512791,pf_centre,-113.239,-93.956,6.62,0.0702,2.539,1.2.826.0.1.3680043.8.498.62877609021287648596959995232926073888,36,3.3,1,True
1.2.826.0.1.3680043.8.498.14511862461248267537051973802039959211,pf_centre,-102.663,-33.843,25.264,0.0405,1.708,1.2.826.0.1.3680043.8.498.18677245736122393094703037422951154254,40,3.5,1,True
1.2.826.0.1.3680043.8.498.14558486491688263090686005096911018438,pf_centre,85.333,16.919,14.449,0.0425,2.429,1.2.826.0.1.3680043.8.498.23947477787937739977289496094626179953,30,4.4,1,True
1.2.826.0.1.3680043.8.498.14679140388328648617386311272361396555,pf_centre,-85.705,-35.204,26.162,0.0611,2.117,1.2.826.0.1.3680043.8.498.79793931028834332994653881470539193867,36,4.0,1,True
1.2.826.0.1.3680043.8.498.14728068688166107022558957899468489735,pf_centre,120.894,-102.572,-4.299,0.103,1.158,1.2.826.0.1.3680043.8.498.94188021498182416583578842545701822550,23,5.2,1,True
1.2.826.0.1.3680043.8.498.14744714658078107007743063095375646143,pf_centre,-111.906,-84.81,4.185,0.0597,8.657,1.2.826.0.1.3680043.8.498.45513519975053017090662710556635714796,36,3.3,1,True
1.2.826.0.1.3680043.8.498.14770617961376953596780345652892307570,pf_centre,72.886,-51.513,19.517,0.0717,1.052,1.2.826.0.1.3680043.8.498.97014020963265789671756736398385428643,40,3.3,1,True
1.2.826.0.1.3680043.8.498.14776241668061173271058268311868302014,pf_centre,101.867,-60.125,-26.026,0.0955,1.936,1.2.826.0.1.3680043.8.498.77116625450463802481048663732946466960,42,4.5,1,True
1.2.826.0.1.3680043.8.498.14806659119591146961784818305031900863,pf_centre,-71.617,-55.58,24.07,0.0569,1.018,1.2.826.0.1.3680043.8.498.12021831996788539695385700645348287855,36,3.3,1,True
1.2.826.0.1.3680043.8.498.14845527334849156639306067473358712770,pf_centre,112.748,-41.989,12.541,0.0766,1.695,1.2.826.0.1.3680043.8.498.19526305269452461239491303794781777799,33,4.5,1,True
1.2.826.0.1.3680043.8.498.14850534390650184292244380816212794996,pf_centre,93.045,-86.423,8.901,0.1061,2.603,1.2.826.0.1.3680043.8.498.75680895973372016219791110975833203989,24,0.6,6,True
1.2.826.0.1.3680043.8.498.14958560978176121375035839707004667832,pf_centre,-92.354,-29.83,30.647,0.0372,1.807,1.2.826.0.1.3680043.8.498.33190994319028631241201537545372109148,33,4.5,1,True
1.2.826.0.1.3680043.8.498.14959561028578335448289993045623217861,pf_centre,-13.763,-49.538,7.406,0.0958,2.758,1.2.826.0.1.3680043.8.498.47661633853719337822594359422023972834,32,4.4,1,True
1.2.826.0.1.3680043.8.498.14959732862523218997149041503831001633,pf_centre,132.305,-78.993,8.117,0.0852,1.672,1.2.826.0.1.3680043.8.498.46471467449732835125319499493522735051,35,3.5,1,True
1.2.826.0.1.3680043.8.498.14963472809950919852176661973255059069,pf_centre,13.399,-26.145,14.218,0.0902,1.16,1.2.826.0.1.3680043.8.498.95561123268974527381260528092912399986,30,4.0,1,True
1.2.826.0.1.3680043.8.498.15024602758408626305833210011882949904,pf_centre,-13.306,6.537,-59.481,0.0867,2.031,1.2.826.0.1.3680043.8.498.10002649128333294739274777073688197429,26,4.6,1,True
1.2.826.0.1.3680043.8.498.15025957400098336605043184930980421418,pf_centre,-76.016,-18.665,20.398,0.0948,0.751,1.2.826.0.1.3680043.8.498.14945076772037709406879429678971954626,28,4.5,1,True
1.2.826.0.1.3680043.8.498.15065556607080211420503043544482923211,pf_centre,-89.695,-82.267,-33.467,0.0974,2.228,1.2.826.0.1.3680043.8.498.44122302004237973529968232121516782853,19,5.4,1,True
1.2.826.0.1.3680043.8.498.15090991392324602559982474708414427621,pf_centre,113.043,-87.351,-9.93,0.0733,4.818,1.2.826.0.1.3680043.8.498.43139481526057827759463403693172438049,23,6.26,1,True
1.2.826.0.1.3680043.8.498.15103255966832759925770334719703425755,pf_centre,104.994,-91.198,53.339,0.0728,2.412,1.2.826.0.1.3680043.8.498.12690835360618621182773817217379744642,38,3.6,1,True
1.2.826.0.1.3680043.8.498.15133818248365103660456294775831248835,pf_centre,-64.588,-47.889,1.472,0.0624,1.103,1.2.826.0.1.3680043.8.498.12416874256364079701624007103364157157,38,3.6,1,True
1.2.826.0.1.3680043.8.498.15219410096632334470101257478715035071,pf_centre,-74.773,-100.232,38.143,0.1212,0.635,1.2.826.0.1.3680043.8.498.11652687734830090584384538883393213131,21,4.4,1,True
1.2.826.0.1.3680043.8.498.15219824433491621460467738389345697247,pf_centre,83.098,-60.849,17.325,0.1065,1.964,1.2.826.0.1.3680043.8.498.68922083330902432577368780411177185647,34,4.55,1,True
1.2.826.0.1.3680043.8.498.15297444019822621504849851092382560980,pf_centre,93.863,-51.105,0.37,0.087,1.717,1.2.826.0.1.3680043.8.498.12997818192239952903168343585259574024,40,3.3,1,True
1.2.826.0.1.3680043.8.498.15326951535563258414956521742264374802,pf_centre,-85.553,-86.007,9.125,0.0525,2.377,1.2.826.0.1.3680043.8.498.12549477607856059593299326918124800547,38,3.6,1,True
1.2.826.0.1.3680043.8.498.15337067581747365729183643142512558411,pf_centre,93.461,-33.357,-23.883,0.0697,1.734,1.2.826.0.1.3680043.8.498.54701865570038686273513265241081936686,38,3.6,1,True
1.2.826.0.1.3680043.8.498.15360150088598749206650025637914821738,pf_centre,95.25,-49.947,21.548,0.0861,1.692,1.2.826.0.1.3680043.8.498.12098919197124193465801528240435546491,36,3.3,1,True
1.2.826.0.1.3680043.8.498.15376535778246978844757121776560020722,pf_centre,112.487,-80.468,0.182,0.0665,0.758,1.2.826.0.1.3680043.8.498.13127772499399122480797287286382822566,40,3.3,1,True
1.2.826.0.1.3680043.8.498.15399233309269178192583032682669258885,pf_centre,128.859,-77.132,15.429,0.0804,2.03,1.2.826.0.1.3680043.8.498.51898174684294080230652389322489546877,32,3.3,1,True
1.2.826.0.1.3680043.8.498.15428051518761311558410606976607852351,pf_centre,-137.815,-89.177,2.114,0.0897,4.39,1.2.826.0.1.3680043.8.498.13058494097826384201690488548902611897,30,4.0,1,True
1.2.826.0.1.3680043.8.498.15444316810805746453392291780593934328,pf_centre,-4.842,-30.411,20.222,0.0712,1.308,1.2.826.0.1.3680043.8.498.33364887288322975124910865050360075542,24,4.4,1,True
1.2.826.0.1.3680043.8.498.15468179600399954478612037548577772269,pf_centre,-101.938,-111.215,-13.956,0.0972,0.938,1.2.826.0.1.3680043.8.498.51763302722812392498474710603915033209,19,4.4,1,True
1.2.826.0.1.3680043.8.498.15486463042236628073590077209793828847,pf_centre,-81.157,-39.107,4.926,0.0731,1.658,1.2.826.0.1.3680043.8.498.32039664756915341502006587692356990051,36,3.3,1,True
1.2.826.0.1.3680043.8.498.15522600887743817464976568872439594397,pf_centre,-73.657,-38.207,17.087,0.081,0.973,1.2.826.0.1.3680043.8.498.70237637953106689720205623668663069880,31,5.0,1,True
1.2.826.0.1.3680043.8.498.15539098084847502447238233198010208924,pf_centre,-78.473,-90.686,21.629,0.0978,0.783,1.2.826.0.1.3680043.8.498.11337251208327813847051954804006738712,29,0.6,5,True
1.2.826.0.1.3680043.8.498.15593638897292057356864060466120253309,pf_centre,106.522,-49.377,62.033,0.0444,1.109,1.2.826.0.1.3680043.8.498.52431053584784925784510783478723202039,33,4.5,1,True
1.2.826.0.1.3680043.8.498.15595595490910196952568459534537629865,pf_centre,-108.158,-71.12,-10.919,0.0521,1.65,1.2.826.0.1.3680043.8.498.12174323179508892199056845738612354691,36,3.3,1,True
1.2.826.0.1.3680043.8.498.15599161312748548709240395406977042093,pf_centre,-84.26,-43.316,16.046,0.0576,1.746,1.2.826.0.1.3680043.8.498.40693559505917368411549833086991265613,40,3.5,1,True
1.2.826.0.1.3680043.8.498.15630146025588580188363070220779173742,pf_centre,-66.979,-36.029,-10.485,0.1294,2.039,1.2.826.0.1.3680043.8.498.11441797997693848893576397848979022654,30,3.3,1,True
1.2.826.0.1.3680043.8.498.15709232000390534671340322807442769184,pf_centre,88.218,-70.958,-1.106,0.0836,1.775,1.2.826.0.1.3680043.8.498.31548687913564761340581463554606841839,36,4.0,1,True
1.2.826.0.1.3680043.8.498.15744573360087157139672078937679122840,pf_centre,-86.38,-79.815,13.624,0.0778,1.135,1.2.826.0.1.3680043.8.498.13034320834999580491576146537744494676,28,5.0,1,True
1.2.826.0.1.3680043.8.498.15851463019383290210760064201595021029,pf_centre,97.537,-54.35,-1.529,0.0766,1.146,1.2.826.0.1.3680043.8.498.24738992440574745230565101194140601082,36,4.4,1,True
1.2.826.0.1.3680043.8.498.15863325224755490561125835019647303556,pf_centre,-104.571,-61.321,5.529,0.0712,1.362,1.2.826.0.1.3680043.8.498.12478491249330863400266865298315760259,18,5.824,1,True
1.2.826.0.1.3680043.8.498.15969838281154273030237391394632849764,pf_centre,-74.049,-81.385,1.656,0.1244,0.66,1.2.826.0.1.3680043.8.498.71335309655399571848664085478019540297,24,0.6,6,True
1.2.826.0.1.3680043.8.498.16046164723877343553376490423345098256,pf_centre,-101.757,-68.459,-33.33,0.0774,1.567,1.2.826.0.1.3680043.8.498.64221209877182036521481601457713423811,38,3.6,1,True
1.2.826.0.1.3680043.8.498.16051798246004436152597344963060310360,pf_centre,66.036,-64.32,10.88,0.1222,2.284,1.2.826.0.1.3680043.8.498.77347732260670245266147977334901147482,29,4.5,1,True
1.2.826.0.1.3680043.8.498.16060119389060497136231217718921482192,pf_centre,-89.359,-94.789,0.63,0.0716,0.98,1.2.826.0.1.3680043.8.498.10800916297806196226204914061473420340,35,4.0,1,True
1.2.826.0.1.3680043.8.498.16101435445990180482665354366724730305,pf_centre,88.665,-89.926,-16.915,0.1155,2.006,1.2.826.0.1.3680043.8.498.76970929267106268308914765223848953016,27,0.6,6,True
1.2.826.0.1.3680043.8.498.16158812105029662172517682642229718094,pf_centre,116.281,-102.599,32.805,0.0478,2.014,1.2.826.0.1.3680043.8.498.24782787156414530949578516808874981680,47,0.9,4,True
1.2.826.0.1.3680043.8.498.16164261456077269604929662134371603081,pf_centre,-88.138,-48.936,13.501,0.0736,1.677,1.2.826.0.1.3680043.8.498.18812668041348918806800136283080472143,30,3.9,1,True
1.2.826.0.1.3680043.8.498.16189833935983604051983090678102023832,pf_centre,126.17,-97.469,-16.458,0.1062,1.105,1.2.826.0.1.3680043.8.498.10399528271327674865542203421287959885,25,4.5,1,True
1.2.826.0.1.3680043.8.498.16200518336931321995379999168737787921,pf_centre,79.516,-70.646,12.078,0.0623,1.05,1.2.826.0.1.3680043.8.498.11793931380759400150724377641242242264,40,4.0,1,True
1.2.826.0.1.3680043.8.498.16225091905018667993201414191711776943,pf_centre,-83.528,-38.158,18.598,0.0899,1.279,1.2.826.0.1.3680043.8.498.25505202237001650998111383858413663924,32,4.5,1,True
1.2.826.0.1.3680043.8.498.16258190393569006141285550986533848849,pf_centre,-76.444,-84.417,11.546,0.0836,1.599,1.2.826.0.1.3680043.8.498.80057585976582795150467431201857183260,35,3.85,1,True
1.2.826.0.1.3680043.8.498.16318078762749420171833135145622117452,pf_centre,-85.779,-45.34,1.205,0.0762,0.778,1.2.826.0.1.3680043.8.498.45784664706509355482170729251436127904,30,4.55,1,True
1.2.826.0.1.3680043.8.498.16338296537380784459604897543069625390,pf_centre,101.474,-51.068,23.132,0.0619,2.29,1.2.826.0.1.3680043.8.498.45676112948515539748601930960288968644,31,4.5,1,True
1.2.826.0.1.3680043.8.498.16364873390453802195568603605191835957,pf_centre,94.349,-51.78,-1.297,0.064,0.957,1.2.826.0.1.3680043.8.498.11316867052141580674821636226734622872,35,4.4,1,True
1.2.826.0.1.3680043.8.498.16370303687278282143772106415664171358,pf_centre,-86.079,-80.083,-15.977,0.0991,1.453,1.2.826.0.1.3680043.8.498.82998045061814207795341502245074953641,29,3.3,1,True
1.2.826.0.1.3680043.8.498.16397020531009156965821242117417547331,pf_centre,91.019,24.927,63.115,0.0682,0.9,1.2.826.0.1.3680043.8.498.84969344232558856726022533707391382236,30,4.4,1,True
1.2.826.0.1.3680043.8.498.16469256144078887607437578587242258846,pf_centre,-114.829,-26.548,-7.376,0.104,1.277,1.2.826.0.1.3680043.8.498.10992175558431590135878926048524016924,35,3.3,1,True
1.2.826.0.1.3680043.8.498.16483470188406187000599644150600279596,pf_centre,-72.766,-39.413,14.644,0.0707,1.136,1.2.826.0.1.3680043.8.498.90671170865166704834829117273269882521,38,3.6,1,True
1.2.826.0.1.3680043.8.498.16527747624688737126118546487228060848,pf_centre,99.609,-70.692,-28.323,0.0954,1.616,1.2.826.0.1.3680043.8.498.86971311273581432332225502069882977684,30,3.5,1,True
1.2.826.0.1.3680043.8.498.16534078612126477228267765508485297367,pf_centre,121.486,-95.81,-0.019,0.0635,0.767,1.2.826.0.1.3680043.8.498.58388371238280647527279841970673406078,40,3.3,1,True
1.2.826.0.1.3680043.8.498.16538738179840493095338324009830673843,pf_centre,97.732,-78.155,-11.521,0.069,7.539,1.2.826.0.1.3680043.8.498.81926917791149376459083707390390998008,30,4.4,1,True
1.2.826.0.1.3680043.8.498.16550793987525699514242241133391355835,pf_centre,114.95,-76.029,15.532,0.0793,1.023,1.2.826.0.1.3680043.8.498.11935452045498234015211521099504596541,35,3.5,1,True
1.2.826.0.1.3680043.8.498.16581426215518472805200227992550139190,pf_centre,96.401,-49.763,13.671,0.072,4.135,1.2.826.0.1.3680043.8.498.12254719087388809639076300291788575585,36,4.095,1,True
1.2.826.0.1.3680043.8.498.16589468854653713035210251187012168350,pf_centre,131.546,-103.733,17.796,0.0551,2.017,1.2.826.0.1.3680043.8.498.10227133879988062044388617501111888601,47,0.9,4,True
1.2.826.0.1.3680043.8.498.16657553974040122719239506008948241297,pf_centre,-87.355,-18.93,41.976,0.0476,0.957,1.2.826.0.1.3680043.8.498.46944811253273604877186345316697677376,45,3.3,1,True
1.2.826.0.1.3680043.8.498.16666020201961191623151386398626511849,pf_centre,126.361,-83.04,-8.404,0.0787,6.716,1.2.826.0.1.3680043.8.498.28476398180322790325431707288703199421,32,3.3,1,True
1.2.826.0.1.3680043.8.498.16674237773422474998796191258459643061,pf_centre,-108.364,10.786,49.544,0.0547,2.773,1.2.826.0.1.3680043.8.498.13389878716352694674323700462905547322,30,4.4,1,True
1.2.826.0.1.3680043.8.498.16691383858003633107641297162554868325,pf_centre,-96.53,-49.297,3.633,0.0772,1.234,1.2.826.0.1.3680043.8.498.37944427189089590410022856910641991728,30,4.4,1,True
1.2.826.0.1.3680043.8.498.16709565360569239280032743619008187278,pf_centre,94.486,32.646,-35.774,0.0687,2.502,1.2.826.0.1.3680043.8.498.53269817174289964624178019954928294840,30,4.4,1,True
1.2.826.0.1.3680043.8.498.16709696133689803501344038926512501779,pf_centre,80.058,12.015,8.482,0.0663,1.588,1.2.826.0.1.3680043.8.498.60870146417630837080908442138538884268,25,5.0,1,True
1.2.826.0.1.3680043.8.498.16718788321951483456195507236392554704,pf_centre,-101.969,-60.931,24.552,0.0353,1.423,1.2.826.0.1.3680043.8.498.84451136542332384141881583066069937997,44,4.55,1,True
1.2.826.0.1.3680043.8.498.16724013341359693140331158148551346369,pf_centre,83.969,-70.514,-23.597,0.0965,1.755,1.2.826.0.1.3680043.8.498.25592896488543437051375167420950620443,29,0.6,5,True
1.2.826.0.1.3680043.8.498.16774450022563283092653506225603012645,pf_centre,96.395,-78.082,-22.573,0.0706,3.211,1.2.826.0.1.3680043.8.498.52479789100608413093718629123990581590,38,3.6,1,True
1.2.826.0.1.3680043.8.498.16812524557513419866531695739014681414,pf_centre,115.955,-27.747,-4.648,0.0715,1.29,1.2.826.0.1.3680043.8.498.21104732279889003025090239093837594250,33,4.5,1,True
1.2.826.0.1.3680043.8.498.16843381581429596234606436682284624187,pf_centre,111.249,-78.211,20.038,0.0686,1.344,1.2.826.0.1.3680043.8.498.20828831156690056872510756957377991883,30,4.4,1,True
1.2.826.0.1.3680043.8.498.16845451648760595922758166878121325861,pf_centre,-113.851,-63.922,-66.609,0.0553,2.83,1.2.826.0.1.3680043.8.498.41503289108239073968438775413780026596,21,6.782,1,True
1.2.826.0.1.3680043.8.498.16862596867845295946732698348903803700,pf_centre,-106.611,-110.369,7.534,0.1153,2.186,1.2.826.0.1.3680043.8.498.29099032648532802328664594335557912748,20,5.4,1,True
1.2.826.0.1.3680043.8.498.16864649493021092944977766326505053153,pf_centre,68.681,-61.867,23.241,0.0271,2.875,1.2.826.0.1.3680043.8.498.60082800552297061052313101262901229202,40,3.5,1,True
1.2.826.0.1.3680043.8.498.16886658450293145802897654768506439494,pf_centre,-6.151,-13.256,28.513,0.0695,0.763,1.2.826.0.1.3680043.8.498.12155482768149201736168190320008865211,25,4.4,1,True
1.2.826.0.1.3680043.8.498.17049315826418217889213226790962592213,pf_centre,91.244,-67.125,8.01,0.0646,1.486,1.2.826.0.1.3680043.8.498.18082706984572536152981310825858825994,30,4.4,1,True
1.2.826.0.1.3680043.8.498.17056997047488992455301411194938263817,pf_centre,118.71,-76.428,13.403,0.0657,2.209,1.2.826.0.1.3680043.8.498.12863888109696927780340000481312604452,35,3.3,1,True
1.2.826.0.1.3680043.8.498.17070139245390396445395414066427036835,pf_centre,-112.741,-124.654,-15.919,0.1374,3.431,1.2.826.0.1.3680043.8.498.19341347411166066673818682596769687334,19,5.4,1,True
1.2.826.0.1.3680043.8.498.17074746747536999918446136673966046653,pf_centre,77.748,-28.943,-14.549,0.1026,1.882,1.2.826.0.1.3680043.8.498.22877297944776162015416544805070485593,27,3.6,1,True
1.2.826.0.1.3680043.8.498.17092147498062993594620309531155267119,pf_centre,-82.962,-85.538,4.021,0.086,4.585,1.2.826.0.1.3680043.8.498.33643561168461023721936091827199577978,30,4.0,1,True
1.2.826.0.1.3680043.8.498.17093025979426350838724553020541643719,pf_centre,120.513,-83.102,23.59,0.069,1.595,1.2.826.0.1.3680043.8.498.25411625276227787762524675687579184777,40,3.3,1,True
1.2.826.0.1.3680043.8.498.17107696939614797679012793547913769707,pf_centre,77.357,-37.372,21.576,0.0883,3.332,1.2.826.0.1.3680043.8.498.89092936310103841170691209866829204410,36,3.3,1,True
1.2.826.0.1.3680043.8.498.17123244662958741977525806700986256210,pf_centre,115.918,12.729,-92.561,0.0631,1.721,1.2.826.0.1.3680043.8.498.72988416210692759186650256264378268453,30,4.4,1,True
1.2.826.0.1.3680043.8.498.17146868851921828837871671912815843012,pf_centre,-119.058,-90.005,22.548,0.0816,2.129,1.2.826.0.1.3680043.8.498.52760581789212074327876967389507438322,30,4.4,1,True
1.2.826.0.1.3680043.8.498.17160610480070701553118850947260201608,pf_centre,-132.374,-122.595,37.615,0.0957,1.212,1.2.826.0.1.3680043.8.498.44675071912816975922051773102851117670,18,8.005,1,True
1.2.826.0.1.3680043.8.498.17241550277273207658303011467222594165,pf_centre,95.469,-60.424,29.503,0.0684,1.87,1.2.826.0.1.3680043.8.498.61190112227319371309666818038180083271,40,3.9,1,True
1.2.826.0.1.3680043.8.498.17265093113586420061761042467476063876,pf_centre,145.422,-90.904,11.132,0.1014,1.173,1.2.826.0.1.3680043.8.498.71398888383696526359498669870567261151,22,4.5,1,True
1.2.826.0.1.3680043.8.498.17274490471295558668613733667390457509,pf_centre,-103.735,-96.068,26.452,0.1027,1.055,1.2.826.0.1.3680043.8.498.86865248899456675729455906824324163570,19,5.4,1,True
1.2.826.0.1.3680043.8.498.17336223563862025807066700226971845206,pf_centre,-73.443,-41.891,8.438,0.0691,0.8,1.2.826.0.1.3680043.8.498.12290896233946351374531626362996166640,48,4.0,1,True
1.2.826.0.1.3680043.8.498.17389120886685633448235711042721669823,pf_centre,78.722,-58.744,28.564,0.0854,2.887,1.2.826.0.1.3680043.8.498.83617091922366426069393280086650005805,36,3.5,1,True
1.2.826.0.1.3680043.8.498.17415936504684075438800895036740822145,pf_centre,-94.723,-54.451,14.684,0.0733,1.061,1.2.826.0.1.3680043.8.498.70891806429768932817684321568273035942,34,4.5,1,True
1.2.826.0.1.3680043.8.498.17420673628956367425739018933968443620,pf_centre,91.777,-86.403,15.994,0.0949,1.797,1.2.826.0.1.3680043.8.498.60848848114826121529880691160420803730,29,0.6,5,True
1.2.826.0.1.3680043.8.498.17427902052389033416295416299697276519,pf_centre,-84.842,-82.412,9.348,0.0633,2.228,1.2.826.0.1.3680043.8.498.72999316872567856854418822737486337441,38,3.6,1,True
1.2.826.0.1.3680043.8.498.17517950899674150719043097786728121608,pf_centre,-120.971,-110.491,-8.532,0.0668,1.079,1.2.826.0.1.3680043.8.498.70707497081106240283634429428618633597,20,6.5,1,True
1.2.826.0.1.3680043.8.498.17547781127981007962008163248942714330,pf_centre,104.891,12.027,2.998,0.0792,0.761,1.2.826.0.1.3680043.8.498.11113573493327293373049696896520259691,44,3.5,1,True
1.2.826.0.1.3680043.8.498.17596657287050550465463272509976106854,pf_centre,-92.478,-80.166,-12.682,0.0766,1.802,1.2.826.0.1.3680043.8.498.11510447329951609725860197496498264585,32,0.6,5,True
1.2.826.0.1.3680043.8.498.17618734998753079190687719289815512319,pf_centre,-84.302,-41.105,12.142,0.0671,1.264,1.2.826.0.1.3680043.8.498.33931831252258535018600584911751668661,34,4.025,1,True
1.2.826.0.1.3680043.8.498.17662880041629379035049367252086125592,pf_centre,69.025,-91.181,-9.484,0.0786,1.988,1.2.826.0.1.3680043.8.498.18913163269662278621688671582177837514,25,5.2,1,True
1.2.826.0.1.3680043.8.498.17663005209256897892831319144686413853,pf_centre,95.883,-98.043,21.394,0.1298,1.156,1.2.826.0.1.3680043.8.498.25990912898291973424653981311112859217,19,5.2,1,True
1.2.826.0.1.3680043.8.498.17691941055331862184525411493110144433,pf_centre,-106.813,-42.537,8.342,0.0486,2.274,1.2.826.0.1.3680043.8.498.52559014864932461071840583487131394898,33,4.5,1,True
1.2.826.0.1.3680043.8.498.17741907690913585163443565102293192244,pf_centre,-86.12,-35.258,-11.552,0.0609,1.266,1.2.826.0.1.3680043.8.498.45852534962379304084567914948764204561,36,3.3,1,True
1.2.826.0.1.3680043.8.498.17768582402712001917772688462080201650,pf_centre,85.842,-19.984,4.767,0.1128,0.535,1.2.826.0.1.3680043.8.498.13373776628240438275030497598409258470,29,4.5,1,True
1.2.826.0.1.3680043.8.498.17769942698581399165275319502954100325,pf_centre,-125.858,-64.967,-37.755,0.0692,1.052,1.2.826.0.1.3680043.8.498.51739921450454049332233713072513358332,30,4.4,1,True
1.2.826.0.1.3680043.8.498.17813878802252660525798053577039470087,pf_centre,90.028,-41.554,-44.72,0.0892,0.848,1.2.826.0.1.3680043.8.498.13077505765962403036915385430279976143,34,4.4,1,True
1.2.826.0.1.3680043.8.498.17836815413824722543229791044312174885,pf_centre,-112.472,-108.299,21.308,0.0939,0.587,1.2.826.0.1.3680043.8.498.79552337006121533103486847129326988707,20,6.0,1,True
1.2.826.0.1.3680043.8.498.17844546765907321649997094867791102711,pf_centre,-81.439,-47.68,1.201,0.0815,1.774,1.2.826.0.1.3680043.8.498.42927162914563423947167748937620376779,30,4.0,1,True
1.2.826.0.1.3680043.8.498.17856297841306582866782295284505406916,pf_centre,-99.815,-74.8,-61.349,0.0914,2.206,1.2.826.0.1.3680043.8.498.10648055698380555450770989280200929187,42,4.0,1,True
1.2.826.0.1.3680043.8.498.17865613300681542407687000381594067366,pf_centre,102.852,-37.165,8.983,0.0641,2.66,1.2.826.0.1.3680043.8.498.94935299353902630816852012637759140008,29,4.5,1,True
1.2.826.0.1.3680043.8.498.17909590711893200514107254988453660857,pf_centre,90.309,-53.095,29.804,0.098,1.711,1.2.826.0.1.3680043.8.498.87943237221298669985241526119226110501,30,4.2,1,True
1.2.826.0.1.3680043.8.498.17931021655186901394796168474942485728,pf_centre,127.127,-83.954,15.513,0.1048,0.66,1.2.826.0.1.3680043.8.498.98176829716228442349312993155047165281,30,3.6,1,True
1.2.826.0.1.3680043.8.498.17967978373588651520812399064902037467,pf_centre,-72.722,-23.049,-4.182,0.0917,1.07,1.2.826.0.1.3680043.8.498.83292896934928471902545604537088262881,30,3.3,1,True
1.2.826.0.1.3680043.8.498.17985756708438762670829959560049370730,pf_centre,62.564,-68.636,9.391,0.1104,1.688,1.2.826.0.1.3680043.8.498.29721590119604292053685051660598906942,33,4.5,1,True
1.2.826.0.1.3680043.8.498.18080511167840608448833484000937072258,pf_centre,-96.186,-27.978,21.292,0.0915,1.008,1.2.826.0.1.3680043.8.498.99388169583707270193018778518471346065,30,4.4,1,True
1.2.826.0.1.3680043.8.498.18090147030578547920423840630147682826,pf_centre,-86.892,-50.955,4.824,0.0716,2.021,1.2.826.0.1.3680043.8.498.11062808135828204231862335262277885604,34,4.55,1,True
1.2.826.0.1.3680043.8.498.18092766733837308394607532608319746043,pf_centre,-116.323,-65.543,30.762,0.0627,2.392,1.2.826.0.1.3680043.8.498.26629115744237555658227437133065519815,36,4.095,1,True
1.2.826.0.1.3680043.8.498.18113123512696698441392990570166201548,pf_centre,75.693,-40.059,16.753,0.0904,1.278,1.2.826.0.1.3680043.8.498.74599614733226826608889416082514620468,30,3.3,1,True
1.2.826.0.1.3680043.8.498.18114567737638963627123562895002602285,pf_centre,87.01,-35.755,5.213,0.0665,1.486,1.2.826.0.1.3680043.8.498.12192657819525103266131561003924796391,38,3.6,1,True
1.2.826.0.1.3680043.8.498.18175450083338316799857698898702333009,pf_centre,88.696,-86.963,38.764,0.121,1.29,1.2.826.0.1.3680043.8.498.51776917479949404013572219975241185256,24,0.6,6,True
1.2.826.0.1.3680043.8.498.18176586296602067352845573876750324761,pf_centre,-97.128,-28.571,-6.046,0.1083,2.313,1.2.826.0.1.3680043.8.498.70690121578753090121640309924529933121,30,3.3,1,True
1.2.826.0.1.3680043.8.498.18199465156572252531439880765733639584,pf_centre,-85.492,-38.646,-3.347,0.073,0.992,1.2.826.0.1.3680043.8.498.11526669257578654115956099838593623802,40,3.6,1,True
1.2.826.0.1.3680043.8.498.18230847745299902998425838090653825745,pf_centre,74.879,12.151,20.887,0.0867,1.951,1.2.826.0.1.3680043.8.498.10867238032823922439114175601497720647,38,3.5,1,True
1.2.826.0.1.3680043.8.498.18245500498843512203508664874652003124,pf_centre,-93.707,-74.022,31.989,0.0623,0.929,1.2.826.0.1.3680043.8.498.24613471863930037472192356988536115822,31,4.5,1,True
1.2.826.0.1.3680043.8.498.18315708641533862849721595991941979080,pf_centre,-2.322,-37.797,22.352,0.1045,1.458,1.2.826.0.1.3680043.8.498.51466075619932069705286626555795289537,28,4.4,1,True
1.2.826.0.1.3680043.8.498.18344563362014614046776037921812502569,pf_centre,97.055,-55.184,-0.05,0.0848,2.33,1.2.826.0.1.3680043.8.498.10663668416012310689003959592716440871,36,3.3,1,True
1.2.826.0.1.3680043.8.498.18350185433331570523543207086298834067,pf_centre,126.498,-78.486,25.043,0.0485,2.492,1.2.826.0.1.3680043.8.498.98348688142931913662353075247486579628,32,3.3,1,True
1.2.826.0.1.3680043.8.498.18389676218363070462526838642303976332,pf_centre,92.409,-51.437,24.753,0.0772,1.924,1.2.826.0.1.3680043.8.498.17968834945182670122059503151681756028,43,3.3,1,True
1.2.826.0.1.3680043.8.498.18392509497170616983977319528036573378,pf_centre,88.714,-37.504,24.897,0.1094,0.889,1.2.826.0.1.3680043.8.498.30573310138109979980328563769756776360,30,3.3,1,True
1.2.826.0.1.3680043.8.498.18403627643718880914843209837672242908,pf_centre,-94.123,-43.809,10.024,0.0611,1.954,1.2.826.0.1.3680043.8.498.90964443019788741204119188021117429911,30,4.0,1,True
1.2.826.0.1.3680043.8.498.18509793799833391995987656714798904411,pf_centre,112.382,-75.814,4.245,0.0912,1.86,1.2.826.0.1.3680043.8.498.30933098956298265151640136756148399302,29,0.6,5,True
1.2.826.0.1.3680043.8.498.18518393141873346710197645305647124682,pf_centre,84.033,-47.188,61.021,0.0937,1.244,1.2.826.0.1.3680043.8.498.42382015534809337394137984322043148431,36,3.3,1,True
1.2.826.0.1.3680043.8.498.18529656610752887218162968403101035390,pf_centre,-69.63,-9.217,-9.455,0.1001,0.747,1.2.826.0.1.3680043.8.498.16655466087900999757085965363017616244,24,4.5,1,True
1.2.826.0.1.3680043.8.498.18592535981451766048952107991674227570,pf_centre,-86.598,-22.981,6.203,0.0945,2.035,1.2.826.0.1.3680043.8.498.92717273729883882352176781573670214859,30,3.3,1,True
1.2.826.0.1.3680043.8.498.18614704377104425868545800677445972261,pf_centre,-63.859,-46.728,-22.903,0.0694,0.707,1.2.826.0.1.3680043.8.498.77875466757290385117183404483614403077,40,4.0,1,True
1.2.826.0.1.3680043.8.498.18625377919309205857120774497713011583,pf_centre,76.697,-47.566,-19.697,0.0721,3.565,1.2.826.0.1.3680043.8.498.69726363675404491178466180372431681909,27,5.0,1,True
1.2.826.0.1.3680043.8.498.18653838887148864162027930218548124748,pf_centre,-72.871,-40.794,35.213,0.0717,2.841,1.2.826.0.1.3680043.8.498.25505968278831792073430194787273825323,30,3.9,1,True
1.2.826.0.1.3680043.8.498.18671006890719350655167441375718348829,pf_centre,-70.977,-116.893,7.281,0.1321,2.207,1.2.826.0.1.3680043.8.498.31389532580696818767413647028310707811,19,5.0,1,True
1.2.826.0.1.3680043.8.498.18680059761479598675335345641208680006,pf_centre,-89.025,-32.588,10.201,0.1119,1.714,1.2.826.0.1.3680043.8.498.12213397852325686652861609846521910837,26,4.5,1,True
1.2.826.0.1.3680043.8.498.18695727379446620258431748063749176639,pf_centre,-91.484,-90.163,7.761,0.0903,1.575,1.2.826.0.1.3680043.8.498.87711795707485121760670841348797784990,32,0.6,5,True
1.2.826.0.1.3680043.8.498.18721466442792788108431096912844719622,pf_centre,89.395,-54.761,16.604,0.0818,1.339,1.2.826.0.1.3680043.8.498.86637852948879579970823158120867488181,30,3.9,1,True
1.2.826.0.1.3680043.8.498.18758199166360428760124471581842191566,pf_centre,-62.176,-6.76,30.505,0.0968,2.424,1.2.826.0.1.3680043.8.498.10121571082663841590511644532713888380,27,4.52,1,True
1.2.826.0.1.3680043.8.498.18792568294433896490648198192877693850,pf_centre,-81.577,-45.133,-11.684,0.0677,1.748,1.2.826.0.1.3680043.8.498.90693187335499360177765243198983709380,32,4.52,1,True
1.2.826.0.1.3680043.8.498.18807952338149288346040972005636698334,pf_centre,-109.29,-72.483,14.481,0.0538,1.089,1.2.826.0.1.3680043.8.498.33065156223690041623895456129871150464,40,3.3,1,True
1.2.826.0.1.3680043.8.498.18825393854436144614202928260751418496,pf_centre,-70.965,-44.995,52.03,0.0626,0.959,1.2.826.0.1.3680043.8.498.28919072040737824048033235048641483958,33,4.5,1,True
1.2.826.0.1.3680043.8.498.18848481788456572234982139368351538716,pf_centre,95.677,-10.238,-0.503,0.0903,2.882,1.2.826.0.1.3680043.8.498.52959431480388852780687128886669137377,30,3.3,1,True
1.2.826.0.1.3680043.8.498.18879049235810379709186936621085221483,pf_centre,-109.059,-68.268,13.913,0.0928,1.894,1.2.826.0.1.3680043.8.498.60263611658299911274428032924867107235,30,4.4,1,True
1.2.826.0.1.3680043.8.498.18899625751876258520147203904985857313,pf_centre,109.77,-49.72,-42.491,0.0895,1.321,1.2.826.0.1.3680043.8.498.57682925718865163233531210248121220852,20,5.0,1,True
1.2.826.0.1.3680043.8.498.18931107448953327254073392032141677797,pf_centre,-100.802,-64.521,4.802,0.0883,1.299,1.2.826.0.1.3680043.8.498.11018630505146534711389302050087002039,43,3.3,1,True
1.2.826.0.1.3680043.8.498.18968967345606818331567480514437075646,pf_centre,-106.019,-39.839,29.552,0.051,10.408,1.2.826.0.1.3680043.8.498.66182567046913710720817055709133238392,48,3.5,1,True
1.2.826.0.1.3680043.8.498.18993960105596277135383396226525760874,pf_centre,-92.508,-84.163,-13.779,0.0867,1.954,1.2.826.0.1.3680043.8.498.65299369755140102624232399807882184290,24,5.0,1,True
1.2.826.0.1.3680043.8.498.19034825848229751701363461935217290295,pf_centre,3.968,-38.262,14.515,0.0612,2.782,1.2.826.0.1.3680043.8.498.38478500814899809365983835560984315357,28,4.5,1,True
1.2.826.0.1.3680043.8.498.19104350033985745058396432133828748480,pf_centre,84.026,-78.331,3.687,0.1213,0.844,1.2.826.0.1.3680043.8.498.12678072395759703101005901580377891869,19,4.4,1,True
1.2.826.0.1.3680043.8.498.19124879088354547836118593585646705198,pf_centre,-77.564,-56.125,3.255,0.0677,1.902,1.2.826.0.1.3680043.8.498.95730429697216498047069448719957243135,38,3.6,1,True
1.2.826.0.1.3680043.8.498.19178214677492694135853596920291058397,pf_centre,-118.01,-69.676,-3.29,0.0619,1.945,1.2.826.0.1.3680043.8.498.77065310706315840104732430537652427926,44,4.0,1,True
1.2.826.0.1.3680043.8.498.19183011851352129901149443549646899548,pf_centre,95.012,-93.853,-6.576,0.1002,1.545,1.2.826.0.1.3680043.8.498.67887189610945625226915099508031445241,36,0.6,5,True
1.2.826.0.1.3680043.8.498.19194090255958016414082788444327981898,pf_centre,115.164,-75.014,1.385,0.0809,1.31,1.2.826.0.1.3680043.8.498.39661975377917524535933309815573041599,40,3.3,1,True
1.2.826.0.1.3680043.8.498.19197037365998103318720742154440921358,pf_centre,-49.241,-46.309,-1.5,0.0967,1.514,1.2.826.0.1.3680043.8.498.12535713663960308615370644753291474374,36,3.3,1,True
1.2.826.0.1.3680043.8.498.19198152070740205434848422424805073748,pf_centre,-136.975,-106.473,4.569,0.1042,1.358,1.2.826.0.1.3680043.8.498.27698650291523297248247126453299425437,19,5.2,1,True
1.2.826.0.1.3680043.8.498.19291375342005405073321673638971145777,pf_centre,-107.344,-121.588,48.423,0.1048,2.963,1.2.826.0.1.3680043.8.498.55526332828978979139031572199231375595,19,5.0,1,True
1.2.826.0.1.3680043.8.498.19342628541833173544083802327412975225,pf_centre,99.162,-84.88,36.615,0.0552,4.919,1.2.826.0.1.3680043.8.498.11553861702611850860890237400794140036,40,3.3,1,True
1.2.826.0.1.3680043.8.498.19374331384306309057311171252852774841,pf_centre,-83.569,-104.933,14.265,0.1223,1.148,1.2.826.0.1.3680043.8.498.90938475136185219500173550959901743399,19,5.2,1,True
1.2.826.0.1.3680043.8.498.19419878169415950073207624537163068568,pf_centre,-26.483,-71.892,-20.633,0.074,3.511,1.2.826.0.1.3680043.8.498.41806407617390043162776963261493180977,30,4.4,1,True
1.2.826.0.1.3680043.8.498.19439950168933299231685815631786334293,pf_centre,-60.255,-67.126,2.107,0.0746,0.55,1.2.826.0.1.3680043.8.498.27873965485360113893510533293558569244,30,4.4,1,True
1.2.826.0.1.3680043.8.498.19486520578867272329833751210055639515,pf_centre,89.107,-64.991,-0.65,0.0757,1.37,1.2.826.0.1.3680043.8.498.28747250039695939263270753650033211485,36,4.0,1,True
1.2.826.0.1.3680043.8.498.19489875090732464985703624680756212359,pf_centre,85.143,-33.691,20.457,0.0669,2.038,1.2.826.0.1.3680043.8.498.14614427991097310846992643185516766495,30,4.55,1,True
1.2.826.0.1.3680043.8.498.19512754570664577075249836633718382506,pf_centre,-106.26,-94.709,28.934,0.0795,1.001,1.2.826.0.1.3680043.8.498.78008458484079048189028374670173682337,40,3.3,1,True
1.2.826.0.1.3680043.8.498.19516545000256238042886469152307943182,pf_centre,-93.821,-103.041,-16.702,0.05,19.848,1.2.826.0.1.3680043.8.498.12317242709606733645472930250079594397,19,5.4,1,True
1.2.826.0.1.3680043.8.498.19573195389434178432956976770560221462,pf_centre,121.364,-78.395,33.72,0.0703,1.512,1.2.826.0.1.3680043.8.498.48813292244632198366030653222172815927,18,7.126,1,True
1.2.826.0.1.3680043.8.498.19592989024994864431870593504844309885,pf_centre,54.019,-82.338,8.155,0.0439,3.373,1.2.826.0.1.3680043.8.498.59583017819966558754310822792586658594,36,4.0,1,True
1.2.826.0.1.3680043.8.498.19601428113073026637547887698342670296,pf_centre,-97.35,-78.055,11.599,0.0596,2.65,1.2.826.0.1.3680043.8.498.59334889607075786921095836470867836355,21,6.186,1,True
1.2.826.0.1.3680043.8.498.19624674714110931897302481276137067638,pf_centre,-91.967,-78.479,-24.553,0.0926,1.301,1.2.826.0.1.3680043.8.498.22763951614587642844868927174493593256,19,5.0,1,True
1.2.826.0.1.3680043.8.498.19706775737718777290660344285046025310,pf_centre,-88.306,-119.803,-0.773,0.0968,2.356,1.2.826.0.1.3680043.8.498.19231300463584094673446492217921445642,19,4.6,1,True
1.2.826.0.1.3680043.8.498.19722687746450343001601428638894755031,pf_centre,-72.661,-26.664,8.138,0.0766,1.764,1.2.826.0.1.3680043.8.498.62124486911219500921284374834076441302,29,5.0,1,True
1.2.826.0.1.3680043.8.498.19788612491138642031531719942303619648,pf_centre,-128.065,-102.085,0.266,0.057,6.358,1.2.826.0.1.3680043.8.498.12255928642691446777561816817950053015,31,5.5,1,True
1.2.826.0.1.3680043.8.498.19813267030974842239752491935957206955,pf_centre,-90.945,-104.2,5.535,0.1183,0.589,1.2.826.0.1.3680043.8.498.46450623079341377184282090353547333553,19,5.2,1,True
1.2.826.0.1.3680043.8.498.19821498229702528191367700655079805824,pf_centre,-114.716,-92.769,11.696,0.0904,0.698,1.2.826.0.1.3680043.8.498.66628787208419603929937802751632400999,36,3.3,1,True
1.2.826.0.1.3680043.8.498.19830663206351645385520268848711462246,pf_centre,-70.23,-65.17,-36.262,0.0838,1.952,1.2.826.0.1.3680043.8.498.43160259495251585792045484359794724807,30,3.9,1,True
1.2.826.0.1.3680043.8.498.19832308119617081676615236082965891208,pf_centre,-78.048,-68.722,6.734,0.0497,2.683,1.2.826.0.1.3680043.8.498.40906632344313433879687296618366988767,40,3.3,1,True
1.2.826.0.1.3680043.8.498.19845711038895023426012115550237130530,pf_centre,-51.682,-36.022,39.395,0.0626,1.759,1.2.826.0.1.3680043.8.498.81546450609611914829873789799736455784,30,3.3,1,True
1.2.826.0.1.3680043.8.498.19871496221665809577186118817075295760,pf_centre,-58.014,-43.52,14.287,0.0722,2.126,1.2.826.0.1.3680043.8.498.61479155371069084314682825031157959116,34,4.2,1,True
1.2.826.0.1.3680043.8.498.19887850741193535685529812263489892001,pf_centre,-115.557,-100.004,31.825,0.1102,1.245,1.2.826.0.1.3680043.8.498.97979918279157951496734097854344700921,35,3.3,1,True
1.2.826.0.1.3680043.8.498.19895710326297085463251295629948896948,pf_centre,92.986,-42.813,-31.855,0.1115,1.216,1.2.826.0.1.3680043.8.498.60583398903499764660237792668260389662,36,3.3,1,True
1.2.826.0.1.3680043.8.498.19925337578871911327225897926650188274,pf_centre,-79.431,-50.105,0.25,0.0675,1.671,1.2.826.0.1.3680043.8.498.41349551349113784418341937453473888648,36,3.3,1,True
1.2.826.0.1.3680043.8.498.19965044457637713843792494926652048462,pf_centre,116.926,-19.719,0.12,0.0584,1.484,1.2.826.0.1.3680043.8.498.17478433496779454214674792244609654987,40,3.5,1,True
1.2.826.0.1.3680043.8.498.19977273190231806393528180968361858122,pf_centre,-97.919,-75.083,-9.404,0.0707,0.505,1.2.826.0.1.3680043.8.498.50841582421178995690011595958018396496,30,4.4,1,True
1.2.826.0.1.3680043.8.498.20023559426196341254845485444587607391,pf_centre,102.93,-71.992,29.349,0.0977,1.985,1.2.826.0.1.3680043.8.498.11035287118941519122733726431905666905,22,5.528,1,True
1.2.826.0.1.3680043.8.498.20063306448698185569553477478719533390,pf_centre,85.567,-64.205,-0.575,0.0488,2.032,1.2.826.0.1.3680043.8.498.47424846350075902218865591937182679099,36,3.3,1,True
1.2.826.0.1.3680043.8.498.20123813962665544845986028832159432587,pf_centre,131.413,-18.877,-42.892,0.071,2.4,1.2.826.0.1.3680043.8.498.76070861133360673734776499818505093067,30,4.4,1,True
1.2.826.0.1.3680043.8.498.20134168618929769962391688049013971830,pf_centre,97.66,-54.245,-0.555,0.0849,1.012,1.2.826.0.1.3680043.8.498.45159244927502720417238460552600386903,30,4.55,1,True
1.2.826.0.1.3680043.8.498.20156361590688072955579948030116579099,pf_centre,26.853,-18.574,24.286,0.064,3.575,1.2.826.0.1.3680043.8.498.78333421841381892498110533815117739362,26,5.0,1,True
1.2.826.0.1.3680043.8.498.20184541870535223885310764061146422870,pf_centre,-87.448,-57.481,16.213,0.0868,1.504,1.2.826.0.1.3680043.8.498.75945280503014786759859884763802538882,46,3.3,1,True
1.2.826.0.1.3680043.8.498.20192024727432864451309151144591371229,pf_centre,-105.617,-26.45,19.565,0.0661,2.16,1.2.826.0.1.3680043.8.498.40295211164374335888286997510928688484,30,4.52,1,True
1.2.826.0.1.3680043.8.498.20196165276643741937915346646793735100,pf_centre,-84.127,-71.442,28.958,0.0649,1.872,1.2.826.0.1.3680043.8.498.82264323217238564959827546032077957466,44,3.6,1,True
1.2.826.0.1.3680043.8.498.20204907530808218314127264658715054041,pf_centre,35.54,-39.345,6.88,0.0487,12.233,1.2.826.0.1.3680043.8.498.10019090832164579635579350690996815081,32,4.5,1,True
1.2.826.0.1.3680043.8.498.20232953944759707220316171133595554284,pf_centre,-62.063,-39.939,22.867,0.0366,1.233,1.2.826.0.1.3680043.8.498.85580698730087564978522604357205465891,35,4.5,1,True
1.2.826.0.1.3680043.8.498.20266523169651039493799975212435349766,pf_centre,84.314,-42.91,-2.205,0.0891,1.41,1.2.826.0.1.3680043.8.498.78617525683344834381183520615502165328,30,4.4,1,True
1.2.826.0.1.3680043.8.498.20269296702024202621734017056347194499,pf_centre,85.719,-54.361,24.506,0.0791,1.802,1.2.826.0.1.3680043.8.498.98616140031557681176264551812241250098,42,3.3,1,True
1.2.826.0.1.3680043.8.498.20301796413163444642416918108994411350,pf_centre,-110.852,-68.188,-1.193,0.1,0.852,1.2.826.0.1.3680043.8.498.12827367693964151321854236507733665805,22,4.5,1,True
1.2.826.0.1.3680043.8.498.20375739629244657719385962474248679850,pf_centre,96.002,-48.784,34.128,0.0695,2.989,1.2.826.0.1.3680043.8.498.64842889719588175964259843915701302619,40,4.0,1,True
1.2.826.0.1.3680043.8.498.20411068889491114730824265411248922690,pf_centre,-95.096,-92.622,22.786,0.1121,1.336,1.2.826.0.1.3680043.8.498.11383882730339271507168748916042522040,27,0.6,6,True
1.2.826.0.1.3680043.8.498.20427402498958253193571475926580142499,pf_centre,-3.643,-41.405,-37.508,0.0699,1.726,1.2.826.0.1.3680043.8.498.86617844441794229022818191359356458266,32,4.4,1,True
1.2.826.0.1.3680043.8.498.20472525526345683475357475395677168372,pf_centre,-106.847,-88.889,6.816,0.0752,2.7,1.2.826.0.1.3680043.8.498.92610622874448966615914999782978212313,30,3.5,1,True
1.2.826.0.1.3680043.8.498.20488337421252584047930242186072775007,pf_centre,-108.968,-97.261,-5.811,0.0742,1.662,1.2.826.0.1.3680043.8.498.32929684725295619149645060101758871526,40,3.3,1,True
1.2.826.0.1.3680043.8.498.20509336519532058090925280050885010886,pf_centre,-94.721,-84.644,7.397,0.0763,1.51,1.2.826.0.1.3680043.8.498.93875345827262994385398561395266431044,30,4.0,1,True
1.2.826.0.1.3680043.8.498.20521417572710861366819886462837836465,pf_centre,-76.394,-36.895,25.705,0.1109,1.603,1.2.826.0.1.3680043.8.498.42760874564795213002712682638757042555,28,4.5,1,True
1.2.826.0.1.3680043.8.498.20522330861615570894210641293344468905,pf_centre,-93.767,-80.519,57.092,0.0626,3.724,1.2.826.0.1.3680043.8.498.12941800252868258448288615444854008946,40,3.3,1,True
1.2.826.0.1.3680043.8.498.20587514285427671071934631922521946816,pf_centre,-92.843,-36.819,11.129,0.0726,1.067,1.2.826.0.1.3680043.8.498.11548961287201889899177170065607678332,30,4.55,1,True
1.2.826.0.1.3680043.8.498.20600318722531772866761132262772105640,pf_centre,-82.204,-71.974,7.301,0.066,3.075,1.2.826.0.1.3680043.8.498.24562480005290220663206457316548194402,36,3.3,1,True
1.2.826.0.1.3680043.8.498.20640858366001462094044810443654811785,pf_centre,-91.182,-64.426,19.599,0.0817,6.607,1.2.826.0.1.3680043.8.498.87921238405775406307404865890308535943,30,4.4,1,True
1.2.826.0.1.3680043.8.498.20690227395174139480327772367312879333,pf_centre,62.443,-35.028,-2.618,0.0786,1.363,1.2.826.0.1.3680043.8.498.12224366161595988089889618174216885218,34,4.2,1,True
1.2.826.0.1.3680043.8.498.20733151481921261415295204209910573639,pf_centre,-67.08,14.43,15.489,0.0843,1.262,1.2.826.0.1.3680043.8.498.81289767074312154162623534590058930715,40,3.5,1,True
1.2.826.0.1.3680043.8.498.20781255814255169306555078952156148784,pf_centre,130.62,-75.942,-24.932,0.0721,2.661,1.2.826.0.1.3680043.8.498.41067340495720672970169666334930835567,40,3.3,1,True
1.2.826.0.1.3680043.8.498.20801986011906346655458394198951999413,pf_centre,-106.393,-48.544,29.527,0.05,3.75,1.2.826.0.1.3680043.8.498.97804407530687459313804518213257662216,33,4.5,1,True
1.2.826.0.1.3680043.8.498.20850785960533583051456342090773230767,pf_centre,-117.524,-83.898,-13.812,0.0921,0.739,1.2.826.0.1.3680043.8.498.88721794171893739924932497584865191321,36,3.3,1,True
1.2.826.0.1.3680043.8.498.20852351697358589606507109300359572624,pf_centre,-131.143,-34.321,-8.322,0.0929,1.259,1.2.826.0.1.3680043.8.498.11996826148648162635921652499436529095,36,3.4,1,True
1.2.826.0.1.3680043.8.498.20859518005209632163032213488405671537,pf_centre,118.625,-66.289,-9.626,0.0658,1.692,1.2.826.0.1.3680043.8.498.55174381193925100030542578383379574299,38,4.4,1,True
1.2.826.0.1.3680043.8.498.20933151653103548000061448393771614270,pf_centre,-65.547,-52.709,-12.729,0.0358,6.79,1.2.826.0.1.3680043.8.498.12776340895980971364222014413708932710,36,4.52,1,True
1.2.826.0.1.3680043.8.498.20947841686457891570351579406919873254,pf_centre,88.906,-70.687,1.498,0.1369,1.498,1.2.826.0.1.3680043.8.498.64943353230679127273048676172764873075,24,0.6,6,True
1.2.826.0.1.3680043.8.498.20953536352252551462901259297974956430,pf_centre,-83.975,-2.85,23.914,0.0776,0.856,1.2.826.0.1.3680043.8.498.17335911486459440035220097428857205837,47,3.5,1,True
1.2.826.0.1.3680043.8.498.20969353615978236040448556356026349615,pf_centre,62.009,12.996,23.498,0.0673,2.42,1.2.826.0.1.3680043.8.498.11492454834582224002828972284792096730,35,3.3,1,True
1.2.826.0.1.3680043.8.498.21012635480218712816069264326295410954,pf_centre,-92.349,-58.795,31.968,0.07,0.986,1.2.826.0.1.3680043.8.498.10165331407665465061983997853170158469,34,4.5,1,True
1.2.826.0.1.3680043.8.498.21024377993947321291280779867493407199,pf_centre,103.015,-78.22,7.875,0.0876,2.732,1.2.826.0.1.3680043.8.498.89838621652280574264638799996429371172,22,5.545,1,True
1.2.826.0.1.3680043.8.498.21060274255072711241653174133146945101,pf_centre,-99.705,-82.851,-32.722,0.0602,2.442,1.2.826.0.1.3680043.8.498.10791145151809893065807069122194605907,25,5.5,1,True
1.2.826.0.1.3680043.8.498.21116046804798247223618072736212944615,pf_centre,-79.667,-38.678,-8.48,0.1195,1.829,1.2.826.0.1.3680043.8.498.26285063146397067613429770109504572905,30,3.3,1,True
1.2.826.0.1.3680043.8.498.21135201439483157418374033420156525658,pf_centre,91.918,-96.075,19.214,0.0894,13.397,1.2.826.0.1.3680043.8.498.13370971854671857598465729855381992883,29,0.6,5,True
1.2.826.0.1.3680043.8.498.21142867813782396036287673290033987859,pf_centre,-114.736,-88.579,11.023,0.0637,2.264,1.2.826.0.1.3680043.8.498.85819893003754886749082417717736238098,25,5.5,1,True
1.2.826.0.1.3680043.8.498.21239630702461934662855021164119114203,pf_centre,-114.942,-92.738,1.735,0.0928,0.943,1.2.826.0.1.3680043.8.498.44600399777031243230652596375848704698,36,3.3,1,True
1.2.826.0.1.3680043.8.498.21294732642571417618432023007693943849,pf_centre,102.015,-87.318,1.02,0.0869,2.786,1.2.826.0.1.3680043.8.498.12421986627737156314377920533884692694,32,3.3,1,True
1.2.826.0.1.3680043.8.498.21312254534068992054745674608909722454,pf_centre,91.507,-36.233,22.518,0.1179,2.989,1.2.826.0.1.3680043.8.498.39688770904025545678387585223509073841,30,3.3,1,True
1.2.826.0.1.3680043.8.498.21322638458116180116030396109651929596,pf_centre,84.833,-47.4,18.552,0.0557,3.196,1.2.826.0.1.3680043.8.498.84162997494458727744760972337250614906,30,3.9,1,True
1.2.826.0.1.3680043.8.498.21389336408905524316915532623385847283,pf_centre,-76.41,-106.437,23.137,0.1224,1.053,1.2.826.0.1.3680043.8.498.10304014540597184876286099552933836979,19,5.2,1,True
1.2.826.0.1.3680043.8.498.21403015320378798778538823075316902483,pf_centre,-85.844,-36.51,-17.484,0.0863,1.042,1.2.826.0.1.3680043.8.498.12264255313612692393191787547712952938,36,3.3,1,True
1.2.826.0.1.3680043.8.498.21413285047211074156709106352750752275,pf_centre,-133.294,-53.529,-7.928,0.0845,3.688,1.2.826.0.1.3680043.8.498.68305400410269757862628892935103716658,38,4.095,1,True
1.2.826.0.1.3680043.8.498.21449012857520712901884874638467532958,pf_centre,-109.789,-97.638,8.779,0.0677,2.366,1.2.826.0.1.3680043.8.498.10190760646779643122650801767315825410,31,5.5,1,True
1.2.826.0.1.3680043.8.498.21478660341431677113136859217606773871,pf_centre,-120.511,-96.84,60.199,0.0611,1.067,1.2.826.0.1.3680043.8.498.11346716278102629546241400771285263467,40,3.3,1,True
1.2.826.0.1.3680043.8.498.21520719119040558609068952147312604007,pf_centre,15.175,-28.923,-6.457,0.0765,1.503,1.2.826.0.1.3680043.8.498.10777344959684265533816489407620580045,28,4.4,1,True
1.2.826.0.1.3680043.8.498.21556073772857867149576001337847113661,pf_centre,-110.611,-110.813,15.161,0.0436,4.051,1.2.826.0.1.3680043.8.498.12290615000300759695033261817422366439,47,0.9,4,True
1.2.826.0.1.3680043.8.498.21558570608416990974711670673431746511,pf_centre,61.548,13.611,-14.26,0.0983,2.786,1.2.826.0.1.3680043.8.498.15804432277982321627021249160793595240,25,5.0,1,True
1.2.826.0.1.3680043.8.498.21584859831565112159503971937497384030,pf_centre,-74.162,-100.02,-34.714,0.077,1.204,1.2.826.0.1.3680043.8.498.79144608468098640010333608501206701082,30,3.9,1,True
1.2.826.0.1.3680043.8.498.21605506484276750075895228202564072044,pf_centre,-90.567,-59.113,18.225,0.0646,1.009,1.2.826.0.1.3680043.8.498.76645376874417071896238152657731822578,30,4.4,1,True
1.2.826.0.1.3680043.8.498.21606196343708804451390109412118036330,pf_centre,-123.718,-28.439,30.563,0.0556,1.503,1.2.826.0.1.3680043.8.498.96329972246084875093609878618295787507,36,4.0,1,True
1.2.826.0.1.3680043.8.498.21634792491972658759276025394685307053,pf_centre,-19.828,-23.459,-35.634,0.063,1.57,1.2.826.0.1.3680043.8.498.12138334607133313196861487573264434447,34,4.5,1,True
1.2.826.0.1.3680043.8.498.21636337451527049130190928852193267826,pf_centre,-115.563,-64.412,20.762,0.0976,2.128,1.2.826.0.1.3680043.8.498.26487734780308557989715932061314761226,32,3.6,1,True
1.2.826.0.1.3680043.8.498.21726746202429506433532477857404854137,pf_centre,-93.215,-98.235,3.858,0.1017,1.482,1.2.826.0.1.3680043.8.498.63865284035729416667656873528603696832,21,4.8,1,True
1.2.826.0.1.3680043.8.498.21769352980698937182060933429354012104,pf_centre,72.349,-28.645,28.058,0.0878,2.902,1.2.826.0.1.3680043.8.498.58205676039369024564352047821804749932,36,3.3,1,True
1.2.826.0.1.3680043.8.498.21798342483930597563659425189400765869,pf_centre,122.598,-44.614,10.082,0.0696,1.635,1.2.826.0.1.3680043.8.498.36670138749329922188617124588419319932,32,5.0,1,True
1.2.826.0.1.3680043.8.498.21862609534273524003153225756948913437,pf_centre,152.105,-42.442,-14.383,0.0689,1.308,1.2.826.0.1.3680043.8.498.82825408311914096645205441803211679168,48,3.5,1,True
1.2.826.0.1.3680043.8.498.21868734450232158209414868901539475548,pf_centre,-102.921,-50.902,4.732,0.0988,1.492,1.2.826.0.1.3680043.8.498.96109445896342609621668232787961895460,40,3.3,1,True
1.2.826.0.1.3680043.8.498.21874562538764236819894456417694074673,pf_centre,-110.483,-45.988,15.008,0.0635,1.081,1.2.826.0.1.3680043.8.498.39008113317243736466740511636352990879,33,4.5,1,True
1.2.826.0.1.3680043.8.498.21904421326144238681996713485932410596,pf_centre,99.29,-40.34,-10.056,0.0916,1.166,1.2.826.0.1.3680043.8.498.13104042897006907776097952315530083102,36,3.3,1,True
1.2.826.0.1.3680043.8.498.21937000442536121262190458446148124910,pf_centre,-78.919,-63.201,9.206,0.0435,2.685,1.2.826.0.1.3680043.8.498.69000112300418561227334194392910430014,30,3.9,1,True
1.2.826.0.1.3680043.8.498.21954482915702797371609582020715955762,pf_centre,-69.81,-44.844,10.709,0.078,0.618,1.2.826.0.1.3680043.8.498.67187919244043573230039792230338280764,38,3.6,1,True
1.2.826.0.1.3680043.8.498.21991252201684723900045301917670383228,pf_centre,110.068,-53.542,16.801,0.0743,1.434,1.2.826.0.1.3680043.8.498.80447630790433074878008434467424989959,33,4.5,1,True
1.2.826.0.1.3680043.8.498.22007253197523827371600763959266047295,pf_centre,-120.573,-86.762,21.486,0.098,2.249,1.2.826.0.1.3680043.8.498.11065269653219452630554118662721401505,30,3.6,1,True
1.2.826.0.1.3680043.8.498.22025729757015485203756049440674914537,pf_centre,132.007,-52.421,27.787,0.1046,2.182,1.2.826.0.1.3680043.8.498.21115585008187816477098690988699102841,31,4.5,1,True
1.2.826.0.1.3680043.8.498.22027914323057444746912555313058666950,pf_centre,99.686,-33.508,-2.304,0.1064,1.248,1.2.826.0.1.3680043.8.498.11699056882754646165209859766987021477,28,4.0,1,True
1.2.826.0.1.3680043.8.498.22053727963380087706894183799325067544,pf_centre,72.953,-45.212,20.186,0.055,1.537,1.2.826.0.1.3680043.8.498.36490334355074525444676423225810952320,36,3.3,1,True
1.2.826.0.1.3680043.8.498.22057596860528658818833903685827585805,pf_centre,-98.3,-54.3,12.678,0.0649,2.299,1.2.826.0.1.3680043.8.498.10092747845942312574782012294203278484,38,3.6,1,True
1.2.826.0.1.3680043.8.498.22088734384869383587217556574382319654,pf_centre,76.904,-76.613,9.264,0.0874,1.884,1.2.826.0.1.3680043.8.498.72477643008178998546651918738009102496,36,3.3,1,True
1.2.826.0.1.3680043.8.498.22109739962224309418874538994436903404,pf_centre,101.307,-96.055,37.838,0.0714,0.957,1.2.826.0.1.3680043.8.498.71247426330737891374731581744560399312,40,4.2,1,True
1.2.826.0.1.3680043.8.498.22119720417177816110156744770171496965,pf_centre,-113.072,-93.089,45.634,0.0532,4.288,1.2.826.0.1.3680043.8.498.26400516431185635259995763544815226406,40,3.3,1,True
1.2.826.0.1.3680043.8.498.22126824950877890715014783370071292997,pf_centre,130.139,-81.971,37.187,0.0971,1.694,1.2.826.0.1.3680043.8.498.32360323676518466630284359622313067549,29,3.3,1,True
1.2.826.0.1.3680043.8.498.22135282054716841452811687331325271982,pf_centre,29.265,-35.034,1.961,0.0752,0.963,1.2.826.0.1.3680043.8.498.17059506779752659316239567563529676809,19,5.0,1,True
1.2.826.0.1.3680043.8.498.22137222939487357840166329770642627189,pf_centre,89.043,-68.671,7.369,0.0967,2.062,1.2.826.0.1.3680043.8.498.90596116177013154202343640372048866295,36,3.3,1,True
1.2.826.0.1.3680043.8.498.22249763791584161324425922920269052844,pf_centre,83.923,-25.576,-4.081,0.0867,3.155,1.2.826.0.1.3680043.8.498.10027316035548781677096498300768910747,36,3.3,1,True
1.2.826.0.1.3680043.8.498.22263857526032448247006468310072414129,pf_centre,106.338,-72.427,39.293,0.0601,1.536,1.2.826.0.1.3680043.8.498.22230533724092303301901523641637229613,30,4.4,1,True
1.2.826.0.1.3680043.8.498.22275537949387641831010030150398063643,pf_centre,-78.779,-50.033,-4.014,0.0644,2.94,1.2.826.0.1.3680043.8.498.73916414268695913902178175662667038544,29,4.5,1,True
1.2.826.0.1.3680043.8.498.22338400095583099753286935111647807038,pf_centre,89.15,-77.788,-23.744,0.1489,1.223,1.2.826.0.1.3680043.8.498.47556242857269833829110775910114942516,22,0.6,6,True
1.2.826.0.1.3680043.8.498.22357754074308826479280023393343731000,pf_centre,130.903,18.819,-56.626,0.068,2.431,1.2.826.0.1.3680043.8.498.61441779241315732056186435558042660858,30,4.4,1,True
1.2.826.0.1.3680043.8.498.22394208178597637441149549895512290013,pf_centre,71.56,-59.511,25.094,0.0844,1.332,1.2.826.0.1.3680043.8.498.38010227306414722961708883626363136998,40,3.3,1,True
1.2.826.0.1.3680043.8.498.22398041676780235097751294563297953841,pf_centre,-125.775,-86.706,17.578,0.0535,1.655,1.2.826.0.1.3680043.8.498.78752743879749331686648208213926750658,47,0.9,4,True
1.2.826.0.1.3680043.8.498.22398731807962276404889164827238996005,pf_centre,-116.792,-69.353,42.499,0.065,0.848,1.2.826.0.1.3680043.8.498.59729564999043654421787407448114361130,38,4.5,1,True
1.2.826.0.1.3680043.8.498.22407175411826914385667795929161924645,pf_centre,113.879,-82.939,33.835,0.0881,2.936,1.2.826.0.1.3680043.8.498.12690821683624657980577065785155918516,23,6.128,1,True
1.2.826.0.1.3680043.8.498.22426390571898968732573184721547490379,pf_centre,88.92,-109.268,-1.057,0.1224,1.126,1.2.826.0.1.3680043.8.498.78463475423634224680759524987000937095,19,4.6,1,True
1.2.826.0.1.3680043.8.498.22456525904575663955604077506103354060,pf_centre,-116.164,-85.155,25.332,0.0938,2.074,1.2.826.0.1.3680043.8.498.81723686668852084354990889993706156375,36,3.3,1,True
1.2.826.0.1.3680043.8.498.22480218016816209183384996714060953859,pf_centre,-82.257,-23.071,-2.172,0.1186,0.896,1.2.826.0.1.3680043.8.498.90030338670340302007346245726134429873,28,4.5,1,True
1.2.826.0.1.3680043.8.498.22508124641661887430614105328316053644,pf_centre,-108.362,-67.303,-8.325,0.053,1.243,1.2.826.0.1.3680043.8.498.24029597321660783889021282538711798618,40,4.4,1,True
1.2.826.0.1.3680043.8.498.22583985355672251619550173090948161714,pf_centre,118.677,-72.037,43.95,0.0729,12.06,1.2.826.0.1.3680043.8.498.11877281930598952320725247364074742484,36,4.095,1,True
1.2.826.0.1.3680043.8.498.22594249996322566888700984133307337128,pf_centre,-84.128,-61.456,2.712,0.0961,0.907,1.2.826.0.1.3680043.8.498.11562474736843460601904982273703148543,36,3.3,1,True
1.2.826.0.1.3680043.8.498.22594742481654038247097269358877852869,pf_centre,-4.099,-50.864,7.433,0.067,1.416,1.2.826.0.1.3680043.8.498.11653103196658098991894329022975854039,24,4.4,1,True
1.2.826.0.1.3680043.8.498.22596004572382994883130705870731193046,pf_centre,92.737,-106.058,31.581,0.0645,7.344,1.2.826.0.1.3680043.8.498.10214927844145097152934346228439400282,19,5.4,1,True
1.2.826.0.1.3680043.8.498.22617494262793136174349268379191631799,pf_centre,-110.712,-72.209,-1.068,0.0683,1.602,1.2.826.0.1.3680043.8.498.90226905938201588888119010377597329806,36,3.3,1,True
1.2.826.0.1.3680043.8.498.22632919018724241015271844108954804020,pf_centre,-87.738,-35.798,3.422,0.0279,48.929,1.2.826.0.1.3680043.8.498.99368107790978989121257524002195260591,35,3.3,1,True
1.2.826.0.1.3680043.8.498.22656222254273662937226093008714426490,pf_centre,-77.814,-36.684,5.68,0.0719,1.365,1.2.826.0.1.3680043.8.498.50106570973071303012067090204775906384,40,3.3,1,True
1.2.826.0.1.3680043.8.498.22678957404909201599340396039237525550,pf_centre,77.659,-12.78,6.282,0.1,1.395,1.2.826.0.1.3680043.8.498.62900573817509184736974378888945140723,28,4.52,1,True
1.2.826.0.1.3680043.8.498.22684505799921376181913295621462268931,pf_centre,114.642,-71.49,-9.81,0.0673,4.84,1.2.826.0.1.3680043.8.498.93893970097754189365376722168899667707,30,4.4,1,True
1.2.826.0.1.3680043.8.498.22803020644232321685575897661362804423,pf_centre,65.996,-55.348,13.191,0.094,2.185,1.2.826.0.1.3680043.8.498.35602184194145711651724817788167559149,24,4.5,1,True
1.2.826.0.1.3680043.8.498.22867776500261605752195206933939172136,pf_centre,95.973,-72.989,10.594,0.1005,0.816,1.2.826.0.1.3680043.8.498.18932954517365713468967471260849641169,30,3.5,1,True
1.2.826.0.1.3680043.8.498.22886251629508830700774506697670139848,pf_centre,-94.234,-87.506,2.091,0.1008,1.099,1.2.826.0.1.3680043.8.498.28942463641655126716247749328580415315,27,0.6,6,True
1.2.826.0.1.3680043.8.498.22938598188283919466040132624303635817,pf_centre,88.166,-87.871,-17.958,0.1209,2.162,1.2.826.0.1.3680043.8.498.14329381113412109637683547442196476500,19,4.4,1,True
1.2.826.0.1.3680043.8.498.22985467719058223198642920273233975053,pf_centre,-87.962,-87.697,23.213,0.1103,1.528,1.2.826.0.1.3680043.8.498.12430803201351492097856885700427364667,27,0.6,6,True
1.2.826.0.1.3680043.8.498.22990786875064680564672188701015740170,pf_centre,-114.171,-112.797,11.706,0.0894,0.846,1.2.826.0.1.3680043.8.498.73924546614480369902106065840837099065,28,5.0,1,True
1.2.826.0.1.3680043.8.498.23043120269252616884307662769766701449,pf_centre,112.307,-78.863,21.553,0.0824,1.585,1.2.826.0.1.3680043.8.498.10098013676976594827903241231253115006,30,3.85,1,True
1.2.826.0.1.3680043.8.498.23046618786812839762801821364158313134,pf_centre,-9.102,-26.049,0.556,0.0965,1.294,1.2.826.0.1.3680043.8.498.31275167685630605961220088297874173794,30,4.5,1,True
1.2.826.0.1.3680043.8.498.23063675880057833741455102729816364091,pf_centre,-43.208,-97.713,5.518,0.1059,2.32,1.2.826.0.1.3680043.8.498.97742092296325539714471232293217558966,19,5.0,1,True
1.2.826.0.1.3680043.8.498.23065868481290440008286663193810913414,pf_centre,-79.769,-71.868,10.5,0.0551,4.006,1.2.826.0.1.3680043.8.498.72867756698114455956316804867623491855,48,3.3,1,True
1.2.826.0.1.3680043.8.498.23073694267101759922738121732233014980,pf_centre,-72.015,-50.982,19.819,0.0822,1.18,1.2.826.0.1.3680043.8.498.10885930455850527162892277026203191579,36,3.3,1,True
1.2.826.0.1.3680043.8.498.23081294963277525274551516232134221416,pf_centre,95.083,-34.215,-4.571,0.1019,1.881,1.2.826.0.1.3680043.8.498.71143302854795877471055145797891292249,26,4.4,1,True
1.2.826.0.1.3680043.8.498.23094733099955217022059584418468076048,pf_centre,-126.129,-82.172,21.511,0.0672,0.906,1.2.826.0.1.3680043.8.498.10237324586853250052540280401056389062,24,5.3,1,True
1.2.826.0.1.3680043.8.498.23107903961514228607587963030481481744,pf_centre,-83.177,-55.285,18.84,0.0664,0.941,1.2.826.0.1.3680043.8.498.77672531461672479794926983892080370500,40,3.3,1,True
1.2.826.0.1.3680043.8.498.23166300530486600338569917595744444657,pf_centre,-87.893,-95.188,6.142,0.0503,0.957,1.2.826.0.1.3680043.8.498.39048112704128875693285347571718089108,25,5.5,1,True
1.2.826.0.1.3680043.8.498.23182005205627494484490011351673355568,pf_centre,-92.152,-48.143,16.295,0.0714,0.857,1.2.826.0.1.3680043.8.498.89332950297095087625073486904092377223,38,3.6,1,True
1.2.826.0.1.3680043.8.498.23378338408981699466914366379590099738,pf_centre,85.114,-2.49,29.624,0.082,1.078,1.2.826.0.1.3680043.8.498.42699407535969811569714073845904884276,24,4.4,1,True
1.2.826.0.1.3680043.8.498.23394601328148358087542766577727876635,pf_centre,-76.579,-64.819,3.035,0.0497,1.204,1.2.826.0.1.3680043.8.498.42189912109337008878817651050020505382,38,3.6,1,True
1.2.826.0.1.3680043.8.498.23409201792139701921731647470152180932,pf_centre,-90.109,-37.046,4.917,0.0952,2.01,1.2.826.0.1.3680043.8.498.16775868422610301191015184270547399741,30,3.3,1,True
1.2.826.0.1.3680043.8.498.23422918444346962998731376196027420200,pf_centre,-96.608,-82.944,9.124,0.0651,2.645,1.2.826.0.1.3680043.8.498.89367228688416323597905920336687547268,22,5.938,1,True
1.2.826.0.1.3680043.8.498.23427198594727947883953289189443006288,pf_centre,2.859,-25.212,-2.163,0.0825,1.732,1.2.826.0.1.3680043.8.498.43358753180910661364851769280791630954,28,4.0,1,True
1.2.826.0.1.3680043.8.498.23518857399095666263158269685495375084,pf_centre,78.785,-45.946,42.406,0.0865,1.61,1.2.826.0.1.3680043.8.498.12665519216900994023481577756458599552,36,3.3,1,True
1.2.826.0.1.3680043.8.498.23523176367321534630723586470190430254,pf_centre,-72.908,17.929,-13.95,0.0717,2.097,1.2.826.0.1.3680043.8.498.12872683864777938752715662978126242921,38,3.5,1,True
1.2.826.0.1.3680043.8.498.23677916081296740815989149501889343663,pf_centre,-118.819,-75.46,8.453,0.1028,1.187,1.2.826.0.1.3680043.8.498.13352700998579499246844762703493557836,30,3.6,1,True
1.2.826.0.1.3680043.8.498.23686732555936573712275826587678502899,pf_centre,-93.546,-40.017,8.155,0.1273,1.59,1.2.826.0.1.3680043.8.498.75961327942630926574585785321453192383,30,3.3,1,True
1.2.826.0.1.3680043.8.498.23703817737293327679300330167234268929,pf_centre,-57.475,-31.99,57.076,0.1231,1.443,1.2.826.0.1.3680043.8.498.75896288115948989866006154303551576254,29,0.6,5,True
1.2.826.0.1.3680043.8.498.23713320796530316370039202981138376061,pf_centre,-8.195,-31.903,25.967,0.1267,1.813,1.2.826.0.1.3680043.8.498.13231620877753887462181456188782677855,21,4.4,1,True
1.2.826.0.1.3680043.8.498.23719982492392272262684855675016475265,pf_centre,-82.726,-51.987,16.217,0.0691,1.612,1.2.826.0.1.3680043.8.498.10817169823328511005253820519156142622,38,3.6,1,True
1.2.826.0.1.3680043.8.498.23733147518259581649562651915997449088,pf_centre,-73.37,-68.659,11.321,0.0908,0.97,1.2.826.0.1.3680043.8.498.12266955190856613377088470630621061324,36,3.3,1,True
1.2.826.0.1.3680043.8.498.23757007145576852496599816072431075057,pf_centre,82.347,-61.585,39.001,0.0804,0.851,1.2.826.0.1.3680043.8.498.13892146040755469094852463275316237298,48,3.3,1,True
1.2.826.0.1.3680043.8.498.23822313132245448173452915228147497501,pf_centre,121.265,-47.363,10.791,0.0713,2.119,1.2.826.0.1.3680043.8.498.15380244927879894692543638461914823221,35,4.5,1,True
1.2.826.0.1.3680043.8.498.23833933822461809237193998300076847210,pf_centre,-81.399,-85.839,5.379,0.1194,1.462,1.2.826.0.1.3680043.8.498.11214114946358789493520068832453567580,29,0.6,5,True
1.2.826.0.1.3680043.8.498.23849672490426589132734390202638283865,pf_centre,-87.47,-6.651,23.488,0.0575,1.424,1.2.826.0.1.3680043.8.498.53233529898529188630786675221370102846,40,3.5,1,True
1.2.826.0.1.3680043.8.498.23911658810234305013984976739924353704,pf_centre,-98.432,-95.578,-10.451,0.0433,1.093,1.2.826.0.1.3680043.8.498.56001389192194797851791908903108999877,47,0.9,4,True
1.2.826.0.1.3680043.8.498.23939313916974849526459717576344063277,pf_centre,-130.92,-81.029,-16.07,0.0776,3.431,1.2.826.0.1.3680043.8.498.48980657576906720050085996149170059791,22,6.218,1,True
1.2.826.0.1.3680043.8.498.23956169649865635269920565218680494366,pf_centre,95.99,-90.739,-18.428,0.1065,2.978,1.2.826.0.1.3680043.8.498.38689627991957896357734981331362758500,27,0.6,6,True
1.2.826.0.1.3680043.8.498.23986051274386630509877205174270047762,pf_centre,78.026,-64.597,12.66,0.0824,0.991,1.2.826.0.1.3680043.8.498.24020244103739014071305132366161233308,30,4.4,1,True
1.2.826.0.1.3680043.8.498.24012076387083114283116476459425015413,pf_centre,-93.831,-39.934,9.563,0.0884,1.828,1.2.826.0.1.3680043.8.498.10052879259579738300991388496456603397,31,4.0,1,True
1.2.826.0.1.3680043.8.498.24068239310155798723127213793623172530,pf_centre,-85.815,-59.202,16.341,0.0968,0.65,1.2.826.0.1.3680043.8.498.47723493356642983821571183809622981960,30,4.0,1,True
1.2.826.0.1.3680043.8.498.24101792822866991033671006059283560916,pf_centre,102.588,-81.918,2.659,0.0842,4.148,1.2.826.0.1.3680043.8.498.35178892330312526025242964697591071755,22,5.9,1,True
1.2.826.0.1.3680043.8.498.24126422042626612740219325272793737656,pf_centre,30.993,-57.321,8.841,0.0777,1.09,1.2.826.0.1.3680043.8.498.76812306419496052157638090132470244369,33,4.375,1,True
1.2.826.0.1.3680043.8.498.24209643225939781032698894992032106781,pf_centre,115.901,-76.872,16.552,0.0655,1.523,1.2.826.0.1.3680043.8.498.54112634238726264272594287548709103356,30,4.4,1,True
1.2.826.0.1.3680043.8.498.24219103446788192052503003052696523200,pf_centre,94.579,-86.742,-10.354,0.0557,1.141,1.2.826.0.1.3680043.8.498.20467360391222853705882631529564288786,38,3.9,1,True
1.2.826.0.1.3680043.8.498.24220732394554303343522053195582322788,pf_centre,72.716,-26.652,-2.719,0.0934,0.852,1.2.826.0.1.3680043.8.498.42620116127406934301958947806883867711,28,4.5,1,True
1.2.826.0.1.3680043.8.498.24267153760943721146187182369810590631,pf_centre,116.983,-73.096,-6.149,0.0754,1.253,1.2.826.0.1.3680043.8.498.22019065675595632769939308404873208724,30,3.6,1,True
1.2.826.0.1.3680043.8.498.24283484945988825507450239904606754405,pf_centre,-117.064,-104.689,5.377,0.0902,0.634,1.2.826.0.1.3680043.8.498.12634783225883900224682749655019619425,22,5.71,1,True
1.2.826.0.1.3680043.8.498.24291465113360632954006568021942978765,pf_centre,-99.016,-79.23,-5.649,0.1088,1.553,1.2.826.0.1.3680043.8.498.53957179941964292750169055083924539735,27,0.6,6,True
1.2.826.0.1.3680043.8.498.24302889622350917085868032747474929504,pf_centre,-81.448,-56.485,56.023,0.081,1.137,1.2.826.0.1.3680043.8.498.13376820864586010906175862754163783608,30,3.9,1,True
1.2.826.0.1.3680043.8.498.24313647347273496316728514161733307557,pf_centre,121.485,-95.429,11.887,0.0882,12.033,1.2.826.0.1.3680043.8.498.11695169296590771260021656632397642606,23,5.7,1,True
1.2.826.0.1.3680043.8.498.24369332907731805266450307536793220148,pf_centre,95.587,-88.372,19.319,0.0928,2.287,1.2.826.0.1.3680043.8.498.93512070507280802385424969623660409258,38,3.3,1,True
1.2.826.0.1.3680043.8.498.24432243084670627958434695475653885175,pf_centre,-71.921,-56.404,-9.839,0.0938,1.758,1.2.826.0.1.3680043.8.498.76871694582080776526854506659109687338,36,3.3,1,True
1.2.826.0.1.3680043.8.498.24478195415117310702720951368429189290,pf_centre,91.256,-57.26,27.649,0.1161,1.667,1.2.826.0.1.3680043.8.498.27562667054096209003494251428636582347,34,4.55,1,True
1.2.826.0.1.3680043.8.498.24502332819381293694020055836255028614,pf_centre,-118.766,-94.98,19.659,0.0873,0.957,1.2.826.0.1.3680043.8.498.27829671829347639712783364607999706142,36,3.3,1,True
1.2.826.0.1.3680043.8.498.24529300482982370922479679056174585978,pf_centre,-102.763,-108.488,19.376,0.0736,3.029,1.2.826.0.1.3680043.8.498.10279241857036589738247656422922121811,24,6.0,1,True
1.2.826.0.1.3680043.8.498.24555528844026121007453886375651403314,pf_centre,96.021,-75.021,-28.127,0.0843,1.847,1.2.826.0.1.3680043.8.498.82612917114757042901794207103941610890,38,3.6,1,True
1.2.826.0.1.3680043.8.498.24563801799946310644914912532825629118,pf_centre,98.791,-85.337,11.9,0.0376,1.587,1.2.826.0.1.3680043.8.498.11541622985807242664819112828965261212,38,3.6,1,True
1.2.826.0.1.3680043.8.498.24588524807799377432185260702152371503,pf_centre,-123.939,-88.108,15.663,0.0881,1.15,1.2.826.0.1.3680043.8.498.73504419929841608966519082433621200816,36,3.3,1,True
1.2.826.0.1.3680043.8.498.24635589616467409099788838058892886889,pf_centre,104.711,-79.684,-15.939,0.0768,1.13,1.2.826.0.1.3680043.8.498.75687329675914753494029747161612812601,26,4.1,1,True
1.2.826.0.1.3680043.8.498.24661137747502154216858169258339731263,pf_centre,-79.747,-64.836,30.638,0.0577,4.596,1.2.826.0.1.3680043.8.498.96575166333743397351649279401752325250,30,3.9,1,True
1.2.826.0.1.3680043.8.498.24679905857546029995247839380830345841,pf_centre,-67.736,-45.424,9.429,0.1109,1.867,1.2.826.0.1.3680043.8.498.98337037410761905899784479415257163881,33,4.0,1,True
1.2.826.0.1.3680043.8.498.24680736086205072406257935876858402593,pf_centre,106.82,-89.079,-21.648,0.1043,1.637,1.2.826.0.1.3680043.8.498.17817027685839994698575171031150160808,19,5.2,1,True
1.2.826.0.1.3680043.8.498.24714029982431301486050388345836960910,pf_centre,50.938,-48.278,-11.484,0.1155,4.982,1.2.826.0.1.3680043.8.498.46163036295152320285092476749535072078,20,4.4,1,True
1.2.826.0.1.3680043.8.498.24758830794084473905762034032291806038,pf_centre,75.948,-10.797,-25.511,0.0694,2.556,1.2.826.0.1.3680043.8.498.11142718040368118670814050326716297556,36,3.62,1,True
1.2.826.0.1.3680043.8.498.24808246532191535554375304081795021306,pf_centre,-89.802,-47.161,16.82,0.0792,0.922,1.2.826.0.1.3680043.8.498.10756628319361859592316861411478317055,30,4.55,1,True
1.2.826.0.1.3680043.8.498.24826041178550854190310664677274404684,pf_centre,90.915,-59.267,-17.73,0.0873,1.125,1.2.826.0.1.3680043.8.498.69503051369068905031779183955399826116,30,3.3,1,True
1.2.826.0.1.3680043.8.498.24866943620580666216571030343221534720,pf_centre,-112.451,-118.863,25.986,0.0845,2.481,1.2.826.0.1.3680043.8.498.68661421328957860040688364216963100029,20,7.336,1,True
1.2.826.0.1.3680043.8.498.24872746733270791851241663716306993824,pf_centre,-88.627,-66.237,1.121,0.0917,1.086,1.2.826.0.1.3680043.8.498.29585813457727992358848359847244692426,36,3.3,1,True
1.2.826.0.1.3680043.8.498.24875052319550288230112434151792125187,pf_centre,-72.712,-28.76,34.647,0.1082,1.528,1.2.826.0.1.3680043.8.498.28078432782112988362615465750559327173,30,3.3,1,True
1.2.826.0.1.3680043.8.498.24940437326555494150792221007907527983,pf_centre,95.01,-36.372,7.457,0.1353,2.142,1.2.826.0.1.3680043.8.498.93545638459202367257906011312059571619,28,4.0,1,True
1.2.826.0.1.3680043.8.498.25006652485159423287561656594171884310,pf_centre,74.663,-36.706,37.93,0.0603,1.237,1.2.826.0.1.3680043.8.498.10955849333759736682723071223287641650,40,3.3,1,True
1.2.826.0.1.3680043.8.498.25010661650105533302140829168731585935,pf_centre,90.912,-38.351,33.433,0.0676,2.846,1.2.826.0.1.3680043.8.498.11524537723583674949081629148524922688,36,3.6,1,True
1.2.826.0.1.3680043.8.498.25088333117273619121936521384053709674,pf_centre,109.51,-61.624,-3.167,0.0974,1.77,1.2.826.0.1.3680043.8.498.56209194397143135186909148189233807645,32,3.3,1,True
1.2.826.0.1.3680043.8.498.25103708168569906591706406794385334861,pf_centre,99.613,-118.245,32.111,0.0893,4.68,1.2.826.0.1.3680043.8.498.45118659884603510357831254281105224150,22,6.186,1,True
1.2.826.0.1.3680043.8.498.25107837907285885353845034555062540189,pf_centre,-122.027,-76.941,11.309,0.0571,1.412,1.2.826.0.1.3680043.8.498.97148680767003290180310401902878522673,36,3.3,1,True
1.2.826.0.1.3680043.8.498.25145588904873072866960435474159832047,pf_centre,84.763,-27.869,6.211,0.0659,0.804,1.2.826.0.1.3680043.8.498.18117793850909664339646434167666996670,35,4.52,1,True
1.2.826.0.1.3680043.8.498.25156207169523051276979595262558652072,pf_centre,101.513,-49.757,-11.728,0.1124,1.147,1.2.826.0.1.3680043.8.498.56839384636487670229536185632055410595,31,3.3,1,True
1.2.826.0.1.3680043.8.498.25167060436407065195851060078175404789,pf_centre,-95.283,-68.036,22.039,0.0737,1.838,1.2.826.0.1.3680043.8.498.32007343664592890469392836436850266817,27,4.4,1,True
1.2.826.0.1.3680043.8.498.25188196199869378521949969245728443004,pf_centre,-79.669,-75.705,27.74,0.0612,1.902,1.2.826.0.1.3680043.8.498.91410822992028809945361353198581154193,38,3.6,1,True
1.2.826.0.1.3680043.8.498.25196393144875332073285250936506555534,pf_centre,74.805,-91.537,15.833,0.1085,1.316,1.2.826.0.1.3680043.8.498.89316309896784052949993574455796927731,20,4.4,1,True
1.2.826.0.1.3680043.8.498.25206096958520407302630747466352252249,pf_centre,-80.907,-83.929,2.595,0.0858,1.018,1.2.826.0.1.3680043.8.498.83897843477746009925524576868322726957,19,5.2,1,True
1.2.826.0.1.3680043.8.498.25252553477605568387898480443616118724,pf_centre,123.754,-88.574,48.819,0.1362,0.844,1.2.826.0.1.3680043.8.498.90251684030991874638989332507517969030,19,5.2,1,True
1.2.826.0.1.3680043.8.498.25259588756496584739814764896903786709,pf_centre,-93.679,-77.505,-15.28,0.076,0.794,1.2.826.0.1.3680043.8.498.12706372671039627066444348439769293058,21,6.782,1,True
1.2.826.0.1.3680043.8.498.25266231062774974303723359806535863810,pf_centre,70.113,-73.028,24.599,0.072,0.799,1.2.826.0.1.3680043.8.498.98077285506106962298470331547623684905,22,6.335,1,True
1.2.826.0.1.3680043.8.498.25292715244575997322139502072242615319,pf_centre,97.815,-65.279,-17.152,0.0923,1.474,1.2.826.0.1.3680043.8.498.11883880238613598804673035629634892046,22,5.788,1,True
1.2.826.0.1.3680043.8.498.25359770839263995354733835365510047109,pf_centre,68.125,-90.947,-0.352,0.0944,2.289,1.2.826.0.1.3680043.8.498.38090101283960201803968539561263562333,19,5.2,1,True
1.2.826.0.1.3680043.8.498.25394815405242666778213609728680620077,pf_centre,-136.27,-74.748,-19.289,0.0976,1.325,1.2.826.0.1.3680043.8.498.53556620699127132781861804288375569293,24,0.6,6,True
1.2.826.0.1.3680043.8.498.25431207706481141354761246438973384670,pf_centre,-125.403,-44.933,-25.788,0.0902,1.013,1.2.826.0.1.3680043.8.498.11464340350754606852236416337102338616,27,5.0,1,True
1.2.826.0.1.3680043.8.498.25440342930186170531037102906687829898,pf_centre,-119.801,-65.369,-12.828,0.1227,0.81,1.2.826.0.1.3680043.8.498.30315259523920384099247352871061391644,22,4.5,1,True
1.2.826.0.1.3680043.8.498.25480883220477368504575353972328124891,pf_centre,-115.541,-85.856,-22.888,0.0582,1.957,1.2.826.0.1.3680043.8.498.54932324706571970780541989427552408874,30,4.0,1,True
1.2.826.0.1.3680043.8.498.25487225187305802150215261512092051199,pf_centre,-104.066,-46.915,8.269,0.07,7.238,1.2.826.0.1.3680043.8.498.40560493664929699808179869232232883280,36,3.3,1,True
1.2.826.0.1.3680043.8.498.25505153402978560400776672230220616863,pf_centre,89.95,-45.054,18.1,0.0875,1.899,1.2.826.0.1.3680043.8.498.10793120247086431655974099718632673003,45,3.3,1,True
1.2.826.0.1.3680043.8.498.25512240159357553134500245590935010104,pf_centre,105.514,-49.836,1.003,0.0677,2.111,1.2.826.0.1.3680043.8.498.40152678904691290443013272167975230856,37,4.5,1,True
1.2.826.0.1.3680043.8.498.25549974159486441938843396591725289882,pf_centre,-89.404,-32.267,1.628,0.0936,1.373,1.2.826.0.1.3680043.8.498.43891534129651583307168290100678295421,22,4.4,1,True
1.2.826.0.1.3680043.8.498.25550871519416839807700061317524004550,pf_centre,112.166,-85.056,26.651,0.0593,1.42,1.2.826.0.1.3680043.8.498.24878847687422278506004608366142303539,40,3.3,1,True
1.2.826.0.1.3680043.8.498.25558526735614916746398919603493693652,pf_centre,81.998,-72.394,20.348,0.0903,4.138,1.2.826.0.1.3680043.8.498.41770662276033109400071433071757736357,43,3.3,1,True
1.2.826.0.1.3680043.8.498.25604547074218147115077644853162295379,pf_centre,60.28,-33.599,-28.577,0.086,3.749,1.2.826.0.1.3680043.8.498.87102702322517474315075792778661274517,30,3.3,1,True
1.2.826.0.1.3680043.8.498.25616615589791001678067099907823838797,pf_centre,-66.964,-41.963,5.112,0.0247,17.071,1.2.826.0.1.3680043.8.498.31001125480979637711093992594457604318,36,3.3,1,True
1.2.826.0.1.3680043.8.498.25635522141852534580088120697977308505,pf_centre,-55.852,-22.536,-114.08,0.0064,34.652,1.2.826.0.1.3680043.8.498.57637846215643520635274142834789344702,29,3.222,1,True
1.2.826.0.1.3680043.8.498.25643897330283020467388814112594686690,pf_centre,-90.454,-73.165,15.28,0.0934,3.226,1.2.826.0.1.3680043.8.498.28003827974302032585895344554915082666,36,3.3,1,True
1.2.826.0.1.3680043.8.498.25650384476012633612528314070894186451,pf_centre,73.017,7.736,-15.346,0.0938,1.235,1.2.826.0.1.3680043.8.498.61307441903837327957692363861152381689,27,5.0,1,True
1.2.826.0.1.3680043.8.498.25663557443141366332431300959089922567,pf_centre,-89.041,-48.229,11.877,0.087,0.989,1.2.826.0.1.3680043.8.498.76661753436956468477673209275900576180,36,3.3,1,True
1.2.826.0.1.3680043.8.498.25663827732039068221184137540713755716,pf_centre,117.346,-77.856,12.604,0.0821,1.151,1.2.826.0.1.3680043.8.498.90038188064802260756032079497574662683,36,3.3,1,True
1.2.826.0.1.3680043.8.498.25679930222284447338484621953345520487,pf_centre,-100.55,-64.989,-4.737,0.044,1.282,1.2.826.0.1.3680043.8.498.98900787858835708475221944393573606609,40,3.3,1,True
1.2.826.0.1.3680043.8.498.25695966186129395049687747156570466645,pf_centre,-89.302,-101.635,12.235,0.125,1.148,1.2.826.0.1.3680043.8.498.63466424699491742629609330316020998307,19,5.0,1,True
1.2.826.0.1.3680043.8.498.25697539332996211770844878649053316629,pf_centre,-124.253,-77.434,-5.894,0.0672,1.618,1.2.826.0.1.3680043.8.498.38401126538395348313260955338195788816,36,3.3,1,True
1.2.826.0.1.3680043.8.498.25758766525934930593672922246867704103,pf_centre,-75.513,-26.973,22.103,0.0963,1.011,1.2.826.0.1.3680043.8.498.89939501324449389946320012812141364608,38,3.3,1,True
1.2.826.0.1.3680043.8.498.25765711614507755527825654507920391096,pf_centre,-103.246,-75.165,8.582,0.0831,5.116,1.2.826.0.1.3680043.8.498.72578100286867773365980001252665223497,30,3.6,1,True
1.2.826.0.1.3680043.8.498.25766387275525303860953321689718246405,pf_centre,87.899,-102.077,4.027,0.0645,0.924,1.2.826.0.1.3680043.8.498.12360771775091423809183536967950506892,23,6.26,1,True
1.2.826.0.1.3680043.8.498.25766673238950703352855821505938941878,pf_centre,99.935,-86.099,-11.353,0.1136,1.389,1.2.826.0.1.3680043.8.498.13059452250039708888333756475699406485,32,0.6,5,True
1.2.826.0.1.3680043.8.498.25792216289349936450377008453709520260,pf_centre,-58.985,18.36,13.682,0.0676,2.95,1.2.826.0.1.3680043.8.498.10368434985030998353308368406291867699,23,5.0,1,True
1.2.826.0.1.3680043.8.498.25815857653380672532983223088817283976,pf_centre,-72.773,2.729,9.802,0.0857,1.16,1.2.826.0.1.3680043.8.498.76181431271125582717111620622451100684,42,3.5,1,True
1.2.826.0.1.3680043.8.498.25818541516137783435601858274495597736,pf_centre,-135.554,-47.605,-28.381,0.065,0.873,1.2.826.0.1.3680043.8.498.44832791710888368550731642992628514274,30,4.4,1,True
1.2.826.0.1.3680043.8.498.25856396695552621816673203639618612020,pf_centre,71.487,-69.282,-7.46,0.1149,1.153,1.2.826.0.1.3680043.8.498.87473802545515033824731235073403371853,22,0.6,6,True
1.2.826.0.1.3680043.8.498.25899681172115698926926115441929702502,pf_centre,-95.119,-56.956,-35.588,0.1018,1.343,1.2.826.0.1.3680043.8.498.80730417640362255223089505985658006276,36,3.3,1,True
1.2.826.0.1.3680043.8.498.25904473139226718487560978103077541725,pf_centre,-78.364,-36.36,18.68,0.0772,2.038,1.2.826.0.1.3680043.8.498.36835679062832153292714360831459615338,36,3.3,1,True
1.2.826.0.1.3680043.8.498.25909078145370189195643713208718315003,pf_centre,112.159,-47.446,-35.231,0.1061,1.907,1.2.826.0.1.3680043.8.498.89847228098652763008590409379456775917,20,5.0,1,True
1.2.826.0.1.3680043.8.498.25928779639851562853500186715690156268,pf_centre,87.831,-59.717,15.914,0.0868,0.806,1.2.826.0.1.3680043.8.498.30260392520009111737906453509757841806,36,3.3,1,True
1.2.826.0.1.3680043.8.498.25953117039631879376428439063599611036,pf_centre,-93.521,-98.057,28.474,0.0877,1.033,1.2.826.0.1.3680043.8.498.16580221580701245322193571809363922431,27,4.5,1,True
1.2.826.0.1.3680043.8.498.25977532612504997807641730439567378227,pf_centre,76.692,29.968,3.564,0.0692,1.344,1.2.826.0.1.3680043.8.498.11151785959493076776526064670326531325,40,3.5,1,True
1.2.826.0.1.3680043.8.498.26002972602557466222471260313257965551,pf_centre,-98.692,-74.876,-24.834,0.0659,0.969,1.2.826.0.1.3680043.8.498.42432443764858398570417692719478460039,40,3.3,1,True
1.2.826.0.1.3680043.8.498.26004572902429209855865822977387283547,pf_centre,101.003,-45.407,-4.779,0.1004,1.486,1.2.826.0.1.3680043.8.498.10983196350673845856931784577337707881,32,3.6,1,True
1.2.826.0.1.3680043.8.498.26006372873438224908989402529530833528,pf_centre,120.392,-88.535,21.52,0.0669,1.484,1.2.826.0.1.3680043.8.498.10358388369995808560456659400558435097,33,3.3,1,True
1.2.826.0.1.3680043.8.498.26023120405608635089544039694812003604,pf_centre,-50.678,-31.136,32.143,0.0944,0.756,1.2.826.0.1.3680043.8.498.43862843238222020850000829832931919604,27,4.8,1,True
1.2.826.0.1.3680043.8.498.26066524302907849854339129271283426208,pf_centre,-35.14,-30.113,23.783,0.1084,1.356,1.2.826.0.1.3680043.8.498.12042643404332825962060061473520124781,19,7.0,1,True
1.2.826.0.1.3680043.8.498.26072622476167889001255150030772906081,pf_centre,104.862,-81.43,15.592,0.068,0.751,1.2.826.0.1.3680043.8.498.33590531747334008816914371177650412269,22,6.275,1,True
1.2.826.0.1.3680043.8.498.26150637525321126007832687915610995568,pf_centre,-126.544,-102.825,20.424,0.0848,9.119,1.2.826.0.1.3680043.8.498.68224159724434465541943980539642743463,25,6.5,1,True
1.2.826.0.1.3680043.8.498.26201626427712146573573952548179938304,pf_centre,80.582,-89.376,-4.643,0.0501,2.402,1.2.826.0.1.3680043.8.498.11584296861904498935125641822673812024,42,3.3,1,True
1.2.826.0.1.3680043.8.498.26257425287121280175418060407044075705,pf_centre,131.847,-77.113,6.521,0.0819,1.188,1.2.826.0.1.3680043.8.498.10274770750288713015714303148393672097,35,3.5,1,True
1.2.826.0.1.3680043.8.498.26266119962108543565575361589492142091,pf_centre,119.803,-84.979,32.738,0.083,1.189,1.2.826.0.1.3680043.8.498.41403158479805581507495323041648112211,34,3.3,1,True
1.2.826.0.1.3680043.8.498.26325951519908477683595799515094966069,pf_centre,94.59,-33.201,-53.124,0.0934,2.753,1.2.826.0.1.3680043.8.498.31484694371157276467729935244082006854,30,3.3,1,True
1.2.826.0.1.3680043.8.498.26333849754345698117396119042432557445,pf_centre,122.966,-74.588,-30.884,0.0698,3.178,1.2.826.0.1.3680043.8.498.68981841200965705492769602041685362899,30,4.4,1,True
1.2.826.0.1.3680043.8.498.26351577824204863242390892891061594387,pf_centre,97.796,-91.954,22.541,0.0622,1.02,1.2.826.0.1.3680043.8.498.79491179257444287268642192812119688596,38,3.6,1,True
1.2.826.0.1.3680043.8.498.26373657290121957625263322898744712730,pf_centre,-82.192,-80.045,10.033,0.0681,1.982,1.2.826.0.1.3680043.8.498.63486486003116911942702103321824186032,42,3.6,1,True
1.2.826.0.1.3680043.8.498.26408081008482310696738068933718440200,pf_centre,77.118,-39.372,-15.837,0.0637,2.794,1.2.826.0.1.3680043.8.498.80849095720498333036084354983012854321,37,5.0,1,True
1.2.826.0.1.3680043.8.498.26431974442245797095978351976773354669,pf_centre,88.458,-55.29,47.371,0.0785,1.244,1.2.826.0.1.3680043.8.498.12710974273568860049035247136190119823,30,3.9,1,True
1.2.826.0.1.3680043.8.498.26474456265903975319674669470473661691,pf_centre,114.014,-19.059,-2.543,0.1155,3.01,1.2.826.0.1.3680043.8.498.10249584210438679866503470505287257405,30,3.3,1,True
1.2.826.0.1.3680043.8.498.26485916396240515006042297316506505324,pf_centre,89.885,-77.394,-40.725,0.1062,2.128,1.2.826.0.1.3680043.8.498.88821352489871248367822164503050462074,28,4.5,1,True
1.2.826.0.1.3680043.8.498.26512333939158074470511885252122191522,pf_centre,85.689,-34.198,42.807,0.0646,1.016,1.2.826.0.1.3680043.8.498.77460024413595212819735036393527845080,34,4.0,1,True
1.2.826.0.1.3680043.8.498.26536992666456596813876340849399448897,pf_centre,119.065,-23.337,4.739,0.0818,1.784,1.2.826.0.1.3680043.8.498.72196561475497299555911757004915131092,44,4.095,1,True
1.2.826.0.1.3680043.8.498.26542435427465415008860869796504112727,pf_centre,-90.183,-70.159,35.702,0.0768,1.27,1.2.826.0.1.3680043.8.498.77211045183257789696302960930658513811,43,3.3,1,True
1.2.826.0.1.3680043.8.498.26619973716086136503589916868066348957,pf_centre,89.819,-67.848,-23.572,0.0731,1.775,1.2.826.0.1.3680043.8.498.49209061752725455857089713087240622651,48,3.3,1,True
1.2.826.0.1.3680043.8.498.26651323353208729423825552073457972796,pf_centre,81.79,-83.241,23.762,0.1315,2.791,1.2.826.0.1.3680043.8.498.61596157175882382486917008578338768443,24,0.6,6,True
1.2.826.0.1.3680043.8.498.26698126402727061400851465377574886112,pf_centre,-48.487,-60.385,8.21,0.1071,0.678,1.2.826.0.1.3680043.8.498.94225761605047268297376438423355771205,25,4.5,1,True
1.2.826.0.1.3680043.8.498.26725172078893286313351418435377708028,pf_centre,-88.643,-41.549,8.79,0.0529,2.094,1.2.826.0.1.3680043.8.498.89752098269536138812843972083076259062,30,4.4,1,True
1.2.826.0.1.3680043.8.498.26790702379506190936834447203448882465,pf_centre,-85.72,-66.169,0.162,0.075,2.942,1.2.826.0.1.3680043.8.498.10841555934521578415607333181263233138,30,4.4,1,True
1.2.826.0.1.3680043.8.498.26792665054823243997838322477587733719,pf_centre,-23.073,-43.425,3.347,0.0769,3.095,1.2.826.0.1.3680043.8.498.23522060408252475974603623597924394258,27,4.4,1,True
1.2.826.0.1.3680043.8.498.26842258746390750314059176647398369242,pf_centre,-78.685,-49.678,-16.82,0.0834,1.586,1.2.826.0.1.3680043.8.498.35293240413870989806871198133372662892,36,3.3,1,True
1.2.826.0.1.3680043.8.498.26843088620128166809417361066548447201,pf_centre,119.655,-78.057,9.367,0.0845,2.137,1.2.826.0.1.3680043.8.498.65039071017351494306407696689490766528,32,3.3,1,True
1.2.826.0.1.3680043.8.498.26848412380762311150802301982233072694,pf_centre,-58.86,-18.208,18.004,0.0649,2.685,1.2.826.0.1.3680043.8.498.66636030372521710296523051069869572000,40,3.85,1,True
1.2.826.0.1.3680043.8.498.26875920364303755911342338961252130512,pf_centre,-88.533,-52.428,-7.808,0.0808,1.028,1.2.826.0.1.3680043.8.498.79141924823083869059671564778073591221,36,3.3,1,True
1.2.826.0.1.3680043.8.498.26880562799522930458745136318439622601,pf_centre,-17.515,-30.571,16.437,0.0834,1.355,1.2.826.0.1.3680043.8.498.35113723618015908336407205204536279210,28,4.0,1,True
1.2.826.0.1.3680043.8.498.26946980494141305258556994153410856428,pf_centre,93.539,-38.578,5.439,0.092,1.326,1.2.826.0.1.3680043.8.498.61917459883424578135834333268399107216,26,5.0,1,True
1.2.826.0.1.3680043.8.498.26978027400525885904983020900996228004,pf_centre,-84.406,-64.058,4.584,0.0654,2.798,1.2.826.0.1.3680043.8.498.73599797216447404753196876984170132347,38,3.6,1,True
1.2.826.0.1.3680043.8.498.26989584479346775218799121753035575730,pf_centre,102.963,-61.654,-13.587,0.0715,1.025,1.2.826.0.1.3680043.8.498.66722960037301568910948937916439042819,30,4.4,1,True
1.2.826.0.1.3680043.8.498.27020884753639915245324093232218617967,pf_centre,-79.5,-55.059,24.317,0.093,0.894,1.2.826.0.1.3680043.8.498.62449051475390020516235069640034853403,22,4.4,1,True
1.2.826.0.1.3680043.8.498.27023892731021470476500135946317920771,pf_centre,121.067,-18.216,29.136,0.074,1.732,1.2.826.0.1.3680043.8.498.36655115818017898805723081923913331794,20,5.0,1,True
1.2.826.0.1.3680043.8.498.27025989808002468335294585261291982661,pf_centre,-77.711,-88.984,-4.673,0.0514,1.32,1.2.826.0.1.3680043.8.498.11733174050861066111193631474871250512,20,6.26,1,True
1.2.826.0.1.3680043.8.498.27034189091164693165076510006436405194,pf_centre,22.009,-39.969,-0.948,0.0744,2.363,1.2.826.0.1.3680043.8.498.79177293890835683689156698508157656837,34,4.5,1,True
1.2.826.0.1.3680043.8.498.27059975738703546675398620281849285863,pf_centre,114.206,-95.338,16.595,0.0819,1.186,1.2.826.0.1.3680043.8.498.52628856410485849404743757714899894398,30,4.4,1,True
1.2.826.0.1.3680043.8.498.27157074709305277871045901905120405881,pf_centre,100.575,-98.407,45.001,0.0911,2.758,1.2.826.0.1.3680043.8.498.11402425284792213921206152025667337655,19,5.4,1,True
1.2.826.0.1.3680043.8.498.27161418589407291713644384596541786246,pf_centre,68.127,-13.791,6.63,0.1272,0.96,1.2.826.0.1.3680043.8.498.10074706488209901815190164199058581772,24,4.5,1,True
1.2.826.0.1.3680043.8.498.27184343589256623289925252380526385858,pf_centre,82.105,-20.686,-21.393,0.1156,1.194,1.2.826.0.1.3680043.8.498.11010211090821636062311523385535568293,30,3.3,1,True
1.2.826.0.1.3680043.8.498.27186001621007168581611489439038285508,pf_centre,95.847,-63.65,15.835,0.1057,1.766,1.2.826.0.1.3680043.8.498.17756349427940745521076736932806560419,36,3.3,1,True
1.2.826.0.1.3680043.8.498.27191574009501966309382307682020135126,pf_centre,86.718,-29.849,-17.629,0.1043,2.916,1.2.826.0.1.3680043.8.498.18758737720996040069611412597233405760,36,3.3,1,True
1.2.826.0.1.3680043.8.498.27192678730060203972082511503480566620,pf_centre,-86.804,-53.943,16.152,0.1059,1.071,1.2.826.0.1.3680043.8.498.10886797302420192744921887625254716268,30,3.9,1,True
1.2.826.0.1.3680043.8.498.27197413293500684424735285039923168926,pf_centre,122.315,-74.097,1.467,0.0646,1.838,1.2.826.0.1.3680043.8.498.35056394774190583394587427966546400463,40,3.3,1,True
1.2.826.0.1.3680043.8.498.27224327142578332905227939015479767285,pf_centre,101.956,-71.31,12.716,0.0721,0.695,1.2.826.0.1.3680043.8.498.10785799621302403794206107608958621683,40,3.3,1,True
1.2.826.0.1.3680043.8.498.27245171350765293537022546751529180545,pf_centre,-90.133,-96.026,-8.995,0.0736,1.869,1.2.826.0.1.3680043.8.498.98634828695513736700311574500945447709,33,4.0,1,True
1.2.826.0.1.3680043.8.498.27306039618857661522863167157208122018,pf_centre,-21.212,-45.045,-2.618,0.1252,2.468,1.2.826.0.1.3680043.8.498.57030730880471762578337990256473802383,17,5.0,1,True
1.2.826.0.1.3680043.8.498.27311413427137994435573903541974122355,pf_centre,-1.655,-28.559,27.49,0.089,2.138,1.2.826.0.1.3680043.8.498.24015418691269763996214417780307380058,25,4.4,1,True
1.2.826.0.1.3680043.8.498.27319908980978184820438244981035567211,pf_centre,-91.983,-5.032,-9.899,0.0743,0.8,1.2.826.0.1.3680043.8.498.12026683701110779868063049196966321765,35,3.3,1,True
1.2.826.0.1.3680043.8.498.27324284859290040148888098857880927353,pf_centre,-117.315,-66.957,15.721,0.0806,0.739,1.2.826.0.1.3680043.8.498.72718510497889166828019612400013462162,35,3.3,1,True
1.2.826.0.1.3680043.8.498.27339999385861467858422021400023533486,pf_centre,93.156,-38.551,14.793,0.0643,15.759,1.2.826.0.1.3680043.8.498.80945306786763636733257247702623730056,28,5.0,1,True
1.2.826.0.1.3680043.8.498.27398034409980350921804398626171135707,pf_centre,-97.12,-97.422,15.173,0.0461,0.949,1.2.826.0.1.3680043.8.498.88990551415673408785446326122333892956,40,3.3,1,True
1.2.826.0.1.3680043.8.498.27422742748182689233651649793019570511,pf_centre,-17.758,-27.214,16.922,0.0696,2.042,1.2.826.0.1.3680043.8.498.66584380164421571869437902401678075401,24,5.0,1,True
1.2.826.0.1.3680043.8.498.27437263843446879932281897446100134924,pf_centre,-76.61,-33.476,-9.596,0.0914,0.972,1.2.826.0.1.3680043.8.498.93781959954444342274739507690603815285,27,4.5,1,True
1.2.826.0.1.3680043.8.498.27456622705361831116491505615162380604,pf_centre,-91.584,-43.426,-2.333,0.0535,1.962,1.2.826.0.1.3680043.8.498.12116552679309473017280360877728956518,36,3.3,1,True
1.2.826.0.1.3680043.8.498.27460982183399364904497832933739191826,pf_centre,109.763,-98.999,2.29,0.1021,1.403,1.2.826.0.1.3680043.8.498.91532103960764341093428017066808983609,22,5.898,1,True
1.2.826.0.1.3680043.8.498.27474440682441854303485403899867525864,pf_centre,-81.944,-43.907,14.456,0.0512,0.818,1.2.826.0.1.3680043.8.498.61812012353964895912870155839861203866,33,4.5,1,True
1.2.826.0.1.3680043.8.498.27593710915588175306316595263625481601,pf_centre,119.52,-66.73,-19.15,0.0656,1.222,1.2.826.0.1.3680043.8.498.35148501199753016219693427110300815822,30,4.4,1,True
1.2.826.0.1.3680043.8.498.27627190971637735537007595480396264063,pf_centre,-70.698,-48.563,-31.414,0.0673,1.214,1.2.826.0.1.3680043.8.498.29108730891665036523151842031055423943,38,3.6,1,True
1.2.826.0.1.3680043.8.498.27644321991318957631114727895883331622,pf_centre,-81.149,-28.198,-1.274,0.0503,1.885,1.2.826.0.1.3680043.8.498.11613477208365641992666452910614440503,36,4.52,1,True
1.2.826.0.1.3680043.8.498.27653320597564308144389724321115208375,pf_centre,99.229,-32.724,-16.996,0.1172,1.722,1.2.826.0.1.3680043.8.498.85505040373154956189809388296568698498,30,3.3,1,True
1.2.826.0.1.3680043.8.498.27655410895168998898506695863000928400,pf_centre,-80.496,-110.536,41.932,0.0941,1.042,1.2.826.0.1.3680043.8.498.18651136525052656224858834816773430272,19,5.0,1,True
1.2.826.0.1.3680043.8.498.27656830051511853680197276412365020780,pf_centre,105.68,-34.289,-70.768,0.0937,1.39,1.2.826.0.1.3680043.8.498.62758576861424401678467581630554502162,34,4.0,1,True
1.2.826.0.1.3680043.8.498.27671779587445983390840223475173360482,pf_centre,26.038,-46.511,-7.915,0.0886,1.627,1.2.826.0.1.3680043.8.498.12038520930483530618874082451506436686,23,5.0,1,True
1.2.826.0.1.3680043.8.498.27681651277422558344520227187021583924,pf_centre,-98.618,-60.409,28.283,0.0706,1.474,1.2.826.0.1.3680043.8.498.49908797260604252905055293195085486886,33,4.5,1,True
1.2.826.0.1.3680043.8.498.27710718386318170070605046744941324421,pf_centre,133.721,-90.757,0.935,0.0906,3.226,1.2.826.0.1.3680043.8.498.10592534137162476514072572337160260611,25,5.5,1,True
1.2.826.0.1.3680043.8.498.27723413941379681806317930349613970721,pf_centre,-71.447,-38.339,22.452,0.0898,4.278,1.2.826.0.1.3680043.8.498.12498153445691921521487655860723357724,30,4.55,1,True
1.2.826.0.1.3680043.8.498.27723573213501259053792522608339812759,pf_centre,-69.299,-44.641,11.064,0.0792,1.424,1.2.826.0.1.3680043.8.498.10042261984457869507473297990209777112,36,3.3,1,True
1.2.826.0.1.3680043.8.498.27737101979486411869208236811885597351,pf_centre,-86.859,-42.514,29.827,0.0591,1.766,1.2.826.0.1.3680043.8.498.32450946952581303653221632920516227528,30,3.9,1,True
1.2.826.0.1.3680043.8.498.27793455627426963285485957211105588905,pf_centre,-125.074,-93.478,-0.123,0.0342,41.517,1.2.826.0.1.3680043.8.498.65272160966177663431448811044158785133,19,5.4,1,True
1.2.826.0.1.3680043.8.498.27796604203156439069742212039368371002,pf_centre,-87.4,-36.127,15.402,0.0463,6.936,1.2.826.0.1.3680043.8.498.17043192126750323455979706879758768712,26,4.52,1,True
1.2.826.0.1.3680043.8.498.27883371281368994280894952749865160316,pf_centre,-76.143,-63.331,-6.928,0.1022,1.907,1.2.826.0.1.3680043.8.498.65884412657021545147938597260330267770,33,4.5,1,True
1.2.826.0.1.3680043.8.498.27890860883826681731748268459485259935,pf_centre,-94.533,-41.452,-12.637,0.0728,2.254,1.2.826.0.1.3680043.8.498.78219977793782439949941872897507893966,36,4.0,1,True
1.2.826.0.1.3680043.8.498.27921111050680927418542588425335218896,pf_centre,97.246,-97.507,-0.878,0.115,2.386,1.2.826.0.1.3680043.8.498.58439922721034440664203607347735212221,20,4.8,1,True
1.2.826.0.1.3680043.8.498.27925145307825795804342879375835424449,pf_centre,78.915,-25.974,-19.894,0.1239,1.681,1.2.826.0.1.3680043.8.498.82664644354064128566985732330373953044,30,3.3,1,True
1.2.826.0.1.3680043.8.498.27934397251575987048967084987994202973,pf_centre,65.196,-108.43,-6.662,0.0936,1.148,1.2.826.0.1.3680043.8.498.10777737233770176253941194223438814216,19,4.8,1,True
1.2.826.0.1.3680043.8.498.27946605663086243142356841956045514227,pf_centre,-112.038,-74.676,12.487,0.0802,1.01,1.2.826.0.1.3680043.8.498.46686954510155562007723966007041568232,36,3.3,1,True
1.2.826.0.1.3680043.8.498.27990965288663885936880638302158503894,pf_centre,-77.544,-103.007,-3.105,0.1091,1.202,1.2.826.0.1.3680043.8.498.48470005290588239824099577189666047428,29,0.6,5,True
1.2.826.0.1.3680043.8.498.28011057282528460306257420499560926354,pf_centre,-103.479,-73.918,5.685,0.0673,0.862,1.2.826.0.1.3680043.8.498.41233443483221085017205113534855636609,36,3.3,1,True
1.2.826.0.1.3680043.8.498.28023795363827851445172311810918021563,pf_centre,-75.496,-41.403,13.27,0.0718,0.75,1.2.826.0.1.3680043.8.498.11499393834465867861409844009251079849,36,3.3,1,True
1.2.826.0.1.3680043.8.498.28028890493668487238845659163252231337,pf_centre,62.864,-46.592,7.097,0.1211,0.871,1.2.826.0.1.3680043.8.498.13181533798479209162419516648041128728,15,6.0,1,True
1.2.826.0.1.3680043.8.498.28040645186226259590182363324146810031,pf_centre,104.283,-60.44,-24.18,0.1461,0.864,1.2.826.0.1.3680043.8.498.54613335559232708658971338590896930089,23,4.5,1,True
1.2.826.0.1.3680043.8.498.28045606887691550130031344985830975325,pf_centre,-127.176,-110.084,19.687,0.0909,1.267,1.2.826.0.1.3680043.8.498.47426593762316137625614430834307564778,22,6.189,1,True
1.2.826.0.1.3680043.8.498.28132506470634542229651932141193521661,pf_centre,-78.116,-41.875,-5.602,0.0638,1.119,1.2.826.0.1.3680043.8.498.22387684756165621053525922092325270949,30,4.4,1,True
1.2.826.0.1.3680043.8.498.28134711422142706763867845558971485241,pf_centre,-107.017,-74.693,4.977,0.0854,0.948,1.2.826.0.1.3680043.8.498.18346554803767967832223702164737042027,30,3.6,1,True
1.2.826.0.1.3680043.8.498.28153286315438977482271934270979508349,pf_centre,-66.811,-55.348,13.688,0.0863,1.655,1.2.826.0.1.3680043.8.498.53114923690564883385808265974093069555,30,3.3,1,True
1.2.826.0.1.3680043.8.498.28218476802410349760103243990109474475,pf_centre,-66.967,-30.162,-17.867,0.0527,9.195,1.2.826.0.1.3680043.8.498.13338309248899743480215029329519601599,22,5.5,1,True
1.2.826.0.1.3680043.8.498.28220626968612492259133318770141901567,pf_centre,121.561,-80.66,19.148,0.0855,2.296,1.2.826.0.1.3680043.8.498.10792329189900578643312245273974774648,35,3.5,1,True
1.2.826.0.1.3680043.8.498.28237068093947300427040925444622840795,pf_centre,-69.158,-26.626,15.967,0.1213,1.106,1.2.826.0.1.3680043.8.498.24423291683270685091688572724436924915,24,4.0,1,True
1.2.826.0.1.3680043.8.498.28269350392124251309834584420564806882,pf_centre,85.712,-35.812,24.361,0.0502,1.046,1.2.826.0.1.3680043.8.498.51556316939821658963895847613678817656,34,4.55,1,True
1.2.826.0.1.3680043.8.498.28289838818003822677994912735532050038,pf_centre,129.112,-97.015,22.548,0.0875,2.705,1.2.826.0.1.3680043.8.498.86786041446060107534219406277435930094,26,5.0,1,True
1.2.826.0.1.3680043.8.498.28295265939946677460838974253299313798,pf_centre,-87.79,-11.952,33.903,0.0293,1.374,1.2.826.0.1.3680043.8.498.81097576789330421064345514856550754480,35,5.0,1,True
1.2.826.0.1.3680043.8.498.28309626953500461628112343997868050028,pf_centre,89.535,-43.026,33.766,0.0999,2.168,1.2.826.0.1.3680043.8.498.10528026688898628033252501638095191397,30,4.55,1,True
1.2.826.0.1.3680043.8.498.28333127304382930639614800697959296306,pf_centre,98.746,-30.024,5.265,0.0824,1.609,1.2.826.0.1.3680043.8.498.11391511934660341391081239353550887863,33,4.5,1,True
1.2.826.0.1.3680043.8.498.28351884945918062351436698411322252525,pf_centre,83.915,-21.861,-16.44,0.0535,1.843,1.2.826.0.1.3680043.8.498.11354084746577166595701118268357485277,40,3.5,1,True
1.2.826.0.1.3680043.8.498.28360174615866226538417948042981668998,pf_centre,-91.261,22.446,-81.582,0.0659,1.424,1.2.826.0.1.3680043.8.498.13280142363231169900891825854254172653,30,4.4,1,True
1.2.826.0.1.3680043.8.498.28425280718252632810092859612928047098,pf_centre,-67.784,-34.65,17.846,0.0614,0.915,1.2.826.0.1.3680043.8.498.86030729065495451292405195079827907197,38,3.6,1,True
1.2.826.0.1.3680043.8.498.28481442608487320644829189127206806471,pf_centre,94.185,-95.991,20.915,0.0707,2.916,1.2.826.0.1.3680043.8.498.43398628421831920450159404881059427266,32,3.3,1,True
1.2.826.0.1.3680043.8.498.28488216314048990109149780234417422948,pf_centre,-105.377,-96.221,-10.722,0.0923,1.218,1.2.826.0.1.3680043.8.498.39935617674212694528825781600591575352,26,5.0,1,True
1.2.826.0.1.3680043.8.498.28490861391717560759667589681288427737,pf_centre,94.575,-34.462,6.177,0.0431,2.465,1.2.826.0.1.3680043.8.498.45984057314421837330184846819766405862,40,3.6,1,True
1.2.826.0.1.3680043.8.498.28539130184243787339297053654373783542,pf_centre,-80.909,-103.222,8.871,0.1004,1.655,1.2.826.0.1.3680043.8.498.49237179582437503361832376631185871920,29,0.6,5,True
1.2.826.0.1.3680043.8.498.28579372595938810820078670002733005121,pf_centre,-107.371,-117.168,17.371,0.0964,0.789,1.2.826.0.1.3680043.8.498.94518535779486092332368257454669613669,22,6.138,1,True
1.2.826.0.1.3680043.8.498.28595729988867300278425411189173775382,pf_centre,-113.329,-69.126,25.433,0.0959,2.017,1.2.826.0.1.3680043.8.498.12366625597863829110283852762547734542,25,5.104,1,True
1.2.826.0.1.3680043.8.498.28626044336302232656987963623687293705,pf_centre,-77.3,-80.018,-5.919,0.1,1.802,1.2.826.0.1.3680043.8.498.13111246344971921803737272994903836178,19,4.8,1,True
1.2.826.0.1.3680043.8.498.28628472249424790112957421215774036156,pf_centre,-67.41,-37.675,21.352,0.0492,1.413,1.2.826.0.1.3680043.8.498.32661878426112312349467005827092773257,38,3.6,1,True
1.2.826.0.1.3680043.8.498.28634248756653012357434232845788268719,pf_centre,101.578,-71.69,8.816,0.0911,1.968,1.2.826.0.1.3680043.8.498.33387071650486876539668834717685363108,27,3.3,1,True
1.2.826.0.1.3680043.8.498.28638490997780173004029312240334483157,pf_centre,94.507,-56.518,-25.024,0.0736,1.85,1.2.826.0.1.3680043.8.498.25240380238174415037168545539287264204,34,4.2,1,True
1.2.826.0.1.3680043.8.498.28646304373057947277669139986982208473,pf_centre,-60.481,-97.669,40.582,0.0585,2.287,1.2.826.0.1.3680043.8.498.13902942002683017754225308494693825100,30,4.0,1,True
1.2.826.0.1.3680043.8.498.28655385212214986812679045835025619123,pf_centre,75.153,-50.89,4.132,0.0769,2.065,1.2.826.0.1.3680043.8.498.36592440761318478770807278170498196642,36,3.3,1,True
1.2.826.0.1.3680043.8.498.28670999234453413675502551916979760344,pf_centre,23.654,-65.111,18.599,0.085,1.141,1.2.826.0.1.3680043.8.498.30709596208336014818175060916719453852,35,3.5,1,True
1.2.826.0.1.3680043.8.498.28686498221359515429184385385077600687,pf_centre,75.721,-76.237,0.353,0.1131,1.623,1.2.826.0.1.3680043.8.498.12942293505517503500635830823879178126,29,0.6,5,True
1.2.826.0.1.3680043.8.498.28697216332632397717077153882513537456,pf_centre,-121.747,-69.047,26.842,0.0914,2.05,1.2.826.0.1.3680043.8.498.84039187072064112678393261336996911753,28,4.4,1,True
1.2.826.0.1.3680043.8.498.28746954364434312909368235768936980607,pf_centre,-120.47,-42.46,-39.756,0.1112,1.61,1.2.826.0.1.3680043.8.498.11297688891779873243059316466409392635,26,4.5,1,True
1.2.826.0.1.3680043.8.498.28770594655815108010532953376271504596,pf_centre,-34.461,-7.697,10.071,0.1065,1.427,1.2.826.0.1.3680043.8.498.12832253104992858486120348470492322235,30,3.3,1,True
1.2.826.0.1.3680043.8.498.28779021651975021236045277212517629154,pf_centre,-75.581,-16.952,-8.103,0.0962,0.772,1.2.826.0.1.3680043.8.498.94756993390891286090736114809748154669,28,4.52,1,True
1.2.826.0.1.3680043.8.498.28848511016500781798837621261660844237,pf_centre,83.182,-45.937,0.122,0.0965,1.231,1.2.826.0.1.3680043.8.498.18120015929893682743001754059948643757,22,5.0,1,True
1.2.826.0.1.3680043.8.498.28873180831637763124652074775631752918,pf_centre,89.452,-68.362,6.636,0.0983,3.198,1.2.826.0.1.3680043.8.498.86465742693557961238990424261998143793,36,3.3,1,True
1.2.826.0.1.3680043.8.498.28888941572409703700315590339486528256,pf_centre,86.786,-51.885,17.357,0.0462,1.937,1.2.826.0.1.3680043.8.498.15924239671596741238453326034887614140,38,3.6,1,True
1.2.826.0.1.3680043.8.498.28925345859498351203477642741908452608,pf_centre,-123.786,-31.993,8.622,0.0947,1.814,1.2.826.0.1.3680043.8.498.94669021678379211035121750893811429094,30,3.3,1,True
1.2.826.0.1.3680043.8.498.28944156754203202831026290463520445489,pf_centre,-128.913,-103.469,21.666,0.0599,0.834,1.2.826.0.1.3680043.8.498.12640328895604229086633479467769017732,21,6.134,1,True
1.2.826.0.1.3680043.8.498.28946722216615442736212359468410891872,pf_centre,79.16,-60.685,17.549,0.0626,2.267,1.2.826.0.1.3680043.8.498.59678582026002074405385184809004343243,38,3.6,1,True
1.2.826.0.1.3680043.8.498.28951331578236330522646806432827370713,pf_centre,-78.212,-40.026,18.137,0.0778,2.366,1.2.826.0.1.3680043.8.498.62356991125479909541939134834275379498,36,3.3,1,True
1.2.826.0.1.3680043.8.498.28954361146470748868500417103935640742,pf_centre,90.727,-54.347,-31.636,0.0699,1.545,1.2.826.0.1.3680043.8.498.30534039111322062899843601911715278483,44,3.6,1,True
1.2.826.0.1.3680043.8.498.29039872266866623711060910233238440882,pf_centre,-78.806,-134.165,0.192,0.1021,1.058,1.2.826.0.1.3680043.8.498.46146334943773743742332896045920541882,23,5.2,1,True
1.2.826.0.1.3680043.8.498.29055892482211392922525222851162308510,pf_centre,-54.442,-94.67,32.8,0.0905,1.906,1.2.826.0.1.3680043.8.498.67552669093057139551604662550648059694,30,4.4,1,True
1.2.826.0.1.3680043.8.498.29090158364700006304493717187346344597,pf_centre,70.519,-39.594,-13.784,0.0613,3.694,1.2.826.0.1.3680043.8.498.12994426603617235015812283367841891783,38,3.6,1,True
1.2.826.0.1.3680043.8.498.29227028592609694700827329867343028944,pf_centre,-84.019,-52.42,28.332,0.1126,1.681,1.2.826.0.1.3680043.8.498.48661874730175704216729182026702999110,36,3.3,1,True
1.2.826.0.1.3680043.8.498.29280448517432444306374036429824425668,pf_centre,66.801,-49.518,-4.956,0.0603,3.258,1.2.826.0.1.3680043.8.498.25965844421813543854150667803397647302,40,3.3,1,True
1.2.826.0.1.3680043.8.498.29292398668403593100514493322849770181,pf_centre,12.819,-29.735,-8.609,0.1246,2.335,1.2.826.0.1.3680043.8.498.76745169532079422799532863709043676957,19,5.0,1,True
1.2.826.0.1.3680043.8.498.29294899952044311440141172596030689586,pf_centre,126.659,-55.414,11.725,0.0778,2.705,1.2.826.0.1.3680043.8.498.89295744999034175746207493035329834074,36,4.095,1,True
1.2.826.0.1.3680043.8.498.29343735048224321966824641432873034291,pf_centre,92.852,-57.899,-40.165,0.0801,7.429,1.2.826.0.1.3680043.8.498.60806251058135735596045504812272622020,32,4.4,1,True
1.2.826.0.1.3680043.8.498.29354469534263517460113311852821643665,pf_centre,-82.995,-95.922,26.834,0.0566,2.77,1.2.826.0.1.3680043.8.498.11360036156872003339760525212064834715,36,0.6,5,True
1.2.826.0.1.3680043.8.498.29364640434226980751405780979697632001,pf_centre,96.062,-33.576,13.178,0.0577,2.381,1.2.826.0.1.3680043.8.498.57360462352291867105557281738981971635,36,3.9,1,True
1.2.826.0.1.3680043.8.498.29371692234061436334815897970798625595,pf_centre,74.766,-94.104,35.139,0.0937,2.235,1.2.826.0.1.3680043.8.498.39613410191298830280921966327494148257,19,5.4,1,True
1.2.826.0.1.3680043.8.498.29375052467745327893128894062568944496,pf_centre,84.305,-55.66,34.571,0.0745,1.503,1.2.826.0.1.3680043.8.498.78228469374702730500453648205629824747,30,3.9,1,True
1.2.826.0.1.3680043.8.498.29384016102624554484300773136383156153,pf_centre,-131.413,-60.053,-0.164,0.0897,2.033,1.2.826.0.1.3680043.8.498.27389734809295043665370553493999489852,43,3.5,1,True
1.2.826.0.1.3680043.8.498.29418130858182890216867847991592582370,pf_centre,52.119,15.589,-1.51,0.0774,1.079,1.2.826.0.1.3680043.8.498.10464310482373088262687446069490531194,43,3.5,1,True
1.2.826.0.1.3680043.8.498.29443692810539372078922146461173545451,pf_centre,109.124,-25.117,15.405,0.0913,0.886,1.2.826.0.1.3680043.8.498.31739513653921908632541814804364839357,30,4.4,1,True
1.2.826.0.1.3680043.8.498.29473278891551292295080887778714088878,pf_centre,-91.081,-61.079,19.095,0.0553,1.45,1.2.826.0.1.3680043.8.498.41793296260579575581648125706848694680,22,6.782,1,True
1.2.826.0.1.3680043.8.498.29509443439138257275071354031180789464,pf_centre,-120.876,-70.531,12.269,0.0987,3.999,1.2.826.0.1.3680043.8.498.45781858943485888688543109239571697025,22,4.5,1,True
1.2.826.0.1.3680043.8.498.29579560656789178333629609998252952856,pf_centre,119.506,-94.064,-2.461,0.1055,2.794,1.2.826.0.1.3680043.8.498.22624849080106184322842102366247268237,32,3.3,1,True
1.2.826.0.1.3680043.8.498.29735852958813434703969490187047665950,pf_centre,119.863,-99.191,36.69,0.0883,2.171,1.2.826.0.1.3680043.8.498.10437984850413431191601804589102331133,40,3.3,1,True
1.2.826.0.1.3680043.8.498.29739171278960083313048266628194182569,pf_centre,87.202,-51.879,2.737,0.0429,1.626,1.2.826.0.1.3680043.8.498.18704896103765222130605380906521625125,36,3.6,1,True
1.2.826.0.1.3680043.8.498.29741673719687535294395668150749894623,pf_centre,117.964,-74.126,15.97,0.0669,0.688,1.2.826.0.1.3680043.8.498.36383415101972449797456537189912291291,30,4.4,1,True
1.2.826.0.1.3680043.8.498.29758331841591711520514486913006094054,pf_centre,-118.264,-84.713,-23.946,0.0666,2.898,1.2.826.0.1.3680043.8.498.33409841341034789616913822442635260773,25,5.0,1,True
1.2.826.0.1.3680043.8.498.29764868091238287072166823522853419550,pf_centre,72.727,-66.146,16.058,0.0643,2.038,1.2.826.0.1.3680043.8.498.92228187778325854441966465668223187813,30,4.4,1,True
1.2.826.0.1.3680043.8.498.29794301133358685635777478470865282350,pf_centre,-107.926,-58.092,37.298,0.0631,1.27,1.2.826.0.1.3680043.8.498.10525973090127525199245484219382823716,33,4.5,1,True
1.2.826.0.1.3680043.8.498.29826129803278661744835136993610646069,pf_centre,-88.886,-44.954,20.581,0.0891,1.317,1.2.826.0.1.3680043.8.498.83445980914152741326379083530802730929,36,3.3,1,True
1.2.826.0.1.3680043.8.498.29866827083314645739444078187995496049,pf_centre,122.37,-92.934,10.152,0.084,2.821,1.2.826.0.1.3680043.8.498.54039394830712896003024761100530237257,32,3.3,1,True
1.2.826.0.1.3680043.8.498.29943089198208468441240036404506927883,pf_centre,128.803,-104.953,3.498,0.0596,1.644,1.2.826.0.1.3680043.8.498.80930139683345170658973726602362940641,47,0.9,4,True
1.2.826.0.1.3680043.8.498.29971686675947075024168289004002445393,pf_centre,-81.124,-58.796,13.768,0.1084,3.234,1.2.826.0.1.3680043.8.498.38212404951766813778584085492012864990,25,5.0,1,True
1.2.826.0.1.3680043.8.498.29976611818313906970687136815346573471,pf_centre,105.86,-82.797,-0.867,0.1115,0.563,1.2.826.0.1.3680043.8.498.38569343395735479723500180286354266822,21,5.5,1,True
1.2.826.0.1.3680043.8.498.30058585660043363937345050478072453854,pf_centre,98.81,-27.331,60.935,0.0965,0.931,1.2.826.0.1.3680043.8.498.75378758569938759710085117305531996166,30,4.4,1,True
1.2.826.0.1.3680043.8.498.30066410959464367576375502522994033142,pf_centre,112.303,-93.641,26.832,0.0832,2.229,1.2.826.0.1.3680043.8.498.26078691622363217019820335014012111167,36,3.3,1,True
1.2.826.0.1.3680043.8.498.30104491808697888642424160917715722238,pf_centre,-88.395,-54.961,-10.966,0.0654,1.76,1.2.826.0.1.3680043.8.498.41426980043390000091349109780142526116,36,3.3,1,True
1.2.826.0.1.3680043.8.498.30131339052241668380936148362472245259,pf_centre,88.033,-40.726,0.981,0.1005,1.514,1.2.826.0.1.3680043.8.498.32880823291098629492156974351356581820,32,4.55,1,True
1.2.826.0.1.3680043.8.498.30150613585152527569197215147135001922,pf_centre,-121.964,-94.006,44.022,0.0605,1.116,1.2.826.0.1.3680043.8.498.12426348499030334412652815775824040433,40,3.3,1,True
1.2.826.0.1.3680043.8.498.30167179890902431464942556467698238073,pf_centre,-127.141,-91.818,-16.196,0.0777,0.918,1.2.826.0.1.3680043.8.498.17446352025557926339003440318835446425,40,3.3,1,True
1.2.826.0.1.3680043.8.498.30174064884443577177838026250637902388,pf_centre,107.331,-124.453,42.316,0.065,1.923,1.2.826.0.1.3680043.8.498.40695102900909094536257341201355408391,19,5.0,1,True
1.2.826.0.1.3680043.8.498.30206987686375669521451035370290737934,pf_centre,126.069,-74.398,-12.67,0.0548,1.113,1.2.826.0.1.3680043.8.498.28331075153450469269361066553162166405,30,4.4,1,True
1.2.826.0.1.3680043.8.498.30222189977108980260768952691472020722,pf_centre,-118.827,-76.461,-13.208,0.0759,1.371,1.2.826.0.1.3680043.8.498.46621852224007008225087687375507131871,30,3.85,1,True
1.2.826.0.1.3680043.8.498.30233578499383083757206211752001832047,pf_centre,-100.179,-47.337,-9.852,0.0917,1.009,1.2.826.0.1.3680043.8.498.43794133055899202045203533264219232888,36,3.3,1,True
1.2.826.0.1.3680043.8.498.30246079718471552972130572444383079911,pf_centre,-10.081,-68.061,18.679,0.0699,0.98,1.2.826.0.1.3680043.8.498.12908352013592575797593984722778976470,32,4.5,1,True
1.2.826.0.1.3680043.8.498.30248682294786626375369374249874501600,pf_centre,110.692,-82.39,2.929,0.0563,1.521,1.2.826.0.1.3680043.8.498.15138103164892668700835246228249400720,40,3.3,1,True
1.2.826.0.1.3680043.8.498.30252501257451878373370333329266264057,pf_centre,113.179,-34.748,7.114,0.0742,1.548,1.2.826.0.1.3680043.8.498.91881937141969668937996897118887247220,30,3.5,1,True
1.2.826.0.1.3680043.8.498.30264599677934095429161619981918944098,pf_centre,83.82,0.824,-1.816,0.0643,1.04,1.2.826.0.1.3680043.8.498.61411627988380390309405021854458039167,44,3.5,1,True
1.2.826.0.1.3680043.8.498.30282025087399390929963075109487390046,pf_centre,-128.131,-84.505,20.882,0.0509,2.47,1.2.826.0.1.3680043.8.498.18479803838485511675710873861071849344,47,0.9,4,True
1.2.826.0.1.3680043.8.498.30330001893437233719772129404417384472,pf_centre,96.111,-49.955,45.804,0.0682,1.707,1.2.826.0.1.3680043.8.498.10929987231765391608979872936278292235,40,4.0,1,True
1.2.826.0.1.3680043.8.498.30381005430261460472880465705496199540,pf_centre,92.752,-45.109,17.841,0.092,2.412,1.2.826.0.1.3680043.8.498.12533805743241269273387634265472321388,27,3.6,1,True
1.2.826.0.1.3680043.8.498.30420245540489522189154634720778032533,pf_centre,-92.358,-42.0,-20.192,0.0653,1.559,1.2.826.0.1.3680043.8.498.90134749676300246660523146075943245972,38,3.6,1,True
1.2.826.0.1.3680043.8.498.30423643741419627789701272644909134762,pf_centre,77.774,-55.596,-34.45,0.0426,3.814,1.2.826.0.1.3680043.8.498.22027362853261208543414576126216240703,40,3.3,1,True
1.2.826.0.1.3680043.8.498.30435446905709054197096833427672604260,pf_centre,-77.342,-50.466,13.039,0.0645,0.808,1.2.826.0.1.3680043.8.498.84471354747555738405889414992933555635,36,3.3,1,True
1.2.826.0.1.3680043.8.498.30490857770169699336468319880130884989,pf_centre,-85.073,-46.384,20.821,0.063,1.814,1.2.826.0.1.3680043.8.498.69858095290060242347074022553287471509,45,3.9,1,True
1.2.826.0.1.3680043.8.498.30517381653283520211188050362394799510,pf_centre,100.204,-45.814,-15.474,0.0349,3.719,1.2.826.0.1.3680043.8.498.14440873787056589653229823177338059731,33,5.0,1,True
1.2.826.0.1.3680043.8.498.30520444048368652235940346583890702451,pf_centre,79.317,-68.053,16.891,0.076,1.949,1.2.826.0.1.3680043.8.498.27953400932665796215121103283059662924,40,3.5,1,True
1.2.826.0.1.3680043.8.498.30537361712821464927469618193893850465,pf_centre,-68.299,-85.811,8.758,0.1476,3.002,1.2.826.0.1.3680043.8.498.13261139833909603392198041066472313667,22,0.6,6,True
1.2.826.0.1.3680043.8.498.30557810085867943803354292590079995622,pf_centre,-112.089,-34.097,43.921,0.0407,1.646,1.2.826.0.1.3680043.8.498.11537015652797414245712370468647247201,40,4.0,1,True
1.2.826.0.1.3680043.8.498.30613528335797277620843542280889823612,pf_centre,-93.081,-53.031,26.726,0.0968,1.0,1.2.826.0.1.3680043.8.498.10221919192791433216744968847652393871,36,3.3,1,True
1.2.826.0.1.3680043.8.498.30662407196303880392459287553277761223,pf_centre,-90.944,-54.646,11.165,0.0909,1.127,1.2.826.0.1.3680043.8.498.35321400876892812801678626919180160706,36,3.3,1,True
1.2.826.0.1.3680043.8.498.30672390215843894382866701432377109444,pf_centre,-85.572,-55.654,17.222,0.0691,1.575,1.2.826.0.1.3680043.8.498.92119887443244571790609875893169883754,44,3.6,1,True
1.2.826.0.1.3680043.8.498.30673411238679998084995204090753297949,pf_centre,68.465,-20.452,-15.046,0.0749,1.207,1.2.826.0.1.3680043.8.498.27352317090855233154434072274644555989,30,3.3,1,True
1.2.826.0.1.3680043.8.498.30690232747840004203140392776057147177,pf_centre,-74.448,-79.309,13.017,0.0866,10.094,1.2.826.0.1.3680043.8.498.10751431427221794302137912143268483599,30,0.6,6,True
1.2.826.0.1.3680043.8.498.30746167840159843733412534591988948270,pf_centre,90.209,-22.167,-10.499,0.1103,1.649,1.2.826.0.1.3680043.8.498.61734680641890283333798588587123604249,30,3.3,1,True
1.2.826.0.1.3680043.8.498.30756534269149851281518502475458067520,pf_centre,88.011,-48.05,32.759,0.0972,1.296,1.2.826.0.1.3680043.8.498.11709270433844573882595360382879986400,30,3.9,1,True
1.2.826.0.1.3680043.8.498.30763696628968291934469221453461209579,pf_centre,112.257,-63.746,8.223,0.0516,3.058,1.2.826.0.1.3680043.8.498.43373769273794831096618927111548982224,38,3.3,1,True
1.2.826.0.1.3680043.8.498.30800677497901063887487934675082066316,pf_centre,68.589,-27.027,-0.233,0.0645,1.342,1.2.826.0.1.3680043.8.498.11342922748741478176962899873174776306,34,4.2,1,True
1.2.826.0.1.3680043.8.498.30832771419882354941430609179589560374,pf_centre,82.426,-63.578,34.411,0.086,1.803,1.2.826.0.1.3680043.8.498.60778237799501481982570018423651837998,33,3.5,1,True
1.2.826.0.1.3680043.8.498.30836611607735372299752226690388090391,pf_centre,-72.992,-52.922,13.089,0.1023,2.178,1.2.826.0.1.3680043.8.498.12123370367040527200061728616807213036,32,3.6,1,True
1.2.826.0.1.3680043.8.498.30838586189496669675465778955893367497,pf_centre,-142.18,-128.327,22.633,0.1101,1.455,1.2.826.0.1.3680043.8.498.61887330044811454949464774077880452179,22,4.5,1,True
1.2.826.0.1.3680043.8.498.30842406081180392627544336691360658070,pf_centre,-46.284,-42.378,7.763,0.0745,5.654,1.2.826.0.1.3680043.8.498.77565407518088221505844454637580647744,36,3.3,1,True
1.2.826.0.1.3680043.8.498.30888379005655662168586864728687777425,pf_centre,-93.983,-86.918,12.109,0.1112,0.795,1.2.826.0.1.3680043.8.498.28803230040949273424454581392138256976,26,0.6,5,True
1.2.826.0.1.3680043.8.498.30942874102560162331831960649006411381,pf_centre,110.934,-66.083,-6.478,0.0964,1.46,1.2.826.0.1.3680043.8.498.85123180907835144244442998608733953340,32,3.3,1,True
1.2.826.0.1.3680043.8.498.30947630416867960170317316514422933066,pf_centre,-4.065,-30.453,21.703,0.0954,1.569,1.2.826.0.1.3680043.8.498.12035327983405683701200569383482429674,28,4.0,1,True
1.2.826.0.1.3680043.8.498.30978547345367837000803077743620171961,pf_centre,65.405,-27.397,13.393,0.1006,1.446,1.2.826.0.1.3680043.8.498.12754089206058644079639187049469108444,22,5.5,1,True
1.2.826.0.1.3680043.8.498.30998941785989496591079894962766360976,pf_centre,-88.266,-46.379,-12.944,0.0766,2.088,1.2.826.0.1.3680043.8.498.10631971386876138525971451033855651997,30,3.8,1,True
1.2.826.0.1.3680043.8.498.31079821574648958955911441626193848961,pf_centre,-102.554,-80.595,39.959,0.0526,1.737,1.2.826.0.1.3680043.8.498.71297256764801161492216378650732380502,40,3.3,1,True
1.2.826.0.1.3680043.8.498.31080452089421812812019413302222437434,pf_centre,64.76,-28.242,19.296,0.1061,1.413,1.2.826.0.1.3680043.8.498.97425326833235960429102898569740603296,27,4.52,1,True
1.2.826.0.1.3680043.8.498.31082592133742929889611857821843859701,pf_centre,-99.02,-31.885,45.79,0.0657,0.976,1.2.826.0.1.3680043.8.498.10289668687098608329970122267155116489,34,4.5,1,True
1.2.826.0.1.3680043.8.498.31099878224304681441631176766255029271,pf_centre,118.285,-95.902,32.797,0.0825,1.56,1.2.826.0.1.3680043.8.498.29930922206304089694975251519344308269,24,4.57,1,True
1.2.826.0.1.3680043.8.498.31137162827930164367134811210741362416,pf_centre,-104.882,-66.54,8.078,0.0609,0.952,1.2.826.0.1.3680043.8.498.39637485763323390472123300144556825913,30,4.4,1,True
1.2.826.0.1.3680043.8.498.31145453746697192222724674918300432873,pf_centre,97.272,-70.893,-2.154,0.0737,2.13,1.2.826.0.1.3680043.8.498.89836985345511292752907422964959660739,30,4.4,1,True
1.2.826.0.1.3680043.8.498.31171050331393253655760166990008263793,pf_centre,-94.023,-48.943,-4.666,0.0878,0.757,1.2.826.0.1.3680043.8.498.37350746015676634002898205599948498821,45,3.3,1,True
1.2.826.0.1.3680043.8.498.31175171249406459042393597291141275669,pf_centre,-71.477,-34.931,19.096,0.0927,1.198,1.2.826.0.1.3680043.8.498.91576434277578423609361456096971088438,30,4.55,1,True
1.2.826.0.1.3680043.8.498.31175617350083221245857813741060042777,pf_centre,-83.687,-44.475,22.612,0.0688,3.439,1.2.826.0.1.3680043.8.498.98404626354935268302206096840188572939,30,4.55,1,True
1.2.826.0.1.3680043.8.498.31193772347652083986607183406944630716,pf_centre,63.503,-24.723,-18.185,0.0842,1.487,1.2.826.0.1.3680043.8.498.11088943311181685684522554712025605019,35,3.3,1,True
1.2.826.0.1.3680043.8.498.31218039240665208717816408042644491715,pf_centre,-119.201,-70.575,-14.515,0.0751,1.593,1.2.826.0.1.3680043.8.498.18328149829847806869671690828229029611,30,4.4,1,True
1.2.826.0.1.3680043.8.498.31220970065722563280311764269386457090,pf_centre,-76.182,-18.409,-10.0,0.1126,0.953,1.2.826.0.1.3680043.8.498.12263877684312131876827159700308494660,28,4.5,1,True
1.2.826.0.1.3680043.8.498.31257542772176806182696506252925365119,pf_centre,91.825,-56.51,-1.86,0.0659,1.276,1.2.826.0.1.3680043.8.498.41891950106951295405636846446325207479,42,3.6,1,True
1.2.826.0.1.3680043.8.498.31280487369922340170695453174997912050,pf_centre,94.813,-51.169,-15.678,0.1231,0.938,1.2.826.0.1.3680043.8.498.40820378067178523083396027436771613242,31,3.3,1,True
1.2.826.0.1.3680043.8.498.31282366761674650660824706600044115805,pf_centre,-107.074,-97.645,15.495,0.0798,8.876,1.2.826.0.1.3680043.8.498.12357413357932167669276365156027984640,36,3.3,1,True
1.2.826.0.1.3680043.8.498.31284572943302383501947308874558551301,pf_centre,92.299,-67.249,-12.185,0.0494,1.48,1.2.826.0.1.3680043.8.498.22721809464579768144645937539606936320,26,5.0,1,True
1.2.826.0.1.3680043.8.498.31352187408311685267245948214616940728,pf_centre,93.97,-97.848,31.34,0.086,2.762,1.2.826.0.1.3680043.8.498.11293858464238158950576799850299010979,32,4.025,1,True
1.2.826.0.1.3680043.8.498.31373064397225665483187291274194812486,pf_centre,-118.8,-83.395,22.439,0.0848,1.816,1.2.826.0.1.3680043.8.498.26630813579674647868972219535863352034,36,3.3,1,True
1.2.826.0.1.3680043.8.498.31421989235441217674752676866539112529,pf_centre,87.571,-89.032,18.232,0.0958,3.403,1.2.826.0.1.3680043.8.498.12929781642568972073186688508180281357,27,0.6,6,True
1.2.826.0.1.3680043.8.498.31461240229123701082444627629841504099,pf_centre,-89.726,-24.387,25.912,0.0965,1.289,1.2.826.0.1.3680043.8.498.10604214058599070418340239291579123435,24,4.4,1,True
1.2.826.0.1.3680043.8.498.31482725509752510642857072190147133461,pf_centre,90.534,-67.734,41.928,0.0968,1.904,1.2.826.0.1.3680043.8.498.12291038127728457437726664797267778685,40,3.3,1,True
1.2.826.0.1.3680043.8.498.31555333355990829772911515362502000209,pf_centre,-82.293,-73.584,26.981,0.0796,1.201,1.2.826.0.1.3680043.8.498.33580879498226576347621036933955295126,36,3.3,1,True
1.2.826.0.1.3680043.8.498.31565705236407722278921437231164204914,pf_centre,125.548,-96.827,-59.116,0.0964,10.134,1.2.826.0.1.3680043.8.498.85490391937539256259793954289185026797,30,4.5,1,True
1.2.826.0.1.3680043.8.498.31610133883321894510649078615659708431,pf_centre,-75.356,-68.031,5.585,0.102,1.457,1.2.826.0.1.3680043.8.498.11136418313598932078462434388195471321,40,3.3,1,True
1.2.826.0.1.3680043.8.498.31640159014711750808214354395404624815,pf_centre,6.437,-15.677,-2.514,0.0704,2.005,1.2.826.0.1.3680043.8.498.63408146166997663820335070418994929380,28,4.0,1,True
1.2.826.0.1.3680043.8.498.31745644522310786426860265012373331979,pf_centre,79.762,-82.306,17.026,0.0823,1.151,1.2.826.0.1.3680043.8.498.10147801545165415288778414875263422942,20,6.186,1,True
1.2.826.0.1.3680043.8.498.31790457319528233269194462675995569260,pf_centre,87.23,-33.719,16.876,0.0668,1.54,1.2.826.0.1.3680043.8.498.13225639732473153456279619807728056978,30,4.4,1,True
1.2.826.0.1.3680043.8.498.31792234576444017394182974951507838927,pf_centre,46.12,-35.17,-7.167,0.1047,1.762,1.2.826.0.1.3680043.8.498.10077711367735159580771782249334425786,19,5.0,1,True
1.2.826.0.1.3680043.8.498.31806829168516955528191705338336428721,pf_centre,-96.798,-36.471,13.42,0.0883,1.263,1.2.826.0.1.3680043.8.498.46714280821641537075665130613759580213,36,3.3,1,True
1.2.826.0.1.3680043.8.498.31827987476038668074615045841102711882,pf_centre,-96.597,-49.379,28.274,0.0883,1.031,1.2.826.0.1.3680043.8.498.10203436152634579667950337981077670387,36,3.3,1,True
1.2.826.0.1.3680043.8.498.31842732064173292828619477783097732181,pf_centre,-116.124,-103.012,7.94,0.0532,2.177,1.2.826.0.1.3680043.8.498.11725063359650316870689695043497167137,40,3.3,1,True
1.2.826.0.1.3680043.8.498.31851627014639252866084081561126592250,pf_centre,-103.559,-45.201,7.765,0.0644,1.285,1.2.826.0.1.3680043.8.498.12668078403636881020295228222194579320,22,4.5,1,True
1.2.826.0.1.3680043.8.498.31898017986762601111404430885432769100,pf_centre,-99.797,-103.763,12.279,0.0536,1.557,1.2.826.0.1.3680043.8.498.10768066460711869560851798295748897948,40,3.3,1,True
1.2.826.0.1.3680043.8.498.31899121807187535405063131351086765296,pf_centre,98.696,-47.711,-26.335,0.0461,2.116,1.2.826.0.1.3680043.8.498.10758613201477852350245461616489983684,38,4.2,1,True
1.2.826.0.1.3680043.8.498.31949224274318638796196151105617844024,pf_centre,127.773,-81.606,30.081,0.0625,2.067,1.2.826.0.1.3680043.8.498.59972482238366030752939890298847397291,45,3.3,1,True
1.2.826.0.1.3680043.8.498.32043012602421532910420313983803503778,pf_centre,-74.102,-29.155,-3.4,0.1089,1.043,1.2.826.0.1.3680043.8.498.20937486053640043930777588283181489260,28,4.52,1,True
1.2.826.0.1.3680043.8.498.32078592787308498852570411454111970699,pf_centre,85.244,-87.056,17.18,0.1239,1.696,1.2.826.0.1.3680043.8.498.98791936128994227933966020304408387724,24,0.6,6,True
1.2.826.0.1.3680043.8.498.32109377199577933060124357239881959602,pf_centre,79.516,-69.375,35.054,0.0894,0.658,1.2.826.0.1.3680043.8.498.11262329881658076025507573365689140580,29,0.6,5,True
1.2.826.0.1.3680043.8.498.32138869097959653224534642965199855627,pf_centre,85.009,-76.054,29.381,0.0837,1.009,1.2.826.0.1.3680043.8.498.88540915864959005694954184806737958641,35,3.85,1,True
1.2.826.0.1.3680043.8.498.32172672595181417103935593872811182816,pf_centre,-129.099,-121.015,-20.2,0.1039,6.667,1.2.826.0.1.3680043.8.498.11750683369296325522209569034700069733,26,4.5,1,True
1.2.826.0.1.3680043.8.498.32179217289301203414651193280580594771,pf_centre,-83.761,-49.439,15.17,0.0857,1.367,1.2.826.0.1.3680043.8.498.46289479159342767871852227548740151453,36,3.3,1,True
1.2.826.0.1.3680043.8.498.32226253011052584155674401943276961907,pf_centre,-81.231,-111.967,35.06,0.0982,1.016,1.2.826.0.1.3680043.8.498.46504172063422730243511622041358876298,22,5.802,1,True
1.2.826.0.1.3680043.8.498.32241219263926672894433308808653719495,pf_centre,117.554,-67.129,35.076,0.0796,2.327,1.2.826.0.1.3680043.8.498.43782284367812669398095103143944928972,27,4.4,1,True
1.2.826.0.1.3680043.8.498.32265622493980668732317541941196894795,pf_centre,119.875,-85.396,16.25,0.0652,2.572,1.2.826.0.1.3680043.8.498.12223082435000542901229785770750937529,32,3.3,1,True
1.2.826.0.1.3680043.8.498.32299120582647333604770626110392750631,pf_centre,-116.242,-77.258,11.606,0.0613,1.028,1.2.826.0.1.3680043.8.498.86867992015371531789304297927377822196,40,3.3,1,True
1.2.826.0.1.3680043.8.498.32321830776739689645700555055955725945,pf_centre,-84.408,-72.951,23.131,0.0664,2.263,1.2.826.0.1.3680043.8.498.50913141053163525352129511543598198843,25,5.2,1,True
1.2.826.0.1.3680043.8.498.32328699307307661181881949763360098439,pf_centre,-110.537,-68.854,-20.137,0.0568,2.805,1.2.826.0.1.3680043.8.498.12368883878178371084372850122917878293,30,3.6,1,True
1.2.826.0.1.3680043.8.498.32329374180424300100441619205766536205,pf_centre,80.872,-44.908,-5.144,0.0701,1.391,1.2.826.0.1.3680043.8.498.12646225400755142334976056931069215814,36,3.3,1,True
1.2.826.0.1.3680043.8.498.32413534416513678586709935453506443461,pf_centre,5.423,-35.993,9.119,0.0869,1.104,1.2.826.0.1.3680043.8.498.35504680756058444442194983681596030730,30,4.0,1,True
1.2.826.0.1.3680043.8.498.32417506901165787885027994386927321654,pf_centre,50.368,-68.31,-4.7,0.0699,1.64,1.2.826.0.1.3680043.8.498.26908885173050592995580817495954270998,30,3.5,1,True
1.2.826.0.1.3680043.8.498.32479930837336533083798155873656743007,pf_centre,89.863,-53.082,46.318,0.09,1.423,1.2.826.0.1.3680043.8.498.61713826343542661159205235588811514393,30,3.5,1,True
1.2.826.0.1.3680043.8.498.32488933488399304214586978746578986823,pf_centre,-152.12,-11.689,9.506,0.0864,0.952,1.2.826.0.1.3680043.8.498.25736244338370576511164328049411047762,20,5.0,1,True
1.2.826.0.1.3680043.8.498.32501049887140121289143479773995481982,pf_centre,137.61,-100.959,19.249,0.1205,0.635,1.2.826.0.1.3680043.8.498.40043847763409717217921883124070346731,20,5.311,1,True
1.2.826.0.1.3680043.8.498.32504785212530110880087745488871181111,pf_centre,88.096,-95.813,-7.625,0.0996,1.039,1.2.826.0.1.3680043.8.498.78337360074422840860981847809885242266,29,0.6,5,True
1.2.826.0.1.3680043.8.498.32513010438338970418994141548516096399,pf_centre,-113.061,-60.654,0.815,0.0922,1.932,1.2.826.0.1.3680043.8.498.35713469664887938586978338909425520480,29,4.5,1,True
1.2.826.0.1.3680043.8.498.32521102053110469817073126425955562934,pf_centre,134.698,-95.365,39.242,0.079,3.254,1.2.826.0.1.3680043.8.498.25176861216984839738486278733152524981,24,6.0,1,True
1.2.826.0.1.3680043.8.498.32571577475600416042179474541176580933,pf_centre,-115.847,-71.916,8.875,0.0873,2.642,1.2.826.0.1.3680043.8.498.98123242473835938000899009472605420541,22,6.475,1,True
1.2.826.0.1.3680043.8.498.32593583441236180433075435541777683664,pf_centre,-85.468,-119.068,21.572,0.0939,1.7,1.2.826.0.1.3680043.8.498.58078243907799500829157590960476307943,19,5.4,1,True
1.2.826.0.1.3680043.8.498.32611545463217490575457831874695918229,pf_centre,-101.651,-63.177,10.392,0.087,2.015,1.2.826.0.1.3680043.8.498.59940776786964708381763351044513475741,34,4.5,1,True
1.2.826.0.1.3680043.8.498.32624291809937483520460431326945616461,pf_centre,111.582,-86.414,1.737,0.0445,2.311,1.2.826.0.1.3680043.8.498.71365747616259757513070467613637309056,40,3.3,1,True
1.2.826.0.1.3680043.8.498.32680606387445562892045224227371304764,pf_centre,-80.55,-37.961,17.062,0.0546,3.495,1.2.826.0.1.3680043.8.498.12845638814630172374669574744572252120,24,4.4,1,True
1.2.826.0.1.3680043.8.498.32704159300269838731722725240928883385,pf_centre,-85.351,-30.986,2.816,0.0614,1.028,1.2.826.0.1.3680043.8.498.11316200354168593045044216102009697061,34,4.0,1,True
1.2.826.0.1.3680043.8.498.32723296226443325838892542529446214677,pf_centre,86.389,-57.666,14.837,0.0833,1.571,1.2.826.0.1.3680043.8.498.61742871301254273801142469805464624227,30,3.9,1,True
1.2.826.0.1.3680043.8.498.32742383730417896527915284404039812924,pf_centre,121.393,-80.921,4.353,0.0802,1.306,1.2.826.0.1.3680043.8.498.10541004440575230487762814889881843445,30,4.4,1,True
1.2.826.0.1.3680043.8.498.32784816158214124982843838883515640569,pf_centre,-78.882,-16.603,-0.465,0.0854,1.018,1.2.826.0.1.3680043.8.498.55031002334633842816474783723450394872,28,4.0,1,True
1.2.826.0.1.3680043.8.498.32835080036019877751472792740274297358,pf_centre,-99.708,-75.429,14.69,0.0806,1.306,1.2.826.0.1.3680043.8.498.11646348062033205916320726976995462703,30,3.6,1,True
1.2.826.0.1.3680043.8.498.32862727544234948830522036721585095753,pf_centre,-115.314,-62.859,6.552,0.0928,1.127,1.2.826.0.1.3680043.8.498.26914818447097167301829757322929006836,36,4.095,1,True
1.2.826.0.1.3680043.8.498.32910372391370203605482772577821971133,pf_centre,-87.913,1.374,-2.704,0.0579,2.516,1.2.826.0.1.3680043.8.498.26933253733401927632812425033956543656,28,5.0,1,True
1.2.826.0.1.3680043.8.498.32916544979513354644075485240094539251,pf_centre,102.213,-70.141,-18.292,0.0847,1.749,1.2.826.0.1.3680043.8.498.22834746388828975723570915962574040420,34,4.0,1,True
1.2.826.0.1.3680043.8.498.32996271790302034744448837505729856569,pf_centre,-90.908,-106.617,-9.671,0.1152,1.012,1.2.826.0.1.3680043.8.498.49935206720648444230667989097255604864,20,5.0,1,True
1.2.826.0.1.3680043.8.498.33045687849853291066101186962073873042,pf_centre,115.64,-85.894,1.714,0.1114,1.536,1.2.826.0.1.3680043.8.498.79986238111145792401502322583148553448,32,3.3,1,True
1.2.826.0.1.3680043.8.498.33085434860684110795966817803985794300,pf_centre,-82.211,-48.49,-10.413,0.0878,0.681,1.2.826.0.1.3680043.8.498.88637254104557478452337587859197561381,36,3.3,1,True
1.2.826.0.1.3680043.8.498.33114390259375873203134285352951765534,pf_centre,-114.965,-77.133,56.906,0.0491,4.331,1.2.826.0.1.3680043.8.498.93911776307061502092499555763151518135,38,4.5,1,True
1.2.826.0.1.3680043.8.498.33215387283623093392227819856970670071,pf_centre,110.785,-80.3,-12.708,0.0551,1.022,1.2.826.0.1.3680043.8.498.30506569534306431718530963799395212920,40,3.3,1,True
1.2.826.0.1.3680043.8.498.33247377165700300890880607485836825807,pf_centre,-69.279,-40.601,-8.363,0.1214,1.126,1.2.826.0.1.3680043.8.498.50335818334536532233492112021530315786,24,4.5,1,True
1.2.826.0.1.3680043.8.498.33273874534046658504935877940537027702,pf_centre,-59.804,-84.361,-4.974,0.1123,0.986,1.2.826.0.1.3680043.8.498.56734825309758225458145299721130914366,32,0.6,5,True
1.2.826.0.1.3680043.8.498.33284228284209148349668722931307588402,pf_centre,-98.279,-66.729,-19.005,0.046,1.802,1.2.826.0.1.3680043.8.498.35036795555005617914460898754114033340,30,4.4,1,True
1.2.826.0.1.3680043.8.498.33324606756355240783076971858231422510,pf_centre,-78.52,-37.769,12.893,0.0734,0.694,1.2.826.0.1.3680043.8.498.70052462564873791420956225189442078961,30,3.9,1,True
1.2.826.0.1.3680043.8.498.33324670630108603340869986205298694836,pf_centre,-101.235,-95.897,-2.103,0.0987,1.785,1.2.826.0.1.3680043.8.498.94974252317386233378698004304889406889,26,0.6,5,True
1.2.826.0.1.3680043.8.498.33339945632086976351786752793064764443,pf_centre,84.665,-114.725,27.724,0.0849,3.954,1.2.826.0.1.3680043.8.498.56863789870500825059022019273485615376,21,6.186,1,True
1.2.826.0.1.3680043.8.498.33387430823462011959198830568803117633,pf_centre,-89.687,-37.889,31.88,0.0895,0.698,1.2.826.0.1.3680043.8.498.26958215613755098805661355779016155059,36,3.3,1,True
1.2.826.0.1.3680043.8.498.33393833442961030521286257650328223086,pf_centre,-100.314,-78.957,4.975,0.0739,0.758,1.2.826.0.1.3680043.8.498.10168925767348345750420021743597838536,36,3.3,1,True
1.2.826.0.1.3680043.8.498.33419086668421177906530808458004386826,pf_centre,96.471,-52.934,15.133,0.0807,1.133,1.2.826.0.1.3680043.8.498.43111595564896163257712005068013527884,30,4.4,1,True
1.2.826.0.1.3680043.8.498.33427080769740419588952225424281396684,pf_centre,-88.45,-79.876,27.72,0.0824,1.065,1.2.826.0.1.3680043.8.498.52308304912748264325045755971111753545,32,3.3,1,True
1.2.826.0.1.3680043.8.498.33432461096351771607862098991677662209,pf_centre,-94.524,8.531,13.061,0.0528,2.679,1.2.826.0.1.3680043.8.498.52682635011830971843874732303381032480,34,5.0,1,True
1.2.826.0.1.3680043.8.498.33479806419966566464727310013949313521,pf_centre,105.258,-47.65,27.521,0.0783,1.091,1.2.826.0.1.3680043.8.498.14824776442053115250884947738944402741,24,4.5,1,True
1.2.826.0.1.3680043.8.498.33584205642521728950676369503690551550,pf_centre,-85.737,-96.956,-11.355,0.1176,1.98,1.2.826.0.1.3680043.8.498.16870816661357568345887952651674413866,24,0.6,6,True
1.2.826.0.1.3680043.8.498.33614319611050071354692274770073371314,pf_centre,-87.058,-90.272,16.005,0.0434,4.363,1.2.826.0.1.3680043.8.498.12637731034664044238288408027102374359,29,0.7,5,True
1.2.826.0.1.3680043.8.498.33620268340279901383196638228030589893,pf_centre,108.24,-76.256,36.76,0.1017,0.867,1.2.826.0.1.3680043.8.498.12902732720935865590868856604608225800,32,3.3,1,True
1.2.826.0.1.3680043.8.498.33657688895130083119886800524324572941,pf_centre,79.896,-79.712,-13.605,0.0838,1.757,1.2.826.0.1.3680043.8.498.10277702865105186580564291385280813128,30,3.5,1,True
1.2.826.0.1.3680043.8.498.33707148112045883958228656491167647755,pf_centre,77.906,-31.469,12.522,0.0779,1.396,1.2.826.0.1.3680043.8.498.84256545820583652655710251964915624141,34,4.025,1,True
1.2.826.0.1.3680043.8.498.33709759248055631658322056320849494088,pf_centre,-92.122,-48.303,0.525,0.083,1.99,1.2.826.0.1.3680043.8.498.53033526532539447175758887520263347169,38,3.6,1,True
1.2.826.0.1.3680043.8.498.33734536545775442043827840341408174347,pf_centre,117.552,-96.761,-4.112,0.0735,0.809,1.2.826.0.1.3680043.8.498.54635960478016648262562703782525181225,30,5.5,1,True
1.2.826.0.1.3680043.8.498.33834227140201599591317512187502720859,pf_centre,100.72,-49.477,-4.757,0.0767,1.754,1.2.826.0.1.3680043.8.498.41412929458687723423266908482741059668,36,3.3,1,True
1.2.826.0.1.3680043.8.498.33841907095190352493353075864604147687,pf_centre,-18.165,-33.51,17.149,0.1224,2.002,1.2.826.0.1.3680043.8.498.63023250236300677385053047008122706429,25,4.4,1,True
1.2.826.0.1.3680043.8.498.33880013318702285028756482543453984598,pf_centre,115.64,-77.725,15.044,0.0656,2.157,1.2.826.0.1.3680043.8.498.11974727396952284141976605546637082392,24,5.135,1,True
1.2.826.0.1.3680043.8.498.33885566709305241744786004177260915650,pf_centre,-90.366,-63.841,29.103,0.0752,0.956,1.2.826.0.1.3680043.8.498.82434269122411648985185983074006460096,36,3.3,1,True
1.2.826.0.1.3680043.8.498.33899056854391617633929258302459140830,pf_centre,84.833,-15.583,-5.599,0.0752,2.335,1.2.826.0.1.3680043.8.498.95869473252064836239317789672332426095,32,4.52,1,True
1.2.826.0.1.3680043.8.498.33947148016115721563601115463364787679,pf_centre,72.855,44.747,-45.756,0.0538,1.022,1.2.826.0.1.3680043.8.498.13119189116647284054555859938071472826,30,4.4,1,True
1.2.826.0.1.3680043.8.498.33957165685646407808982253731894148028,pf_centre,116.574,-85.525,11.077,0.0721,6.33,1.2.826.0.1.3680043.8.498.91649193709483308694582795470195984020,36,3.3,1,True
1.2.826.0.1.3680043.8.498.33990091057243328830745904178686745167,pf_centre,-93.537,-23.603,21.33,0.0509,1.442,1.2.826.0.1.3680043.8.498.46642169875077300943714556768457196812,32,4.4,1,True
1.2.826.0.1.3680043.8.498.33997019840409023169542161093833920630,pf_centre,-112.961,-59.996,-22.671,0.0529,1.996,1.2.826.0.1.3680043.8.498.68594150914710439486448277725149636782,30,4.4,1,True
1.2.826.0.1.3680043.8.498.34002185870196144582348922158474418674,pf_centre,-96.088,-70.868,-15.73,0.0794,1.442,1.2.826.0.1.3680043.8.498.61143866754044491063214040874911887827,30,3.45,1,True
1.2.826.0.1.3680043.8.498.34040631818813472592501398076075999835,pf_centre,-74.941,-58.431,27.863,0.0952,0.913,1.2.826.0.1.3680043.8.498.10362452507405962107035884938112738389,25,5.0,1,True
1.2.826.0.1.3680043.8.498.34058295828142876023659425586740832405,pf_centre,-114.943,-74.942,20.503,0.0692,4.378,1.2.826.0.1.3680043.8.498.16442305065114460818362458984867773737,36,3.3,1,True
1.2.826.0.1.3680043.8.498.34076627216941578548083498328399240999,pf_centre,-95.758,-86.589,-10.589,0.0783,2.739,1.2.826.0.1.3680043.8.498.59194259826918785993593154417564626213,30,4.0,1,True
1.2.826.0.1.3680043.8.498.34096149829586714035779314398766243514,pf_centre,-119.998,-81.585,17.571,0.0737,1.031,1.2.826.0.1.3680043.8.498.60426264222482977060481164971736879627,24,5.443,1,True
1.2.826.0.1.3680043.8.498.34109091435857467600499949506940613037,pf_centre,-90.77,-98.07,1.267,0.0866,1.376,1.2.826.0.1.3680043.8.498.61175047849273438276412967879803733035,32,0.6,5,True
1.2.826.0.1.3680043.8.498.34126843286927697018624309801437341727,pf_centre,77.904,-42.479,36.462,0.0743,1.243,1.2.826.0.1.3680043.8.498.74872629878723553576155949153970867862,30,4.55,1,True
1.2.826.0.1.3680043.8.498.34206043272866138622475050809785944941,pf_centre,112.996,-35.425,-13.295,0.104,0.947,1.2.826.0.1.3680043.8.498.13117684907116608188527245596501676752,27,3.6,1,True
1.2.826.0.1.3680043.8.498.34262242337778924864334788374037992215,pf_centre,60.195,-48.268,13.686,0.0696,2.199,1.2.826.0.1.3680043.8.498.49004818528480643159153282178864739993,36,3.3,1,True
1.2.826.0.1.3680043.8.498.34294522885703132478119231619149118745,pf_centre,-28.368,-2.911,7.816,0.0887,2.12,1.2.826.0.1.3680043.8.498.34067880595096226682562855862738123640,27,4.52,1,True
1.2.826.0.1.3680043.8.498.34360298211002490108642003575962873984,pf_centre,122.031,-100.458,-3.476,0.0638,4.205,1.2.826.0.1.3680043.8.498.91910043740218723189015706471452320555,40,3.3,1,True
1.2.826.0.1.3680043.8.498.34379812274299658721362253287768041613,pf_centre,-76.259,-67.624,-12.424,0.062,1.85,1.2.826.0.1.3680043.8.498.10508907737028858215652931433171478132,36,3.3,1,True
1.2.826.0.1.3680043.8.498.34404554752241524210538769325381023947,pf_centre,-93.545,-49.733,42.906,0.0359,1.535,1.2.826.0.1.3680043.8.498.10333902457885891796902377791839879798,34,4.2,1,True
1.2.826.0.1.3680043.8.498.34433343440016591348979084714300062954,pf_centre,-85.353,-46.031,-24.246,0.0518,3.274,1.2.826.0.1.3680043.8.498.93893803014035237813223320157310786648,48,4.0,1,True
1.2.826.0.1.3680043.8.498.34441662343660776323013762699640240389,pf_centre,110.902,-74.317,-14.193,0.1019,1.01,1.2.826.0.1.3680043.8.498.59914735027311303805460444481921321041,25,4.5,1,True
1.2.826.0.1.3680043.8.498.34461302710296907289543656738174044465,pf_centre,-94.31,-48.925,29.85,0.0359,2.709,1.2.826.0.1.3680043.8.498.65601734078440043194337478015689500930,45,3.9,1,True
1.2.826.0.1.3680043.8.498.34501976934829436985900782482912019868,pf_centre,-88.185,-39.697,18.218,0.0646,3.519,1.2.826.0.1.3680043.8.498.89942652591543715726185813122520450500,28,3.9,1,True
1.2.826.0.1.3680043.8.498.34546106114963066554367298449299214677,pf_centre,-124.193,-85.724,6.084,0.0814,2.268,1.2.826.0.1.3680043.8.498.11787002578677014536702884278263106691,36,3.3,1,True
1.2.826.0.1.3680043.8.498.34572444983416782410188788741787280444,pf_centre,69.556,-30.604,9.029,0.0935,1.234,1.2.826.0.1.3680043.8.498.23936134682964283696612573410065068586,32,5.0,1,True
1.2.826.0.1.3680043.8.498.34574046861696910828478657346725687542,pf_centre,-85.461,-91.501,-0.038,0.1152,2.502,1.2.826.0.1.3680043.8.498.25751974042835101151271934313709919560,29,0.6,5,True
1.2.826.0.1.3680043.8.498.34636178772986348716257313987840123906,pf_centre,87.531,-50.894,22.627,0.0613,0.846,1.2.826.0.1.3680043.8.498.12730416263171168382258257939952452995,38,3.6,1,True
1.2.826.0.1.3680043.8.498.34654275504962399799861007974465776328,pf_centre,-80.445,-31.295,36.905,0.0602,1.555,1.2.826.0.1.3680043.8.498.70191771687915726125877358236509619836,30,3.9,1,True
1.2.826.0.1.3680043.8.498.34685905030370793639196564723935583035,pf_centre,-93.143,-55.844,0.644,0.0741,2.559,1.2.826.0.1.3680043.8.498.39396636671446532796538574315802928348,35,4.55,1,True
1.2.826.0.1.3680043.8.498.34690162612328981644511154212357885455,pf_centre,-59.139,-39.707,46.945,0.0666,3.538,1.2.826.0.1.3680043.8.498.75050969850556072169742705802249437589,30,3.3,1,True
1.2.826.0.1.3680043.8.498.34717974828302316666446325243570202245,pf_centre,-76.907,-26.857,-9.0,0.0692,2.911,1.2.826.0.1.3680043.8.498.12859619912105737026207613930357471959,21,6.782,1,True
1.2.826.0.1.3680043.8.498.34740783941206992242367609204835771599,pf_centre,-87.044,-94.996,1.757,0.1016,1.727,1.2.826.0.1.3680043.8.498.74701941058555500246844006291374646784,19,4.8,1,True
1.2.826.0.1.3680043.8.498.34753112960188810416088070814158959510,pf_centre,-79.968,-44.429,19.058,0.0916,2.262,1.2.826.0.1.3680043.8.498.96960983912576199393365656479991122246,30,4.5,1,True
1.2.826.0.1.3680043.8.498.34791780913322886484171421115861604853,pf_centre,115.563,-95.632,-21.795,0.0607,2.293,1.2.826.0.1.3680043.8.498.12259360167074580990472646021729966038,40,3.3,1,True
1.2.826.0.1.3680043.8.498.34795373994453585401035013232069587413,pf_centre,99.346,-62.65,6.892,0.0846,1.719,1.2.826.0.1.3680043.8.498.24386980828414923868016727208341833037,35,4.5,1,True
1.2.826.0.1.3680043.8.498.34826100703045042103752460066224521343,pf_centre,-71.965,-117.272,11.871,0.097,6.835,1.2.826.0.1.3680043.8.498.55980542480176108558169548330505536498,19,5.6,1,True
1.2.826.0.1.3680043.8.498.34858782760614383566891001610985452165,pf_centre,-80.605,-37.983,32.375,0.1069,0.543,1.2.826.0.1.3680043.8.498.83222218376814317942406633577130446687,30,3.3,1,True
1.2.826.0.1.3680043.8.498.34861721301001052975626513770908147451,pf_centre,-90.147,-48.475,23.915,0.0656,3.328,1.2.826.0.1.3680043.8.498.92974752462759318583664509869145397089,36,4.095,1,True
1.2.826.0.1.3680043.8.498.34895742092137516664772577251243433579,pf_centre,121.806,-76.45,-5.456,0.0856,2.099,1.2.826.0.1.3680043.8.498.94225958398724704097288074508978677897,32,3.3,1,True
1.2.826.0.1.3680043.8.498.35015675197378142698488944856288804597,pf_centre,65.349,17.737,-28.137,0.0753,3.779,1.2.826.0.1.3680043.8.498.57553987050325535723618158082143398339,41,3.3,1,True
1.2.826.0.1.3680043.8.498.35017973257585430544005763350601015208,pf_centre,81.731,-47.335,37.126,0.0779,1.766,1.2.826.0.1.3680043.8.498.88808674475000465032569572277738947962,32,3.85,1,True
1.2.826.0.1.3680043.8.498.35026052487843947230089350615730580521,pf_centre,85.056,-57.275,31.018,0.1015,1.866,1.2.826.0.1.3680043.8.498.54731905055879305551396838528687217237,30,3.9,1,True
1.2.826.0.1.3680043.8.498.35027750475162395113025853006474122989,pf_centre,128.583,-73.647,-27.446,0.0805,0.876,1.2.826.0.1.3680043.8.498.96246300860440805154635653424901201656,30,3.6,1,True
1.2.826.0.1.3680043.8.498.35064504053970754752690367203246822139,pf_centre,105.432,-52.276,24.598,0.0693,2.526,1.2.826.0.1.3680043.8.498.10069827528287999786917671939517939695,33,4.5,1,True
1.2.826.0.1.3680043.8.498.35090276406828326770336478753776261776,pf_centre,116.663,-73.182,15.626,0.0824,2.106,1.2.826.0.1.3680043.8.498.39282305822490785241650964873281295974,35,3.5,1,True
1.2.826.0.1.3680043.8.498.35121262802959257590413582180924083425,pf_centre,77.981,-37.886,-15.77,0.0514,2.601,1.2.826.0.1.3680043.8.498.12864594829349007718792343111589268991,30,4.52,1,True
1.2.826.0.1.3680043.8.498.35127678462764233938878060108411012978,pf_centre,-83.008,-46.74,35.886,0.0808,2.371,1.2.826.0.1.3680043.8.498.84116348024307228093933082111468468645,30,3.9,1,True
1.2.826.0.1.3680043.8.498.35210451107308788915675910467662426761,pf_centre,-74.858,-41.741,5.563,0.0653,0.767,1.2.826.0.1.3680043.8.498.11192977875824263878450583189801587799,36,3.3,1,True
1.2.826.0.1.3680043.8.498.35230417208602644083092414161817929841,pf_centre,-58.75,-38.591,19.608,0.0631,1.183,1.2.826.0.1.3680043.8.498.59459701893751497456796555286562688132,30,4.55,1,True
1.2.826.0.1.3680043.8.498.35257158249961136373696255071228322165,pf_centre,-83.708,-47.336,-3.72,0.1085,1.953,1.2.826.0.1.3680043.8.498.11538824460572766801705440706688073340,32,3.6,1,True
1.2.826.0.1.3680043.8.498.35273590880523815297008790288567354883,pf_centre,-107.852,-71.324,53.643,0.0793,1.271,1.2.826.0.1.3680043.8.498.10640121505821889986949870720285057310,21,5.5,1,True
1.2.826.0.1.3680043.8.498.35330802038595377723999341992570259909,pf_centre,-106.287,-69.709,-4.19,0.0596,2.219,1.2.826.0.1.3680043.8.498.15055768751389226788107502076953858961,40,3.3,1,True
1.2.826.0.1.3680043.8.498.35338198410583984337908932327787063577,pf_centre,-125.962,-77.236,11.181,0.0534,1.067,1.2.826.0.1.3680043.8.498.41440011106863747555548415880173969201,22,5.5,1,True
1.2.826.0.1.3680043.8.498.35526385429946467546636621603749416429,pf_centre,-78.901,-69.622,-2.072,0.0912,2.616,1.2.826.0.1.3680043.8.498.84328909840122610990134661674770035700,30,4.4,1,True
1.2.826.0.1.3680043.8.498.35542843700847404584397532402313561503,pf_centre,-113.962,-85.168,-26.338,0.0726,2.296,1.2.826.0.1.3680043.8.498.10428649761487738001552198130039056476,25,5.5,1,True
1.2.826.0.1.3680043.8.498.35549628666222168741574331855838621990,pf_centre,-118.048,-98.36,49.358,0.0571,4.308,1.2.826.0.1.3680043.8.498.10584458457220430784675828784874878828,40,3.3,1,True
1.2.826.0.1.3680043.8.498.35572306796137927247415883445612561056,pf_centre,3.001,-34.858,10.079,0.0905,0.715,1.2.826.0.1.3680043.8.498.68901813599797376084534531241080289018,28,4.3,1,True
1.2.826.0.1.3680043.8.498.35633121799529901420381085923067525212,pf_centre,124.117,-69.516,29.667,0.1027,3.93,1.2.826.0.1.3680043.8.498.57254828843777130005575024757782416777,26,3.6,1,True
1.2.826.0.1.3680043.8.498.35639250779062198905356481136455419313,pf_centre,-120.104,-68.42,14.142,0.0888,0.87,1.2.826.0.1.3680043.8.498.64048153978545098237732132571678934178,30,3.6,1,True
1.2.826.0.1.3680043.8.498.35664741425496814074030858561751287211,pf_centre,-69.202,-12.595,5.339,0.0493,1.126,1.2.826.0.1.3680043.8.498.58189191146667494760084783199003464050,30,4.5,1,True
1.2.826.0.1.3680043.8.498.35677515667357567818845364400903668190,pf_centre,-94.894,-70.4,-21.18,0.0678,1.661,1.2.826.0.1.3680043.8.498.26140159716856320330607449529107684224,38,3.6,1,True
1.2.826.0.1.3680043.8.498.35717294165699019392845830077937768611,pf_centre,70.88,-79.107,-10.769,0.0735,4.446,1.2.826.0.1.3680043.8.498.63626232248803430327424304973911202072,27,0.6,6,True
1.2.826.0.1.3680043.8.498.35769002792415947424087098083674166777,pf_centre,100.205,-87.161,39.653,0.0822,3.554,1.2.826.0.1.3680043.8.498.55556652531082123174062330503272879534,22,6.4,1,True
1.2.826.0.1.3680043.8.498.35777075794856195065665011443485613681,pf_centre,105.828,-61.425,17.838,0.0993,3.394,1.2.826.0.1.3680043.8.498.12389002883466851279008401873380141005,36,3.3,1,True
1.2.826.0.1.3680043.8.498.35790589718590759254855277551289842944,pf_centre,67.28,-61.622,48.363,0.0778,1.577,1.2.826.0.1.3680043.8.498.14939780782061274360991806524510418394,36,3.5,1,True
1.2.826.0.1.3680043.8.498.35820650938063925991582813178954225720,pf_centre,-107.549,-79.28,50.987,0.0503,2.3,1.2.826.0.1.3680043.8.498.32436757343061097640486382590058596801,40,3.3,1,True
1.2.826.0.1.3680043.8.498.35826402289277331555736683320175912112,pf_centre,-93.197,-93.389,2.742,0.1191,2.725,1.2.826.0.1.3680043.8.498.83648150051772368515634513510358659027,32,0.6,5,True
1.2.826.0.1.3680043.8.498.35835033603115368194824573270370351403,pf_centre,-81.459,-68.201,1.6,0.0568,1.601,1.2.826.0.1.3680043.8.498.96901729824132332214815586603694523865,38,3.6,1,True
1.2.826.0.1.3680043.8.498.35836928928058091851993989259747528067,pf_centre,-119.761,-52.53,35.423,0.0951,2.067,1.2.826.0.1.3680043.8.498.13374379133848657327693109735078130187,30,3.5,1,True
1.2.826.0.1.3680043.8.498.35853404993418331599021266761280794201,pf_centre,-97.336,-97.034,32.579,0.1164,1.507,1.2.826.0.1.3680043.8.498.99739985381361627965067949832185359337,27,0.6,6,True
1.2.826.0.1.3680043.8.498.35871201339095431578743898508613853278,pf_centre,-73.739,-26.745,2.475,0.1318,1.148,1.2.826.0.1.3680043.8.498.11684616710427975610937790351406509737,25,4.0,1,True
1.2.826.0.1.3680043.8.498.35892665011493087075493127252825546314,pf_centre,104.856,-51.171,-21.456,0.071,0.666,1.2.826.0.1.3680043.8.498.59063705385918072292279841451284690838,42,4.0,1,True
1.2.826.0.1.3680043.8.498.35906584224533966870202042352292878668,pf_centre,88.41,-93.413,20.271,0.1162,2.006,1.2.826.0.1.3680043.8.498.11360722055402765309229157252690717756,22,0.6,6,True
1.2.826.0.1.3680043.8.498.35923146679164443588381195543533271939,pf_centre,81.656,-19.801,-4.97,0.0983,1.383,1.2.826.0.1.3680043.8.498.68709865044936842278528545563792934036,22,4.5,1,True
1.2.826.0.1.3680043.8.498.35923183633813281697521537744486885300,pf_centre,74.695,-35.361,-7.945,0.0668,1.85,1.2.826.0.1.3680043.8.498.75348041335018144658615461391314543755,35,3.6,1,True
1.2.826.0.1.3680043.8.498.35923753382244056317223397206343376734,pf_centre,118.84,-76.938,7.401,0.0851,2.211,1.2.826.0.1.3680043.8.498.12482749429157323937298123201048730465,32,3.3,1,True
1.2.826.0.1.3680043.8.498.35932368810339127867306228699757809449,pf_centre,-126.945,-94.165,3.508,0.089,0.577,1.2.826.0.1.3680043.8.498.87942876572858780996129431440234223195,28,4.0,1,True
1.2.826.0.1.3680043.8.498.35942316720546803304976641081186518384,pf_centre,-90.927,-41.627,29.984,0.0441,2.684,1.2.826.0.1.3680043.8.498.83923068175349244922187998775857406397,33,4.5,1,True
1.2.826.0.1.3680043.8.498.35961087303991442751747064990497975939,pf_centre,88.042,-41.858,7.646,0.0861,1.765,1.2.826.0.1.3680043.8.498.12756896007049726411448082735518971222,35,3.5,1,True
1.2.826.0.1.3680043.8.498.35965770865730278787229040370963322662,pf_centre,-116.98,-49.125,2.071,0.0741,1.395,1.2.826.0.1.3680043.8.498.98048770808231186614885892710937917828,40,3.3,1,True
1.2.826.0.1.3680043.8.498.35971292331621735865925455612813197566,pf_centre,-90.841,-40.581,-9.034,0.0652,2.068,1.2.826.0.1.3680043.8.498.49323675364332420027327876260767293750,34,4.52,1,True
1.2.826.0.1.3680043.8.498.35991881811942962264382690224767291006,pf_centre,-103.333,-49.847,-64.638,0.0455,1.154,1.2.826.0.1.3680043.8.498.10923816872661432410273569044203497916,30,4.4,1,True
1.2.826.0.1.3680043.8.498.36013620117872095227314165026090752632,pf_centre,91.582,-71.724,-17.156,0.0813,1.866,1.2.826.0.1.3680043.8.498.42045881877372010418721687130287825781,30,4.4,1,True
1.2.826.0.1.3680043.8.498.36035264348264378094569428634302238394,pf_centre,-77.83,-72.656,5.363,0.0691,1.02,1.2.826.0.1.3680043.8.498.15793515783636581786934469136006879873,38,3.6,1,True
1.2.826.0.1.3680043.8.498.36083794505435625841225237415909011547,pf_centre,-73.877,-74.678,-0.249,0.1035,1.4,1.2.826.0.1.3680043.8.498.12467961735622174112971843951043001552,24,0.6,6,True
1.2.826.0.1.3680043.8.498.36090989845682961399757203739039806565,pf_centre,75.079,-51.356,7.433,0.1038,1.417,1.2.826.0.1.3680043.8.498.11580439583110362701638375476079312389,36,3.3,1,True
1.2.826.0.1.3680043.8.498.36131369236532190338276701919104598475,pf_centre,64.088,-53.172,-7.762,0.1001,1.062,1.2.826.0.1.3680043.8.498.28501839317373912271028142089327300511,30,3.9,1,True
1.2.826.0.1.3680043.8.498.36158956431673597472934120620368656246,pf_centre,-115.109,-71.156,15.089,0.0519,2.899,1.2.826.0.1.3680043.8.498.23438379719669658547532028313480201515,20,5.996,1,True
1.2.826.0.1.3680043.8.498.36180248571044206939894546783755557323,pf_centre,-88.092,-62.187,2.312,0.0643,2.596,1.2.826.0.1.3680043.8.498.43362897501797555306312777435492597690,30,4.4,1,True
1.2.826.0.1.3680043.8.498.36185754164795053628650116141620545139,pf_centre,75.961,-63.59,103.713,0.0802,0.811,1.2.826.0.1.3680043.8.498.68753527560406617512823329637216694000,36,3.3,1,True
1.2.826.0.1.3680043.8.498.36193046155628980489031133466840036976,pf_centre,-115.478,-52.56,35.357,0.0697,1.022,1.2.826.0.1.3680043.8.498.26718018167020547476865070723776273088,28,4.5,1,True
1.2.826.0.1.3680043.8.498.36221680997794815863088530960610069278,pf_centre,-102.808,-93.74,-37.781,0.0689,9.152,1.2.826.0.1.3680043.8.498.67977447186055516031578884731521479404,40,3.3,1,True
1.2.826.0.1.3680043.8.498.36235892729383338522021416304853301198,pf_centre,85.535,-52.531,22.062,0.0698,1.364,1.2.826.0.1.3680043.8.498.22503311840445524015280485087172708191,38,3.6,1,True
1.2.826.0.1.3680043.8.498.36293583160636884934622362743062825202,pf_centre,101.468,-86.56,2.034,0.0494,0.966,1.2.826.0.1.3680043.8.498.41533025134097413352624613643118473714,40,3.3,1,True
1.2.826.0.1.3680043.8.498.36314809560682514762544085885005264167,pf_centre,89.072,-51.461,10.476,0.0847,2.538,1.2.826.0.1.3680043.8.498.94870438919215068914810660360561995198,36,3.3,1,True
1.2.826.0.1.3680043.8.498.36315811661139684771871696847516662339,pf_centre,-84.383,-15.337,37.244,0.0526,2.858,1.2.826.0.1.3680043.8.498.28431225276465576395121819461092486060,40,3.85,1,True
1.2.826.0.1.3680043.8.498.36431753977367847587395456605556703040,pf_centre,-122.647,-110.116,18.538,0.0835,2.805,1.2.826.0.1.3680043.8.498.19884824390980833411375826416940915224,21,6.134,1,True
1.2.826.0.1.3680043.8.498.36470828078108352859868482351276699300,pf_centre,120.94,-82.438,18.652,0.1037,2.481,1.2.826.0.1.3680043.8.498.82085152802934899470894508457001637447,29,0.6,5,True
1.2.826.0.1.3680043.8.498.36488342368050295711098478501722217415,pf_centre,108.408,-91.205,13.939,0.1211,0.985,1.2.826.0.1.3680043.8.498.10864759012440012514489092260902651252,20,4.4,1,True
1.2.826.0.1.3680043.8.498.36521162836904095186654423648490092035,pf_centre,-97.472,-54.179,73.142,0.0775,1.152,1.2.826.0.1.3680043.8.498.10161351104437179601692326802555500283,40,3.3,1,True
1.2.826.0.1.3680043.8.498.36588608184578739092409073014150374185,pf_centre,108.779,-95.488,0.227,0.0517,0.564,1.2.826.0.1.3680043.8.498.93904373709981321571318123421630173860,40,3.3,1,True
1.2.826.0.1.3680043.8.498.36599566036331923007586730435849419272,pf_centre,-115.807,16.664,-8.167,0.0849,1.95,1.2.826.0.1.3680043.8.498.11860862705108494914326101191906055177,30,4.4,1,True
1.2.826.0.1.3680043.8.498.36645945703275956149107297016813148264,pf_centre,-74.559,-34.793,22.474,0.0725,1.88,1.2.826.0.1.3680043.8.498.12451210296115058396935339530637381316,30,4.55,1,True
1.2.826.0.1.3680043.8.498.36648377536792309029975432419163533533,pf_centre,-113.386,-81.55,19.753,0.0658,4.628,1.2.826.0.1.3680043.8.498.71484365200994899789536470401254140764,40,3.3,1,True
1.2.826.0.1.3680043.8.498.36679002788952511154610176614545192374,pf_centre,80.552,9.596,-10.892,0.0675,4.536,1.2.826.0.1.3680043.8.498.51006047018623955825535316430138692473,22,5.0,1,True
1.2.826.0.1.3680043.8.498.36688959138536319644194458211515765203,pf_centre,-83.338,-85.864,-24.849,0.1189,1.548,1.2.826.0.1.3680043.8.498.12976965163258809346353334889431455784,32,0.6,5,True
1.2.826.0.1.3680043.8.498.36743562653862381001280112332273495985,pf_centre,15.703,-43.613,28.029,0.0988,1.223,1.2.826.0.1.3680043.8.498.12015821021961440993253578002845032997,24,4.4,1,True
1.2.826.0.1.3680043.8.498.36757476214794170118868510630678488185,pf_centre,-84.902,-86.803,10.787,0.0664,1.687,1.2.826.0.1.3680043.8.498.74799041802531460860750913600992994574,30,4.0,1,True
1.2.826.0.1.3680043.8.498.36812284468308169396147366740331573100,pf_centre,-98.263,-96.293,-18.796,0.0861,0.962,1.2.826.0.1.3680043.8.498.11581690049639862510751848466528505852,18,6.232,1,True
1.2.826.0.1.3680043.8.498.36825274340853796392762195174336452919,pf_centre,69.658,-53.209,9.077,0.0628,1.421,1.2.826.0.1.3680043.8.498.10555071060434567084354573166729290479,42,3.3,1,True
1.2.826.0.1.3680043.8.498.36846391753332367835804699576399553980,pf_centre,89.042,-44.953,36.134,0.068,2.052,1.2.826.0.1.3680043.8.498.11019395143770767395494278927864678256,30,3.9,1,True
1.2.826.0.1.3680043.8.498.36891467514776207809384804066253854193,pf_centre,94.469,-63.889,9.235,0.066,1.963,1.2.826.0.1.3680043.8.498.92891034343776786256304529409881863177,36,4.095,1,True
1.2.826.0.1.3680043.8.498.36914870739904705183135763739850515617,pf_centre,90.442,-36.608,-5.783,0.0512,1.812,1.2.826.0.1.3680043.8.498.91084559625160040475038196427583538174,33,4.5,1,True
1.2.826.0.1.3680043.8.498.36924091633099385100942228071545017565,pf_centre,-81.514,-43.344,9.917,0.0814,1.697,1.2.826.0.1.3680043.8.498.12485672050104621997889690793437434509,30,4.4,1,True
1.2.826.0.1.3680043.8.498.36930256628357053046574486650916442047,pf_centre,-101.698,-76.878,-9.816,0.075,2.615,1.2.826.0.1.3680043.8.498.36021986133669323529681057326484032827,34,3.9,1,True
1.2.826.0.1.3680043.8.498.36995206854684735704099881847485073991,pf_centre,56.48,-7.556,13.007,0.0944,2.345,1.2.826.0.1.3680043.8.498.82160159588748265159554462860370855971,25,5.0,1,True
1.2.826.0.1.3680043.8.498.37005775889857426034942587344620888398,pf_centre,-100.868,-88.414,-10.717,0.061,2.09,1.2.826.0.1.3680043.8.498.60349073488740723156423969807601572027,24,5.0,1,True
1.2.826.0.1.3680043.8.498.37007302166102452703965686598524467188,pf_centre,-90.237,-89.448,31.042,0.0687,1.213,1.2.826.0.1.3680043.8.498.10189054271756860384777585658472832260,38,3.6,1,True
1.2.826.0.1.3680043.8.498.37030593568962187244853961673610373876,pf_centre,-67.374,-81.23,-16.958,0.0925,1.081,1.2.826.0.1.3680043.8.498.45192915720447386830565323256342832795,19,5.0,1,True
1.2.826.0.1.3680043.8.498.37040910196459054543310335064167212742,pf_centre,13.904,-38.428,9.803,0.1075,1.123,1.2.826.0.1.3680043.8.498.11346752304545486573030012081876361522,22,5.0,1,True
1.2.826.0.1.3680043.8.498.37046961643473249831189497076699393868,pf_centre,69.203,-76.396,19.017,0.0662,1.177,1.2.826.0.1.3680043.8.498.13829779071465389637225068264799872501,20,6.186,1,True
1.2.826.0.1.3680043.8.498.37057548998853865829402084168010676727,pf_centre,87.432,-59.408,42.955,0.086,1.12,1.2.826.0.1.3680043.8.498.61073308940448941955788581743502830926,30,4.55,1,True
1.2.826.0.1.3680043.8.498.37110727485959679337431199930441321268,pf_centre,81.599,-59.672,16.607,0.0782,2.331,1.2.826.0.1.3680043.8.498.10177170866457836981105690302290682214,21,6.782,1,True
1.2.826.0.1.3680043.8.498.37147839676713817130306478240352601535,pf_centre,115.002,-63.448,4.314,0.0746,2.119,1.2.826.0.1.3680043.8.498.38337809598829511418980399043447595339,40,3.3,1,True
1.2.826.0.1.3680043.8.498.37210322466522537523056852160944888029,pf_centre,91.453,-47.325,14.012,0.0669,1.022,1.2.826.0.1.3680043.8.498.14931636789351786845349350605376971100,35,4.4,1,True
1.2.826.0.1.3680043.8.498.37257728513136112802363958568529758895,pf_centre,103.729,29.051,50.168,0.0614,2.408,1.2.826.0.1.3680043.8.498.44073796923076705453442314756874998225,30,4.4,1,True
1.2.826.0.1.3680043.8.498.37270291131952413969044156276264153316,pf_centre,-79.323,-22.674,0.807,0.1009,0.997,1.2.826.0.1.3680043.8.498.13067579367564274301393723267666139529,24,4.5,1,True
1.2.826.0.1.3680043.8.498.37332768072749723117839591872457536315,pf_centre,-97.666,-17.529,-21.266,0.1064,1.516,1.2.826.0.1.3680043.8.498.19799308482776995449397576150864419137,45,3.5,1,True
1.2.826.0.1.3680043.8.498.37347132459817985668038603215490355489,pf_centre,-64.116,-28.124,-6.687,0.103,1.013,1.2.826.0.1.3680043.8.498.26098404041292977939031647284137255862,30,3.3,1,True
1.2.826.0.1.3680043.8.498.37371365833775442014007234936409739360,pf_centre,108.882,-91.543,19.893,0.1277,3.818,1.2.826.0.1.3680043.8.498.64776763633609723157450839270054192544,24,0.6,6,True
1.2.826.0.1.3680043.8.498.37390494423735156928337187351900345080,pf_centre,-106.351,-51.018,36.989,0.0455,3.467,1.2.826.0.1.3680043.8.498.10405128681359344052988943207347969628,37,4.5,1,True
1.2.826.0.1.3680043.8.498.37392127307867238524251864751713143683,pf_centre,84.559,-63.849,28.093,0.0766,1.868,1.2.826.0.1.3680043.8.498.62241028832981711826910629867693998502,36,3.3,1,True
1.2.826.0.1.3680043.8.498.37413349933694832641902637847629969234,pf_centre,117.025,-31.567,13.199,0.0656,1.315,1.2.826.0.1.3680043.8.498.69260474414443020898814697130811042178,30,3.5,1,True
1.2.826.0.1.3680043.8.498.37427993203943111265113924891058049338,pf_centre,-100.222,-64.788,21.871,0.0826,0.991,1.2.826.0.1.3680043.8.498.12603448355065471945088383960619796642,28,3.3,1,True
1.2.826.0.1.3680043.8.498.37432328401993499374675847888297416449,pf_centre,-80.247,-44.885,27.185,0.0841,1.211,1.2.826.0.1.3680043.8.498.77924256088090330220927722232069224230,36,3.3,1,True
1.2.826.0.1.3680043.8.498.37438631765770807892914198396852544668,pf_centre,121.594,-76.844,-23.557,0.0753,1.573,1.2.826.0.1.3680043.8.498.15288266378722989695113283147369614272,30,4.4,1,True
1.2.826.0.1.3680043.8.498.37447511763482014027579634343525200849,pf_centre,-19.207,-40.111,10.859,0.0389,9.103,1.2.826.0.1.3680043.8.498.11761399984320250000956691706278239497,28,4.0,1,True
1.2.826.0.1.3680043.8.498.37463970179664003092832463732043124908,pf_centre,-96.831,-42.193,31.407,0.0678,0.953,1.2.826.0.1.3680043.8.498.11236931765980751843455287339231164528,33,4.5,1,True
1.2.826.0.1.3680043.8.498.37485075271886447709158414670394650122,pf_centre,-83.629,-56.736,-8.51,0.0845,2.355,1.2.826.0.1.3680043.8.498.89628172404318549763130729041493410761,28,5.0,1,True
1.2.826.0.1.3680043.8.498.37508036912473928281276902883575142611,pf_centre,-93.877,-69.325,6.32,0.0544,1.222,1.2.826.0.1.3680043.8.498.10359566362609474347857151029117459231,36,3.3,1,True
1.2.826.0.1.3680043.8.498.37510478969810784660124747242051166554,pf_centre,114.424,-49.511,-39.342,0.1387,2.807,1.2.826.0.1.3680043.8.498.11844965342894214666561359130483239951,22,4.5,1,True
1.2.826.0.1.3680043.8.498.37519350121906786941281770770693979271,pf_centre,84.457,-22.131,30.047,0.0917,1.939,1.2.826.0.1.3680043.8.498.62890796086885405469385912175554764744,31,5.0,1,True
1.2.826.0.1.3680043.8.498.37558426555271635608942179071280432530,pf_centre,-71.472,-99.149,11.902,0.0687,1.896,1.2.826.0.1.3680043.8.498.11024091282818642876401903524153081663,27,5.2,1,True
1.2.826.0.1.3680043.8.498.37572710131396388050286115883363501023,pf_centre,-110.102,-79.524,54.036,0.0657,1.213,1.2.826.0.1.3680043.8.498.82105313840293074086548975907598870242,36,3.3,1,True
1.2.826.0.1.3680043.8.498.37580209294522316445963449455348371815,pf_centre,-65.13,-36.306,-8.541,0.0647,0.889,1.2.826.0.1.3680043.8.498.12759787525718393850870713547222477908,30,4.4,1,True
1.2.826.0.1.3680043.8.498.37591186611460576939009950935820113903,pf_centre,-93.684,-52.905,38.702,0.0732,1.318,1.2.826.0.1.3680043.8.498.12556459453428943509630530509760859260,40,3.9,1,True
1.2.826.0.1.3680043.8.498.37591590536870291237852764995372956522,pf_centre,-119.223,-84.917,-2.342,0.0811,2.73,1.2.826.0.1.3680043.8.498.11240869747790197788792326284228107557,22,6.324,1,True
1.2.826.0.1.3680043.8.498.37633035024065331400434438202028794597,pf_centre,-93.513,-10.256,15.091,0.0943,1.684,1.2.826.0.1.3680043.8.498.12013168279040944520665623593828056683,27,5.0,1,True
1.2.826.0.1.3680043.8.498.37644754953609976838298110418046213654,pf_centre,87.394,-81.697,46.676,0.079,5.437,1.2.826.0.1.3680043.8.498.11578810068042119138368537236833484294,29,5.295,1,True
1.2.826.0.1.3680043.8.498.37695832484726177391252504639155717084,pf_centre,-68.483,-20.152,-41.648,0.08,2.25,1.2.826.0.1.3680043.8.498.75654393164253941779259640365522467799,30,3.4,1,True
1.2.826.0.1.3680043.8.498.37713008080610827760634302982073393454,pf_centre,-120.311,-96.12,5.313,0.0678,0.955,1.2.826.0.1.3680043.8.498.71876056091707222418888233923512672469,30,5.5,1,True
1.2.826.0.1.3680043.8.498.37729566534337521443213426693965453255,pf_centre,-79.056,-34.58,13.52,0.0958,1.637,1.2.826.0.1.3680043.8.498.10160486548260682784847305613166845471,28,4.5,1,True
1.2.826.0.1.3680043.8.498.37782918081276484321055690005029111967,pf_centre,90.385,-46.992,31.414,0.0815,1.453,1.2.826.0.1.3680043.8.498.34996583107217734371677195715590540571,36,3.3,1,True
1.2.826.0.1.3680043.8.498.37833587429731221455928642963031995680,pf_centre,-101.317,-71.955,35.993,0.0583,3.059,1.2.826.0.1.3680043.8.498.87813801633306918004512820977976658354,42,3.6,1,True
1.2.826.0.1.3680043.8.498.37838990693631869129590283596686992710,pf_centre,122.076,-27.824,-13.785,0.1063,1.268,1.2.826.0.1.3680043.8.498.29036483994959270670522481920958608645,30,3.3,1,True
1.2.826.0.1.3680043.8.498.37846940236952007502147453013489359606,pf_centre,132.254,-73.939,10.316,0.0594,4.585,1.2.826.0.1.3680043.8.498.22664839195145994022227186015471783060,36,3.5,1,True
1.2.826.0.1.3680043.8.498.37862788793597360072184753016994526122,pf_centre,119.082,-77.326,-9.346,0.079,0.569,1.2.826.0.1.3680043.8.498.80314729975419790634260871582982002327,35,3.5,1,True
1.2.826.0.1.3680043.8.498.37879265071349098151803248077034280617,pf_centre,83.444,-35.167,32.361,0.0881,1.392,1.2.826.0.1.3680043.8.498.20007301914293970572685329969471659446,24,4.5,1,True
1.2.826.0.1.3680043.8.498.37885316830093262977685802809269466252,pf_centre,-88.015,-54.479,27.368,0.0876,1.136,1.2.826.0.1.3680043.8.498.29985729870910295678456748777604425390,32,4.55,1,True
1.2.826.0.1.3680043.8.498.37921127120678939078868474340027123335,pf_centre,-87.079,-52.209,12.571,0.0729,1.58,1.2.826.0.1.3680043.8.498.99233838084734019904393120535239629693,36,3.3,1,True
1.2.826.0.1.3680043.8.498.37936061471366103885185528435327650981,pf_centre,-109.057,-141.373,9.564,0.0942,3.687,1.2.826.0.1.3680043.8.498.82133281220252551309320965150964342486,19,5.4,1,True
1.2.826.0.1.3680043.8.498.37969790195791584440906553207150666923,pf_centre,106.165,-49.666,29.825,0.0254,13.785,1.2.826.0.1.3680043.8.498.91677561447352940052451618216433789453,30,4.4,1,True
1.2.826.0.1.3680043.8.498.38005916106577944091708997377832932938,pf_centre,-115.579,-82.931,42.417,0.0471,2.068,1.2.826.0.1.3680043.8.498.14955396749228330984884692790253661683,47,0.9,4,True
1.2.826.0.1.3680043.8.498.38010459551726691601986492657296948013,pf_centre,-116.608,-67.221,-21.57,0.0807,2.266,1.2.826.0.1.3680043.8.498.13308610931319892021730448563266739803,30,4.4,1,True
1.2.826.0.1.3680043.8.498.38013372055010421273425628837282557767,pf_centre,-76.166,-10.662,24.11,0.0361,2.665,1.2.826.0.1.3680043.8.498.82238793131468220701507582136294353212,35,5.32,1,True
1.2.826.0.1.3680043.8.498.38039631093067555454700266397073080430,pf_centre,-109.991,-66.896,35.125,0.0649,2.65,1.2.826.0.1.3680043.8.498.30004284293515148839729339524735330486,40,3.3,1,True
1.2.826.0.1.3680043.8.498.38056024157303576597111203925091929489,pf_centre,-125.114,-104.895,-1.859,0.0652,1.129,1.2.826.0.1.3680043.8.498.22090691320480212878631977338382661215,25,6.128,1,True
1.2.826.0.1.3680043.8.498.38069035744880456154810472748123499221,pf_centre,-98.37,-68.566,5.285,0.0949,1.01,1.2.826.0.1.3680043.8.498.35335267116242346566320867275264422587,36,3.3,1,True
1.2.826.0.1.3680043.8.498.38085359363401170553191582038767900323,pf_centre,81.87,-37.706,-4.774,0.0653,2.214,1.2.826.0.1.3680043.8.498.47542510023102670237442738859017291786,38,3.6,1,True
1.2.826.0.1.3680043.8.498.38095098835657518803781210111463995296,pf_centre,-88.262,-125.495,22.15,0.0407,1.689,1.2.826.0.1.3680043.8.498.22420865979705111100354058550166822292,22,4.4,1,True
1.2.826.0.1.3680043.8.498.38104228771638294693272534500734878990,pf_centre,5.741,-24.523,13.769,0.0997,1.791,1.2.826.0.1.3680043.8.498.85210164202537856428615503619508875504,30,4.0,1,True
1.2.826.0.1.3680043.8.498.38173249623713271734596884672770674290,pf_centre,121.052,-84.526,43.028,0.0532,3.56,1.2.826.0.1.3680043.8.498.84444206517437589581922367990417406499,32,5.5,1,True
1.2.826.0.1.3680043.8.498.38224750236138877853888930317337541394,pf_centre,-76.404,-95.109,-10.638,0.0971,0.853,1.2.826.0.1.3680043.8.498.32930288925413955243554111257606980606,19,4.4,1,True
1.2.826.0.1.3680043.8.498.38233845434092134418342290639986261345,pf_centre,137.611,-96.365,-85.553,0.0839,20.79,1.2.826.0.1.3680043.8.498.82784020840643295842585766902678521789,33,4.5,1,True
1.2.826.0.1.3680043.8.498.38238963443939714344730201261512911003,pf_centre,-111.901,-43.509,14.807,0.0723,1.198,1.2.826.0.1.3680043.8.498.82179043784827241574940839476848207741,33,4.5,1,True
1.2.826.0.1.3680043.8.498.38272345519163551901865251730721530169,pf_centre,-97.953,-87.58,69.84,0.0457,4.03,1.2.826.0.1.3680043.8.498.66652553057694861121456977622893182821,22,5.78,1,True
1.2.826.0.1.3680043.8.498.38303182087206935163155565441234078389,pf_centre,124.749,-81.751,-9.534,0.0884,2.345,1.2.826.0.1.3680043.8.498.32411939378392111882317957475593089387,35,3.5,1,True
1.2.826.0.1.3680043.8.498.38303307720827621886420004896097661262,pf_centre,-111.697,-43.475,13.396,0.0912,0.87,1.2.826.0.1.3680043.8.498.76053789476863984139652252170212154656,32,3.6,1,True
1.2.826.0.1.3680043.8.498.38306262614552497897681886368029860358,pf_centre,76.191,-37.582,37.954,0.0548,1.844,1.2.826.0.1.3680043.8.498.24272995058263204703977042538257462159,34,3.6,1,True
1.2.826.0.1.3680043.8.498.38325494489236992123219618004392575979,pf_centre,48.446,-32.367,-16.496,0.0654,1.815,1.2.826.0.1.3680043.8.498.86687780342070231920732170347655604522,32,3.85,1,True
1.2.826.0.1.3680043.8.498.38333934623775971943734069301776225018,pf_centre,-93.085,-88.649,-14.035,0.1123,2.172,1.2.826.0.1.3680043.8.498.34497597871933402431711916811612246292,19,5.6,1,True
1.2.826.0.1.3680043.8.498.38361762550587464310603057450403132552,pf_centre,83.7,-61.216,21.981,0.0955,2.38,1.2.826.0.1.3680043.8.498.43347405053399899361409220131199180078,34,4.2,1,True
1.2.826.0.1.3680043.8.498.38365187857616428023213060377488046375,pf_centre,113.835,-22.697,-31.87,0.0639,2.111,1.2.826.0.1.3680043.8.498.44884033636265160235847569054397472159,40,3.5,1,True
1.2.826.0.1.3680043.8.498.38373204312077453422262347769111605003,pf_centre,71.869,-63.27,12.615,0.0698,2.541,1.2.826.0.1.3680043.8.498.12654860042650224597001503850913380398,30,3.9,1,True
1.2.826.0.1.3680043.8.498.38420384692181444061893234153745102059,pf_centre,101.81,-60.254,6.111,0.0998,3.461,1.2.826.0.1.3680043.8.498.51892973481955667415124624694326584707,36,3.3,1,True
1.2.826.0.1.3680043.8.498.38427680930662301114332563903957471851,pf_centre,-111.382,-80.797,-8.121,0.0828,1.356,1.2.826.0.1.3680043.8.498.79154836872466158643759442700896627524,36,3.3,1,True
1.2.826.0.1.3680043.8.498.38457315909459574570206119213798163082,pf_centre,-94.742,-88.22,16.155,0.1095,0.806,1.2.826.0.1.3680043.8.498.12091630513889093334890759673101925454,32,0.6,5,True
1.2.826.0.1.3680043.8.498.38485168845116671268554752030254772359,pf_centre,115.318,-84.223,1.365,0.118,3.045,1.2.826.0.1.3680043.8.498.49602514674842412155374926719814805685,32,3.3,1,True
1.2.826.0.1.3680043.8.498.38518069950656326194016175319535174299,pf_centre,-86.126,-40.19,-12.083,0.0708,0.882,1.2.826.0.1.3680043.8.498.43534776163625870397785066211403085485,36,3.3,1,True
1.2.826.0.1.3680043.8.498.38528511947818361078957998546327084024,pf_centre,-96.439,-27.79,2.258,0.093,1.43,1.2.826.0.1.3680043.8.498.15951253624585825085806724423208454107,30,3.3,1,True
1.2.826.0.1.3680043.8.498.38554121831397903041461691318968151267,pf_centre,-128.166,-82.818,-24.083,0.046,1.084,1.2.826.0.1.3680043.8.498.91388867483550404722406610850616717800,47,0.9,4,True
1.2.826.0.1.3680043.8.498.38567342184301320850258918666303107813,pf_centre,38.411,-80.805,27.125,0.0942,0.712,1.2.826.0.1.3680043.8.498.72921393223150713424263407958350111097,33,3.8,1,True
1.2.826.0.1.3680043.8.498.38584486469155131627808759862008577200,pf_centre,-110.527,-37.179,-9.444,0.0982,0.887,1.2.826.0.1.3680043.8.498.59489915187143587339707604707118453584,23,5.0,1,True
1.2.826.0.1.3680043.8.498.38591915802992557518846862828618375715,pf_centre,97.461,-67.632,6.464,0.069,18.7,1.2.826.0.1.3680043.8.498.46509193904490746075917549807392119696,34,4.2,1,True
1.2.826.0.1.3680043.8.498.38593351637971248239815933638950449587,pf_centre,90.785,-92.785,13.198,0.0525,1.982,1.2.826.0.1.3680043.8.498.28339779434447074117517284672392474641,40,3.3,1,True
1.2.826.0.1.3680043.8.498.38617606118499305781729905815407382451,pf_centre,84.257,-62.174,-59.431,0.0789,2.503,1.2.826.0.1.3680043.8.498.10884869147970337457812860207583878646,45,4.0,1,True
1.2.826.0.1.3680043.8.498.38628165743951175602803204505216754926,pf_centre,71.246,-89.869,-19.845,0.0891,3.019,1.2.826.0.1.3680043.8.498.12790581669843529161157907220673572010,19,5.0,1,True
1.2.826.0.1.3680043.8.498.38655145317957160440692625317823254736,pf_centre,91.197,-35.59,-43.829,0.1264,1.873,1.2.826.0.1.3680043.8.498.10465503694421459192855812146966334660,30,3.3,1,True
1.2.826.0.1.3680043.8.498.38701927697650476092773702704871872598,pf_centre,-75.78,-59.299,0.479,0.0411,1.09,1.2.826.0.1.3680043.8.498.63105765726900772833538899488860715659,30,4.4,1,True
1.2.826.0.1.3680043.8.498.38702677049080452580748506476598606517,pf_centre,-101.745,-43.601,-8.634,0.0755,2.158,1.2.826.0.1.3680043.8.498.34886235217688118458392277716800875034,26,4.4,1,True
1.2.826.0.1.3680043.8.498.38717329577625255474350472405748992219,pf_centre,-86.306,-87.3,-28.584,0.0884,1.52,1.2.826.0.1.3680043.8.498.64171670014856614581835149341683538932,30,4.0,1,True
1.2.826.0.1.3680043.8.498.38750761816114659458563557493234655604,pf_centre,-152.138,-88.598,0.665,0.0699,11.42,1.2.826.0.1.3680043.8.498.11173629806557378105678420221771304536,24,6.952,1,True
1.2.826.0.1.3680043.8.498.38774313460931748278644354956408578813,pf_centre,-86.046,-54.079,-9.179,0.0654,2.392,1.2.826.0.1.3680043.8.498.10426797647836689641003505988138694558,30,4.4,1,True
1.2.826.0.1.3680043.8.498.38795933423959135237935740989825843893,pf_centre,131.267,-76.634,13.156,0.085,2.093,1.2.826.0.1.3680043.8.498.11649852811390609742358593999850287204,36,3.3,1,True
1.2.826.0.1.3680043.8.498.38796519786809225694393617946244012065,pf_centre,74.48,-72.721,11.024,0.0727,3.277,1.2.826.0.1.3680043.8.498.14445322467036296624553571831268693808,40,3.3,1,True
1.2.826.0.1.3680043.8.498.38844149478205202385909887748058004820,pf_centre,75.035,-49.118,22.968,0.0879,1.875,1.2.826.0.1.3680043.8.498.65528128832174778747337805278051641655,30,3.85,1,True
1.2.826.0.1.3680043.8.498.38862475907405766248096419059100131863,pf_centre,-66.267,-49.533,-16.361,0.056,1.619,1.2.826.0.1.3680043.8.498.48574793954308232448354914778636030728,40,3.3,1,True
1.2.826.0.1.3680043.8.498.38870467957974446108337293912930572060,pf_centre,-76.607,-87.157,3.505,0.1183,1.604,1.2.826.0.1.3680043.8.498.10708103126325432456506186326007344898,29,0.6,5,True
1.2.826.0.1.3680043.8.498.38893522232848525819919092148478879455,pf_centre,-101.142,-86.499,-6.169,0.0852,1.124,1.2.826.0.1.3680043.8.498.93694766669442239605768096672920790130,23,5.2,1,True
1.2.826.0.1.3680043.8.498.38898732985465285166803609252960353405,pf_centre,62.759,-39.999,27.706,0.0671,1.924,1.2.826.0.1.3680043.8.498.86160979502276721018176488352074962680,36,3.3,1,True
1.2.826.0.1.3680043.8.498.38900640030483599614088224967855884221,pf_centre,-96.551,-72.364,-1.865,0.1319,0.891,1.2.826.0.1.3680043.8.498.20529124646741684373538429823261377298,24,0.6,6,True
1.2.826.0.1.3680043.8.498.38912715505731269998129663552068223373,pf_centre,87.079,-90.131,12.984,0.0766,2.154,1.2.826.0.1.3680043.8.498.29266039195719669038929181470023287134,32,3.85,1,True
1.2.826.0.1.3680043.8.498.38925755872951351471027638563742132144,pf_centre,-98.082,-54.336,-2.017,0.0999,1.126,1.2.826.0.1.3680043.8.498.11170655115598113880685789840203521360,25,4.5,1,True
1.2.826.0.1.3680043.8.498.38928323954764175259962816410233336718,pf_centre,-120.275,-79.681,-13.262,0.0638,1.048,1.2.826.0.1.3680043.8.498.19046096204969131734899141046235947659,23,6.134,1,True
1.2.826.0.1.3680043.8.498.38935694477580522005505074220300062204,pf_centre,133.915,-83.154,9.449,0.0497,6.072,1.2.826.0.1.3680043.8.498.32056439928066648097800993660491136863,47,0.9,4,True
1.2.826.0.1.3680043.8.498.38940868544480800333574786964232944756,pf_centre,-115.544,5.884,-2.756,0.0843,2.664,1.2.826.0.1.3680043.8.498.51735740091131210196867095409707905944,26,5.0,1,True
1.2.826.0.1.3680043.8.498.38974023308452365783768081643215200948,pf_centre,-86.085,-57.758,-7.783,0.0765,1.71,1.2.826.0.1.3680043.8.498.20698550692690810140562316754527201109,45,3.3,1,True
1.2.826.0.1.3680043.8.498.38981318408220047366318316620365040799,pf_centre,99.178,-29.728,-3.735,0.1042,1.463,1.2.826.0.1.3680043.8.498.86539736423952433190800766576827196405,30,3.3,1,True
1.2.826.0.1.3680043.8.498.39020025030013167602991688044932114354,pf_centre,53.741,-59.285,11.009,0.0722,1.675,1.2.826.0.1.3680043.8.498.78597065065688914983890102823762123541,30,3.6,1,True
1.2.826.0.1.3680043.8.498.39020232951771672617852805188845504161,pf_centre,-91.75,-67.944,-10.533,0.0987,4.427,1.2.826.0.1.3680043.8.498.11362518516887870044791589456798796440,32,4.2,1,True
1.2.826.0.1.3680043.8.498.39025433784711757736168236829157583043,pf_centre,96.494,4.261,56.199,0.0719,2.136,1.2.826.0.1.3680043.8.498.44087162717650993092512742298524197669,30,4.4,1,True
1.2.826.0.1.3680043.8.498.39064406065534097226924475518005522427,pf_centre,69.388,-82.182,36.172,0.0731,6.069,1.2.826.0.1.3680043.8.498.38646250812466941913680469033941521301,38,3.85,1,True
1.2.826.0.1.3680043.8.498.39068632185013624181565849012182917752,pf_centre,-8.6,-39.997,36.767,0.0791,1.884,1.2.826.0.1.3680043.8.498.48852048405366095505968503744484118350,30,4.4,1,True
1.2.826.0.1.3680043.8.498.39070169128115370701189151138307035053,pf_centre,54.397,4.661,-17.984,0.0826,1.063,1.2.826.0.1.3680043.8.498.11877158951590079086922882073475170359,46,3.5,1,True
1.2.826.0.1.3680043.8.498.39135770176150551756142329948474103964,pf_centre,-104.366,-48.834,36.696,0.0853,1.003,1.2.826.0.1.3680043.8.498.71654125932167697763821160782392426433,29,5.5,1,True
1.2.826.0.1.3680043.8.498.39190090804401525573012570218955054016,pf_centre,106.152,-97.134,50.8,0.084,7.572,1.2.826.0.1.3680043.8.498.56929731653105849551512345028566637684,18,7.622,1,True
1.2.826.0.1.3680043.8.498.39197976722851762826265579540678924584,pf_centre,122.323,-85.454,-16.533,0.1116,5.035,1.2.826.0.1.3680043.8.498.36742885588622385864522586117424142386,32,3.3,1,True
1.2.826.0.1.3680043.8.498.39250844287482885227700969308333354206,pf_centre,-116.719,-95.903,27.929,0.0805,1.042,1.2.826.0.1.3680043.8.498.60306520380690744449215474387921692259,36,3.3,1,True
1.2.826.0.1.3680043.8.498.39264696726258404531295961801831089064,pf_centre,-94.257,-16.129,59.219,0.0711,3.173,1.2.826.0.1.3680043.8.498.10364757228377984623204270364751990233,40,3.85,1,True
1.2.826.0.1.3680043.8.498.39275838957651450909114440721012584183,pf_centre,-65.043,12.345,-0.902,0.0565,2.662,1.2.826.0.1.3680043.8.498.27430678348280622722276579569008663188,25,4.52,1,True
1.2.826.0.1.3680043.8.498.39324076659429494696721784912308233388,pf_centre,-102.729,-57.938,24.66,0.0562,3.552,1.2.826.0.1.3680043.8.498.11814309017945133703120689351667223146,33,4.5,1,True
1.2.826.0.1.3680043.8.498.39375796600811714870169173423682043709,pf_centre,-104.324,-133.473,54.889,0.0894,0.642,1.2.826.0.1.3680043.8.498.13335884453995398771458089442957924864,18,7.48,1,True
1.2.826.0.1.3680043.8.498.39394842976048577715164357752399606924,pf_centre,86.667,-94.542,3.861,0.0685,13.484,1.2.826.0.1.3680043.8.498.27645092391122961863418404616033593727,27,0.6,6,True
1.2.826.0.1.3680043.8.498.39399668753650041254826892657562722764,pf_centre,104.722,-47.98,20.743,0.0665,1.499,1.2.826.0.1.3680043.8.498.11133750552881038089542930737424842777,38,4.5,1,True
1.2.826.0.1.3680043.8.498.39468803878805753474151381590569125402,pf_centre,100.412,-31.209,-8.356,0.0591,2.596,1.2.826.0.1.3680043.8.498.94088523047596279334511096043792912419,30,3.5,1,True
1.2.826.0.1.3680043.8.498.39500553372517290823815606829518305500,pf_centre,-64.118,-34.989,10.676,0.0782,0.679,1.2.826.0.1.3680043.8.498.10681444947500103079455959043947277778,30,4.55,1,True
1.2.826.0.1.3680043.8.498.39507184510584030713933330702725991027,pf_centre,113.793,-88.189,20.047,0.084,1.115,1.2.826.0.1.3680043.8.498.11088087215558738738739006785195091956,35,3.3,1,True
1.2.826.0.1.3680043.8.498.39547752108509751520306190293259313911,pf_centre,-88.822,-80.999,2.141,0.1212,1.186,1.2.826.0.1.3680043.8.498.34666044945409106099381745671731331796,24,0.6,6,True
1.2.826.0.1.3680043.8.498.39578126940710463296572383286587298912,pf_centre,44.556,-67.995,-9.2,0.0911,2.05,1.2.826.0.1.3680043.8.498.31250794046548586869954514227673576136,30,3.6,1,True
1.2.826.0.1.3680043.8.498.39624624539323722688093816284210287611,pf_centre,-121.087,-76.272,15.457,0.0715,2.233,1.2.826.0.1.3680043.8.498.59853821380168052099489499213896251297,40,3.3,1,True
1.2.826.0.1.3680043.8.498.39636073039676814228254715705296535819,pf_centre,-104.424,-79.394,24.092,0.0594,0.839,1.2.826.0.1.3680043.8.498.12923263220349119444498234666642237521,25,5.3,1,True
1.2.826.0.1.3680043.8.498.39642276506855996181597769215091644995,pf_centre,-87.339,-41.014,-26.945,0.09,0.739,1.2.826.0.1.3680043.8.498.10351437885345351588684572666029731296,36,3.3,1,True
1.2.826.0.1.3680043.8.498.39787654910948635229369478006027304578,pf_centre,103.687,-62.186,-18.713,0.1266,2.513,1.2.826.0.1.3680043.8.498.13940987205136128663179844494029248051,22,4.5,1,True
1.2.826.0.1.3680043.8.498.39799597341675508044808282472428242917,pf_centre,-113.002,-86.878,-1.812,0.0436,1.369,1.2.826.0.1.3680043.8.498.10213111365342220637671221058244026910,36,3.3,1,True
1.2.826.0.1.3680043.8.498.39845300426582562781355154625767485381,pf_centre,-126.16,-101.358,19.976,0.079,0.934,1.2.826.0.1.3680043.8.498.42687114478870855357656044433730315243,21,6.496,1,True
1.2.826.0.1.3680043.8.498.39875636232483792306109110284167439592,pf_centre,-106.706,-83.025,18.416,0.0709,0.986,1.2.826.0.1.3680043.8.498.19412219041051810844189103081092987262,40,3.3,1,True
1.2.826.0.1.3680043.8.498.39895705984068714346274689335576595443,pf_centre,101.321,-79.427,38.099,0.0654,3.226,1.2.826.0.1.3680043.8.498.61934499337450598850419885279461337897,48,3.3,1,True
1.2.826.0.1.3680043.8.498.39932424305167611414527482641898907759,pf_centre,-82.95,-84.194,303.304,0.0835,1.093,1.2.826.0.1.3680043.8.498.10875869749392606889535032192570371511,30,4.0,1,True
1.2.826.0.1.3680043.8.498.39954567501513957418422043089587980092,pf_centre,-93.809,-53.248,-7.535,0.0575,1.645,1.2.826.0.1.3680043.8.498.48689332110162255440799136861204797283,38,3.6,1,True
1.2.826.0.1.3680043.8.498.39959632509842689058626880477779808473,pf_centre,-122.099,-102.088,16.251,0.0651,9.29,1.2.826.0.1.3680043.8.498.52265250725198370670003971556609647118,21,6.134,1,True
1.2.826.0.1.3680043.8.498.39969071491383654382076256213867635377,pf_centre,119.54,-91.444,16.63,0.0671,1.162,1.2.826.0.1.3680043.8.498.11726982363242891659910075327138057706,40,3.3,1,True
1.2.826.0.1.3680043.8.498.40036526071307024601256787605725348112,pf_centre,75.056,-94.853,-24.894,0.1033,2.746,1.2.826.0.1.3680043.8.498.70751336721144731452802210221768091128,24,5.2,1,True
1.2.826.0.1.3680043.8.498.40041164441539690764994039690598305675,pf_centre,-92.863,-60.839,11.735,0.0955,1.179,1.2.826.0.1.3680043.8.498.11035365939745999677189295541365420278,42,3.3,1,True
1.2.826.0.1.3680043.8.498.40086005762552976451418579375198597540,pf_centre,-64.458,-41.895,41.319,0.0827,1.692,1.2.826.0.1.3680043.8.498.51878847790671110502458968245691150428,33,3.3,1,True
1.2.826.0.1.3680043.8.498.40131899651518057045444739705301716085,pf_centre,113.6,-62.288,-5.079,0.1024,2.894,1.2.826.0.1.3680043.8.498.11345687577478619789862988241262534038,24,5.0,1,True
1.2.826.0.1.3680043.8.498.40154708689850542672289658249059660788,pf_centre,-75.703,-56.398,17.147,0.0667,2.724,1.2.826.0.1.3680043.8.498.10745827767614990017599750143627330199,36,5.0,1,True
1.2.826.0.1.3680043.8.498.40196271329411009311273016603705560443,pf_centre,82.733,-54.537,17.441,0.0771,1.747,1.2.826.0.1.3680043.8.498.34544365936324386836630379387573036682,36,3.3,1,True
1.2.826.0.1.3680043.8.498.40223239401390462911823193489179244754,pf_centre,-97.012,-77.429,21.238,0.0544,1.846,1.2.826.0.1.3680043.8.498.12864975310788122943938989929575624188,40,3.3,1,True
1.2.826.0.1.3680043.8.498.40239104167848425290754606013326180693,pf_centre,-75.848,15.693,-8.514,0.0724,1.138,1.2.826.0.1.3680043.8.498.10321362786209717535669252778379574447,34,3.5,1,True
1.2.826.0.1.3680043.8.498.40254123984175499564145728084464192446,pf_centre,-113.866,-97.619,-15.726,0.077,1.68,1.2.826.0.1.3680043.8.498.93950555707061477144448715660849348868,40,3.3,1,True
1.2.826.0.1.3680043.8.498.40257126480600927758308319831518876543,pf_centre,87.662,-104.187,-1.587,0.1044,1.462,1.2.826.0.1.3680043.8.498.84439267731350612782265677786317400302,19,4.8,1,True
1.2.826.0.1.3680043.8.498.40269807401373034066229810558300266830,pf_centre,-4.009,-24.155,8.733,0.0966,3.724,1.2.826.0.1.3680043.8.498.91522159210291129561393192604878351317,20,5.5,1,True
1.2.826.0.1.3680043.8.498.40308838286515017547707130085914948230,pf_centre,-63.301,-9.128,27.06,0.0322,9.522,1.2.826.0.1.3680043.8.498.15585286695839433958854535814362779642,30,5.0,1,True
1.2.826.0.1.3680043.8.498.40317527233615709136328116805254969837,pf_centre,72.611,-43.748,11.366,0.0786,2.284,1.2.826.0.1.3680043.8.498.82659460020314123690041695745942892466,32,3.85,1,True
1.2.826.0.1.3680043.8.498.40372643537313871452054321931253684619,pf_centre,91.081,-46.247,5.791,0.0699,3.053,1.2.826.0.1.3680043.8.498.79491338125913089653020229358559326153,36,3.3,1,True
1.2.826.0.1.3680043.8.498.40386781168330493993852288092654487818,pf_centre,-86.069,-37.82,33.605,0.0573,2.905,1.2.826.0.1.3680043.8.498.73058586175072828955978383828838092358,30,3.9,1,True
1.2.826.0.1.3680043.8.498.40419759559020255481034237210540871312,pf_centre,-115.276,-97.534,1.092,0.0861,1.118,1.2.826.0.1.3680043.8.498.84316905201320461285716827581864223479,24,4.556,1,True
1.2.826.0.1.3680043.8.498.40436886205373732563782477802719203679,pf_centre,97.981,-55.916,34.024,0.0855,1.331,1.2.826.0.1.3680043.8.498.33555202182083465060739957403625126071,32,4.5,1,True
1.2.826.0.1.3680043.8.498.40437305053062892226978469238653825745,pf_centre,-61.939,-38.463,21.35,0.0827,1.373,1.2.826.0.1.3680043.8.498.60333369283594287716755350460980458658,36,3.3,1,True
1.2.826.0.1.3680043.8.498.40441879276927383122480339472406105572,pf_centre,-95.468,-63.429,18.532,0.104,0.708,1.2.826.0.1.3680043.8.498.12988757606944885696326600159353181506,32,3.6,1,True
1.2.826.0.1.3680043.8.498.40487147942341753806704765355921322161,pf_centre,-79.272,-28.999,27.992,0.1006,0.952,1.2.826.0.1.3680043.8.498.25432360075991334732337087707270021272,28,4.5,1,True
1.2.826.0.1.3680043.8.498.40533893516114346078820881178450524201,pf_centre,92.491,-101.569,-3.594,0.1155,1.167,1.2.826.0.1.3680043.8.498.96882135745335839411160138883711128565,19,5.2,1,True
1.2.826.0.1.3680043.8.498.40547250250566982489293057895661861722,pf_centre,-92.732,-117.87,38.689,0.1066,1.522,1.2.826.0.1.3680043.8.498.38217903187938224939259771933309635959,21,4.6,1,True
1.2.826.0.1.3680043.8.498.40576954651310602807432132614823906315,pf_centre,69.338,-58.322,12.209,0.0944,0.997,1.2.826.0.1.3680043.8.498.11778832501832580923318080634949798047,41,4.5,1,True
1.2.826.0.1.3680043.8.498.40608233778918249560056537030108548037,pf_centre,-111.924,-64.377,-55.353,0.0886,1.051,1.2.826.0.1.3680043.8.498.92370735296502131671964589764889517225,30,3.6,1,True
1.2.826.0.1.3680043.8.498.40612173652156509478338094582396889655,pf_centre,-117.211,-80.775,14.59,0.086,0.824,1.2.826.0.1.3680043.8.498.56156567113543254630523085411260921192,28,4.4,1,True
1.2.826.0.1.3680043.8.498.40618283771317160262473004328692613267,pf_centre,-131.533,-88.897,18.268,0.0725,3.651,1.2.826.0.1.3680043.8.498.62172320171736907256569524369537161951,27,0.6,6,True
1.2.826.0.1.3680043.8.498.40627043074325458726412346974457616938,pf_centre,109.335,-85.898,34.702,0.0634,1.025,1.2.826.0.1.3680043.8.498.22630491632920298118934508646863351712,40,3.3,1,True
1.2.826.0.1.3680043.8.498.40654763252951267464957826289984701872,pf_centre,116.737,-68.227,75.477,0.0559,2.301,1.2.826.0.1.3680043.8.498.12003521067322117116407509126802668325,40,3.3,1,True
1.2.826.0.1.3680043.8.498.40703974473944295875248011843170371394,pf_centre,-65.546,-19.551,14.47,0.0838,0.506,1.2.826.0.1.3680043.8.498.12725721449946794098898759030336124721,27,4.5,1,True
1.2.826.0.1.3680043.8.498.40718200801895968234499223301900799376,pf_centre,75.638,-21.811,3.67,0.0824,1.744,1.2.826.0.1.3680043.8.498.35905482664185553406644676046477949650,30,3.3,1,True
1.2.826.0.1.3680043.8.498.40723835064354784133289444204866484476,pf_centre,-88.27,-25.085,55.5,0.041,4.55,1.2.826.0.1.3680043.8.498.10391570269736500420914457709941810276,46,3.5,1,True
1.2.826.0.1.3680043.8.498.40765829900885943055669918091033014654,pf_centre,59.624,-65.375,34.046,0.0647,1.067,1.2.826.0.1.3680043.8.498.10456970909369984124846709680078688457,18,7.168,1,True
1.2.826.0.1.3680043.8.498.40823842819404259265489417470859248075,pf_centre,-112.206,-108.855,21.022,0.0706,4.189,1.2.826.0.1.3680043.8.498.93835639780797533313733147874100476512,23,6.26,1,True
1.2.826.0.1.3680043.8.498.40828786094337186697222449293183309391,pf_centre,59.597,-62.768,15.573,0.1043,1.115,1.2.826.0.1.3680043.8.498.50617761408306205469257018995292929370,31,4.5,1,True
1.2.826.0.1.3680043.8.498.40837296112545776586904280088902000849,pf_centre,-99.706,-32.052,-9.349,0.0843,1.624,1.2.826.0.1.3680043.8.498.13748911686967094000358208288556747002,30,4.55,1,True
1.2.826.0.1.3680043.8.498.40898220266193841898869905714214454387,pf_centre,-117.781,-89.484,21.967,0.0569,1.135,1.2.826.0.1.3680043.8.498.83822443484904485222812920127629786740,25,5.369,1,True
1.2.826.0.1.3680043.8.498.40910368031948275476880475208016058754,pf_centre,110.24,-100.416,18.136,0.0999,0.93,1.2.826.0.1.3680043.8.498.39746519324467527155918430488863334275,23,5.7,1,True
1.2.826.0.1.3680043.8.498.40930045208346676628855922755791787949,pf_centre,-82.543,-102.142,3.695,0.1215,0.7,1.2.826.0.1.3680043.8.498.93560223659963234300268288108842553279,20,5.4,1,True
1.2.826.0.1.3680043.8.498.40967435550546093348221485942169879116,pf_centre,-77.123,-84.818,-8.189,0.1269,0.836,1.2.826.0.1.3680043.8.498.15546040320868786626038653438374347482,29,0.6,5,True
1.2.826.0.1.3680043.8.498.40987687016832998820664054439678138878,pf_centre,-114.731,-81.689,-14.35,0.0831,1.686,1.2.826.0.1.3680043.8.498.92432836949442132635493955837889709099,30,4.4,1,True
1.2.826.0.1.3680043.8.498.40994616246264625946610553907227975893,pf_centre,-92.32,-45.105,7.893,0.0878,1.085,1.2.826.0.1.3680043.8.498.13634227510607348592741278951128527848,36,3.3,1,True
1.2.826.0.1.3680043.8.498.41036022211588451079713314564568887994,pf_centre,75.849,3.871,13.888,0.0908,1.792,1.2.826.0.1.3680043.8.498.10978627097490650215348774307046203098,40,3.5,1,True
1.2.826.0.1.3680043.8.498.41057428195711190931490429649014776496,pf_centre,25.305,-43.962,-18.07,0.1052,1.477,1.2.826.0.1.3680043.8.498.43756619358284730057041449652960483956,30,4.4,1,True
1.2.826.0.1.3680043.8.498.41108421820714108307078614688022098388,pf_centre,84.719,-133.887,-21.383,0.0703,4.901,1.2.826.0.1.3680043.8.498.11566285769547543571121167787012522957,19,5.4,1,True
1.2.826.0.1.3680043.8.498.41124244151692842048993594448992046260,pf_centre,-93.711,-81.593,-0.897,0.0561,1.31,1.2.826.0.1.3680043.8.498.94026168763322015945047897201931016249,21,6.782,1,True
1.2.826.0.1.3680043.8.498.41129090437522031508960438281451672212,pf_centre,72.99,-41.283,22.768,0.0797,0.822,1.2.826.0.1.3680043.8.498.31892606189494173334460291208012279737,30,3.9,1,True
1.2.826.0.1.3680043.8.498.41197678541534079475667407055098243437,pf_centre,-76.793,-61.794,15.466,0.0843,0.665,1.2.826.0.1.3680043.8.498.57320242318260832144971781159767774314,36,3.3,1,True
1.2.826.0.1.3680043.8.498.41240503248178304281405515398211762506,pf_centre,93.077,-60.238,42.232,0.0895,1.23,1.2.826.0.1.3680043.8.498.38985502660966246070003947550409252642,40,3.3,1,True
1.2.826.0.1.3680043.8.498.41254472410580125134596211010943842213,pf_centre,-80.617,-52.566,49.367,0.1082,6.788,1.2.826.0.1.3680043.8.498.86274802270539049011420809084004361759,24,0.6,6,True
1.2.826.0.1.3680043.8.498.41315359092354940082611381451934245995,pf_centre,-110.851,-71.818,9.198,0.0878,1.053,1.2.826.0.1.3680043.8.498.50034381101954513739174127803756187315,30,3.6,1,True
1.2.826.0.1.3680043.8.498.41326575785634778198143222323166756210,pf_centre,121.627,-64.63,12.965,0.0793,1.313,1.2.826.0.1.3680043.8.498.96772312656203031576988663491131396505,35,3.5,1,True
1.2.826.0.1.3680043.8.498.41363979247025384202932112601795525615,pf_centre,70.958,-42.086,5.173,0.0946,2.888,1.2.826.0.1.3680043.8.498.36587215154091857388315044136404381055,36,3.3,1,True
1.2.826.0.1.3680043.8.498.41366889271483886167284378157366992074,pf_centre,59.402,-0.128,14.054,0.0909,1.282,1.2.826.0.1.3680043.8.498.75456279387074563148446711705667192985,28,4.52,1,True
1.2.826.0.1.3680043.8.498.41382780862853765983216810855531499640,pf_centre,90.121,-33.101,-8.727,0.1058,1.553,1.2.826.0.1.3680043.8.498.76021278689335832357984464034841974009,31,5.5,1,True
1.2.826.0.1.3680043.8.498.41439889720274233955076963938741061358,pf_centre,-109.753,-96.612,-24.607,0.0236,13.541,1.2.826.0.1.3680043.8.498.40950168257395772912592259346923951759,40,3.3,1,True
1.2.826.0.1.3680043.8.498.41440206520769979754790425253631809212,pf_centre,-111.273,-87.748,22.153,0.0851,0.994,1.2.826.0.1.3680043.8.498.10501957249648830168771743630876159902,34,3.6,1,True
1.2.826.0.1.3680043.8.498.41454762422897656673710145732036115764,pf_centre,149.932,-92.723,21.029,0.0754,5.833,1.2.826.0.1.3680043.8.498.15180333711225942483738112554271372940,26,4.0,1,True
1.2.826.0.1.3680043.8.498.41564229176277158115386256329157870722,pf_centre,-124.386,-127.854,24.617,0.0847,1.798,1.2.826.0.1.3680043.8.498.12135806323410490042132499053609641552,22,4.5,1,True
1.2.826.0.1.3680043.8.498.41587640208769641326416798167574152049,pf_centre,-90.735,-38.555,5.68,0.0652,0.799,1.2.826.0.1.3680043.8.498.98924069695181160094416830518112224446,34,4.2,1,True
1.2.826.0.1.3680043.8.498.41600498783384864111179175518614837125,pf_centre,-110.029,-83.844,22.859,0.0649,1.484,1.2.826.0.1.3680043.8.498.57797094265453935520307311548726835230,40,3.3,1,True
1.2.826.0.1.3680043.8.498.41605033773891953796694219242501252567,pf_centre,76.253,-86.594,5.959,0.0686,0.964,1.2.826.0.1.3680043.8.498.55781995199407905899613220212897861820,30,4.4,1,True
1.2.826.0.1.3680043.8.498.41619164749467663852546208143469380415,pf_centre,121.436,18.232,14.013,0.0588,1.512,1.2.826.0.1.3680043.8.498.37195241500827938892664940553260576333,30,3.3,1,True
1.2.826.0.1.3680043.8.498.41623512571866040054960002151226127775,pf_centre,-80.186,-92.976,-7.227,0.106,1.565,1.2.826.0.1.3680043.8.498.39010719166009225197294849796111100130,21,5.2,1,True
1.2.826.0.1.3680043.8.498.41640481150213029810772014344448781554,pf_centre,-119.291,-63.041,27.45,0.0633,1.237,1.2.826.0.1.3680043.8.498.68670841046989205258742142658803136869,37,4.5,1,True
1.2.826.0.1.3680043.8.498.41657361598083583047831423768034379414,pf_centre,-129.555,-57.967,-21.668,0.1388,0.931,1.2.826.0.1.3680043.8.498.12891757250639577727532479704532460705,22,4.5,1,True
1.2.826.0.1.3680043.8.498.41662013720606493874198348776219875496,pf_centre,-85.386,-77.235,-19.788,0.0636,2.987,1.2.826.0.1.3680043.8.498.42879818538697766866720622659495632510,36,3.3,1,True
1.2.826.0.1.3680043.8.498.41672145969790132883562432403529293545,pf_centre,75.853,-53.464,28.501,0.0629,2.513,1.2.826.0.1.3680043.8.498.29015223256339640179371919255700534026,29,0.64,5,True
1.2.826.0.1.3680043.8.498.41696746845418651508748386392327996143,pf_centre,54.351,13.331,77.435,0.0658,0.806,1.2.826.0.1.3680043.8.498.40182719017059721859904370894731210200,43,3.5,1,True
1.2.826.0.1.3680043.8.498.41698150452794914665945455397334605778,pf_centre,91.102,39.604,13.021,0.0047,119.494,1.2.826.0.1.3680043.8.498.68185565593252057347062790125203839804,45,3.99,1,True
1.2.826.0.1.3680043.8.498.41717437729988689273718049162153247404,pf_centre,-103.293,-91.904,8.096,0.0718,1.867,1.2.826.0.1.3680043.8.498.65546447508551607828669639141376113390,24,4.864,1,True
1.2.826.0.1.3680043.8.498.41751049067043481681879071436091069601,pf_centre,-69.685,-39.342,20.648,0.0852,1.58,1.2.826.0.1.3680043.8.498.64956737892980438048025014181410186791,30,3.9,1,True
1.2.826.0.1.3680043.8.498.41769275806689876192405091865340286535,pf_centre,95.708,-84.212,-5.888,0.063,3.046,1.2.826.0.1.3680043.8.498.16004496209816051115474542856829300688,40,3.3,1,True
1.2.826.0.1.3680043.8.498.41776233288569201013095816839442161537,pf_centre,80.667,-16.241,-14.394,0.0769,0.702,1.2.826.0.1.3680043.8.498.28672053003136168817926260424090371542,37,4.52,1,True
1.2.826.0.1.3680043.8.498.41810826648175757249770990269365542940,pf_centre,131.619,-78.328,29.593,0.0768,2.44,1.2.826.0.1.3680043.8.498.16341780686373540984302522054027282417,30,4.4,1,True
1.2.826.0.1.3680043.8.498.41837648239243141231469586963862388683,pf_centre,-125.575,-62.148,2.948,0.0868,1.458,1.2.826.0.1.3680043.8.498.53373748292577815026244432957620243833,44,3.3,1,True
1.2.826.0.1.3680043.8.498.41852534027066121760361035269460584004,pf_centre,-84.347,-55.526,-19.465,0.0604,1.152,1.2.826.0.1.3680043.8.498.67040608429876800875456043774800181874,38,3.6,1,True
1.2.826.0.1.3680043.8.498.41854610297797849683195403204758363476,pf_centre,-68.975,-94.14,15.981,0.1181,0.932,1.2.826.0.1.3680043.8.498.80541835872125771619954584436948165755,27,0.6,6,True
1.2.826.0.1.3680043.8.498.41856137734822068230231773222820851271,pf_centre,78.114,-24.525,-19.663,0.0493,1.065,1.2.826.0.1.3680043.8.498.10366854109360278006241562622918042494,30,4.52,1,True
1.2.826.0.1.3680043.8.498.41939824564209194493855981805593285528,pf_centre,-91.06,-96.551,29.899,0.095,0.658,1.2.826.0.1.3680043.8.498.11082518646214081292682819015790807211,29,0.6,5,True
1.2.826.0.1.3680043.8.498.41990779875873214154237496750949660480,pf_centre,-115.427,-123.914,54.288,0.0883,0.801,1.2.826.0.1.3680043.8.498.93727472876618174417501676849884599203,22,6.368,1,True
1.2.826.0.1.3680043.8.498.42018410640565840140895012243840256810,pf_centre,-96.953,-63.551,-31.229,0.105,0.626,1.2.826.0.1.3680043.8.498.28336842808300424829258779983281255861,40,3.3,1,True
1.2.826.0.1.3680043.8.498.42018683052544325209168649309206539721,pf_centre,25.098,-41.146,-21.33,0.065,1.624,1.2.826.0.1.3680043.8.498.33895308215064951641250462250088739037,34,4.5,1,True
1.2.826.0.1.3680043.8.498.42023788139360998656558751921918860808,pf_centre,107.022,-95.307,-0.524,0.0853,1.055,1.2.826.0.1.3680043.8.498.92460427929089307404194462660495341908,32,0.6,5,True
1.2.826.0.1.3680043.8.498.42051385452979123325023608442860201782,pf_centre,-114.379,-84.576,-7.397,0.0553,0.849,1.2.826.0.1.3680043.8.498.99836351470815932122703569868548782981,40,3.3,1,True
1.2.826.0.1.3680043.8.498.42057349781448469704191384429694247725,pf_centre,97.727,-65.005,13.254,0.0889,2.53,1.2.826.0.1.3680043.8.498.33946400252513458249647801986391826020,32,3.6,1,True
1.2.826.0.1.3680043.8.498.42120645248710860870761681999665860884,pf_centre,110.175,-73.526,0.584,0.0763,1.295,1.2.826.0.1.3680043.8.498.93412585178898649026604113393640658408,34,3.85,1,True
1.2.826.0.1.3680043.8.498.42130173624033946465704266507948122088,pf_centre,132.108,-54.663,-23.904,0.0615,1.929,1.2.826.0.1.3680043.8.498.51522529939766813582082661217282582157,42,3.54,1,True
1.2.826.0.1.3680043.8.498.42162585695624963017992042571207363427,pf_centre,70.828,-77.823,-12.773,0.0995,0.942,1.2.826.0.1.3680043.8.498.12261766702228825948914026285809869719,33,3.5,1,True
1.2.826.0.1.3680043.8.498.42221373360893091454504422964928099406,pf_centre,-73.139,-47.813,33.124,0.0884,0.921,1.2.826.0.1.3680043.8.498.64228728921682916645296793408356393735,36,3.3,1,True
1.2.826.0.1.3680043.8.498.42225165085995728538373532053227662192,pf_centre,83.667,-86.802,18.273,0.0765,2.693,1.2.826.0.1.3680043.8.498.54044870661855122573212744845860968489,30,0.6,6,True
1.2.826.0.1.3680043.8.498.42287188181305579531212818123200473947,pf_centre,-128.648,-73.942,27.575,0.0544,2.135,1.2.826.0.1.3680043.8.498.75249211547249838872896908004447756407,30,4.5,1,True
1.2.826.0.1.3680043.8.498.42389063782063360163798575455522539633,pf_centre,-78.61,-25.732,6.464,0.1114,1.367,1.2.826.0.1.3680043.8.498.46530670831132793510141396172619072342,24,4.5,1,True
1.2.826.0.1.3680043.8.498.42396216793489016293032290339618185275,pf_centre,128.699,-69.079,1.174,0.0784,1.194,1.2.826.0.1.3680043.8.498.23149315702749003724936618638938540965,35,3.5,1,True
1.2.826.0.1.3680043.8.498.42414269167296543219685897036829241885,pf_centre,115.144,-86.579,41.552,0.0718,1.875,1.2.826.0.1.3680043.8.498.11781206795162664396223736693544432033,40,3.3,1,True
1.2.826.0.1.3680043.8.498.42476443240785038044326483794941265936,pf_centre,99.789,-72.311,20.017,0.0701,2.282,1.2.826.0.1.3680043.8.498.11611248701937661261441363009509594452,22,5.0,1,True
1.2.826.0.1.3680043.8.498.42486421970612099441197418307958561877,pf_centre,113.494,-70.849,24.852,0.0828,1.526,1.2.826.0.1.3680043.8.498.14122335040506476908316395857134724970,32,3.3,1,True
1.2.826.0.1.3680043.8.498.42499092649567991851673654940784921876,pf_centre,11.267,-18.561,-28.973,0.0747,1.48,1.2.826.0.1.3680043.8.498.12501374342274947844039970442650265523,32,4.4,1,True
1.2.826.0.1.3680043.8.498.42566296562794128096734153388840524012,pf_centre,63.252,-94.974,-20.403,0.0572,4.613,1.2.826.0.1.3680043.8.498.75481836218752426145345917243369377023,19,5.0,1,True
1.2.826.0.1.3680043.8.498.42580107838226807862930203257414265276,pf_centre,68.005,-50.088,41.679,0.07,1.684,1.2.826.0.1.3680043.8.498.99727156574557145439102718973689807001,38,3.6,1,True
1.2.826.0.1.3680043.8.498.42587087495729026068405824960397052997,pf_centre,-95.027,-44.374,22.703,0.0699,1.646,1.2.826.0.1.3680043.8.498.10588424586834579319399339275727468108,38,3.6,1,True
1.2.826.0.1.3680043.8.498.42598518026540237824479232797503218019,pf_centre,84.223,-77.572,4.872,0.0662,0.941,1.2.826.0.1.3680043.8.498.78983759837901218511302412441549228293,33,4.4,1,True
1.2.826.0.1.3680043.8.498.42609322631348207494943622999125822017,pf_centre,-76.095,-42.688,27.424,0.1053,1.505,1.2.826.0.1.3680043.8.498.39931565369935202744181255304983589986,28,4.5,1,True
1.2.826.0.1.3680043.8.498.42634709955067416383713194799683605006,pf_centre,122.476,-58.074,21.232,0.0797,1.762,1.2.826.0.1.3680043.8.498.78464354542659878926517236583851057469,35,3.5,1,True
1.2.826.0.1.3680043.8.498.42719592405241698450757802131459694665,pf_centre,117.467,-80.47,-4.629,0.0747,0.722,1.2.826.0.1.3680043.8.498.17890977613909973475112834747296510342,30,4.4,1,True
1.2.826.0.1.3680043.8.498.42768603719459834345001093623865167866,pf_centre,74.819,-66.318,28.984,0.0749,3.495,1.2.826.0.1.3680043.8.498.13031397803725770552468759037326792387,27,5.0,1,True
1.2.826.0.1.3680043.8.498.42776652100045349404152232788825670056,pf_centre,-76.967,-34.329,11.309,0.1111,0.695,1.2.826.0.1.3680043.8.498.59364910160064262446869754323551237053,28,4.5,1,True
1.2.826.0.1.3680043.8.498.42778524243264061817587398263842942394,pf_centre,-120.808,-92.967,64.711,0.0563,1.561,1.2.826.0.1.3680043.8.498.10928512166853806405077996433444978202,29,4.5,1,True
1.2.826.0.1.3680043.8.498.42816339547796375466199938922141987775,pf_centre,96.859,-71.169,24.279,0.0806,0.979,1.2.826.0.1.3680043.8.498.26502583786790739611490700701958346460,36,3.85,1,True
1.2.826.0.1.3680043.8.498.42829490507052740062127365747846030214,pf_centre,108.236,-110.719,-10.698,0.1021,1.757,1.2.826.0.1.3680043.8.498.83053862802360982276801331027124038388,21,5.2,1,True
1.2.826.0.1.3680043.8.498.42847376403722341195083350288786052637,pf_centre,-56.482,-36.497,13.054,0.1026,1.555,1.2.826.0.1.3680043.8.498.12258421979845969942108848180030181293,30,3.3,1,True
1.2.826.0.1.3680043.8.498.42887028634948156598417204377884297339,pf_centre,-110.526,-70.923,23.656,0.0426,1.673,1.2.826.0.1.3680043.8.498.47918906530237904191565947488943528753,40,3.3,1,True
1.2.826.0.1.3680043.8.498.42896117106271721157113072562739356381,pf_centre,-114.169,-71.675,50.221,0.0427,2.497,1.2.826.0.1.3680043.8.498.12780515741149612329498400487154903375,42,3.54,1,True
1.2.826.0.1.3680043.8.498.42921593713351589642747633505679170597,pf_centre,126.114,-96.508,58.393,0.0973,1.642,1.2.826.0.1.3680043.8.498.25988469330741034277979294801787598843,22,5.524,1,True
1.2.826.0.1.3680043.8.498.42942844751304929338846069579289911684,pf_centre,-79.899,-56.235,20.676,0.0645,6.445,1.2.826.0.1.3680043.8.498.10028937422633444173012400353019117357,43,3.3,1,True
1.2.826.0.1.3680043.8.498.42965031665568825650795822006244115609,pf_centre,-106.798,-39.07,15.926,0.0446,3.836,1.2.826.0.1.3680043.8.498.11311485753347378233439080406393304614,34,5.0,1,True
1.2.826.0.1.3680043.8.498.42967970121147528831983176261453235744,pf_centre,95.996,-38.029,13.207,0.0871,2.31,1.2.826.0.1.3680043.8.498.79546590238893029239812334300805587367,33,4.5,1,True
1.2.826.0.1.3680043.8.498.42990542863216044717944418712887800295,pf_centre,104.199,-72.382,-30.004,0.0658,1.124,1.2.826.0.1.3680043.8.498.82965617178080147198708102755915255000,21,6.782,1,True
1.2.826.0.1.3680043.8.498.43014288535685961874615794778401152033,pf_centre,-118.814,-91.286,42.288,0.0928,1.256,1.2.826.0.1.3680043.8.498.14007011624560594781475260181014930589,36,3.3,1,True
1.2.826.0.1.3680043.8.498.43046713539641995841029654207663845887,pf_centre,-74.289,-56.471,-17.885,0.0894,3.097,1.2.826.0.1.3680043.8.498.99056301755255912366031650549635154995,22,5.0,1,True
1.2.826.0.1.3680043.8.498.43065391907984821806263204343792008938,pf_centre,-73.177,-36.005,-76.082,0.0673,0.983,1.2.826.0.1.3680043.8.498.30200356594288837310744347353256980739,36,3.3,1,True
1.2.826.0.1.3680043.8.498.43117007553940146763245418710268028741,pf_centre,69.913,-53.789,12.295,0.0637,1.738,1.2.826.0.1.3680043.8.498.86029161362801904208833240654018478599,30,3.3,1,True
1.2.826.0.1.3680043.8.498.43127139928509033152155587499980767364,pf_centre,-69.692,-42.855,9.835,0.1187,4.614,1.2.826.0.1.3680043.8.498.13770144693198715321625592135087352788,24,4.5,1,True
1.2.826.0.1.3680043.8.498.43144544376687968624598661376472625623,pf_centre,-55.621,-60.062,28.107,0.0902,2.587,1.2.826.0.1.3680043.8.498.10317954110040450028281690550255876135,36,3.3,1,True
1.2.826.0.1.3680043.8.498.43256282639827216310036033378453939750,pf_centre,-71.939,-69.65,33.256,0.0737,1.12,1.2.826.0.1.3680043.8.498.13250606086116588107929165382741815090,30,3.85,1,True
1.2.826.0.1.3680043.8.498.43256905750043156063416845850825787417,pf_centre,-97.113,-62.119,9.042,0.0816,2.029,1.2.826.0.1.3680043.8.498.11197079243588543550094093131404326036,36,3.6,1,True
1.2.826.0.1.3680043.8.498.43300763182450509440662392516941842389,pf_centre,-73.499,-75.618,-11.887,0.0477,1.663,1.2.826.0.1.3680043.8.498.11108525064253273664909054185637327630,38,3.6,1,True
1.2.826.0.1.3680043.8.498.43325226037168674077736336919956196684,pf_centre,92.373,-87.658,-19.491,0.13,1.067,1.2.826.0.1.3680043.8.498.12354462582203476285934765015430555304,19,5.2,1,True
1.2.826.0.1.3680043.8.498.43339007024446439709455570527734115557,pf_centre,-73.22,-48.684,23.864,0.0945,3.488,1.2.826.0.1.3680043.8.498.12632090277999341255381324148845620469,27,4.8,1,True
1.2.826.0.1.3680043.8.498.43351215447181735764667371462573550267,pf_centre,93.932,-50.781,6.518,0.0636,1.774,1.2.826.0.1.3680043.8.498.14473241917270417922774439581507478943,40,3.3,1,True
1.2.826.0.1.3680043.8.498.43355923025859051425546451466843844346,pf_centre,63.573,-73.878,-4.757,0.0936,1.263,1.2.826.0.1.3680043.8.498.16136275492082186359733031187980940422,38,3.5,1,True
1.2.826.0.1.3680043.8.498.43412154740072739455825163326814980838,pf_centre,91.559,-78.416,15.787,0.0703,1.532,1.2.826.0.1.3680043.8.498.12547006960325349740419580319262011223,33,3.85,1,True
1.2.826.0.1.3680043.8.498.43432499267536761263202158662502957684,pf_centre,-122.986,-105.825,14.746,0.092,1.038,1.2.826.0.1.3680043.8.498.91493326418980665649220316637174255245,25,4.8,1,True
1.2.826.0.1.3680043.8.498.43439413368880313042951208701983487343,pf_centre,-103.381,-84.249,11.3,0.0634,1.708,1.2.826.0.1.3680043.8.498.11349497963009707456658729263484052370,30,4.4,1,True
1.2.826.0.1.3680043.8.498.43442933855807685981061557274166869461,pf_centre,-68.032,-79.586,34.507,0.0775,2.517,1.2.826.0.1.3680043.8.498.98697647044359856636448519068155070398,33,3.85,1,True
1.2.826.0.1.3680043.8.498.43445351322695981909807931874796758490,pf_centre,-98.725,-3.04,17.639,0.1074,1.48,1.2.826.0.1.3680043.8.498.66392453846289292120065963287047774243,20,5.0,1,True
1.2.826.0.1.3680043.8.498.43483537125776347707929354413013709736,pf_centre,-102.117,-29.561,12.512,0.1006,1.298,1.2.826.0.1.3680043.8.498.90203290807717156292032600955053858432,30,3.3,1,True
1.2.826.0.1.3680043.8.498.43587191909319947256183198986671106743,pf_centre,-52.393,-2.727,-19.477,0.0477,3.318,1.2.826.0.1.3680043.8.498.68093366684243560971762969321520123650,36,5.0,1,True
1.2.826.0.1.3680043.8.498.43587826365647713044374316837330397375,pf_centre,105.98,-51.685,22.97,0.0703,2.026,1.2.826.0.1.3680043.8.498.56376013327403787443556568457675358387,43,3.3,1,True
1.2.826.0.1.3680043.8.498.43692339773096477132070133629776394739,pf_centre,-100.344,-63.728,-15.183,0.0855,1.472,1.2.826.0.1.3680043.8.498.22883504403383285649159257007593452981,36,3.3,1,True
1.2.826.0.1.3680043.8.498.43709699920591091261137846976272625163,pf_centre,-123.148,-89.834,21.07,0.0682,0.857,1.2.826.0.1.3680043.8.498.22727945834613820615118676508786582929,46,3.3,1,True
1.2.826.0.1.3680043.8.498.43779228281849457650343989788070421822,pf_centre,97.267,-53.863,34.574,0.1028,2.549,1.2.826.0.1.3680043.8.498.18605121067419868568593338093911522696,36,3.3,1,True
1.2.826.0.1.3680043.8.498.43797037142729611453626414920554246615,pf_centre,124.848,-119.977,22.516,0.1211,1.717,1.2.826.0.1.3680043.8.498.10701997783005217342926537002244447628,19,4.84,1,True
1.2.826.0.1.3680043.8.498.43832771919542075229536000564653592465,pf_centre,79.752,-51.992,-24.881,0.0915,3.502,1.2.826.0.1.3680043.8.498.44802313421942487636836119617889361918,20,5.0,1,True
1.2.826.0.1.3680043.8.498.43870319732657730742794291443940225011,pf_centre,89.845,-24.16,-10.02,0.0519,0.577,1.2.826.0.1.3680043.8.498.98233312702516271872441130707970270444,31,4.4,1,True
1.2.826.0.1.3680043.8.498.43967752580489865323542041346927244370,pf_centre,-89.619,-43.645,-25.614,0.0809,1.684,1.2.826.0.1.3680043.8.498.13130043554776772122559419226951526639,36,3.3,1,True
1.2.826.0.1.3680043.8.498.44002376543340544410495269060824194475,pf_centre,-135.01,-12.078,-6.212,0.0682,2.769,1.2.826.0.1.3680043.8.498.44599899014301569690948560066350990698,47,3.5,1,True
1.2.826.0.1.3680043.8.498.44024350801191362011463613321559949052,pf_centre,-127.527,-75.536,5.38,0.0717,3.362,1.2.826.0.1.3680043.8.498.11566153120770489610090939731397160923,42,3.3,1,True
1.2.826.0.1.3680043.8.498.44149403030093858908988179411336839587,pf_centre,-89.347,-65.29,-5.473,0.0767,0.777,1.2.826.0.1.3680043.8.498.16513390873885589614724418437263866319,36,3.3,1,True
1.2.826.0.1.3680043.8.498.44239214982361627984688924889728201208,pf_centre,58.092,-45.698,10.765,0.105,1.051,1.2.826.0.1.3680043.8.498.95748826939469455073629653649627846507,17,6.0,1,True
1.2.826.0.1.3680043.8.498.44259687212868598275713310246316207497,pf_centre,-125.533,-41.279,23.73,0.0904,1.352,1.2.826.0.1.3680043.8.498.13229875320174624002534108713333603946,40,3.3,1,True
1.2.826.0.1.3680043.8.498.44261256084247541720465769177956875383,pf_centre,-92.075,-65.709,-3.069,0.0612,1.717,1.2.826.0.1.3680043.8.498.22196225336398392954638541855781616125,36,4.0,1,True
1.2.826.0.1.3680043.8.498.44321626715626508427287815810252844889,pf_centre,-114.638,-95.567,24.626,0.0941,0.931,1.2.826.0.1.3680043.8.498.15999410242543743270650580959998554471,22,5.483,1,True
1.2.826.0.1.3680043.8.498.44323131330689365651417881352766725366,pf_centre,-76.877,-15.604,49.485,0.0449,1.281,1.2.826.0.1.3680043.8.498.90060004130106506499907681642113345086,41,3.5,1,True
1.2.826.0.1.3680043.8.498.44333089398623004498721836325723633455,pf_centre,81.126,-18.691,36.784,0.0965,1.601,1.2.826.0.1.3680043.8.498.12250949083562675911710575117399617803,40,3.5,1,True
1.2.826.0.1.3680043.8.498.44350638600163778456163342454087669278,pf_centre,87.944,-49.865,-4.363,0.0895,1.138,1.2.826.0.1.3680043.8.498.49759258349293976880512445588486204041,36,3.3,1,True
1.2.826.0.1.3680043.8.498.44365814642869065241166313231424697474,pf_centre,-99.241,-64.358,36.102,0.0945,3.034,1.2.826.0.1.3680043.8.498.87302230651707437387509021118343603850,36,3.3,1,True
1.2.826.0.1.3680043.8.498.44405554266141576380633014711246118209,pf_centre,-88.431,-59.96,27.672,0.0866,0.766,1.2.826.0.1.3680043.8.498.10047613201449115097497098032893420713,34,4.55,1,True
1.2.826.0.1.3680043.8.498.44417768181231991989438194369583907493,pf_centre,80.065,-84.714,24.41,0.0935,1.485,1.2.826.0.1.3680043.8.498.10541024563899324940738644528592409876,29,0.6,5,True
1.2.826.0.1.3680043.8.498.44424196147366603683090692394096032727,pf_centre,-114.296,-106.65,30.645,0.0692,2.948,1.2.826.0.1.3680043.8.498.71713063348524022816903869057769600379,40,3.3,1,True
1.2.826.0.1.3680043.8.498.44441813293962885868294317830142850713,pf_centre,121.777,-42.574,20.484,0.0571,2.236,1.2.826.0.1.3680043.8.498.16821336296903766638698209130707055313,37,4.5,1,True
1.2.826.0.1.3680043.8.498.44476475746458439091354236934188679569,pf_centre,-120.643,-80.995,-5.511,0.0726,1.902,1.2.826.0.1.3680043.8.498.29656932758429639884826027502637714745,30,4.4,1,True
1.2.826.0.1.3680043.8.498.44525218699266472141419416162979441275,pf_centre,112.769,-76.466,18.175,0.0818,1.799,1.2.826.0.1.3680043.8.498.12875207977589157481166781934940350135,33,3.3,1,True
1.2.826.0.1.3680043.8.498.44629238055006732101555855930071163428,pf_centre,105.813,-83.705,-11.491,0.0659,0.945,1.2.826.0.1.3680043.8.498.95050231834164821487515597381650211797,40,3.3,1,True
1.2.826.0.1.3680043.8.498.44654558140536370040701171884970036040,pf_centre,-77.611,-38.179,4.751,0.0791,1.699,1.2.826.0.1.3680043.8.498.79567416139565338321594432726496542942,36,3.3,1,True
1.2.826.0.1.3680043.8.498.44670636848627131733157841382853275817,pf_centre,106.438,-62.764,6.028,0.0917,2.324,1.2.826.0.1.3680043.8.498.40836588996613271532413019880906216105,40,3.3,1,True
1.2.826.0.1.3680043.8.498.44713330360073884105636085566230396530,pf_centre,-93.771,-59.805,6.69,0.0606,1.771,1.2.826.0.1.3680043.8.498.10125903227803478701129539319895874908,36,4.0,1,True
1.2.826.0.1.3680043.8.498.44733200650377282012534389271385687852,pf_centre,-78.64,-40.471,20.241,0.0955,1.072,1.2.826.0.1.3680043.8.498.13994575905448125261001408327748649232,24,4.5,1,True
1.2.826.0.1.3680043.8.498.44758766790156297849747618145458535803,pf_centre,-106.219,-85.984,10.702,0.0548,1.756,1.2.826.0.1.3680043.8.498.11797722988381721920594017550304854467,26,5.0,1,True
1.2.826.0.1.3680043.8.498.44792591585917525576461101442761037507,pf_centre,77.793,-41.129,22.589,0.0594,2.19,1.2.826.0.1.3680043.8.498.38594766883687564010884982284095527303,30,4.4,1,True
1.2.826.0.1.3680043.8.498.44863396093454506630473164990623458425,pf_centre,93.381,-49.959,10.677,0.0627,2.695,1.2.826.0.1.3680043.8.498.11299286471395366936375111730382592267,36,4.095,1,True
1.2.826.0.1.3680043.8.498.44875593707781066742286566388388035791,pf_centre,-66.245,-20.805,13.516,0.0844,2.201,1.2.826.0.1.3680043.8.498.34410133400863425113932135007474049145,28,4.5,1,True
1.2.826.0.1.3680043.8.498.44879085997210091159117906674172231025,pf_centre,-120.951,-79.813,5.254,0.0572,1.02,1.2.826.0.1.3680043.8.498.60304083470734946481118281135172512890,30,4.0,1,True
1.2.826.0.1.3680043.8.498.44879493336213912007673875382158420811,pf_centre,-82.026,-40.393,29.412,0.0625,4.348,1.2.826.0.1.3680043.8.498.77757822396573023080717641045946739258,40,3.3,1,True
1.2.826.0.1.3680043.8.498.44902036121220687805715010480088379768,pf_centre,-87.639,-70.079,0.718,0.0045,71.854,1.2.826.0.1.3680043.8.498.79599539905159498478208902903854710624,48,3.3,1,True
1.2.826.0.1.3680043.8.498.44941174190375343987327566550204051010,pf_centre,-89.264,-41.266,-15.705,0.1066,1.837,1.2.826.0.1.3680043.8.498.10451735019721570876749870234530777264,30,3.3,1,True
1.2.826.0.1.3680043.8.498.44996883917122941421301655137158093858,pf_centre,-77.512,-13.753,-33.324,0.078,1.229,1.2.826.0.1.3680043.8.498.10673012827440157805237862290886999303,27,5.5,1,True
1.2.826.0.1.3680043.8.498.45033326048521572717771708818514772861,pf_centre,-70.882,-35.108,16.97,0.0788,1.386,1.2.826.0.1.3680043.8.498.11211349118565839950434943234258854592,30,4.55,1,True
1.2.826.0.1.3680043.8.498.45059917085750212913588683242522799083,pf_centre,-30.627,-25.355,20.418,0.0621,2.49,1.2.826.0.1.3680043.8.498.30644791285804552207042363602336200937,28,4.3,1,True
1.2.826.0.1.3680043.8.498.45072896942121803896760563154385918032,pf_centre,117.097,-94.8,27.222,0.0588,1.909,1.2.826.0.1.3680043.8.498.13787918363474090274989179847269092288,32,5.5,1,True
1.2.826.0.1.3680043.8.498.45082393649917309927267478072569185694,pf_centre,0.026,-33.231,18.075,0.0847,1.695,1.2.826.0.1.3680043.8.498.13296999036699970015394774646366888508,28,4.0,1,True
1.2.826.0.1.3680043.8.498.45118217412917282413100913670807141634,pf_centre,-87.133,-100.491,7.961,0.0761,0.67,1.2.826.0.1.3680043.8.498.66178038399904756844301996088431483169,24,6.122,1,True
1.2.826.0.1.3680043.8.498.45170517567841608067443743961197123093,pf_centre,-134.65,-51.512,-23.492,0.0822,12.576,1.2.826.0.1.3680043.8.498.24291030343955932460771102296456943265,32,3.6,1,True
1.2.826.0.1.3680043.8.498.45207812477654339877341538582090218293,pf_centre,124.636,-88.432,-6.151,0.1089,1.677,1.2.826.0.1.3680043.8.498.28957024987859670386693017068575444550,32,3.3,1,True
1.2.826.0.1.3680043.8.498.45251306032215692953561852960585282987,pf_centre,126.329,-49.039,44.691,0.048,1.72,1.2.826.0.1.3680043.8.498.62455488662989541359838118064767331416,45,4.0,1,True
1.2.826.0.1.3680043.8.498.45273393220765922863913956738614783632,pf_centre,117.769,-94.222,20.971,0.0829,3.524,1.2.826.0.1.3680043.8.498.12222136556680886247764922525020027480,20,6.695,1,True
1.2.826.0.1.3680043.8.498.45286493874121093392171044034263851961,pf_centre,117.543,-79.6,13.553,0.068,1.617,1.2.826.0.1.3680043.8.498.11692270206289371201120200995196779109,35,3.5,1,True
1.2.826.0.1.3680043.8.498.45304570280714567513866386380356988876,pf_centre,-92.349,-67.592,20.913,0.0646,2.573,1.2.826.0.1.3680043.8.498.45260117272445823764442174271447779951,38,3.6,1,True
1.2.826.0.1.3680043.8.498.45316453179223822297459860764883030492,pf_centre,-90.274,-32.172,44.308,0.1134,1.152,1.2.826.0.1.3680043.8.498.57929343334271560743267797210135406582,30,3.3,1,True
1.2.826.0.1.3680043.8.498.45326662718293919909188368237039419949,pf_centre,95.041,-63.206,13.604,0.0831,2.241,1.2.826.0.1.3680043.8.498.62878358812644855276390191349235617177,36,3.3,1,True
1.2.826.0.1.3680043.8.498.45332185607602495786497298658937575959,pf_centre,-49.292,-25.587,-27.524,0.091,1.477,1.2.826.0.1.3680043.8.498.10526170811675804310874509841822790037,30,3.3,1,True
1.2.826.0.1.3680043.8.498.45367987334597713963053051542179369641,pf_centre,49.814,-47.356,-10.464,0.1202,1.474,1.2.826.0.1.3680043.8.498.55949413055725912199830814935859814071,22,4.5,1,True
1.2.826.0.1.3680043.8.498.45368532788186860828867663606651818835,pf_centre,87.508,-52.105,25.014,0.0518,1.037,1.2.826.0.1.3680043.8.498.73756488755139518775735961056422380336,38,3.6,1,True
1.2.826.0.1.3680043.8.498.45380312679924593883892686293576260616,pf_centre,-65.061,-71.738,10.286,0.1264,2.995,1.2.826.0.1.3680043.8.498.38753175240476272827856977625471924581,24,0.6,6,True
1.2.826.0.1.3680043.8.498.45392604471538776666611947492530314159,pf_centre,-112.783,-85.82,41.472,0.0287,3.26,1.2.826.0.1.3680043.8.498.10475356530086951355518835403524297620,22,5.844,1,True
1.2.826.0.1.3680043.8.498.45406212529450909512649737062964080190,pf_centre,-85.901,-49.739,16.355,0.0883,1.745,1.2.826.0.1.3680043.8.498.41890838122407165528009939002970963605,40,3.3,1,True
1.2.826.0.1.3680043.8.498.45454539422542821586939369440135728144,pf_centre,-100.804,-36.597,25.69,0.0681,1.365,1.2.826.0.1.3680043.8.498.80920639719359299385053370415671860747,30,3.3,1,True
1.2.826.0.1.3680043.8.498.45462389009834095091353507592651342877,pf_centre,94.887,-64.779,-24.045,0.0892,1.828,1.2.826.0.1.3680043.8.498.52936722443266899999602332730928069622,36,3.3,1,True
1.2.826.0.1.3680043.8.498.45463321406810606039579747001339703552,pf_centre,84.737,-32.165,-14.137,0.1142,0.972,1.2.826.0.1.3680043.8.498.66293896342342687697153793036008267769,27,3.6,1,True
1.2.826.0.1.3680043.8.498.45491168638937605395466251659273753775,pf_centre,-72.999,-36.602,-23.443,0.0649,2.537,1.2.826.0.1.3680043.8.498.39961280345385272129890052548502421415,40,4.0,1,True
1.2.826.0.1.3680043.8.498.45504348071514081636909771148066956410,pf_centre,1.279,-15.56,-14.886,0.0465,5.62,1.2.826.0.1.3680043.8.498.35866957957724703547632874458875415257,24,4.4,1,True
1.2.826.0.1.3680043.8.498.45519502487291848581539950159353124045,pf_centre,65.999,-19.965,-9.617,0.1213,1.468,1.2.826.0.1.3680043.8.498.93773322168996530059493849839852887403,22,4.4,1,True
1.2.826.0.1.3680043.8.498.45625191292968830335971647388746041117,pf_centre,-88.609,-49.79,21.136,0.0554,2.612,1.2.826.0.1.3680043.8.498.60042510425238844600220714417047713642,36,4.0,1,True
1.2.826.0.1.3680043.8.498.45630051398709774279703407401383545642,pf_centre,100.03,-81.991,12.01,0.0694,2.034,1.2.826.0.1.3680043.8.498.10967688768044903216395172101395409333,22,5.8,1,True
1.2.826.0.1.3680043.8.498.45644703214235636656820126625301033696,pf_centre,108.254,-55.91,9.601,0.0612,3.189,1.2.826.0.1.3680043.8.498.78047710352926965521487426585476835449,32,3.6,1,True
1.2.826.0.1.3680043.8.498.45678969592219293243366784683191701674,pf_centre,-83.766,-32.761,62.081,0.0455,1.499,1.2.826.0.1.3680043.8.498.60082250324040882413467873684386936649,40,3.5,1,True
1.2.826.0.1.3680043.8.498.45755198489211010290512228906807170657,pf_centre,-98.578,-28.833,-13.19,0.1092,2.229,1.2.826.0.1.3680043.8.498.10593488711066451443698760079528470313,30,4.4,1,True
1.2.826.0.1.3680043.8.498.45768777378108699271714894225826640121,pf_centre,97.131,-40.586,23.268,0.0498,3.256,1.2.826.0.1.3680043.8.498.67005470245778704341537747576592237982,40,4.095,1,True
1.2.826.0.1.3680043.8.498.45811964949115542204306831813385709206,pf_centre,-105.278,-70.734,25.762,0.0728,0.65,1.2.826.0.1.3680043.8.498.78420419329205272764625839681656492759,32,4.025,1,True
1.2.826.0.1.3680043.8.498.45862157701704991290669186265816463426,pf_centre,-82.173,-91.634,15.163,0.1151,1.466,1.2.826.0.1.3680043.8.498.11160048916956478244401384574176827167,24,0.6,6,True
1.2.826.0.1.3680043.8.498.45865541491386404818767748310365919685,pf_centre,-85.618,-37.259,-17.346,0.1066,1.354,1.2.826.0.1.3680043.8.498.66696333064598532860331052802123824172,28,4.5,1,True
1.2.826.0.1.3680043.8.498.45868806544202339567395643235910857549,pf_centre,-73.99,-33.771,4.797,0.082,2.239,1.2.826.0.1.3680043.8.498.46821447623314009579340787258466380143,30,3.6,1,True
1.2.826.0.1.3680043.8.498.45894475516096841241467193775629362381,pf_centre,98.996,-32.542,40.336,0.0353,11.84,1.2.826.0.1.3680043.8.498.34421871765884187281952275489821523297,35,4.52,1,True
1.2.826.0.1.3680043.8.498.45968957856865486437256472516713628614,pf_centre,-95.46,-91.62,38.672,0.1209,1.286,1.2.826.0.1.3680043.8.498.89024802095301090748277602382096429521,24,0.6,6,True
1.2.826.0.1.3680043.8.498.46001596547902477402837300565271742663,pf_centre,90.146,-78.428,18.931,0.0604,1.988,1.2.826.0.1.3680043.8.498.51177427079477146083240681914337696057,38,3.6,1,True
1.2.826.0.1.3680043.8.498.46016776602328665980436110567854612595,pf_centre,105.011,-64.028,9.208,0.0807,5.319,1.2.826.0.1.3680043.8.498.40870897592883590339994479522847313601,36,3.3,1,True
1.2.826.0.1.3680043.8.498.46036209147177723970966724006242055397,pf_centre,8.608,-20.374,-14.428,0.0816,1.419,1.2.826.0.1.3680043.8.498.15716097694974347844771051995284419043,25,5.0,1,True
1.2.826.0.1.3680043.8.498.46051119885630602872050329412008545893,pf_centre,84.426,-81.356,6.073,0.0559,1.118,1.2.826.0.1.3680043.8.498.34534043901782974603120885178054468882,48,3.3,1,True
1.2.826.0.1.3680043.8.498.46052469424267861803032899866428547156,pf_centre,100.112,-41.673,57.964,0.0914,1.086,1.2.826.0.1.3680043.8.498.12656854356944201881673410878086401032,38,3.6,1,True
1.2.826.0.1.3680043.8.498.46123761840464615814604226041496278995,pf_centre,79.388,-84.165,-35.239,0.1291,0.639,1.2.826.0.1.3680043.8.498.11621004856350607287870852257527274118,19,4.8,1,True
1.2.826.0.1.3680043.8.498.46172451572836863687073454997158931662,pf_centre,-103.424,4.128,37.136,0.0501,7.251,1.2.826.0.1.3680043.8.498.49294336234828292951927172974547797202,30,3.6,1,True
1.2.826.0.1.3680043.8.498.46222691720198967161306520058359099856,pf_centre,95.754,-101.949,22.325,0.0919,4.479,1.2.826.0.1.3680043.8.498.12686227330494485765002247609021474738,20,6.828,1,True
1.2.826.0.1.3680043.8.498.46228189366201925238527911905072482095,pf_centre,-97.423,-95.823,47.931,0.1007,1.545,1.2.826.0.1.3680043.8.498.10836880358008609823233854260377133357,26,0.6,5,True
1.2.826.0.1.3680043.8.498.46259494895672269475940484605821837768,pf_centre,-121.409,-89.7,1.847,0.0737,1.428,1.2.826.0.1.3680043.8.498.25041960589594417848776115661386437990,36,3.3,1,True
1.2.826.0.1.3680043.8.498.46268820642949526111807948525363811264,pf_centre,-129.959,-80.856,25.463,0.0837,3.457,1.2.826.0.1.3680043.8.498.26529168179306750466971775399458413678,21,7.2,1,True
1.2.826.0.1.3680043.8.498.46282234455466954264170065462242039568,pf_centre,-77.01,-34.517,-9.625,0.1016,1.487,1.2.826.0.1.3680043.8.498.64576628878160369624920900983881982738,26,4.4,1,True
1.2.826.0.1.3680043.8.498.46297226877524853395345229615300658523,pf_centre,-84.056,-64.998,-6.336,0.0812,1.254,1.2.826.0.1.3680043.8.498.63247075494216368292403383909243242723,31,3.3,1,True
1.2.826.0.1.3680043.8.498.46305694398420300356121078124030126469,pf_centre,109.154,-47.763,-17.216,0.0957,1.175,1.2.826.0.1.3680043.8.498.12893715311841303511310849759482722958,35,3.3,1,True
1.2.826.0.1.3680043.8.498.46309540159823359540686782651264853894,pf_centre,112.309,-4.056,-8.33,0.1201,0.978,1.2.826.0.1.3680043.8.498.44357709593103782141368959091961509438,20,5.0,1,True
1.2.826.0.1.3680043.8.498.46335849264221717416382765091672040855,pf_centre,-88.906,-91.93,-8.267,0.0852,10.477,1.2.826.0.1.3680043.8.498.68440228418075246130318657043572637841,32,0.6,5,True
1.2.826.0.1.3680043.8.498.46407639440476738746130651250276012493,pf_centre,-88.219,-56.133,16.787,0.0742,1.575,1.2.826.0.1.3680043.8.498.46187974150813409187153414977043700615,38,3.6,1,True
1.2.826.0.1.3680043.8.498.46427879286435198611282055405541286766,pf_centre,93.198,-47.231,6.158,0.0923,1.052,1.2.826.0.1.3680043.8.498.81769823125775563148407454364238128799,36,3.3,1,True
1.2.826.0.1.3680043.8.498.46452612704507986055186132736451572677,pf_centre,-85.839,-33.911,25.781,0.0817,2.357,1.2.826.0.1.3680043.8.498.78567345204921287992291661615364759313,24,5.0,1,True
1.2.826.0.1.3680043.8.498.46491051379327985199309365945879841064,pf_centre,-109.85,-87.453,26.288,0.075,1.967,1.2.826.0.1.3680043.8.498.93352893543426366117854950488913113689,38,3.85,1,True
1.2.826.0.1.3680043.8.498.46506161284114284997220751358509505380,pf_centre,-97.067,-51.59,5.108,0.0901,0.991,1.2.826.0.1.3680043.8.498.11626421817563054861468066665954796003,30,4.0,1,True
1.2.826.0.1.3680043.8.498.46658713832425741743740258795376270265,pf_centre,107.072,-3.488,5.039,0.0859,1.496,1.2.826.0.1.3680043.8.498.85760718884370947963667299188590508378,23,5.0,1,True
1.2.826.0.1.3680043.8.498.46700895961751940291334058396794206479,pf_centre,-87.349,24.389,-26.123,0.0632,0.814,1.2.826.0.1.3680043.8.498.75585793592688478830793479454679931781,35,3.3,1,True
1.2.826.0.1.3680043.8.498.46713978512945139851373191422321462143,pf_centre,88.493,-54.914,22.589,0.056,0.798,1.2.826.0.1.3680043.8.498.69498709052451226522676128361504580794,45,3.3,1,True
1.2.826.0.1.3680043.8.498.46715670142711601593792518196789347552,pf_centre,-118.566,-79.297,15.622,0.1012,1.054,1.2.826.0.1.3680043.8.498.58888108173820433172363501365259597609,30,3.6,1,True
1.2.826.0.1.3680043.8.498.46745172905542117506863575411125924241,pf_centre,-85.742,-34.137,-1.232,0.0856,1.651,1.2.826.0.1.3680043.8.498.29042970259734963082888981176274150177,30,3.3,1,True
1.2.826.0.1.3680043.8.498.46770589129181839292542004762882468541,pf_centre,87.36,-79.974,6.361,0.0723,1.024,1.2.826.0.1.3680043.8.498.10867223859189652465894705067035179072,30,4.4,1,True
1.2.826.0.1.3680043.8.498.46776367027887983105817631582518625639,pf_centre,111.549,-101.383,13.235,0.0738,3.655,1.2.826.0.1.3680043.8.498.36520572101310828004022429631511821267,34,5.5,1,True
1.2.826.0.1.3680043.8.498.46797419946872257347118338518757027995,pf_centre,-91.004,-46.635,41.986,0.1006,1.027,1.2.826.0.1.3680043.8.498.27429498454600341944716898264180396812,36,3.3,1,True
1.2.826.0.1.3680043.8.498.46825768767498441994570613185981335949,pf_centre,-97.871,-87.339,-2.76,0.0697,2.662,1.2.826.0.1.3680043.8.498.24183429833714290129044115602716326675,38,3.6,1,True
1.2.826.0.1.3680043.8.498.46842734152337184482152392783260161845,pf_centre,-73.592,-80.934,36.831,0.0718,0.776,1.2.826.0.1.3680043.8.498.49467686100278346446287480550130201283,40,3.3,1,True
1.2.826.0.1.3680043.8.498.46884541791777826238103426426267571657,pf_centre,30.536,-54.097,53.858,0.0746,0.981,1.2.826.0.1.3680043.8.498.54451773913128147533875839402655593037,34,3.5,1,True
1.2.826.0.1.3680043.8.498.46893956584698923808118623450380169212,pf_centre,77.331,-86.008,8.219,0.071,4.173,1.2.826.0.1.3680043.8.498.94691800800666605746926815047991257266,30,4.4,1,True
1.2.826.0.1.3680043.8.498.46909729013880708074310736136355969956,pf_centre,-87.517,-30.267,-12.036,0.1108,1.682,1.2.826.0.1.3680043.8.498.82697507257166888373719856499918137822,30,3.3,1,True
1.2.826.0.1.3680043.8.498.46925959240037679795735705370016021232,pf_centre,90.294,-23.091,18.092,0.0997,2.29,1.2.826.0.1.3680043.8.498.74867119003035204416686734997734683597,30,3.3,1,True
1.2.826.0.1.3680043.8.498.47004674612174010017653097242531940431,pf_centre,103.47,-79.962,12.983,0.0654,2.765,1.2.826.0.1.3680043.8.498.77942974038672717908988987061368633683,40,3.5,1,True
1.2.826.0.1.3680043.8.498.47036446751578280498105392189811189787,pf_centre,98.493,-63.699,-12.625,0.0864,4.572,1.2.826.0.1.3680043.8.498.11093794355276644466175921445732001691,39,3.3,1,True
1.2.826.0.1.3680043.8.498.47061252152535181371772020997295000029,pf_centre,85.98,-52.953,28.151,0.1113,1.272,1.2.826.0.1.3680043.8.498.12975581483755176772277067305073150152,30,3.3,1,True
1.2.826.0.1.3680043.8.498.47063694709201049930726855357000925037,pf_centre,126.472,-70.546,2.963,0.0744,0.856,1.2.826.0.1.3680043.8.498.13202063749357449835819024003073085046,35,3.5,1,True
1.2.826.0.1.3680043.8.498.47080537724499166054609508776778189902,pf_centre,138.325,-62.184,26.624,0.0533,2.1,1.2.826.0.1.3680043.8.498.72210499381468872710990451274288893650,32,3.6,1,True
1.2.826.0.1.3680043.8.498.47094981922544354899183959858078311972,pf_centre,-116.138,-92.599,17.673,0.0554,1.227,1.2.826.0.1.3680043.8.498.62393593351290419061950869897302101587,47,0.9,4,True
1.2.826.0.1.3680043.8.498.47130872195336642107576758658144949813,pf_centre,-85.927,-72.882,2.757,0.0659,1.197,1.2.826.0.1.3680043.8.498.75679703268581658988601851159205281509,33,3.5,1,True
1.2.826.0.1.3680043.8.498.47239511009810375185594384849101241004,pf_centre,95.688,-33.967,-9.037,0.0867,2.061,1.2.826.0.1.3680043.8.498.13166581922023988521364529469581574220,36,3.3,1,True
1.2.826.0.1.3680043.8.498.47255564202539432049700324486197024855,pf_centre,-87.398,-63.827,-17.61,0.0569,2.467,1.2.826.0.1.3680043.8.498.10274861435042826588345481217893061163,41,4.0,1,True
1.2.826.0.1.3680043.8.498.47267174205472073784818634988669693642,pf_centre,-95.114,-61.36,1.458,0.0835,0.745,1.2.826.0.1.3680043.8.498.49348194842461516707545942156237708954,36,3.3,1,True
1.2.826.0.1.3680043.8.498.47268599732083036147289040424392838620,pf_centre,-85.242,-51.48,-17.65,0.0836,1.34,1.2.826.0.1.3680043.8.498.25038210327598632268719205163146888204,40,3.3,1,True
1.2.826.0.1.3680043.8.498.47336007784831556446570294227732688335,pf_centre,134.034,-86.579,10.693,0.0689,2.104,1.2.826.0.1.3680043.8.498.12324233228401350455781697513628587329,21,6.782,1,True
1.2.826.0.1.3680043.8.498.47339093185444044578247608022398494955,pf_centre,-84.153,-52.069,8.159,0.0485,0.776,1.2.826.0.1.3680043.8.498.12417960061246836868416703967581546207,40,3.6,1,True
1.2.826.0.1.3680043.8.498.47391919345230380216864709248400573953,pf_centre,131.573,-59.803,-29.833,0.0613,1.657,1.2.826.0.1.3680043.8.498.80284183156740858217658410946356492876,30,4.4,1,True
1.2.826.0.1.3680043.8.498.47449893776425045020340604662487159684,pf_centre,134.368,-96.589,-11.421,0.0852,2.814,1.2.826.0.1.3680043.8.498.53942307723623156138515797823672616120,28,4.5,1,True
1.2.826.0.1.3680043.8.498.47465512474718256570933149642267926825,pf_centre,-85.899,-33.136,32.273,0.0645,1.051,1.2.826.0.1.3680043.8.498.42833914834945349229797525255530591339,30,4.55,1,True
1.2.826.0.1.3680043.8.498.47495385306095610608327984787779011133,pf_centre,84.513,-48.43,22.34,0.1167,1.297,1.2.826.0.1.3680043.8.498.92441193218151385426367401906905507264,35,3.3,1,True
1.2.826.0.1.3680043.8.498.47531034194300620953276025401018051246,pf_centre,84.922,-56.579,-8.339,0.079,1.217,1.2.826.0.1.3680043.8.498.29861532428881128890417097061835113448,36,3.3,1,True
1.2.826.0.1.3680043.8.498.47651715105501347255071941051553742767,pf_centre,77.309,-33.186,28.089,0.0763,2.047,1.2.826.0.1.3680043.8.498.35911811817029647562295417600590590589,30,4.55,1,True
1.2.826.0.1.3680043.8.498.47655269404919497034805209368250028981,pf_centre,8.058,-24.556,-32.857,0.0913,0.785,1.2.826.0.1.3680043.8.498.52041885796011363057692723956949790770,24,4.4,1,True
1.2.826.0.1.3680043.8.498.47666607805434428477774854287399691400,pf_centre,-95.104,-85.975,19.26,0.1133,1.116,1.2.826.0.1.3680043.8.498.92464053013299249343643308323458300698,21,4.8,1,True
1.2.826.0.1.3680043.8.498.47678121014268671436574141288012829166,pf_centre,-121.477,-96.298,-12.934,0.063,2.594,1.2.826.0.1.3680043.8.498.59562786257963260961955599788180671759,40,3.3,1,True
1.2.826.0.1.3680043.8.498.47707670074001059720671838493302874710,pf_centre,-142.34,-118.264,-1.204,0.0279,4.008,1.2.826.0.1.3680043.8.498.11157119427745919051681014210005093722,20,5.2,1,True
1.2.826.0.1.3680043.8.498.47753549323738763346112850705924843959,pf_centre,-101.869,-55.305,45.616,0.0847,1.174,1.2.826.0.1.3680043.8.498.98479534714482990151722447229269064043,24,5.0,1,True
1.2.826.0.1.3680043.8.498.47784065888386216103165400551121771174,pf_centre,77.485,-40.491,48.536,0.076,2.312,1.2.826.0.1.3680043.8.498.10825116397945866946834715022276083250,34,4.2,1,True
1.2.826.0.1.3680043.8.498.47855330524708374523226349383799712473,pf_centre,158.83,-55.791,22.215,0.0874,2.696,1.2.826.0.1.3680043.8.498.43316563173767586468967856053982802437,27,5.5,1,True
1.2.826.0.1.3680043.8.498.47864423097056282241181943425451597067,pf_centre,81.811,-40.983,24.011,0.0781,1.343,1.2.826.0.1.3680043.8.498.11563860492033421731372069122679984763,30,4.55,1,True
1.2.826.0.1.3680043.8.498.47870074144891988520855535250618228390,pf_centre,82.728,-36.627,26.324,0.0606,1.253,1.2.826.0.1.3680043.8.498.11067090872887218615761829181167425496,43,3.3,1,True
1.2.826.0.1.3680043.8.498.47921753480592595198052407850568677187,pf_centre,118.879,-52.825,42.734,0.0792,0.846,1.2.826.0.1.3680043.8.498.52680589140665925020263574237350014176,34,4.5,1,True
1.2.826.0.1.3680043.8.498.47925688677871325890380893763458019552,pf_centre,106.861,-75.219,19.899,0.058,1.208,1.2.826.0.1.3680043.8.498.11189421668918601131691635022674064118,32,4.025,1,True
1.2.826.0.1.3680043.8.498.47949251060660360953300340380324578835,pf_centre,116.464,-56.854,11.53,0.0786,1.988,1.2.826.0.1.3680043.8.498.79310377975048016176518963025632200476,27,4.5,1,True
1.2.826.0.1.3680043.8.498.48033467661219494489168041469309669510,pf_centre,-125.224,-63.346,12.347,0.1009,2.117,1.2.826.0.1.3680043.8.498.12831738864884635023097015334589736459,35,4.5,1,True
1.2.826.0.1.3680043.8.498.48068031587855513429324313927339963541,pf_centre,-80.894,-0.946,13.379,0.0661,1.135,1.2.826.0.1.3680043.8.498.13254690248124607809344845456025717121,40,3.5,1,True
1.2.826.0.1.3680043.8.498.48141366506505611287110229972010695331,pf_centre,-88.834,-97.284,23.766,0.1067,1.271,1.2.826.0.1.3680043.8.498.26815173664619168044275719096395793248,29,0.6,5,True
1.2.826.0.1.3680043.8.498.48160569779413970442472500116176876660,pf_centre,23.285,-48.931,-2.461,0.0999,2.014,1.2.826.0.1.3680043.8.498.96672304157304724550963690671534031379,22,5.0,1,True
1.2.826.0.1.3680043.8.498.48308485987218296338173512060246238691,pf_centre,-70.371,-61.508,49.895,0.0611,1.77,1.2.826.0.1.3680043.8.498.12533222555248724891489135920386135063,30,3.9,1,True
1.2.826.0.1.3680043.8.498.48348615349418615469875801439348424274,pf_centre,103.792,-90.22,23.349,0.0823,2.38,1.2.826.0.1.3680043.8.498.10225164441214828116709169975834166227,37,3.85,1,True
1.2.826.0.1.3680043.8.498.48367523758673249284754003765836877239,pf_centre,-54.741,18.927,-0.476,0.0557,1.157,1.2.826.0.1.3680043.8.498.52941386328195085285817335332472959379,43,3.5,1,True
1.2.826.0.1.3680043.8.498.48368929760320103375578806071106317953,pf_centre,-99.757,-59.92,15.69,0.0744,0.517,1.2.826.0.1.3680043.8.498.50834609812096969497958689340568091498,32,4.0,1,True
1.2.826.0.1.3680043.8.498.48417903971145834309474934717837250776,pf_centre,105.03,-75.886,30.638,0.0719,1.357,1.2.826.0.1.3680043.8.498.12877916636440936997801885039299635206,40,3.3,1,True
1.2.826.0.1.3680043.8.498.48435973333068748044485658920315789799,pf_centre,98.919,-72.419,-27.559,0.0852,2.812,1.2.826.0.1.3680043.8.498.71020581027720589724316396812795224436,48,3.5,1,True
1.2.826.0.1.3680043.8.498.48486018503198264262324670490116120612,pf_centre,-111.909,-107.51,21.973,0.0601,0.876,1.2.826.0.1.3680043.8.498.10876006278741359006568268191228879978,25,5.5,1,True
1.2.826.0.1.3680043.8.498.48520238688122533624681796433258211236,pf_centre,-73.121,-38.683,-43.899,0.0888,1.027,1.2.826.0.1.3680043.8.498.59428768609930505492586614372676391417,30,3.5,1,True
1.2.826.0.1.3680043.8.498.48521453765449688946535921546652765399,pf_centre,-117.289,-82.571,-0.979,0.0731,0.914,1.2.826.0.1.3680043.8.498.61610877189491485896945028406637884731,30,4.4,1,True
1.2.826.0.1.3680043.8.498.48531746264504523370547117933271161633,pf_centre,149.864,-7.32,6.372,0.0866,1.798,1.2.826.0.1.3680043.8.498.82389795930140697945671946383968250876,30,4.4,1,True
1.2.826.0.1.3680043.8.498.48564780460694033783288540237012068889,pf_centre,-103.052,-73.464,16.425,0.0487,2.1,1.2.826.0.1.3680043.8.498.84195493448908831588588934451927423932,48,3.3,1,True
1.2.826.0.1.3680043.8.498.48658459018915173972212724570862424208,pf_centre,80.007,-43.796,19.994,0.0717,1.192,1.2.826.0.1.3680043.8.498.37811684258662085729606651071265289942,38,3.6,1,True
1.2.826.0.1.3680043.8.498.48697800450463192944610588533290320545,pf_centre,105.596,-70.106,-5.804,0.0566,2.079,1.2.826.0.1.3680043.8.498.10836219837351632357435694615551622095,46,4.0,1,True
1.2.826.0.1.3680043.8.498.48750912584073496502856009873745362236,pf_centre,-69.939,-100.403,-0.172,0.1111,0.894,1.2.826.0.1.3680043.8.498.24924333016045895530220347377992267948,19,5.4,1,True
1.2.826.0.1.3680043.8.498.48771187298294322173131630438467163244,pf_centre,-101.381,-70.234,32.784,0.0416,1.126,1.2.826.0.1.3680043.8.498.11638243968480643907837400728834633193,40,3.3,1,True
1.2.826.0.1.3680043.8.498.48780598610511011488578963416186905560,pf_centre,116.502,-87.471,-5.517,0.1106,2.446,1.2.826.0.1.3680043.8.498.11151071934815409155328374536679903067,22,5.36,1,True
1.2.826.0.1.3680043.8.498.48784244479029704181755878324450207126,pf_centre,-78.089,-36.301,3.319,0.0868,1.695,1.2.826.0.1.3680043.8.498.95004474307830103180374707055133889388,24,4.4,1,True
1.2.826.0.1.3680043.8.498.48818931767017230678539144135307491171,pf_centre,109.762,-86.534,-16.647,0.1176,1.272,1.2.826.0.1.3680043.8.498.54997050135972231731350348557785374800,32,3.3,1,True
1.2.826.0.1.3680043.8.498.48829151552094424673693975665028690142,pf_centre,77.199,5.46,-17.534,0.0526,4.322,1.2.826.0.1.3680043.8.498.27849574574696088329634362000326951169,30,4.4,1,True
1.2.826.0.1.3680043.8.498.48855562507887692822284056171390459619,pf_centre,82.218,-46.2,35.495,0.0532,1.884,1.2.826.0.1.3680043.8.498.97986298396372725430997220002960678022,40,3.9,1,True
1.2.826.0.1.3680043.8.498.48872083192774100826667097552356058756,pf_centre,-86.958,-46.712,-0.291,0.0642,0.863,1.2.826.0.1.3680043.8.498.11150076952638037404212933792851452910,42,3.6,1,True
1.2.826.0.1.3680043.8.498.48918090379630186340047006216221526186,pf_centre,89.946,-90.754,9.386,0.0888,3.57,1.2.826.0.1.3680043.8.498.88137516751686219550286653559130720190,29,0.6,5,True
1.2.826.0.1.3680043.8.498.48933020429865163393792899740045803587,pf_centre,87.802,-49.672,-20.214,0.0347,5.666,1.2.826.0.1.3680043.8.498.67856906566885592476058107416251132222,38,3.6,1,True
1.2.826.0.1.3680043.8.498.48946580946665031852355005294734101132,pf_centre,115.495,-112.421,4.763,0.0662,0.609,1.2.826.0.1.3680043.8.498.25623620215370725395931151899931839246,30,5.5,1,True
1.2.826.0.1.3680043.8.498.48977699132767849812826572970218325717,pf_centre,86.387,-56.567,16.55,0.0913,1.112,1.2.826.0.1.3680043.8.498.12192724253775595393378105655109319739,32,4.55,1,True
1.2.826.0.1.3680043.8.498.49025249926859976858200443939208207124,pf_centre,68.529,-60.829,6.346,0.1061,1.219,1.2.826.0.1.3680043.8.498.93326866370765706527570952673239009170,26,4.5,1,True
1.2.826.0.1.3680043.8.498.49047255106144196602523585429683869547,pf_centre,115.665,-93.699,16.619,0.0701,0.743,1.2.826.0.1.3680043.8.498.51163198769833146774064032099004802438,35,3.5,1,True
1.2.826.0.1.3680043.8.498.49048739684287632681242054218807611262,pf_centre,-106.297,-71.697,-1.997,0.0636,1.815,1.2.826.0.1.3680043.8.498.13333098499365484858607389561339051694,30,3.6,1,True
1.2.826.0.1.3680043.8.498.49054454369199540406654153762248931799,pf_centre,-144.023,-83.826,2.789,0.09,1.417,1.2.826.0.1.3680043.8.498.55692087920350135862162000076461921359,30,3.5,1,True
1.2.826.0.1.3680043.8.498.49094276335794811195117175603556929507,pf_centre,-99.669,-88.69,37.255,0.1039,1.965,1.2.826.0.1.3680043.8.498.11309157351352858482684205211050556500,19,5.4,1,True
1.2.826.0.1.3680043.8.498.49163335688297423808344168197551387860,pf_centre,-114.527,-72.296,2.609,0.0555,1.58,1.2.826.0.1.3680043.8.498.60926834289900657950749794475063278255,34,4.5,1,True
1.2.826.0.1.3680043.8.498.49186859342644783675130322288585477727,pf_centre,-84.873,-86.194,24.459,0.1126,1.881,1.2.826.0.1.3680043.8.498.44506026119065372298528780888431586856,29,0.6,5,True
1.2.826.0.1.3680043.8.498.49219586198038249030222134813685536295,pf_centre,-94.668,-46.092,-5.327,0.1059,1.268,1.2.826.0.1.3680043.8.498.60335097231608359973576536951575817892,28,4.5,1,True
1.2.826.0.1.3680043.8.498.49287143478474218875661109488367501329,pf_centre,-73.699,-57.515,19.751,0.0917,1.279,1.2.826.0.1.3680043.8.498.11376623530894104040445888778769808302,36,3.3,1,True
1.2.826.0.1.3680043.8.498.49347024975371539869871751159907613638,pf_centre,-76.167,-96.31,-7.782,0.0756,1.905,1.2.826.0.1.3680043.8.498.52153675959243105071842195278008143575,24,4.4,1,True
1.2.826.0.1.3680043.8.498.49379034023506626029648394840207360925,pf_centre,-111.359,-80.328,23.769,0.0586,2.212,1.2.826.0.1.3680043.8.498.51766532453519344075903021542177208748,40,3.3,1,True
1.2.826.0.1.3680043.8.498.49394404966674633152360206835416205330,pf_centre,95.139,-61.907,-11.39,0.0796,4.398,1.2.826.0.1.3680043.8.498.90851637447075198528303173555677202727,36,3.3,1,True
1.2.826.0.1.3680043.8.498.49441835811239898312243678447796777305,pf_centre,102.432,-126.613,27.008,0.1282,1.133,1.2.826.0.1.3680043.8.498.13394738857053837072233267323762735842,19,5.0,1,True
1.2.826.0.1.3680043.8.498.49443962795025989994487968185070137217,pf_centre,84.698,-72.131,-8.914,0.0794,2.476,1.2.826.0.1.3680043.8.498.10851306295499637036209644836353497860,38,3.6,1,True
1.2.826.0.1.3680043.8.498.49481811111224238761880576486796603139,pf_centre,-68.945,-50.453,19.839,0.0787,2.86,1.2.826.0.1.3680043.8.498.12637267547506222342526855367559021144,32,4.55,1,True
1.2.826.0.1.3680043.8.498.49492260217998945587168161555623476238,pf_centre,72.267,-50.378,28.661,0.0934,0.838,1.2.826.0.1.3680043.8.498.79450289063467219781887581880284242613,32,4.55,1,True
1.2.826.0.1.3680043.8.498.49495644703047055149965226028097259207,pf_centre,77.734,-107.162,2.015,0.1346,0.888,1.2.826.0.1.3680043.8.498.25052858721088896290445410772372992374,19,4.8,1,True
1.2.826.0.1.3680043.8.498.49500752658775616590911569693817273205,pf_centre,-110.407,-48.991,7.266,0.0891,0.798,1.2.826.0.1.3680043.8.498.68264146186701406301196096475934816338,28,4.5,1,True
1.2.826.0.1.3680043.8.498.49575149159425506211571562732929634662,pf_centre,89.233,-77.03,-22.976,0.0873,4.984,1.2.826.0.1.3680043.8.498.92514682874519647774070063511043680574,24,0.6,6,True
1.2.826.0.1.3680043.8.498.49583348226932515919984811293816232513,pf_centre,-89.727,-93.074,48.913,0.0809,1.334,1.2.826.0.1.3680043.8.498.63063926099346432639850495874833510907,40,3.3,1,True
1.2.826.0.1.3680043.8.498.49603554452147117475589797389254733654,pf_centre,69.849,-32.182,20.837,0.0798,0.777,1.2.826.0.1.3680043.8.498.93190060466488991406616690595324698010,30,4.55,1,True
1.2.826.0.1.3680043.8.498.49660659440268002826070581802625582554,pf_centre,105.851,-118.261,-16.172,0.0762,1.593,1.2.826.0.1.3680043.8.498.12483672881312735538030119545016945652,19,6.0,1,True
1.2.826.0.1.3680043.8.498.49679916686449433962263937489400526112,pf_centre,105.085,-79.397,8.924,0.0548,1.568,1.2.826.0.1.3680043.8.498.99396403950873899877341288566675056093,40,3.3,1,True
1.2.826.0.1.3680043.8.498.49703744074809050221928706774732375079,pf_centre,109.835,-15.021,-17.178,0.0819,8.663,1.2.826.0.1.3680043.8.498.51014923072923068177261980320793359598,36,4.0,1,True
1.2.826.0.1.3680043.8.498.49818874332345742217581267858748819921,pf_centre,103.01,-48.6,7.684,0.0883,3.02,1.2.826.0.1.3680043.8.498.55003952459689024049404351736477132515,27,4.8,1,True
1.2.826.0.1.3680043.8.498.49847104080351361589960954776757484668,pf_centre,99.698,-82.098,15.337,0.0613,1.217,1.2.826.0.1.3680043.8.498.14774388084782815786774799927492695483,40,3.3,1,True
1.2.826.0.1.3680043.8.498.49850672111501136862025523789202033809,pf_centre,-86.902,10.454,-6.768,0.0991,1.037,1.2.826.0.1.3680043.8.498.66745646990240366989028234648524344369,30,5.0,1,True
1.2.826.0.1.3680043.8.498.49855677166670499939366963036804180912,pf_centre,-84.141,-50.568,-1.853,0.068,2.479,1.2.826.0.1.3680043.8.498.43466207166908497066218173471749784419,38,3.6,1,True
1.2.826.0.1.3680043.8.498.49866252311077397175807461727885923657,pf_centre,96.948,-111.232,25.408,0.0854,4.002,1.2.826.0.1.3680043.8.498.10930056420945373554976191002659933791,18,8.039,1,True
1.2.826.0.1.3680043.8.498.49880369313850883713947031303955494125,pf_centre,62.734,-89.116,15.321,0.0584,1.035,1.2.826.0.1.3680043.8.498.92801407939287800185510398318430692822,24,6.335,1,True
1.2.826.0.1.3680043.8.498.49884243466758407760126403944842240776,pf_centre,20.468,-24.832,5.463,0.1003,1.218,1.2.826.0.1.3680043.8.498.12751186650260025914636143274461736353,24,4.4,1,True
1.2.826.0.1.3680043.8.498.49887758195164927372912584780941789021,pf_centre,-106.359,-49.303,-31.139,0.1158,2.72,1.2.826.0.1.3680043.8.498.94205760450940194983103011973899021059,25,5.0,1,True
1.2.826.0.1.3680043.8.498.49926524898703962863714803838421958913,pf_centre,78.862,-43.076,22.659,0.0563,2.684,1.2.826.0.1.3680043.8.498.12631638984315364782616071926045469725,30,3.9,1,True
1.2.826.0.1.3680043.8.498.49942556484410764813681696157580687854,pf_centre,83.662,-70.212,8.981,0.1112,1.671,1.2.826.0.1.3680043.8.498.11774526155272440668749997691406738660,24,0.6,6,True
1.2.826.0.1.3680043.8.498.49984662916977328110175445895515541267,pf_centre,-116.244,-65.252,-22.63,0.0544,1.349,1.2.826.0.1.3680043.8.498.12835772386028361387691182536618836142,30,4.4,1,True
1.2.826.0.1.3680043.8.498.50051845967696843074391018845332480653,pf_centre,92.943,-46.849,-2.261,0.1072,2.573,1.2.826.0.1.3680043.8.498.85136814120332049257891727813788869055,36,3.3,1,True
1.2.826.0.1.3680043.8.498.50069224337753933811759198830086956116,pf_centre,96.534,-44.503,34.258,0.0686,0.666,1.2.826.0.1.3680043.8.498.51808728974227765593087975189165051481,32,4.5,1,True
1.2.826.0.1.3680043.8.498.50073674465735509400964384004695041387,pf_centre,134.783,-87.124,33.194,0.0844,1.626,1.2.826.0.1.3680043.8.498.48038762034755659224895058360619980807,32,3.3,1,True
1.2.826.0.1.3680043.8.498.50089015780087008332657793589955395952,pf_centre,82.84,23.563,25.139,0.0545,1.199,1.2.826.0.1.3680043.8.498.94583717349695127458677581497114348955,30,4.4,1,True
1.2.826.0.1.3680043.8.498.50107479256735739327080544431929221135,pf_centre,-93.504,-36.744,12.535,0.0482,1.647,1.2.826.0.1.3680043.8.498.96933757089747970630958015983267917758,33,4.5,1,True
1.2.826.0.1.3680043.8.498.50109255875403812845391217314726500341,pf_centre,58.549,24.15,9.852,0.0974,4.09,1.2.826.0.1.3680043.8.498.11021944862935937765671571459227962515,20,5.0,1,True
1.2.826.0.1.3680043.8.498.50144715912379960437506930683683218333,pf_centre,-82.087,-60.855,24.324,0.0531,1.531,1.2.826.0.1.3680043.8.498.11850555796855093205710745515364408910,30,4.4,1,True
1.2.826.0.1.3680043.8.498.50182378358892377789975570268512056553,pf_centre,92.715,-22.373,-27.207,0.1066,1.59,1.2.826.0.1.3680043.8.498.10962775111027410808290207546247697098,30,3.3,1,True
1.2.826.0.1.3680043.8.498.50183004658202912273462671442829139110,pf_centre,-88.321,-95.783,12.164,0.1217,1.393,1.2.826.0.1.3680043.8.498.32910088881734584764950562121994760114,24,0.6,6,True
1.2.826.0.1.3680043.8.498.50215409013618353346619153290049205718,pf_centre,89.776,-53.543,12.934,0.0916,2.05,1.2.826.0.1.3680043.8.498.29758483246761679209486692262283791311,30,3.6,1,True
1.2.826.0.1.3680043.8.498.50220991646207533313828550949660577504,pf_centre,-82.224,-83.003,6.547,0.0523,1.782,1.2.826.0.1.3680043.8.498.86207365097357493058682516350246714320,38,3.6,1,True
1.2.826.0.1.3680043.8.498.50248717336781045512984550029203786086,pf_centre,84.743,-64.427,9.715,0.046,1.731,1.2.826.0.1.3680043.8.498.10626784643819803675647227689590984978,38,3.6,1,True
1.2.826.0.1.3680043.8.498.50259348432783983788186173025555513832,pf_centre,-98.185,-68.811,2.669,0.0569,1.779,1.2.826.0.1.3680043.8.498.47334312073694683211811888162494286308,30,3.6,1,True
1.2.826.0.1.3680043.8.498.50261788831539215224639813005933285052,pf_centre,89.991,-42.232,2.911,0.0895,1.469,1.2.826.0.1.3680043.8.498.11996255847111159474837039386905596554,36,3.3,1,True
1.2.826.0.1.3680043.8.498.50287512028986928372350279452197816661,pf_centre,78.77,-22.044,-1.87,0.0701,1.451,1.2.826.0.1.3680043.8.498.66089669153624982688357286699958722864,30,3.5,1,True
1.2.826.0.1.3680043.8.498.50318760104506317341991314680640521601,pf_centre,-115.004,-86.631,42.316,0.0868,2.371,1.2.826.0.1.3680043.8.498.62136697980449360150277862870014855871,30,4.4,1,True
1.2.826.0.1.3680043.8.498.50342726517205151681842826322659275894,pf_centre,94.069,-65.044,20.85,0.0754,2.162,1.2.826.0.1.3680043.8.498.83853222198558120364229284709788022079,44,3.3,1,True
1.2.826.0.1.3680043.8.498.50392110746914984873009735588879049321,pf_centre,110.829,-39.737,-1.403,0.09,0.932,1.2.826.0.1.3680043.8.498.89078407514714031205012190805863930504,30,3.5,1,True
1.2.826.0.1.3680043.8.498.50424421287869498746932271082980000521,pf_centre,-86.147,-46.725,-3.429,0.0561,1.1,1.2.826.0.1.3680043.8.498.11960458314285091996875419219606000637,33,4.5,1,True
1.2.826.0.1.3680043.8.498.50458745240631577290185672298591447264,pf_centre,-91.411,-92.468,-1.722,0.0672,0.866,1.2.826.0.1.3680043.8.498.75202548546642260588324578474628427720,36,4.0,1,True
1.2.826.0.1.3680043.8.498.50487158921933419035809338652990508020,pf_centre,-65.428,-78.789,1.408,0.0546,1.875,1.2.826.0.1.3680043.8.498.67629639369591919457157535706161211094,38,3.6,1,True
1.2.826.0.1.3680043.8.498.50501020658943435430736717390350999395,pf_centre,114.969,-71.707,58.969,0.0902,1.193,1.2.826.0.1.3680043.8.498.12632123688185685663218096317942891326,24,5.295,1,True
1.2.826.0.1.3680043.8.498.50512021577184367495598050974910055550,pf_centre,-87.19,-31.342,-11.746,0.0896,0.958,1.2.826.0.1.3680043.8.498.79395987263646735065612127044438916043,36,3.3,1,True
1.2.826.0.1.3680043.8.498.50571692547974449396635351108344029536,pf_centre,-104.652,-74.441,12.067,0.0701,1.547,1.2.826.0.1.3680043.8.498.59796077042191752082808410335949920217,40,3.3,1,True
1.2.826.0.1.3680043.8.498.50648934951234229265309905009982297515,pf_centre,-61.418,-53.28,14.169,0.0823,1.147,1.2.826.0.1.3680043.8.498.96164563026534865186177204482850263014,30,3.3,1,True
1.2.826.0.1.3680043.8.498.50666048236278074641860077012751071758,pf_centre,-106.312,-72.385,21.062,0.0758,3.459,1.2.826.0.1.3680043.8.498.31570597424367006466707626738610671227,36,3.5,1,True
1.2.826.0.1.3680043.8.498.50667444467788034101157821576803778774,pf_centre,105.449,-85.217,25.029,0.0622,2.839,1.2.826.0.1.3680043.8.498.11991498974727608833372834459106382694,36,3.3,1,True
1.2.826.0.1.3680043.8.498.50680622091377404463269575858175673158,pf_centre,-0.283,-30.419,19.861,0.0643,2.007,1.2.826.0.1.3680043.8.498.21346429899498243136109965176248645442,34,4.5,1,True
1.2.826.0.1.3680043.8.498.50687743970686088872471288288960579306,pf_centre,133.169,-48.321,-15.191,0.061,1.787,1.2.826.0.1.3680043.8.498.90909907572078717983627311856735013707,43,4.0,1,True
1.2.826.0.1.3680043.8.498.50689256431939553935971505794681061679,pf_centre,-115.617,-133.472,-5.088,0.0892,1.563,1.2.826.0.1.3680043.8.498.10459345232927764514229764654864624777,19,5.2,1,True
1.2.826.0.1.3680043.8.498.50694733929204626284366818623993960684,pf_centre,92.8,17.266,61.673,0.0696,2.286,1.2.826.0.1.3680043.8.498.90464477090746094335033993757320847175,30,4.4,1,True
1.2.826.0.1.3680043.8.498.50707407856055788475528375847872674241,pf_centre,-112.392,-76.27,6.673,0.0817,1.575,1.2.826.0.1.3680043.8.498.20233408566619568739155865816950994952,32,3.3,1,True
1.2.826.0.1.3680043.8.498.50777252749942894325007417893973309310,pf_centre,79.718,-17.49,11.764,0.1043,0.579,1.2.826.0.1.3680043.8.498.12570723016079535173711238161421810302,28,4.5,1,True
1.2.826.0.1.3680043.8.498.50780438941220579448947609376330661130,pf_centre,122.303,-76.633,22.021,0.1081,2.168,1.2.826.0.1.3680043.8.498.24911400544880153768071907432812682345,32,3.3,1,True
1.2.826.0.1.3680043.8.498.50810596378229719761556926464290468652,pf_centre,-83.747,-41.944,39.103,0.1203,3.246,1.2.826.0.1.3680043.8.498.23933285111262543725299380433815269852,27,4.0,1,True
1.2.826.0.1.3680043.8.498.50813123035221058777203670043892828582,pf_centre,-76.869,-62.46,15.75,0.0599,1.177,1.2.826.0.1.3680043.8.498.50844537972898509706433037649852133053,26,5.0,1,True
1.2.826.0.1.3680043.8.498.50819987120895374623148160166392914169,pf_centre,-109.703,-56.301,8.811,0.0681,0.542,1.2.826.0.1.3680043.8.498.10875003962414572338367928562011754308,41,4.5,1,True
1.2.826.0.1.3680043.8.498.50823279853002320074080586693604976784,pf_centre,95.399,-114.272,-7.529,0.1169,1.541,1.2.826.0.1.3680043.8.498.33420513974053271270405468982313832026,19,5.2,1,True
1.2.826.0.1.3680043.8.498.50844227724977857739867646104945090414,pf_centre,108.046,-102.762,57.52,0.0851,1.187,1.2.826.0.1.3680043.8.498.42820193944892248316818637812270889600,20,6.5,1,True
1.2.826.0.1.3680043.8.498.50848799900564667487859253004538870622,pf_centre,-129.419,-65.676,34.778,0.078,3.721,1.2.826.0.1.3680043.8.498.12376420324927218978520514490048000901,35,4.5,1,True
1.2.826.0.1.3680043.8.498.50880891504121357724276091096406248845,pf_centre,-91.044,-48.657,-3.589,0.0867,8.103,1.2.826.0.1.3680043.8.498.42523798858933003281890810973725343855,22,4.4,1,True
1.2.826.0.1.3680043.8.498.50882628969985977810341532747520504841,pf_centre,95.31,-70.156,4.326,0.0906,2.739,1.2.826.0.1.3680043.8.498.83448099025507486286056827036939096542,30,3.45,1,True
1.2.826.0.1.3680043.8.498.50935247372419775856440294835587827419,pf_centre,114.595,-48.294,16.966,0.1215,0.983,1.2.826.0.1.3680043.8.498.11017255009895446607765521933499445160,33,3.3,1,True
1.2.826.0.1.3680043.8.498.50969691234820675847736765735133138324,pf_centre,119.999,-83.556,-13.694,0.0559,1.321,1.2.826.0.1.3680043.8.498.10429273640112515100778350866960903868,30,4.4,1,True
1.2.826.0.1.3680043.8.498.50980137249034338585131194965993785201,pf_centre,101.974,-46.876,33.514,0.0667,1.088,1.2.826.0.1.3680043.8.498.59936910216116106257910879301073273771,31,4.5,1,True
1.2.826.0.1.3680043.8.498.51006813205605862503064447831381009425,pf_centre,-90.44,-84.576,21.145,0.0867,1.749,1.2.826.0.1.3680043.8.498.65074122612897999185704002988041774259,32,0.6,5,True
1.2.826.0.1.3680043.8.498.51054592064718900209123281525185013961,pf_centre,-91.625,-90.126,-18.936,0.1609,0.916,1.2.826.0.1.3680043.8.498.91746355653300855132991691435147504623,19,4.4,1,True
1.2.826.0.1.3680043.8.498.51059575642903646008860869691477305022,pf_centre,-100.385,-86.844,32.701,0.0802,1.053,1.2.826.0.1.3680043.8.498.84252769814832601932636910250629126664,22,6.0,1,True
1.2.826.0.1.3680043.8.498.51126807380879212261057967703844943102,pf_centre,112.03,9.193,25.921,0.0053,44.908,1.2.826.0.1.3680043.8.498.65549244517546642058870881972313661789,16,5.0,1,True
1.2.826.0.1.3680043.8.498.51143994849141407980459861759302509053,pf_centre,78.91,-101.474,43.815,0.0914,2.972,1.2.826.0.1.3680043.8.498.38711329343605176690484313173039639271,18,5.97,1,True
1.2.826.0.1.3680043.8.498.51179760508587500025973916664101120069,pf_centre,-119.534,-87.491,17.153,0.0964,1.784,1.2.826.0.1.3680043.8.498.29975055504114271330926630889611320584,30,3.6,1,True
1.2.826.0.1.3680043.8.498.51215847567976999838748705030071176367,pf_centre,-111.461,-86.707,-12.422,0.1118,1.046,1.2.826.0.1.3680043.8.498.64689304481117082040551911951538828085,24,5.0,1,True
1.2.826.0.1.3680043.8.498.51297777726540529860433097009654453742,pf_centre,-88.57,-51.955,8.677,0.0843,1.102,1.2.826.0.1.3680043.8.498.21131788351388098700597839736026705820,30,3.5,1,True
1.2.826.0.1.3680043.8.498.51351386796317851725461803790273870995,pf_centre,130.8,-71.221,3.757,0.0974,1.186,1.2.826.0.1.3680043.8.498.28971218055109347422046478087292202754,30,3.6,1,True
1.2.826.0.1.3680043.8.498.51379389400506715529323532959275254794,pf_centre,82.164,-9.913,25.23,0.0964,1.56,1.2.826.0.1.3680043.8.498.66739307797809153690395636662406502040,30,3.3,1,True
1.2.826.0.1.3680043.8.498.51426696939581135481763379246368970360,pf_centre,-86.262,-56.226,24.146,0.0725,1.073,1.2.826.0.1.3680043.8.498.12953900525694252641670710578261205881,40,3.3,1,True
1.2.826.0.1.3680043.8.498.51427159850769972151411336025891779423,pf_centre,91.126,-109.246,16.809,0.1036,2.968,1.2.826.0.1.3680043.8.498.12799238984600249923024356680785586591,19,5.0,1,True
1.2.826.0.1.3680043.8.498.51429653138043597611341459799295143598,pf_centre,96.573,10.309,7.219,0.0641,1.686,1.2.826.0.1.3680043.8.498.11476977689918650013566001224334155709,38,5.0,1,True
1.2.826.0.1.3680043.8.498.51469564445249084310991187819410005207,pf_centre,-86.897,-81.688,-5.373,0.1155,2.301,1.2.826.0.1.3680043.8.498.42826912529894677741740516728648214006,29,0.6,5,True
1.2.826.0.1.3680043.8.498.51509214978951980397275258374070843967,pf_centre,-62.441,-10.0,-26.757,0.1201,2.588,1.2.826.0.1.3680043.8.498.26135111930379933803277795944980268862,30,3.3,1,True
1.2.826.0.1.3680043.8.498.51536234256866063100891626028999490545,pf_centre,88.31,-63.878,8.921,0.0422,2.038,1.2.826.0.1.3680043.8.498.73933210472417463120768563504073117152,38,3.6,1,True
1.2.826.0.1.3680043.8.498.51581188134109925758379838961317006116,pf_centre,-74.829,-26.95,-29.236,0.1085,1.041,1.2.826.0.1.3680043.8.498.94316589287722797157628530107952973877,30,3.3,1,True
1.2.826.0.1.3680043.8.498.51676679394093588751371807453793655464,pf_centre,127.414,-132.97,24.529,0.0818,2.515,1.2.826.0.1.3680043.8.498.52863779284174688861025783597680491371,24,5.2,1,True
1.2.826.0.1.3680043.8.498.51684117251092766010524179062007524257,pf_centre,129.107,-86.189,6.562,0.0815,1.595,1.2.826.0.1.3680043.8.498.23443296660085567811395759789791199425,25,5.0,1,True
1.2.826.0.1.3680043.8.498.51752963441899958127321113249182970131,pf_centre,-90.094,-41.395,1.203,0.0981,1.168,1.2.826.0.1.3680043.8.498.57751706291252882769551402128191852543,30,3.3,1,True
1.2.826.0.1.3680043.8.498.51768733026033198941231586462443503827,pf_centre,80.998,-42.899,27.107,0.0655,2.788,1.2.826.0.1.3680043.8.498.12604887644959564791985880319373632821,34,4.2,1,True
1.2.826.0.1.3680043.8.498.51770131897828080663537020812721042704,pf_centre,-96.75,-106.812,-10.051,0.1067,2.057,1.2.826.0.1.3680043.8.498.10089310559280531459496945123439716143,19,4.8,1,True
1.2.826.0.1.3680043.8.498.51782185934115000642557689300687723099,pf_centre,85.306,-79.97,-10.519,0.1082,1.239,1.2.826.0.1.3680043.8.498.72711228875692871314457148413494580235,29,0.6,5,True
1.2.826.0.1.3680043.8.498.51809092313496476873962641559638828608,pf_centre,115.889,-86.214,65.774,0.0626,4.369,1.2.826.0.1.3680043.8.498.50220915953201999183869802290218633224,28,5.295,1,True
1.2.826.0.1.3680043.8.498.51813125531970590883098432751115674643,pf_centre,-92.188,-52.931,-10.725,0.0633,2.496,1.2.826.0.1.3680043.8.498.81249951574433853360620356184385916742,30,3.9,1,True
1.2.826.0.1.3680043.8.498.51828180600648126726057100018010765613,pf_centre,-106.133,-96.786,23.891,0.0623,2.155,1.2.826.0.1.3680043.8.498.31109955817121883638970197619869819684,44,3.3,1,True
1.2.826.0.1.3680043.8.498.51831304809871808790657397599860793132,pf_centre,-96.606,-68.969,33.166,0.0798,1.438,1.2.826.0.1.3680043.8.498.91100049390738363411552457848597913161,40,3.3,1,True
1.2.826.0.1.3680043.8.498.51837740845904075589194479205218060915,pf_centre,-110.884,-60.524,9.696,0.0756,2.091,1.2.826.0.1.3680043.8.498.83105772732248442835378300659628462488,31,4.5,1,True
1.2.826.0.1.3680043.8.498.51867133375333949773527521703402111601,pf_centre,125.335,-76.579,2.234,0.0892,2.042,1.2.826.0.1.3680043.8.498.76443636990399817146390239281171710656,32,3.85,1,True
1.2.826.0.1.3680043.8.498.51886877282987244004912794726043055730,pf_centre,-122.142,-67.826,-58.502,0.0904,2.161,1.2.826.0.1.3680043.8.498.36688079859729498994360095531609801541,30,4.4,1,True
1.2.826.0.1.3680043.8.498.51910852739185117358682097116614556910,pf_centre,98.202,-78.075,6.827,0.0655,2.075,1.2.826.0.1.3680043.8.498.70352187498341071328229980976334546771,38,3.6,1,True
1.2.826.0.1.3680043.8.498.51917043703891091519740084517167861965,pf_centre,124.093,-85.454,8.107,0.0863,2.661,1.2.826.0.1.3680043.8.498.35199134805747147070367637903687356473,32,3.3,1,True
1.2.826.0.1.3680043.8.498.51970198810758997428998886534742243215,pf_centre,-80.016,-96.368,10.198,0.0606,1.471,1.2.826.0.1.3680043.8.498.10136706417482729342220705937754879875,23,5.2,1,True
1.2.826.0.1.3680043.8.498.51981019698056120061499970572334688555,pf_centre,-75.289,-117.571,29.76,0.0751,1.397,1.2.826.0.1.3680043.8.498.20538192297457055091232826277232692331,20,5.2,1,True
1.2.826.0.1.3680043.8.498.51985313438970133264846259111827877590,pf_centre,-87.479,-92.316,-20.308,0.136,1.04,1.2.826.0.1.3680043.8.498.19869603817820367618688488337905208826,24,0.6,6,True
1.2.826.0.1.3680043.8.498.52010165788889734743850946282043771445,pf_centre,-105.133,-44.225,43.972,0.0768,1.166,1.2.826.0.1.3680043.8.498.95955420337768318287163944497567357618,30,4.5,1,True
1.2.826.0.1.3680043.8.498.52010826440192227660457107121818389761,pf_centre,124.861,-87.43,8.35,0.0976,7.503,1.2.826.0.1.3680043.8.498.35818679767344676346107154106436486286,32,3.3,1,True
1.2.826.0.1.3680043.8.498.52046170319252016846878355722404423329,pf_centre,126.48,-75.63,20.957,0.0738,1.573,1.2.826.0.1.3680043.8.498.21030987249142742029463209824995574560,39,3.3,1,True
1.2.826.0.1.3680043.8.498.52059522418267239652374290810994711032,pf_centre,-73.202,-67.04,16.082,0.0854,1.148,1.2.826.0.1.3680043.8.498.10184935939596904619336251435588095888,30,3.45,1,True
1.2.826.0.1.3680043.8.498.52067134682915759489080529708019359378,pf_centre,68.363,-62.793,-3.572,0.1342,5.248,1.2.826.0.1.3680043.8.498.62361397809506111168170546557353614639,23,4.5,1,True
1.2.826.0.1.3680043.8.498.52098249444968803324423421624756966294,pf_centre,-95.358,-89.608,-2.624,0.085,0.885,1.2.826.0.1.3680043.8.498.94506311300679619635623132540823567097,32,3.5,1,True
1.2.826.0.1.3680043.8.498.52110163572817528199125320120779141456,pf_centre,104.651,-92.24,-15.475,0.109,1.154,1.2.826.0.1.3680043.8.498.12334696238939393544585948564385881204,27,0.6,6,True
1.2.826.0.1.3680043.8.498.52132258638267172087240021957310219977,pf_centre,-100.902,-101.556,18.333,0.0904,0.605,1.2.826.0.1.3680043.8.498.70263353442346164657216073643510268051,18,7.336,1,True
1.2.826.0.1.3680043.8.498.52138967568492774495485454357106269286,pf_centre,-122.417,-84.434,-20.052,0.0675,1.122,1.2.826.0.1.3680043.8.498.35392145422463752364359981419473750124,30,4.4,1,True
1.2.826.0.1.3680043.8.498.52140911874747534807033188343849537207,pf_centre,-105.415,-85.981,42.273,0.0584,1.696,1.2.826.0.1.3680043.8.498.94788837740033035060210339560590025732,42,3.3,1,True
1.2.826.0.1.3680043.8.498.52204390785696944340286127542242341202,pf_centre,-117.004,-99.5,1.716,0.059,1.381,1.2.826.0.1.3680043.8.498.28366872095042181994944584329339581222,25,5.369,1,True
1.2.826.0.1.3680043.8.498.52330656126848153803758928167944040055,pf_centre,-115.758,-50.955,28.365,0.108,1.079,1.2.826.0.1.3680043.8.498.35584640256908501639422140317646262380,32,3.6,1,True
1.2.826.0.1.3680043.8.498.52347547859131274836026480407333415929,pf_centre,85.272,-56.568,16.19,0.0802,3.081,1.2.826.0.1.3680043.8.498.12507548354960910285029812507312661064,34,4.2,1,True
1.2.826.0.1.3680043.8.498.52390908285903728334239836699232920065,pf_centre,87.875,-53.201,7.133,0.0702,2.19,1.2.826.0.1.3680043.8.498.34910717820442203810921493538030416119,36,3.3,1,True
1.2.826.0.1.3680043.8.498.52409113683924904563676007800283978062,pf_centre,73.576,-31.343,-13.853,0.0935,1.427,1.2.826.0.1.3680043.8.498.17421345569289323731938642718299526117,32,4.72,1,True
1.2.826.0.1.3680043.8.498.52435631723314823200374985065756182593,pf_centre,94.525,-68.621,9.51,0.0575,1.432,1.2.826.0.1.3680043.8.498.69183813144442103456306695249905005863,30,4.4,1,True
1.2.826.0.1.3680043.8.498.52437948508356178175558637950043479411,pf_centre,-38.525,-38.894,-6.807,0.0475,1.105,1.2.826.0.1.3680043.8.498.12820820724044894123655629267354214608,30,3.5,1,True
1.2.826.0.1.3680043.8.498.52456272643822591755257802747431239152,pf_centre,111.352,-92.793,-21.784,0.0601,3.264,1.2.826.0.1.3680043.8.498.61707949601744374481961306099515601661,21,6.006,1,True
1.2.826.0.1.3680043.8.498.52475562989926669452280424331791927661,pf_centre,-80.935,-22.573,24.157,0.0648,1.122,1.2.826.0.1.3680043.8.498.55697535355680814824327632319242427422,32,4.5,1,True
1.2.826.0.1.3680043.8.498.52499379042723926379822784411787551701,pf_centre,-98.04,-77.425,4.507,0.0704,1.18,1.2.826.0.1.3680043.8.498.71444950165358430782356327779203633343,38,3.6,1,True
1.2.826.0.1.3680043.8.498.52520288400853832269613213204540385687,pf_centre,145.843,-93.863,40.052,0.0959,2.369,1.2.826.0.1.3680043.8.498.10776490881942993378873295355361089963,23,4.5,1,True
1.2.826.0.1.3680043.8.498.52558822670236188507569589448789513993,pf_centre,119.6,-55.267,-27.628,0.077,0.638,1.2.826.0.1.3680043.8.498.25437622542944701493285028721718552776,30,4.4,1,True
1.2.826.0.1.3680043.8.498.52599302991259061057950834864441634066,pf_centre,-2.711,-31.973,19.274,0.0902,1.945,1.2.826.0.1.3680043.8.498.12102373361710105565752289171202453510,28,4.0,1,True
1.2.826.0.1.3680043.8.498.52636981391578580436180193211113340410,pf_centre,112.674,-73.914,16.059,0.0418,1.926,1.2.826.0.1.3680043.8.498.19181962490006073254156353597069568094,48,3.3,1,True
1.2.826.0.1.3680043.8.498.52639459702574533721011212286428487650,pf_centre,-90.203,-44.89,22.103,0.0694,0.868,1.2.826.0.1.3680043.8.498.34984178294419943415265851424098339860,32,4.55,1,True
1.2.826.0.1.3680043.8.498.52745530063404662086111315503240395535,pf_centre,-131.896,-80.538,-10.991,0.1029,0.84,1.2.826.0.1.3680043.8.498.12068406310435486498121061917564178607,21,7.0,1,True
1.2.826.0.1.3680043.8.498.52785983814702054185130109942936184688,pf_centre,86.097,-72.611,-2.495,0.0551,2.745,1.2.826.0.1.3680043.8.498.12984061200219627731359156390367357745,38,3.6,1,True
1.2.826.0.1.3680043.8.498.52844966504845792334740560021996858939,pf_centre,-88.383,-56.677,-10.09,0.0632,2.424,1.2.826.0.1.3680043.8.498.95937479325903253869377121071909728535,28,4.5,1,True
1.2.826.0.1.3680043.8.498.52846023545870016653608198538437574931,pf_centre,-82.483,-57.46,5.746,0.0737,1.343,1.2.826.0.1.3680043.8.498.26808211961467025432293359474413259912,44,3.3,1,True
1.2.826.0.1.3680043.8.498.52846236545327527967419125989598675101,pf_centre,-101.127,-73.52,21.742,0.0859,1.623,1.2.826.0.1.3680043.8.498.33180731240994811271050349257993231330,22,5.462,1,True
1.2.826.0.1.3680043.8.498.52849154011665864497632297320961015159,pf_centre,-92.033,-95.731,23.459,0.084,2.212,1.2.826.0.1.3680043.8.498.54462373799603350275910573640219360790,24,5.0,1,True
1.2.826.0.1.3680043.8.498.52937412433120578046842194545406797236,pf_centre,120.573,-106.346,3.113,0.0488,2.611,1.2.826.0.1.3680043.8.498.65248524666943064236511653798271753426,47,0.9,4,True
1.2.826.0.1.3680043.8.498.52985748674486376309978868177895755694,pf_centre,97.65,-46.659,48.312,0.0531,2.294,1.2.826.0.1.3680043.8.498.48576923416027321532605135558660962155,37,4.52,1,True
1.2.826.0.1.3680043.8.498.53025489296610571044246428509154950855,pf_centre,-81.138,-43.595,9.377,0.0828,0.922,1.2.826.0.1.3680043.8.498.49142051955959968974304086815228030537,36,3.3,1,True
1.2.826.0.1.3680043.8.498.53076472372145933727990308381815269368,pf_centre,-77.997,-43.718,38.549,0.077,1.125,1.2.826.0.1.3680043.8.498.82825633646933556987506092823126939770,30,3.3,1,True
1.2.826.0.1.3680043.8.498.53078461307849490495536549806091931824,pf_centre,-95.993,-89.813,-0.574,0.118,1.982,1.2.826.0.1.3680043.8.498.44871970790321306731639040843645623470,32,0.6,5,True
1.2.826.0.1.3680043.8.498.53080172184945962593713560671746700445,pf_centre,88.291,-84.782,15.389,0.0955,0.962,1.2.826.0.1.3680043.8.498.55111271408731627635349802242270897311,29,0.6,5,True
1.2.826.0.1.3680043.8.498.53094450151502907325041400000717725711,pf_centre,131.1,-81.009,12.923,0.0954,2.508,1.2.826.0.1.3680043.8.498.27945631941060016598937743296421014141,32,3.3,1,True
1.2.826.0.1.3680043.8.498.53114802640679819441521055029024037716,pf_centre,122.114,-52.429,-9.205,0.1161,2.927,1.2.826.0.1.3680043.8.498.12805951190879046535927626041685877224,27,4.5,1,True
1.2.826.0.1.3680043.8.498.53131430415327479511358970615140982847,pf_centre,-80.111,-49.66,26.198,0.1032,0.689,1.2.826.0.1.3680043.8.498.10561770634134232304531030320798936672,32,4.55,1,True
1.2.826.0.1.3680043.8.498.53137953094305471774552883960361922832,pf_centre,-115.029,-84.313,5.306,0.0283,3.028,1.2.826.0.1.3680043.8.498.10737262430562018030908570082471902190,40,3.3,1,True
1.2.826.0.1.3680043.8.498.53156118232564605912649705207438612782,pf_centre,-128.177,-60.996,-11.534,0.0882,1.118,1.2.826.0.1.3680043.8.498.51313354734160276277285269666488484063,32,3.6,1,True
1.2.826.0.1.3680043.8.498.53173579822475854424126184867040523127,pf_centre,114.11,-45.017,43.425,0.0409,1.797,1.2.826.0.1.3680043.8.498.46116169494623710080694010413506255662,23,4.4,1,True
1.2.826.0.1.3680043.8.498.53174810138171412044410050984734412146,pf_centre,-90.691,-76.506,4.791,0.0765,0.757,1.2.826.0.1.3680043.8.498.29282935545940496314651791503477328237,43,4.0,1,True
1.2.826.0.1.3680043.8.498.53221818460567216467597044606040911702,pf_centre,-88.248,-55.381,34.331,0.0885,1.903,1.2.826.0.1.3680043.8.498.81813722112094323552896312657574086495,30,4.55,1,True
1.2.826.0.1.3680043.8.498.53262958748075737242820629127001253146,pf_centre,100.917,-43.861,31.647,0.0736,2.235,1.2.826.0.1.3680043.8.498.46203813180350963903524661369697512262,36,4.5,1,True
1.2.826.0.1.3680043.8.498.53271710112621372496324855809391580130,pf_centre,91.185,-58.877,20.83,0.0772,1.965,1.2.826.0.1.3680043.8.498.51019077351832620554300010316866835302,36,3.3,1,True
1.2.826.0.1.3680043.8.498.53331626867618182966740022261110760133,pf_centre,-18.688,-34.728,3.326,0.0458,4.426,1.2.826.0.1.3680043.8.498.74491703286119514590952118398217081838,28,4.0,1,True
1.2.826.0.1.3680043.8.498.53337684515627962545396495541158882262,pf_centre,-74.581,-41.145,3.002,0.0632,1.744,1.2.826.0.1.3680043.8.498.92986722488678371847610727544719312961,38,4.5,1,True
1.2.826.0.1.3680043.8.498.53343379040681745197301575417064236501,pf_centre,-81.23,-23.096,9.849,0.077,2.841,1.2.826.0.1.3680043.8.498.94428882499585395707278008566549419734,30,3.3,1,True
1.2.826.0.1.3680043.8.498.53355961816756477601843499985089590263,pf_centre,-79.817,-56.519,13.465,0.0632,1.745,1.2.826.0.1.3680043.8.498.68759449047542633846131004122763335581,36,4.095,1,True
1.2.826.0.1.3680043.8.498.53361558447470435467999344560545063264,pf_centre,-106.493,-88.313,1.666,0.0738,1.218,1.2.826.0.1.3680043.8.498.94170848127157305849798172768767164377,30,4.4,1,True
1.2.826.0.1.3680043.8.498.53370670740736715669115043403494610200,pf_centre,86.004,-57.487,6.378,0.0806,0.874,1.2.826.0.1.3680043.8.498.82757101018953245916855606638952916716,36,3.3,1,True
1.2.826.0.1.3680043.8.498.53393741562201846141435914434030220216,pf_centre,125.562,-84.064,13.426,0.0829,3.457,1.2.826.0.1.3680043.8.498.12483642605054559485072628559651979699,30,4.4,1,True
1.2.826.0.1.3680043.8.498.53408696789721413873026963095773050643,pf_centre,-100.967,-121.779,25.91,0.1196,1.078,1.2.826.0.1.3680043.8.498.60069200189321209894753992756486374568,19,5.2,1,True
1.2.826.0.1.3680043.8.498.53490080963614272234072703760363052476,pf_centre,-115.891,-78.277,-7.979,0.08,1.641,1.2.826.0.1.3680043.8.498.86997783039835350156144124289839106669,40,3.3,1,True
1.2.826.0.1.3680043.8.498.53528011450161116437223332448942321596,pf_centre,-68.471,-41.081,-2.754,0.071,1.239,1.2.826.0.1.3680043.8.498.68962735408683973749510804465497634269,36,3.3,1,True
1.2.826.0.1.3680043.8.498.53579416035647672067965892020505016454,pf_centre,102.334,-74.455,4.211,0.1034,1.102,1.2.826.0.1.3680043.8.498.20451914976273663468019137333595822122,32,3.3,1,True
1.2.826.0.1.3680043.8.498.53587920256280027683523152568832253423,pf_centre,85.835,-62.162,14.451,0.0684,1.152,1.2.826.0.1.3680043.8.498.57359392330925735611305756827974079930,40,3.3,1,True
1.2.826.0.1.3680043.8.498.53628897373416863107623485630264501760,pf_centre,-64.154,-74.983,2.229,0.1219,0.473,1.2.826.0.1.3680043.8.498.12825597018161625266850058232211180693,26,0.6,5,True
1.2.826.0.1.3680043.8.498.53649895712172408476570770924813501118,pf_centre,-3.001,-36.488,26.66,0.0499,3.369,1.2.826.0.1.3680043.8.498.11884251985500852320645455360516659720,28,4.3,1,True
1.2.826.0.1.3680043.8.498.53737349894831365159124471910871800583,pf_centre,-113.784,-75.001,11.675,0.0755,1.589,1.2.826.0.1.3680043.8.498.46155027986658676975615158756633491768,30,4.4,1,True
1.2.826.0.1.3680043.8.498.53745429232602455103594227782517963027,pf_centre,-125.708,-72.549,-4.871,0.0699,1.776,1.2.826.0.1.3680043.8.498.67937431632108140573066239225023132853,30,4.4,1,True
1.2.826.0.1.3680043.8.498.53792159922324410857755054939229546555,pf_centre,-108.993,-85.307,18.71,0.0828,0.955,1.2.826.0.1.3680043.8.498.40880849057995270617384982963413898134,20,5.161,1,True
1.2.826.0.1.3680043.8.498.53797236075631231042400235117445767744,pf_centre,64.187,-52.421,5.587,0.0661,2.113,1.2.826.0.1.3680043.8.498.18894685625694412305303183224689632925,38,3.6,1,True
1.2.826.0.1.3680043.8.498.53884715696186989798696544661396487883,pf_centre,108.201,-95.059,24.657,0.0827,1.857,1.2.826.0.1.3680043.8.498.38535251036570864297928108288000238999,32,3.85,1,True
1.2.826.0.1.3680043.8.498.53893586200869613140666806653041177558,pf_centre,-84.06,-51.875,45.438,0.0611,1.636,1.2.826.0.1.3680043.8.498.11335585374631648853516480914556681600,21,6.782,1,True
1.2.826.0.1.3680043.8.498.53901077733518036755308692304268815965,pf_centre,-92.313,-64.879,43.728,0.0771,1.22,1.2.826.0.1.3680043.8.498.23912097805930675658873723815830502909,38,3.6,1,True
1.2.826.0.1.3680043.8.498.53963759852017695930808272438606800422,pf_centre,-93.38,-67.563,20.298,0.0649,0.964,1.2.826.0.1.3680043.8.498.83581971370122214963019770861929523856,40,4.0,1,True
1.2.826.0.1.3680043.8.498.53968943793571323467397128102531786394,pf_centre,95.765,-40.931,-5.687,0.0881,2.363,1.2.826.0.1.3680043.8.498.59394319907617757897299216856280666802,33,3.3,1,True
1.2.826.0.1.3680043.8.498.54000782656400326230944526201670909133,pf_centre,111.482,-59.33,34.146,0.0925,2.001,1.2.826.0.1.3680043.8.498.11090028061046698824064106515185250951,41,4.5,1,True
1.2.826.0.1.3680043.8.498.54030363830629950591221870797594277092,pf_centre,131.212,-83.154,1.521,0.0763,1.823,1.2.826.0.1.3680043.8.498.21635427746580086018655110867497693935,32,3.3,1,True
1.2.826.0.1.3680043.8.498.54049224487950229496345484554581532711,pf_centre,92.588,-45.616,-24.881,0.0772,1.6,1.2.826.0.1.3680043.8.498.31102987700961604243757376801247703108,36,4.0,1,True
1.2.826.0.1.3680043.8.498.54099199514076260519579096546600505763,pf_centre,113.005,-78.351,-4.823,0.0371,8.985,1.2.826.0.1.3680043.8.498.28507500829688051679571979728800341705,35,3.5,1,True
1.2.826.0.1.3680043.8.498.54100786607660749952814251186461344633,pf_centre,127.585,-106.384,15.034,0.1011,1.267,1.2.826.0.1.3680043.8.498.11734336000951207506154411160400085205,24,5.0,1,True
1.2.826.0.1.3680043.8.498.54101830029742852876183926998159899424,pf_centre,-80.494,-39.743,41.029,0.038,2.201,1.2.826.0.1.3680043.8.498.80891429104775616151359951169922066949,33,4.5,1,True
1.2.826.0.1.3680043.8.498.54132814503202891434380002378663763655,pf_centre,-82.622,24.689,-57.835,0.0873,0.725,1.2.826.0.1.3680043.8.498.17128387370432881739420706316221597414,30,4.4,1,True
1.2.826.0.1.3680043.8.498.54138747504377266740838999528964336002,pf_centre,78.956,-90.107,-8.29,0.0952,1.554,1.2.826.0.1.3680043.8.498.12469959542883328644346396113709575540,26,0.6,5,True
1.2.826.0.1.3680043.8.498.54142170846176833568961426171739782214,pf_centre,-98.772,-87.013,47.985,0.0508,2.162,1.2.826.0.1.3680043.8.498.90787326830458240872837876964879600762,19,5.4,1,True
1.2.826.0.1.3680043.8.498.54164004416963296439322252627774426375,pf_centre,-19.229,-44.567,-7.707,0.1012,1.297,1.2.826.0.1.3680043.8.498.43503405747217821235451496138692543841,30,3.6,1,True
1.2.826.0.1.3680043.8.498.54202117421897784469771192940597638508,pf_centre,100.387,-97.661,43.353,0.0981,0.828,1.2.826.0.1.3680043.8.498.82850505919300288237478878051944192224,18,7.336,1,True
1.2.826.0.1.3680043.8.498.54270039578867689669466339980682684126,pf_centre,-74.235,-46.254,-2.467,0.0866,0.614,1.2.826.0.1.3680043.8.498.10559251738071010446253431565076394064,30,3.3,1,True
1.2.826.0.1.3680043.8.498.54280954106925918796002359856408530043,pf_centre,-98.99,-8.801,32.085,0.0676,1.933,1.2.826.0.1.3680043.8.498.88042680129188899708380852283616921267,25,5.0,1,True
1.2.826.0.1.3680043.8.498.54306467780023777062920737767581126383,pf_centre,88.369,-32.593,14.877,0.0578,1.994,1.2.826.0.1.3680043.8.498.10358487205589856462972806996820662631,28,4.5,1,True
1.2.826.0.1.3680043.8.498.54316764984549863227549326352573342232,pf_centre,-128.788,-61.349,-4.18,0.1031,1.464,1.2.826.0.1.3680043.8.498.11318160183080341539558636478754368230,32,3.6,1,True
1.2.826.0.1.3680043.8.498.54336962625483046366337626878609850219,pf_centre,-86.305,-58.329,17.212,0.0537,2.443,1.2.826.0.1.3680043.8.498.97487226955049925660400650150943256647,38,3.6,1,True
1.2.826.0.1.3680043.8.498.54374735423703474541190464716308417985,pf_centre,129.692,-78.137,8.238,0.0774,1.442,1.2.826.0.1.3680043.8.498.10375083427323469200902015746436914703,30,4.4,1,True
1.2.826.0.1.3680043.8.498.54394066317295451515247748115888976860,pf_centre,-4.828,-18.865,-24.79,0.0894,1.114,1.2.826.0.1.3680043.8.498.69933519840760068086385269161536865704,30,4.4,1,True
1.2.826.0.1.3680043.8.498.54427039222108917725902677899081931510,pf_centre,106.185,-82.891,25.238,0.0975,1.334,1.2.826.0.1.3680043.8.498.45347918733888478630815778154599749749,25,5.0,1,True
1.2.826.0.1.3680043.8.498.54448516923758211534546401490623824012,pf_centre,-119.048,-46.491,18.259,0.0744,0.916,1.2.826.0.1.3680043.8.498.84711926984239747202167814960254730984,40,3.3,1,True
1.2.826.0.1.3680043.8.498.54451515695681765924346479727204451807,pf_centre,90.325,-71.937,51.082,0.0829,2.988,1.2.826.0.1.3680043.8.498.86057296802772559342555113863651146543,28,4.5,1,True
1.2.826.0.1.3680043.8.498.54482848766921329667469114743547203929,pf_centre,7.981,-27.357,4.687,0.0689,1.199,1.2.826.0.1.3680043.8.498.39505933607592234319292604367602064241,30,4.0,1,True
1.2.826.0.1.3680043.8.498.54483132338261866032495309977418409299,pf_centre,-85.727,-82.928,-11.97,0.0636,0.857,1.2.826.0.1.3680043.8.498.81817486283955667025289656878171977405,30,4.0,1,True
1.2.826.0.1.3680043.8.498.54539703415639765348239790227512479583,pf_centre,110.312,-96.603,1.596,0.095,1.12,1.2.826.0.1.3680043.8.498.11172098823864555208096944227681977215,22,6.0,1,True
1.2.826.0.1.3680043.8.498.54589880111295324708950851057241927191,pf_centre,-96.566,-46.128,17.115,0.0698,1.805,1.2.826.0.1.3680043.8.498.69186923531712441197646790403011514736,31,4.5,1,True
1.2.826.0.1.3680043.8.498.54619696938940618755334224550745735815,pf_centre,125.877,-47.929,8.606,0.0923,1.814,1.2.826.0.1.3680043.8.498.76024561727275651427960488090628494568,27,3.5,1,True
1.2.826.0.1.3680043.8.498.54628782412849994943720963251113534589,pf_centre,105.29,-80.219,-8.79,0.0599,1.701,1.2.826.0.1.3680043.8.498.96715898920489697186592449700015630433,45,4.4,1,True
1.2.826.0.1.3680043.8.498.54662745951809363774369202018332309887,pf_centre,95.156,-55.321,1.352,0.0885,8.813,1.2.826.0.1.3680043.8.498.75835924126835450197997806227219641202,30,4.4,1,True
1.2.826.0.1.3680043.8.498.54669065204808162914386927559244866557,pf_centre,82.551,-37.114,8.888,0.072,0.875,1.2.826.0.1.3680043.8.498.78121154385682630627587753817653731996,30,4.55,1,True
1.2.826.0.1.3680043.8.498.54689086194769265957947122616025330642,pf_centre,-72.677,-38.175,2.292,0.1258,1.073,1.2.826.0.1.3680043.8.498.69828282909876468301575636485219917392,24,4.5,1,True
1.2.826.0.1.3680043.8.498.54693572065777563403567480644050627025,pf_centre,-59.425,-78.236,-5.446,0.0588,1.002,1.2.826.0.1.3680043.8.498.82209736347144800723696939688424918814,38,3.6,1,True
1.2.826.0.1.3680043.8.498.54699196872730350880681018674893216245,pf_centre,119.82,-72.71,11.622,0.0499,1.447,1.2.826.0.1.3680043.8.498.10596947625043094752083516324942002875,48,3.3,1,True
1.2.826.0.1.3680043.8.498.54711709751232783991855540573189433446,pf_centre,72.566,-51.075,7.611,0.0856,1.858,1.2.826.0.1.3680043.8.498.79598023624632399966282352802122356137,36,3.3,1,True
1.2.826.0.1.3680043.8.498.54755249425443469939742671497042113665,pf_centre,-118.773,-93.298,9.09,0.0564,0.758,1.2.826.0.1.3680043.8.498.70085851146317341897663866719726083043,48,3.3,1,True
1.2.826.0.1.3680043.8.498.54761306437713414745748829128854749469,pf_centre,-96.532,-47.562,4.371,0.0693,1.219,1.2.826.0.1.3680043.8.498.89486915970888472635658689880556980067,33,4.5,1,True
1.2.826.0.1.3680043.8.498.54792838438079861454532183998999249213,pf_centre,121.354,-87.432,6.595,0.0981,2.287,1.2.826.0.1.3680043.8.498.78465813830107557645814965844975417325,32,3.3,1,True
1.2.826.0.1.3680043.8.498.54833384793167149128371137537527194757,pf_centre,83.003,-30.787,16.288,0.0637,2.925,1.2.826.0.1.3680043.8.498.73925887062311070740758536123965441008,30,4.4,1,True
1.2.826.0.1.3680043.8.498.54866613282412053616997257524944654864,pf_centre,-91.594,-74.817,-9.696,0.0371,2.87,1.2.826.0.1.3680043.8.498.32037089049210047467228732281741271034,48,3.6,1,True
1.2.826.0.1.3680043.8.498.54977581323931277817074741182670080450,pf_centre,73.634,-37.233,14.717,0.0909,1.486,1.2.826.0.1.3680043.8.498.18709751104038684569603044904800357655,30,4.55,1,True
1.2.826.0.1.3680043.8.498.55008913229055942530957507434366806883,pf_centre,-91.424,-55.053,-25.144,0.0915,0.963,1.2.826.0.1.3680043.8.498.53840302265354817745078417656999620036,36,3.3,1,True
1.2.826.0.1.3680043.8.498.55015061060346597564205577461227720715,pf_centre,-108.529,-55.254,8.884,0.0498,1.646,1.2.826.0.1.3680043.8.498.57779725329111778328641282188764111915,36,4.095,1,True
1.2.826.0.1.3680043.8.498.55022631713888448062201243978634363406,pf_centre,91.883,-31.26,18.097,0.0858,1.143,1.2.826.0.1.3680043.8.498.10047519984694514846911312497416515211,30,4.52,1,True
1.2.826.0.1.3680043.8.498.55061039227197546099231336400032878562,pf_centre,-98.633,-50.968,-2.337,0.0906,6.248,1.2.826.0.1.3680043.8.498.10225352256271214808803155037678634851,40,3.3,1,True
1.2.826.0.1.3680043.8.498.55065105486648830377200570585789726800,pf_centre,112.665,-0.591,171.743,0.0714,2.237,1.2.826.0.1.3680043.8.498.12440069810888022392085831969636049754,30,4.4,1,True
1.2.826.0.1.3680043.8.498.55067956175569778132589128971795053431,pf_centre,-83.102,-98.872,36.836,0.0717,1.098,1.2.826.0.1.3680043.8.498.78083328256136004172878020588186879012,36,0.6,5,True
1.2.826.0.1.3680043.8.498.55105303802677863700162285680213496441,pf_centre,-115.743,-83.635,11.77,0.075,0.788,1.2.826.0.1.3680043.8.498.36739170534252006647987034699328018511,40,3.3,1,True
1.2.826.0.1.3680043.8.498.55183153701332792661581741475876132309,pf_centre,-77.658,-56.023,-0.548,0.0521,1.525,1.2.826.0.1.3680043.8.498.26884178716447119463235249681223419755,30,4.4,1,True
1.2.826.0.1.3680043.8.498.55202459816190607876303419067810637245,pf_centre,105.112,-48.106,1.472,0.1299,0.886,1.2.826.0.1.3680043.8.498.55824424598012360477843192573932885628,22,4.5,1,True
1.2.826.0.1.3680043.8.498.55300053252365037422745072128951402593,pf_centre,125.663,-91.322,67.992,0.0582,7.982,1.2.826.0.1.3680043.8.498.94104074199313649352934727187286619182,22,4.5,1,True
1.2.826.0.1.3680043.8.498.55332521421041708438748125666498042763,pf_centre,110.487,-70.746,42.046,0.1195,0.949,1.2.826.0.1.3680043.8.498.87690851966981610535545817275966914802,24,4.5,1,True
1.2.826.0.1.3680043.8.498.55344075316305815718253234447285669886,pf_centre,-119.902,-85.086,35.702,0.0715,1.122,1.2.826.0.1.3680043.8.498.47534003978264496220629085804561853598,21,6.134,1,True
1.2.826.0.1.3680043.8.498.55344353927048912237233441917779875587,pf_centre,-124.482,-83.611,-13.807,0.0338,1.132,1.2.826.0.1.3680043.8.498.97868404992157950788568810727008950577,47,0.9,4,True
1.2.826.0.1.3680043.8.498.55346033326903331672579723063380636237,pf_centre,112.471,-80.505,36.813,0.0742,1.756,1.2.826.0.1.3680043.8.498.66890115949835740502212542554513199134,24,5.295,1,True
1.2.826.0.1.3680043.8.498.55397602116058381866334455456729470963,pf_centre,-63.248,-65.708,19.409,0.0855,2.13,1.2.826.0.1.3680043.8.498.19809878540082404334923329483481758773,32,3.6,1,True
1.2.826.0.1.3680043.8.498.55415479446253262335685494509470808516,pf_centre,-1.029,-62.918,-25.064,0.1159,3.462,1.2.826.0.1.3680043.8.498.14211785745941230142766650956182999824,24,4.4,1,True
1.2.826.0.1.3680043.8.498.55461938012492393262172182405932212246,pf_centre,-79.262,-60.431,5.119,0.0607,3.246,1.2.826.0.1.3680043.8.498.52366412781464625736946031904674893891,38,3.6,1,True
1.2.826.0.1.3680043.8.498.55583505147281684100202399148099429721,pf_centre,106.599,-81.764,3.519,0.0705,1.314,1.2.826.0.1.3680043.8.498.96319830965206344902227414420717284587,22,6.335,1,True
1.2.826.0.1.3680043.8.498.55586358833903787781826406120068237870,pf_centre,-107.621,-107.196,2.96,0.0423,7.49,1.2.826.0.1.3680043.8.498.51131149731184117257604679209077533059,18,6.299,1,True
1.2.826.0.1.3680043.8.498.55653770127824574123236841437998533498,pf_centre,-123.323,-69.098,1.405,0.1163,1.919,1.2.826.0.1.3680043.8.498.56177818356944504309832235073594394706,22,4.5,1,True
1.2.826.0.1.3680043.8.498.55687452977471862155042703116192295932,pf_centre,84.669,-56.968,21.279,0.0961,1.339,1.2.826.0.1.3680043.8.498.37957409760550641558022054725471973215,36,3.3,1,True
1.2.826.0.1.3680043.8.498.55700532609077428304194916132759352518,pf_centre,-78.872,-39.631,13.174,0.0605,2.094,1.2.826.0.1.3680043.8.498.12586560988602560621137838878991542066,30,3.9,1,True
1.2.826.0.1.3680043.8.498.55713753582074871470943388423906540792,pf_centre,-106.795,-70.919,68.761,0.0681,0.686,1.2.826.0.1.3680043.8.498.12251347517495911147444134353813283071,40,3.3,1,True
1.2.826.0.1.3680043.8.498.55729193057949125029301812320609764642,pf_centre,105.737,-33.21,26.146,0.0956,2.213,1.2.826.0.1.3680043.8.498.42874767363873759658488602820018731006,36,3.3,1,True
1.2.826.0.1.3680043.8.498.55771181380353653474896884649540028856,pf_centre,-102.034,-78.117,46.082,0.0579,1.703,1.2.826.0.1.3680043.8.498.40440268197391034665758025447681980596,40,3.3,1,True
1.2.826.0.1.3680043.8.498.55808772152667135571939417929724526296,pf_centre,120.055,-102.979,44.921,0.0396,8.023,1.2.826.0.1.3680043.8.498.12297339884975255305970162246993902007,40,3.3,1,True
1.2.826.0.1.3680043.8.498.55850385284038070407841702672827533728,pf_centre,129.699,-22.523,-23.985,0.0942,2.855,1.2.826.0.1.3680043.8.498.11800837804482391545403582037841630080,43,3.5,1,True
1.2.826.0.1.3680043.8.498.55856308312040330141050707531982127791,pf_centre,84.754,-41.658,25.398,0.0574,1.966,1.2.826.0.1.3680043.8.498.27374417520103080761994158186608885201,30,3.6,1,True
1.2.826.0.1.3680043.8.498.55861544093014499478739864837675161978,pf_centre,74.002,-79.916,29.664,0.0544,10.02,1.2.826.0.1.3680043.8.498.89205394706693323466924721437265758801,27,0.6,6,True
1.2.826.0.1.3680043.8.498.55887747667305814945719986974538814207,pf_centre,-94.378,-63.975,-2.039,0.0863,0.743,1.2.826.0.1.3680043.8.498.10916385313127228522032099990597635790,38,3.6,1,True
1.2.826.0.1.3680043.8.498.55927741980493661714408715886641034285,pf_centre,-67.372,-40.704,-7.372,0.098,3.916,1.2.826.0.1.3680043.8.498.72940860181582718709406371188118426271,30,3.3,1,True
1.2.826.0.1.3680043.8.498.55930031395651221279170435293900769500,pf_centre,-93.28,-78.23,19.676,0.0682,1.614,1.2.826.0.1.3680043.8.498.10548822148897260250272257763443560489,40,3.3,1,True
1.2.826.0.1.3680043.8.498.55971152627433130850649668964887611410,pf_centre,-88.518,-96.739,48.931,0.0573,1.309,1.2.826.0.1.3680043.8.498.45036097233431283621699760439504460395,45,3.3,1,True
1.2.826.0.1.3680043.8.498.55971241672517044174019654998425819738,pf_centre,-97.272,-72.677,33.936,0.0738,0.831,1.2.826.0.1.3680043.8.498.75290074460603574734911120114881126529,38,3.6,1,True
1.2.826.0.1.3680043.8.498.55991293001848799160041967098772087659,pf_centre,-87.674,-63.073,47.304,0.0894,1.585,1.2.826.0.1.3680043.8.498.22945670902061388647366647996556986977,30,3.9,1,True
1.2.826.0.1.3680043.8.498.56016606949603829995818303105991224499,pf_centre,99.874,-88.206,-15.637,0.0962,1.642,1.2.826.0.1.3680043.8.498.98448657856980640708091311045695832728,29,0.6,5,True
1.2.826.0.1.3680043.8.498.56045687004558569005240775213510192805,pf_centre,-98.84,-90.686,13.468,0.0729,0.62,1.2.826.0.1.3680043.8.498.13083237281160106979432722687844280782,40,3.3,1,True
1.2.826.0.1.3680043.8.498.56054334296747411394367010227992359191,pf_centre,83.555,-70.024,11.475,0.072,1.785,1.2.826.0.1.3680043.8.498.11306903954432351210261378729505474562,43,3.3,1,True
1.2.826.0.1.3680043.8.498.56061505201159269536816810086342635391,pf_centre,106.643,-71.164,-2.184,0.0472,2.732,1.2.826.0.1.3680043.8.498.52070509099712172640265830827732559871,33,3.3,1,True
1.2.826.0.1.3680043.8.498.56091473614612257999053529249190958828,pf_centre,-82.717,-62.406,21.019,0.1028,0.714,1.2.826.0.1.3680043.8.498.52352363695693459708694769285603901730,31,4.5,1,True
1.2.826.0.1.3680043.8.498.56146582420561901778012523946835033628,pf_centre,74.584,-51.429,44.808,0.0516,3.394,1.2.826.0.1.3680043.8.498.57589092154330007976848736806365379217,36,3.3,1,True
1.2.826.0.1.3680043.8.498.56156923369480999484275191793049573490,pf_centre,-50.33,-67.38,22.26,0.1003,2.38,1.2.826.0.1.3680043.8.498.70116325603570971640107814949398871057,34,4.55,1,True
1.2.826.0.1.3680043.8.498.56170570792418244380186761574367557535,pf_centre,-128.568,-57.124,26.449,0.103,1.619,1.2.826.0.1.3680043.8.498.12126224685184671583598971674923776595,32,3.6,1,True
1.2.826.0.1.3680043.8.498.56188634971310070481285525830793231849,pf_centre,117.941,-51.317,20.362,0.074,3.39,1.2.826.0.1.3680043.8.498.98308672519162761402648512334072598472,22,6.195,1,True
1.2.826.0.1.3680043.8.498.56216873861595017403772627709751840588,pf_centre,-80.01,-70.467,-6.118,0.0909,1.249,1.2.826.0.1.3680043.8.498.93230953395834814248487356551249637061,30,3.6,1,True
1.2.826.0.1.3680043.8.498.56266280744044680626884459696038109616,pf_centre,-111.685,36.036,50.288,0.0458,2.153,1.2.826.0.1.3680043.8.498.12360992249677515867211926441948004451,30,4.4,1,True
1.2.826.0.1.3680043.8.498.56269695574661037525483516531194514456,pf_centre,96.872,-62.857,-5.572,0.0807,1.274,1.2.826.0.1.3680043.8.498.44404098354996119346728666569497646833,38,3.6,1,True
1.2.826.0.1.3680043.8.498.56305445410093481072159375249067050124,pf_centre,-62.745,-93.057,-12.053,0.1371,1.063,1.2.826.0.1.3680043.8.498.11881613930029235152037543901492687999,19,5.4,1,True
1.2.826.0.1.3680043.8.498.56385473079196655120993854770623075553,pf_centre,85.748,-61.907,34.066,0.0847,2.387,1.2.826.0.1.3680043.8.498.91404382429768318981521981372231231638,40,3.3,1,True
1.2.826.0.1.3680043.8.498.56428314239264997930645427543149285770,pf_centre,86.099,-42.988,27.149,0.0788,1.995,1.2.826.0.1.3680043.8.498.72985985357997686466651827988843792513,30,4.55,1,True
1.2.826.0.1.3680043.8.498.56474364950531483257947155855279443851,pf_centre,90.503,-55.228,1.927,0.0818,1.607,1.2.826.0.1.3680043.8.498.42484053322547867127895249957179230606,40,3.3,1,True
1.2.826.0.1.3680043.8.498.56497268548664917337130798701015887461,pf_centre,-69.411,-57.42,31.63,0.0519,1.193,1.2.826.0.1.3680043.8.498.60220213269536252848944849465433727853,40,3.3,1,True
1.2.826.0.1.3680043.8.498.56506415277488978301157490514745400410,pf_centre,-87.76,-75.002,1.878,0.1131,1.868,1.2.826.0.1.3680043.8.498.12236723344041545244537085242510157530,24,0.6,6,True
1.2.826.0.1.3680043.8.498.56512564464301544960446419143135447363,pf_centre,-87.904,-29.355,6.175,0.1178,1.795,1.2.826.0.1.3680043.8.498.12763175123567033737900718908091633013,28,4.5,1,True
1.2.826.0.1.3680043.8.498.56513276339820682030546599321915304265,pf_centre,-113.298,-78.4,-13.068,0.0553,1.297,1.2.826.0.1.3680043.8.498.79393947036118130439506100580841443355,40,3.3,1,True
1.2.826.0.1.3680043.8.498.56564801707939049324472369774251260607,pf_centre,-106.088,-86.715,16.871,0.0746,1.764,1.2.826.0.1.3680043.8.498.30280786001820097366330167216894627693,24,5.872,1,True
1.2.826.0.1.3680043.8.498.56575942633137496743464648679775042979,pf_centre,-76.038,-46.209,-35.589,0.0508,2.137,1.2.826.0.1.3680043.8.498.17226931316477403275233775597745616135,37,4.0,1,True
1.2.826.0.1.3680043.8.498.56628956454784173189908113425348977923,pf_centre,-57.331,-25.954,-12.827,0.0987,1.431,1.2.826.0.1.3680043.8.498.64190750745759895410391437300332817006,30,3.3,1,True
1.2.826.0.1.3680043.8.498.56686055146646210144964207684044815006,pf_centre,-93.167,-67.628,23.794,0.0811,0.54,1.2.826.0.1.3680043.8.498.12991507820025940827753268535291177057,30,3.85,1,True
1.2.826.0.1.3680043.8.498.56715311294415711253166312546942356882,pf_centre,85.217,-39.807,0.574,0.0599,2.089,1.2.826.0.1.3680043.8.498.10146062361924542671529063152424956688,36,3.3,1,True
1.2.826.0.1.3680043.8.498.56751453017492477106384704540803963879,pf_centre,67.31,-53.699,44.407,0.0477,1.609,1.2.826.0.1.3680043.8.498.34767870080509475730797549235681654208,36,4.4,1,True
1.2.826.0.1.3680043.8.498.56762592839620371588520593573846414860,pf_centre,-111.185,-85.808,5.485,0.0721,1.013,1.2.826.0.1.3680043.8.498.57946025445401966329387026286689911102,43,3.3,1,True
1.2.826.0.1.3680043.8.498.56786556618312090924315296993756843070,pf_centre,-95.262,-71.458,-24.269,0.0582,1.636,1.2.826.0.1.3680043.8.498.98351040496142690760890445750044716010,34,4.2,1,True
1.2.826.0.1.3680043.8.498.56796622077427019119540733986070534126,pf_centre,-96.508,-86.476,-19.345,0.0931,2.077,1.2.826.0.1.3680043.8.498.58193654139029865617047539177537479253,30,4.0,1,True
1.2.826.0.1.3680043.8.498.56798070549054124854685511360777559033,pf_centre,103.496,-60.673,-24.163,0.0912,2.375,1.2.826.0.1.3680043.8.498.41950554828765663333180907347187345177,30,4.55,1,True
1.2.826.0.1.3680043.8.498.56814987912934301686833132930648230999,pf_centre,22.475,-41.565,0.379,0.1036,3.023,1.2.826.0.1.3680043.8.498.54207900129989939951673079558803755332,20,5.0,1,True
1.2.826.0.1.3680043.8.498.56839374698050163738039760889156066445,pf_centre,87.56,-32.527,11.143,0.0664,1.145,1.2.826.0.1.3680043.8.498.68085490141162541776822974309532146756,34,4.52,1,True
1.2.826.0.1.3680043.8.498.56880070152758706555016296832842012883,pf_centre,-93.707,-69.431,18.143,0.0741,1.306,1.2.826.0.1.3680043.8.498.98662226813349252741782702121736340145,30,3.6,1,True
1.2.826.0.1.3680043.8.498.56882015310689536014061315110969323429,pf_centre,-49.383,-77.41,-12.836,0.1093,1.211,1.2.826.0.1.3680043.8.498.82016149025170644260862257900365289110,28,3.6,1,True
1.2.826.0.1.3680043.8.498.56893426177755960410197244250599230068,pf_centre,128.33,-79.589,10.399,0.0629,3.174,1.2.826.0.1.3680043.8.498.10589258535438399062796780172737115901,35,3.5,1,True
1.2.826.0.1.3680043.8.498.56894990686683651282564584582335346350,pf_centre,-116.668,-93.968,4.906,0.0947,0.709,1.2.826.0.1.3680043.8.498.98813119090932756785459633588597669734,30,3.6,1,True
1.2.826.0.1.3680043.8.498.56915079210789596803972894081756325026,pf_centre,90.413,-55.373,4.774,0.0894,1.051,1.2.826.0.1.3680043.8.498.35103288201101174528179528331850897537,36,3.3,1,True
1.2.826.0.1.3680043.8.498.56939860329243258146102948466697018543,pf_centre,98.226,-89.781,30.256,0.0621,2.365,1.2.826.0.1.3680043.8.498.84575077292141368744079880129213152499,23,5.844,1,True
1.2.826.0.1.3680043.8.498.56945039212126810522718038626526579591,pf_centre,88.809,-63.486,-4.512,0.0845,2.288,1.2.826.0.1.3680043.8.498.93089116786854542829677860811484753230,36,3.3,1,True
1.2.826.0.1.3680043.8.498.56989113744241846544086409786820246754,pf_centre,97.673,-100.028,6.58,0.0711,1.082,1.2.826.0.1.3680043.8.498.88650956295890075283706128289464824909,35,3.85,1,True
1.2.826.0.1.3680043.8.498.56991590802231436015843619633497607680,pf_centre,-113.153,-87.333,12.171,0.0723,1.992,1.2.826.0.1.3680043.8.498.19456299098007195365253310275018964586,22,5.0,1,True
1.2.826.0.1.3680043.8.498.56993108275828399240508695615212151102,pf_centre,74.859,-50.624,-1.303,0.1129,4.941,1.2.826.0.1.3680043.8.498.11866429136402723436901286972730756468,30,4.4,1,True
1.2.826.0.1.3680043.8.498.56995522547527264862064392266001620445,pf_centre,-104.552,-59.748,-41.27,0.057,2.368,1.2.826.0.1.3680043.8.498.95848155280382502326091465874994440674,30,4.4,1,True
1.2.826.0.1.3680043.8.498.57064618560116981041722203028857007300,pf_centre,-83.105,-50.862,40.742,0.0731,1.741,1.2.826.0.1.3680043.8.498.10027550161761847752083513853619165044,30,3.9,1,True
1.2.826.0.1.3680043.8.498.57074072196714325300896734167161517369,pf_centre,122.275,-78.992,-28.819,0.1192,0.75,1.2.826.0.1.3680043.8.498.98692803953896266971857299089583196714,30,3.6,1,True
1.2.826.0.1.3680043.8.498.57084445429567494093960261980941917499,pf_centre,120.982,-83.883,32.614,0.0835,1.128,1.2.826.0.1.3680043.8.498.69592057434038540235405567190221064586,32,3.3,1,True
1.2.826.0.1.3680043.8.498.57091203959244495164081406481825915856,pf_centre,-102.108,-102.894,11.099,0.114,1.789,1.2.826.0.1.3680043.8.498.10523483176339155337759094026640447713,21,4.8,1,True
1.2.826.0.1.3680043.8.498.57160448024145680660335079050450776852,pf_centre,-98.693,-57.821,31.42,0.071,0.81,1.2.826.0.1.3680043.8.498.26939775043581312518725940614338364937,28,4.5,1,True
1.2.826.0.1.3680043.8.498.57239450717434070615919278253974598533,pf_centre,-114.194,-110.042,36.648,0.0663,0.891,1.2.826.0.1.3680043.8.498.25898393181235028997412253565161243526,23,6.993,1,True
1.2.826.0.1.3680043.8.498.57316522861709598765962486949846744486,pf_centre,104.997,-58.148,-2.949,0.0592,2.292,1.2.826.0.1.3680043.8.498.47654458477334406679634457003805158119,34,5.0,1,True
1.2.826.0.1.3680043.8.498.57342523828166309133982222435655662667,pf_centre,-117.432,-73.689,19.648,0.0816,3.024,1.2.826.0.1.3680043.8.498.92442415199776568679647824612718995865,32,3.85,1,True
1.2.826.0.1.3680043.8.498.57348281565196196401055821640494904475,pf_centre,113.895,-82.419,-15.725,0.1194,1.986,1.2.826.0.1.3680043.8.498.14204461412548002976720644165975534777,19,4.4,1,True
1.2.826.0.1.3680043.8.498.57406640473235989459885313797729459197,pf_centre,-79.503,-76.401,-18.058,0.0987,2.289,1.2.826.0.1.3680043.8.498.10966685481951482837449712494474293815,29,0.6,5,True
1.2.826.0.1.3680043.8.498.57491375928585600499323136123872536597,pf_centre,-56.487,39.666,-20.553,0.0683,2.726,1.2.826.0.1.3680043.8.498.60510107342747564440823675637424317083,34,3.4,1,True
1.2.826.0.1.3680043.8.498.57537915810250993237120953960404180449,pf_centre,-107.812,-88.362,30.777,0.0989,1.254,1.2.826.0.1.3680043.8.498.71211516167274549438586531880802020367,30,3.85,1,True
1.2.826.0.1.3680043.8.498.57615268093937994500995086275007694564,pf_centre,136.444,-69.663,17.741,0.0748,2.528,1.2.826.0.1.3680043.8.498.10878885708611585548964097781881454297,30,4.4,1,True
1.2.826.0.1.3680043.8.498.57703608122587911055931213603182679454,pf_centre,96.537,-50.537,-26.745,0.0797,1.805,1.2.826.0.1.3680043.8.498.66460221588329450026320913601580753498,40,3.3,1,True
1.2.826.0.1.3680043.8.498.57768539239475064336346600805236336044,pf_centre,-105.256,-41.705,13.917,0.0787,1.215,1.2.826.0.1.3680043.8.498.11390972649075102449144957849952832895,36,3.3,1,True
1.2.826.0.1.3680043.8.498.57775389384191131322519457853517177210,pf_centre,84.826,-39.952,16.052,0.0649,1.647,1.2.826.0.1.3680043.8.498.46514963552985833261243015714238746069,30,4.55,1,True
1.2.826.0.1.3680043.8.498.57789603189240866041812385320399435864,pf_centre,-107.245,-93.678,31.238,0.063,1.618,1.2.826.0.1.3680043.8.498.12377240034498714585087964953473295203,40,3.3,1,True
1.2.826.0.1.3680043.8.498.57802887045514681373294932749517914959,pf_centre,-72.665,-88.696,35.65,0.1339,1.353,1.2.826.0.1.3680043.8.498.83020877596620707244675676440867057373,24,0.6,6,True
1.2.826.0.1.3680043.8.498.57811199787891897795884073594875380873,pf_centre,92.828,-36.575,31.071,0.0898,4.621,1.2.826.0.1.3680043.8.498.80744703877388448716121106212091352808,36,3.3,1,True
1.2.826.0.1.3680043.8.498.57829173797358025677240411871600928097,pf_centre,-101.189,7.828,-126.37,0.0787,1.381,1.2.826.0.1.3680043.8.498.68121836937506842031213787403108652347,30,4.4,1,True
1.2.826.0.1.3680043.8.498.57836524675365700674244122764523161699,pf_centre,-102.535,-89.94,-8.91,0.0677,1.065,1.2.826.0.1.3680043.8.498.84720804447819087035972818501997688827,30,4.0,1,True
1.2.826.0.1.3680043.8.498.57845032486422442404222046144765204905,pf_centre,-117.34,-44.59,-40.906,0.0721,0.998,1.2.826.0.1.3680043.8.498.96424006715396436482146516024021304210,31,3.4,1,True
1.2.826.0.1.3680043.8.498.57859543314667538612269642333387175763,pf_centre,124.878,-79.479,39.797,0.0878,1.187,1.2.826.0.1.3680043.8.498.70238581068038484606004875106645765469,30,3.6,1,True
1.2.826.0.1.3680043.8.498.57882532838957577543516026386452055977,pf_centre,-116.677,-59.08,7.111,0.0825,1.555,1.2.826.0.1.3680043.8.498.10236092938030295755571901205523736606,32,4.5,1,True
1.2.826.0.1.3680043.8.498.57917634151851433037090858498504057826,pf_centre,-70.608,-27.619,-2.442,0.115,1.441,1.2.826.0.1.3680043.8.498.28943412949075945771252141630222165493,28,4.5,1,True
1.2.826.0.1.3680043.8.498.57951268100539350409054562078476694936,pf_centre,-105.553,-68.438,4.252,0.0865,1.255,1.2.826.0.1.3680043.8.498.11363398090421898048920826537216686448,30,3.6,1,True
1.2.826.0.1.3680043.8.498.57960501042895683580303516749157258348,pf_centre,96.323,-83.245,42.989,0.0538,0.944,1.2.826.0.1.3680043.8.498.48716803025076849349075102564185349837,40,3.3,1,True
1.2.826.0.1.3680043.8.498.58051085126748057986491277367254533832,pf_centre,75.951,-90.543,-0.473,0.0781,1.615,1.2.826.0.1.3680043.8.498.36790593179022832608174878701522576121,27,0.6,6,True
1.2.826.0.1.3680043.8.498.58143227319316521737029358930629086887,pf_centre,104.644,-93.276,-0.225,0.0775,0.956,1.2.826.0.1.3680043.8.498.37363672605548524635220050862579935374,21,6.134,1,True
1.2.826.0.1.3680043.8.498.58167256197067081436345136244032069163,pf_centre,92.181,-65.053,-5.807,0.0575,0.923,1.2.826.0.1.3680043.8.498.60959968543814269243087420495025474468,30,4.4,1,True
1.2.826.0.1.3680043.8.498.58250779958866595505585700517927225230,pf_centre,98.02,-82.525,15.833,0.0686,0.938,1.2.826.0.1.3680043.8.498.80980200360402056473891423457047596512,42,3.6,1,True
1.2.826.0.1.3680043.8.498.58261214953729037661916565473101636690,pf_centre,-58.452,-67.327,40.42,0.0761,1.104,1.2.826.0.1.3680043.8.498.33583406378919297597672009564266929008,19,4.4,1,True
1.2.826.0.1.3680043.8.498.58280111882249056715877316026191844548,pf_centre,-76.922,-25.564,-10.189,0.1198,1.21,1.2.826.0.1.3680043.8.498.13212795583250747008574471361997146452,24,4.5,1,True
1.2.826.0.1.3680043.8.498.58280349821647977336008109443058641195,pf_centre,-77.255,-42.748,21.935,0.0772,1.005,1.2.826.0.1.3680043.8.498.80703110968491384858937592668351714389,30,4.55,1,True
1.2.826.0.1.3680043.8.498.58298767414933858487578597918936525600,pf_centre,-84.747,-42.369,26.945,0.0763,1.068,1.2.826.0.1.3680043.8.498.16671642082299097704886084212638551730,36,3.3,1,True
1.2.826.0.1.3680043.8.498.58346459085553680879151588730895136332,pf_centre,-78.961,-86.619,8.791,0.103,0.792,1.2.826.0.1.3680043.8.498.11064047332639925426490370226250982512,24,0.6,6,True
1.2.826.0.1.3680043.8.498.58366682083795592678613986311570432419,pf_centre,-115.561,-81.081,-11.998,0.1028,1.199,1.2.826.0.1.3680043.8.498.61808750231374203078296662927778710916,19,5.2,1,True
1.2.826.0.1.3680043.8.498.58381033890285289577066078050126251787,pf_centre,85.699,-96.962,14.87,0.105,1.125,1.2.826.0.1.3680043.8.498.86970522719254428812587886264541584946,24,0.6,6,True
1.2.826.0.1.3680043.8.498.58404766256608483217059706069436050741,pf_centre,82.647,-75.49,11.773,0.0576,1.245,1.2.826.0.1.3680043.8.498.24652291177505920810085900658330131692,30,4.4,1,True
1.2.826.0.1.3680043.8.498.58416798660375193103814365795347286292,pf_centre,-101.698,-89.945,-2.734,0.0911,1.242,1.2.826.0.1.3680043.8.498.48292744802004562594687184388921784199,30,4.0,1,True
1.2.826.0.1.3680043.8.498.58475208045272914292874190001248518687,pf_centre,-98.954,-58.103,10.911,0.0998,1.015,1.2.826.0.1.3680043.8.498.83821174701884939144725967098468784750,32,3.9,1,True
1.2.826.0.1.3680043.8.498.58482152742263188503728990365891896621,pf_centre,118.494,-136.637,-19.172,0.1311,3.336,1.2.826.0.1.3680043.8.498.31374039250188591515475419661288571349,19,5.4,1,True
1.2.826.0.1.3680043.8.498.58482779112389764165599701941310919660,pf_centre,-92.377,-73.904,22.877,0.0932,0.806,1.2.826.0.1.3680043.8.498.12760999985468373749389061751000561392,30,3.9,1,True
1.2.826.0.1.3680043.8.498.58522891982092784622515590012748600644,pf_centre,128.163,-52.939,-11.866,0.1014,2.224,1.2.826.0.1.3680043.8.498.12768312452936639032505954723566915449,30,4.5,1,True
1.2.826.0.1.3680043.8.498.58550899000434548218916895907938175917,pf_centre,-116.819,-49.833,9.114,0.113,2.22,1.2.826.0.1.3680043.8.498.95457702076226811068121221562758814441,36,3.3,1,True
1.2.826.0.1.3680043.8.498.58585441284202143792468863402617212167,pf_centre,-92.281,-42.099,-24.77,0.0895,0.526,1.2.826.0.1.3680043.8.498.17350738305519323448843001976592557882,36,3.3,1,True
1.2.826.0.1.3680043.8.498.58604600600114899516493668210902251434,pf_centre,-83.671,-69.413,-22.88,0.0502,0.772,1.2.826.0.1.3680043.8.498.11331025145329479934244925872126820705,42,3.9,1,True
1.2.826.0.1.3680043.8.498.58626635384305289939700801774393536415,pf_centre,86.128,-61.944,25.007,0.0885,1.512,1.2.826.0.1.3680043.8.498.93670903073211409095451056562937206986,43,3.3,1,True
1.2.826.0.1.3680043.8.498.58634494571833713296574414948455471101,pf_centre,91.406,-43.714,5.911,0.0782,1.468,1.2.826.0.1.3680043.8.498.11598555476678968327347656393643743025,34,3.6,1,True
1.2.826.0.1.3680043.8.498.58654915518882480245974544469656013058,pf_centre,-75.189,-36.067,-10.193,0.0843,0.928,1.2.826.0.1.3680043.8.498.96677480184789939253990775854822773183,36,3.3,1,True
1.2.826.0.1.3680043.8.498.58685941646495891824559391997783302656,pf_centre,-106.941,-68.49,15.649,0.066,1.708,1.2.826.0.1.3680043.8.498.83530487114102849847652736511661748416,36,3.3,1,True
1.2.826.0.1.3680043.8.498.58710813820037448352310278234947865485,pf_centre,-104.408,-51.73,30.698,0.0737,1.682,1.2.826.0.1.3680043.8.498.66207001273810787006225527322644793754,30,3.9,1,True
1.2.826.0.1.3680043.8.498.58728013757221328590898166513995249334,pf_centre,-102.763,-60.784,-7.352,0.0735,3.194,1.2.826.0.1.3680043.8.498.74845567194813734735255071188169614658,21,6.782,1,True
1.2.826.0.1.3680043.8.498.58739535411760425418941874065260802744,pf_centre,123.032,-25.59,20.575,0.0381,1.263,1.2.826.0.1.3680043.8.498.11524692855668501193437190097905944438,33,4.5,1,True
1.2.826.0.1.3680043.8.498.58749835013162544157291112101941849646,pf_centre,145.088,-90.468,9.942,0.0667,6.141,1.2.826.0.1.3680043.8.498.92182531015744231798554876775261086654,18,6.002,1,True
1.2.826.0.1.3680043.8.498.58768083117076186082335984587845964130,pf_centre,-71.523,-47.142,-14.849,0.1018,1.413,1.2.826.0.1.3680043.8.498.64223842933546631043333249386542681527,28,4.5,1,True
1.2.826.0.1.3680043.8.498.58776844157027040145262759105410792687,pf_centre,-121.625,-76.455,6.855,0.0768,1.344,1.2.826.0.1.3680043.8.498.40191252071123629741249841467212597795,30,3.6,1,True
1.2.826.0.1.3680043.8.498.58811528407321581206563412079643094538,pf_centre,112.124,-94.864,8.446,0.0621,3.186,1.2.826.0.1.3680043.8.498.31211599999554435527206811040769801422,25,6.777,1,True
1.2.826.0.1.3680043.8.498.58835863392949696556026907211309159182,pf_centre,-96.669,-91.386,5.372,0.0639,1.648,1.2.826.0.1.3680043.8.498.10711868570815128986231253237364575056,35,4.0,1,True
1.2.826.0.1.3680043.8.498.58857477075095368361468658035369975572,pf_centre,-107.384,-82.697,31.367,0.0663,1.78,1.2.826.0.1.3680043.8.498.11016877052343954476357540741479664334,36,3.3,1,True
1.2.826.0.1.3680043.8.498.58888406752590566453001353089284177456,pf_centre,-118.099,-95.435,15.493,0.0658,1.673,1.2.826.0.1.3680043.8.498.60501414438703611066075130873777295350,40,3.3,1,True
1.2.826.0.1.3680043.8.498.58925843611945635442423587804169242644,pf_centre,86.282,-97.551,19.395,0.0964,0.77,1.2.826.0.1.3680043.8.498.53609051180244203550475250368649441132,32,0.6,5,True
1.2.826.0.1.3680043.8.498.58965370475364247222892582428665460530,pf_centre,-104.026,-82.75,31.027,0.0426,1.736,1.2.826.0.1.3680043.8.498.54450284315070506389024331139874184611,40,3.3,1,True
1.2.826.0.1.3680043.8.498.59021913092219789232890327780064145948,pf_centre,-101.69,-74.658,-0.659,0.0502,2.219,1.2.826.0.1.3680043.8.498.12974935994367556291638738855911448721,46,3.3,1,True
1.2.826.0.1.3680043.8.498.59047534248122071167153110802170658177,pf_centre,120.642,-91.762,-25.253,0.0757,1.86,1.2.826.0.1.3680043.8.498.82236127060871793224495432548823965831,40,3.3,1,True
1.2.826.0.1.3680043.8.498.59048646289883992375610835845636263714,pf_centre,-103.761,20.595,46.101,0.0556,1.302,1.2.826.0.1.3680043.8.498.10239265789075702016009995193138357704,30,4.4,1,True
1.2.826.0.1.3680043.8.498.59073122184069676919857712290159511305,pf_centre,95.087,-45.298,-0.79,0.0737,2.963,1.2.826.0.1.3680043.8.498.20434918563195649613860001151906875954,36,3.3,1,True
1.2.826.0.1.3680043.8.498.59098825208018364061073394433706021769,pf_centre,106.992,-75.159,-18.132,0.0655,1.975,1.2.826.0.1.3680043.8.498.51674682783178331821641242463033053275,39,3.3,1,True
1.2.826.0.1.3680043.8.498.59126324546257448818397467078224944768,pf_centre,-67.815,-48.31,0.651,0.0601,1.25,1.2.826.0.1.3680043.8.498.48741299259735540553233671830151967441,34,4.2,1,True
1.2.826.0.1.3680043.8.498.59140342594072117638979402278277248612,pf_centre,-102.708,-86.251,-9.061,0.1081,1.962,1.2.826.0.1.3680043.8.498.73562464802593333194928914131448199278,29,0.6,5,True
1.2.826.0.1.3680043.8.498.59254379036462832374262221063106167294,pf_centre,89.777,-60.28,-10.53,0.1062,0.966,1.2.826.0.1.3680043.8.498.11075607919693695220736985549932816712,35,4.5,1,True
1.2.826.0.1.3680043.8.498.59262240088132401543519466539885561578,pf_centre,94.618,-100.237,12.376,0.1042,2.313,1.2.826.0.1.3680043.8.498.67228262938354756991375678714858230177,29,0.6,5,True
1.2.826.0.1.3680043.8.498.59309239681970150083311665704264518844,pf_centre,-78.975,-41.237,-28.307,0.0918,0.86,1.2.826.0.1.3680043.8.498.11093445231101139020606240316636405681,36,3.3,1,True
1.2.826.0.1.3680043.8.498.59394856717216352192037635065925607933,pf_centre,-77.606,-51.975,27.124,0.0791,1.418,1.2.826.0.1.3680043.8.498.11902593582528344260819366266468516922,32,4.55,1,True
1.2.826.0.1.3680043.8.498.59420153636832938628088507776889305823,pf_centre,-4.64,-34.547,-30.616,0.108,0.849,1.2.826.0.1.3680043.8.498.98906170029143795096480880895568091040,23,4.5,1,True
1.2.826.0.1.3680043.8.498.59426134288436219215525445839849588348,pf_centre,102.685,-79.879,-10.883,0.0978,1.154,1.2.826.0.1.3680043.8.498.10160709918251093723402612484866267060,32,0.6,5,True
1.2.826.0.1.3680043.8.498.59449702487184611096113620550399616423,pf_centre,-115.871,-85.506,29.501,0.0775,1.058,1.2.826.0.1.3680043.8.498.15807804564321256228469716829256020268,25,5.104,1,True
1.2.826.0.1.3680043.8.498.59475691595504590121311599301170361869,pf_centre,-72.885,19.007,11.66,0.0122,80.231,1.2.826.0.1.3680043.8.498.54093326606080780583382605527497113439,36,3.3,1,True
1.2.826.0.1.3680043.8.498.59476657510212258499047356518058209126,pf_centre,-76.393,-48.854,45.153,0.0633,0.754,1.2.826.0.1.3680043.8.498.25697574398087619828361705067541697512,38,3.6,1,True
1.2.826.0.1.3680043.8.498.59483999067816153759785789654766826710,pf_centre,-94.548,-83.918,15.582,0.0555,1.359,1.2.826.0.1.3680043.8.498.42984443688705446568460402049197716512,42,3.3,1,True
1.2.826.0.1.3680043.8.498.59511171909586924989766685687032462369,pf_centre,-115.78,-49.377,0.481,0.0856,1.016,1.2.826.0.1.3680043.8.498.13133952899340381321632768003438303368,40,3.3,1,True
1.2.826.0.1.3680043.8.498.59527896591755229337596505685198957637,pf_centre,-114.743,-85.966,-13.871,0.0494,1.191,1.2.826.0.1.3680043.8.498.22741134108766280720679656881850726469,47,0.9,4,True
1.2.826.0.1.3680043.8.498.59533384841491000088839469462294817273,pf_centre,-123.982,-86.436,7.883,0.0546,1.732,1.2.826.0.1.3680043.8.498.74003595952032072412001119164504242501,35,5.0,1,True
1.2.826.0.1.3680043.8.498.59646951619367295963072805933618947027,pf_centre,70.1,-60.309,-13.925,0.0675,1.065,1.2.826.0.1.3680043.8.498.10559878756389696969010841280314457586,30,4.4,1,True
1.2.826.0.1.3680043.8.498.59680220055968160813801840287391339651,pf_centre,91.243,-73.929,-2.303,0.0841,1.165,1.2.826.0.1.3680043.8.498.64271145049424146898265533593143173810,30,3.45,1,True
1.2.826.0.1.3680043.8.498.59708410902079108538978687294461753235,pf_centre,110.574,-54.021,-44.305,0.0699,0.813,1.2.826.0.1.3680043.8.498.12361282162474203138876714876809532163,36,4.5,1,True
1.2.826.0.1.3680043.8.498.59758232061190668535098343218115599228,pf_centre,100.386,-72.56,15.626,0.0516,1.356,1.2.826.0.1.3680043.8.498.54865031004505678637447358297652038556,40,3.3,1,True
1.2.826.0.1.3680043.8.498.59826277112503440743678968423276737254,pf_centre,-79.13,-36.238,-7.731,0.0467,1.546,1.2.826.0.1.3680043.8.498.95203696267217101578819133649754209412,44,3.3,1,True
1.2.826.0.1.3680043.8.498.59828592894392286103154555572376381359,pf_centre,115.188,-73.332,-14.374,0.0773,1.226,1.2.826.0.1.3680043.8.498.30322065342121222086748552054154089882,30,4.4,1,True
1.2.826.0.1.3680043.8.498.59835677513721120155185666132462195647,pf_centre,-76.384,-76.974,-34.523,0.128,2.279,1.2.826.0.1.3680043.8.498.37961130981838818662447683161502519019,24,0.6,6,True
1.2.826.0.1.3680043.8.498.59864697179957009967756900038846073439,pf_centre,60.43,-65.983,0.856,0.0727,1.851,1.2.826.0.1.3680043.8.498.76879808207172545114053432563832900218,30,3.5,1,True
1.2.826.0.1.3680043.8.498.59923507410103964137819195926587517759,pf_centre,-97.138,-134.77,12.538,0.0773,2.493,1.2.826.0.1.3680043.8.498.90902376669601227716509687723943289922,30,4.5,1,True
1.2.826.0.1.3680043.8.498.59932425615255727459402684084295081504,pf_centre,48.175,-15.902,8.352,0.08,1.216,1.2.826.0.1.3680043.8.498.10924952968619236791646034721283392502,28,4.0,1,True
1.2.826.0.1.3680043.8.498.59938475193950583662125713924156951751,pf_centre,15.544,-20.39,4.368,0.0771,1.358,1.2.826.0.1.3680043.8.498.37657708352977584981250908327118565884,28,4.0,1,True
1.2.826.0.1.3680043.8.498.59939977812549570931951749553467050226,pf_centre,125.298,-81.093,6.223,0.0948,1.17,1.2.826.0.1.3680043.8.498.91930476890967668832806205706792482115,35,3.5,1,True
1.2.826.0.1.3680043.8.498.59948559729295284519115137429127740378,pf_centre,-106.866,-101.095,20.942,0.1132,0.876,1.2.826.0.1.3680043.8.498.62509360084332038760881116550120375248,19,5.2,1,True
1.2.826.0.1.3680043.8.498.59954207362160100069708115719895503197,pf_centre,85.343,-49.742,3.131,0.0705,1.258,1.2.826.0.1.3680043.8.498.86787629181412410654632640516065753783,38,3.6,1,True
1.2.826.0.1.3680043.8.498.59973351395253648445741322652773810641,pf_centre,-84.627,-64.71,17.921,0.081,1.366,1.2.826.0.1.3680043.8.498.11213086571583854696979537790700213132,32,4.55,1,True
1.2.826.0.1.3680043.8.498.60064080350033586611530748685370040101,pf_centre,99.432,-39.424,19.324,0.0759,0.931,1.2.826.0.1.3680043.8.498.11320960230172804483959204464278402704,40,3.3,1,True
1.2.826.0.1.3680043.8.498.60088605286413557861235417321985538357,pf_centre,45.966,-13.999,30.965,0.1076,1.083,1.2.826.0.1.3680043.8.498.12564338962380660104398914501736510117,28,4.52,1,True
1.2.826.0.1.3680043.8.498.60094182309575937331152278560900767484,pf_centre,110.476,-69.428,4.216,0.066,3.692,1.2.826.0.1.3680043.8.498.64138188572117552381220055500414593115,21,7.474,1,True
1.2.826.0.1.3680043.8.498.60163612617486071760358965933890738162,pf_centre,75.292,-48.815,18.352,0.1023,1.467,1.2.826.0.1.3680043.8.498.89548291157335136822329101869104211602,30,3.3,1,True
1.2.826.0.1.3680043.8.498.60189166269847256202786309096136242746,pf_centre,122.177,-87.158,19.23,0.1103,2.498,1.2.826.0.1.3680043.8.498.37988090587800621356472888065914745927,21,5.5,1,True
1.2.826.0.1.3680043.8.498.60227430483444032531479844365716485643,pf_centre,124.548,-55.413,-3.899,0.0361,3.835,1.2.826.0.1.3680043.8.498.53104905499400183040718216611141670466,30,4.4,1,True
1.2.826.0.1.3680043.8.498.60240929196665639608259748424475337443,pf_centre,61.927,-91.204,3.869,0.0866,3.27,1.2.826.0.1.3680043.8.498.76676439273089505830842674536172110808,30,3.5,1,True
1.2.826.0.1.3680043.8.498.60259828181878278590614805828898992241,pf_centre,-107.964,-51.686,-13.844,0.0999,1.557,1.2.826.0.1.3680043.8.498.11995820320200346444336251362952180650,36,3.3,1,True
1.2.826.0.1.3680043.8.498.60339775486026531260673620094004244044,pf_centre,113.026,-87.934,8.31,0.091,0.542,1.2.826.0.1.3680043.8.498.66461536089320846430291096531149817940,32,3.3,1,True
1.2.826.0.1.3680043.8.498.60347768295306794807599672836772410567,pf_centre,-87.195,-71.449,-7.369,0.1011,1.702,1.2.826.0.1.3680043.8.498.36644615406456256181222635833360656622,26,0.6,5,True
1.2.826.0.1.3680043.8.498.60394858470917657607846893765818799720,pf_centre,128.139,-70.813,4.743,0.0778,2.521,1.2.826.0.1.3680043.8.498.95745883696542722929133474196248475608,30,4.4,1,True
1.2.826.0.1.3680043.8.498.60430475172382878092821699001847797153,pf_centre,-74.774,-87.708,-7.846,0.1116,0.652,1.2.826.0.1.3680043.8.498.29440453968874859713443006232516608670,22,0.6,6,True
1.2.826.0.1.3680043.8.498.60435128564448668334758790827765960420,pf_centre,-80.727,-0.043,14.718,0.0548,1.594,1.2.826.0.1.3680043.8.498.24197731446247489481403575431043326527,44,3.5,1,True
1.2.826.0.1.3680043.8.498.60439571175176992075370053747045234796,pf_centre,78.203,-38.018,9.666,0.0837,2.484,1.2.826.0.1.3680043.8.498.68606088686697103746337721971050816098,30,3.9,1,True
1.2.826.0.1.3680043.8.498.60446085094710623303973373214794179184,pf_centre,-127.952,-89.634,44.734,0.0787,1.814,1.2.826.0.1.3680043.8.498.50160626260369745093067696533557307917,36,3.85,1,True
1.2.826.0.1.3680043.8.498.60465293103574559546982440125572490190,pf_centre,-85.233,-83.963,-0.825,0.0469,0.881,1.2.826.0.1.3680043.8.498.43943101701118200745065720920432446173,40,3.3,1,True
1.2.826.0.1.3680043.8.498.60473167624534682552272469123806503959,pf_centre,-55.19,-29.403,2.746,0.1015,1.141,1.2.826.0.1.3680043.8.498.11196145540295291694031367861265283736,30,3.3,1,True
1.2.826.0.1.3680043.8.498.60477027832057450004004942199870813886,pf_centre,78.45,-104.68,3.694,0.1056,1.542,1.2.826.0.1.3680043.8.498.53339248268206266939457649964213152722,23,5.0,1,True
1.2.826.0.1.3680043.8.498.60492772672040498730937577391401159109,pf_centre,73.823,-15.259,4.832,0.0997,1.539,1.2.826.0.1.3680043.8.498.68387737765777661562450425469236414624,28,4.52,1,True
1.2.826.0.1.3680043.8.498.60548477793215320533051194155539307724,pf_centre,88.62,-46.304,2.244,0.1374,2.359,1.2.826.0.1.3680043.8.498.73388059751616113170966697403798878100,27,3.6,1,True
1.2.826.0.1.3680043.8.498.60582762894748063612925320003677861384,pf_centre,-122.232,-104.809,33.426,0.0913,6.205,1.2.826.0.1.3680043.8.498.17591424111597820981690281624270717985,22,7.581,1,True
1.2.826.0.1.3680043.8.498.60611146141493700985009985723275645474,pf_centre,-100.39,-72.384,8.393,0.0797,1.647,1.2.826.0.1.3680043.8.498.13067497764835544424551206486030882779,36,3.3,1,True
1.2.826.0.1.3680043.8.498.60614975796208617794180432816390721331,pf_centre,-95.101,-49.068,15.718,0.0729,1.189,1.2.826.0.1.3680043.8.498.62057911223185295819701862785256983253,42,3.3,1,True
1.2.826.0.1.3680043.8.498.60633008040453481523409852849000823589,pf_centre,101.605,-75.936,-26.858,0.0801,6.395,1.2.826.0.1.3680043.8.498.28555365105904559548192843807392628434,26,4.05,1,True
1.2.826.0.1.3680043.8.498.60661676782543347731000874708337132276,pf_centre,67.777,-77.074,21.504,0.0711,0.834,1.2.826.0.1.3680043.8.498.10868306201684464768224583319537188448,34,4.2,1,True
1.2.826.0.1.3680043.8.498.60723378470101669902158229125336455520,pf_centre,107.908,-49.283,18.438,0.0558,0.406,1.2.826.0.1.3680043.8.498.84872436487908266174683696640171031302,33,4.5,1,True
1.2.826.0.1.3680043.8.498.60736996513214411991331917490659995815,pf_centre,-84.341,-68.361,23.839,0.0937,1.149,1.2.826.0.1.3680043.8.498.39093982281270077365561737739065232359,30,3.6,1,True
1.2.826.0.1.3680043.8.498.60840220723824894619895264673401129352,pf_centre,107.741,-111.299,55.61,0.043,1.131,1.2.826.0.1.3680043.8.498.60318451824687242374703712652302187524,47,0.9,4,True
1.2.826.0.1.3680043.8.498.60924385750386872880015870524131415592,pf_centre,87.782,-89.448,-3.349,0.1162,1.602,1.2.826.0.1.3680043.8.498.10878468862661041952413841181685212894,19,5.0,1,True
1.2.826.0.1.3680043.8.498.60931716414402855657852057585917605786,pf_centre,-75.872,-46.567,21.329,0.0829,1.339,1.2.826.0.1.3680043.8.498.77404254951982004717236969759286106388,30,3.3,1,True
1.2.826.0.1.3680043.8.498.60965286164497194740320124904525623873,pf_centre,-114.168,-89.142,7.107,0.0588,2.874,1.2.826.0.1.3680043.8.498.75412901425349593658482022394776911010,30,3.6,1,True
1.2.826.0.1.3680043.8.498.61024356179284390979230045743542661223,pf_centre,-114.843,-77.727,2.176,0.0844,1.062,1.2.826.0.1.3680043.8.498.22393720776362647619538991136628150644,30,3.6,1,True
1.2.826.0.1.3680043.8.498.61043690805522768840878574610198420558,pf_centre,98.47,-97.514,48.519,0.0801,1.013,1.2.826.0.1.3680043.8.498.10416675879245714289377813576391375285,20,5.37,1,True
1.2.826.0.1.3680043.8.498.61072566792285434404885416160728089641,pf_centre,106.766,-73.72,-4.61,0.0619,1.119,1.2.826.0.1.3680043.8.498.13025430012732686092374138743753155616,40,3.3,1,True
1.2.826.0.1.3680043.8.498.61140619849833544411463750382539885141,pf_centre,-82.34,-54.079,0.642,0.072,1.437,1.2.826.0.1.3680043.8.498.69459322842078637154249862121855634185,38,3.6,1,True
1.2.826.0.1.3680043.8.498.61148578767041261085865406067025346106,pf_centre,-130.984,-103.183,12.985,0.101,9.377,1.2.826.0.1.3680043.8.498.46531510740303929002967214503873105027,21,4.4,1,True
1.2.826.0.1.3680043.8.498.61148667330113929729568621580194520169,pf_centre,104.333,-24.324,11.916,0.0967,3.362,1.2.826.0.1.3680043.8.498.35851842573349663447203603557269436405,43,3.5,1,True
1.2.826.0.1.3680043.8.498.61220609061901632500124675031032586841,pf_centre,-72.01,-39.733,-18.065,0.0878,0.771,1.2.826.0.1.3680043.8.498.20067580693263035417862065477732035918,36,3.3,1,True
1.2.826.0.1.3680043.8.498.61227644940421894951950605627016308160,pf_centre,130.79,-89.607,24.085,0.0514,1.913,1.2.826.0.1.3680043.8.498.80574838779868748489557860895113480549,40,3.3,1,True
1.2.826.0.1.3680043.8.498.61238657014751597736608285205361041675,pf_centre,123.168,-77.516,-12.745,0.0893,0.85,1.2.826.0.1.3680043.8.498.11141168191908808060323667709940491129,30,3.6,1,True
1.2.826.0.1.3680043.8.498.61313243050348988917987796330691448770,pf_centre,64.605,-15.154,1.084,0.0798,1.888,1.2.826.0.1.3680043.8.498.95484520744478859085362227441435534232,30,3.3,1,True
1.2.826.0.1.3680043.8.498.61333047594780344399535845209036589563,pf_centre,-103.927,-79.6,20.296,0.0748,1.31,1.2.826.0.1.3680043.8.498.90633021408984747631716551649522265610,36,3.3,1,True
1.2.826.0.1.3680043.8.498.61354742313056287432707914716598361679,pf_centre,-113.873,-71.012,-36.598,0.0921,0.755,1.2.826.0.1.3680043.8.498.76659030000487512452135813654354102033,30,3.6,1,True
1.2.826.0.1.3680043.8.498.61435096069921474761812731150911059491,pf_centre,113.26,-65.711,37.71,0.0962,1.729,1.2.826.0.1.3680043.8.498.14109748365861787992916921564935955091,36,4.095,1,True
1.2.826.0.1.3680043.8.498.61456481310419978302697858056095086811,pf_centre,103.489,28.901,39.842,0.0585,3.205,1.2.826.0.1.3680043.8.498.96277991810811875714029752940828246101,30,4.4,1,True
1.2.826.0.1.3680043.8.498.61490475141024845836646569993549106628,pf_centre,-96.731,-84.939,31.572,0.0116,50.371,1.2.826.0.1.3680043.8.498.12192381842557175632442104282363137596,28,5.0,1,True
1.2.826.0.1.3680043.8.498.61518377417979517706237284901970943470,pf_centre,104.618,-98.435,1.229,0.0681,3.225,1.2.826.0.1.3680043.8.498.37344621342987770292489738193971216251,42,3.3,1,True
1.2.826.0.1.3680043.8.498.61529451559250327125552112075119161933,pf_centre,113.988,-96.541,1.286,0.1113,1.489,1.2.826.0.1.3680043.8.498.25997572279775847284201495320127620720,19,5.0,1,True
1.2.826.0.1.3680043.8.498.61554384977916135091630433680780524386,pf_centre,-85.415,-14.217,42.809,0.0596,1.999,1.2.826.0.1.3680043.8.498.10567070191655458179141017617245074818,48,3.5,1,True
1.2.826.0.1.3680043.8.498.61570904948128887877542043572765432417,pf_centre,-100.519,-73.859,30.735,0.0471,0.743,1.2.826.0.1.3680043.8.498.72527390956456206327589020820212863156,40,3.3,1,True
1.2.826.0.1.3680043.8.498.61581513083114643407028382481113097015,pf_centre,-93.958,-67.513,41.478,0.087,1.148,1.2.826.0.1.3680043.8.498.44572240055664557294308995317031735636,38,3.6,1,True
1.2.826.0.1.3680043.8.498.61630894340791204767579628554826500984,pf_centre,-86.637,-99.419,7.71,0.0961,3.246,1.2.826.0.1.3680043.8.498.12085209220414462776200150219589083330,30,0.6,6,True
1.2.826.0.1.3680043.8.498.61715630583919056026446344483871058799,pf_centre,-103.53,-98.659,23.252,0.069,1.315,1.2.826.0.1.3680043.8.498.11066918476209303864054303905975134761,28,4.5,1,True
1.2.826.0.1.3680043.8.498.61797111379749329977228618245440305623,pf_centre,136.96,-90.769,-1.146,0.073,1.001,1.2.826.0.1.3680043.8.498.18871563063268621430659817662501499053,18,7.336,1,True
1.2.826.0.1.3680043.8.498.61812343111344551704536863711676179812,pf_centre,161.633,-43.626,60.924,0.0655,1.434,1.2.826.0.1.3680043.8.498.12379472943483013736916548364569556022,30,4.4,1,True
1.2.826.0.1.3680043.8.498.61864939963243675140060416958055914981,pf_centre,84.801,-60.712,-11.912,0.1066,2.265,1.2.826.0.1.3680043.8.498.94886348121265711654625663605229496009,25,4.5,1,True
1.2.826.0.1.3680043.8.498.61904856234837992279531381374350177464,pf_centre,-102.035,18.009,-19.489,0.083,2.564,1.2.826.0.1.3680043.8.498.78952990491791479704944118766485690781,30,4.4,1,True
1.2.826.0.1.3680043.8.498.61934170443339188744573234190617483017,pf_centre,-94.832,-113.82,33.005,0.0772,1.188,1.2.826.0.1.3680043.8.498.53467903191220864639202955667668267598,19,4.4,1,True
1.2.826.0.1.3680043.8.498.61956863718716027369068406125965902569,pf_centre,-65.752,-39.915,36.224,0.0887,1.284,1.2.826.0.1.3680043.8.498.62513852099230087338479124448317130768,30,3.3,1,True
1.2.826.0.1.3680043.8.498.61981891095235024266625598999854298547,pf_centre,90.529,-118.4,-27.833,0.1239,1.506,1.2.826.0.1.3680043.8.498.13191292268452590750511010391078469432,19,5.0,1,True
1.2.826.0.1.3680043.8.498.62025036385410820041698409408092924893,pf_centre,98.671,-54.234,33.959,0.075,2.351,1.2.826.0.1.3680043.8.498.63836287303878352330939607862103644897,48,3.51,1,True
1.2.826.0.1.3680043.8.498.62030472630193758412620945408364583008,pf_centre,84.588,-83.373,19.694,0.0437,1.21,1.2.826.0.1.3680043.8.498.11846647082029251559012315255234070547,47,0.9,4,True
1.2.826.0.1.3680043.8.498.62109244272539959226824769201542205950,pf_centre,-112.626,-77.253,28.578,0.0946,0.76,1.2.826.0.1.3680043.8.498.16597779293349990043292723216939177038,35,3.3,1,True
1.2.826.0.1.3680043.8.498.62154969360158054310282857093665911261,pf_centre,-113.916,-101.897,25.735,0.1233,0.555,1.2.826.0.1.3680043.8.498.88181180570388260086465393133569186473,27,0.6,6,True
1.2.826.0.1.3680043.8.498.62192347880785177732202565414591408086,pf_centre,103.122,-75.345,30.755,0.0575,2.235,1.2.826.0.1.3680043.8.498.64365287922653646025790845391526317477,40,3.3,1,True
1.2.826.0.1.3680043.8.498.62205799963299902160268565319924399775,pf_centre,113.699,-89.392,21.924,0.0525,3.705,1.2.826.0.1.3680043.8.498.74278390613568866758660832530599708893,30,4.3,1,True
1.2.826.0.1.3680043.8.498.62217447760619326492634156203608889396,pf_centre,-89.213,-43.765,20.257,0.0555,1.007,1.2.826.0.1.3680043.8.498.61630146830328264673714236729468369777,40,4.0,1,True
1.2.826.0.1.3680043.8.498.62218684089117864632544493263539598403,pf_centre,108.268,-86.645,30.406,0.1058,2.01,1.2.826.0.1.3680043.8.498.38158920385194241797101812614913501247,23,5.0,1,True
1.2.826.0.1.3680043.8.498.62251470468640645490157592046417355534,pf_centre,-100.358,-88.952,11.82,0.0856,0.604,1.2.826.0.1.3680043.8.498.11724042374686502907095153805684107613,28,5.0,1,True
1.2.826.0.1.3680043.8.498.62252176347004905787746821113523889523,pf_centre,104.379,-91.32,16.365,0.0818,1.438,1.2.826.0.1.3680043.8.498.11216532200589628924438852110798768667,32,0.6,5,True
1.2.826.0.1.3680043.8.498.62329283530383340787096585492217632179,pf_centre,-74.437,-83.598,15.498,0.1138,1.175,1.2.826.0.1.3680043.8.498.79833888460730467499960674737282467987,26,0.6,5,True
1.2.826.0.1.3680043.8.498.62383135836496954297324866452887364097,pf_centre,-92.756,-113.551,24.195,0.0545,2.608,1.2.826.0.1.3680043.8.498.44279493575481435618718992952121972942,20,6.5,1,True
1.2.826.0.1.3680043.8.498.62400371770962739002393364782172386752,pf_centre,-90.195,-39.74,1.687,0.0709,1.234,1.2.826.0.1.3680043.8.498.26547241253109233412826382160677190906,30,3.5,1,True
1.2.826.0.1.3680043.8.498.62400625562782184774973349983498962743,pf_centre,51.003,-40.158,9.746,0.1012,1.981,1.2.826.0.1.3680043.8.498.87462433177842851430867176237448260282,20,5.0,1,True
1.2.826.0.1.3680043.8.498.62406588098851994968957074186291720431,pf_centre,-131.049,-65.198,-7.684,0.0857,1.065,1.2.826.0.1.3680043.8.498.36662931789870392189366361169809271607,40,3.3,1,True
1.2.826.0.1.3680043.8.498.62420632149863295140175740643640707423,pf_centre,51.908,-18.448,4.21,0.0587,1.797,1.2.826.0.1.3680043.8.498.83581575879688919896619377565465952410,48,3.3,1,True
1.2.826.0.1.3680043.8.498.62437671010172828772205139640126159272,pf_centre,84.667,-47.559,63.426,0.0841,1.585,1.2.826.0.1.3680043.8.498.99113447112555657091217556945071003738,34,3.3,1,True
1.2.826.0.1.3680043.8.498.62465595376489211274225312453216559395,pf_centre,-18.036,-30.126,-45.313,0.0301,1.341,1.2.826.0.1.3680043.8.498.10490923445995430496946166111818528271,36,4.4,1,True
1.2.826.0.1.3680043.8.498.62549354677638403845904556149868367236,pf_centre,-84.147,-51.602,-32.248,0.0642,1.773,1.2.826.0.1.3680043.8.498.69443004644346250053604983692181738675,38,3.6,1,True
1.2.826.0.1.3680043.8.498.62662430565901539554882496013173225758,pf_centre,70.359,-68.596,52.144,0.0827,1.265,1.2.826.0.1.3680043.8.498.92632862721404682171855904488851324639,38,3.6,1,True
1.2.826.0.1.3680043.8.498.62693151030819598514729637644804213983,pf_centre,-87.772,-50.753,36.202,0.0751,2.015,1.2.826.0.1.3680043.8.498.60863514151967605683380287559360744241,38,3.6,1,True
1.2.826.0.1.3680043.8.498.62752755711205966800746994120425231855,pf_centre,-105.554,-34.904,-25.231,0.0891,0.881,1.2.826.0.1.3680043.8.498.99114979471650780401242718422625257347,24,5.0,1,True
1.2.826.0.1.3680043.8.498.62760659205261492447481830774781950875,pf_centre,-128.509,-102.151,3.556,0.0903,3.83,1.2.826.0.1.3680043.8.498.37520573812479182452824358312509875659,21,6.815,1,True
1.2.826.0.1.3680043.8.498.62776347582771469289738234607517546504,pf_centre,-118.435,-93.215,2.198,0.1108,0.831,1.2.826.0.1.3680043.8.498.85155113896060167383531866859338663790,29,4.5,1,True
1.2.826.0.1.3680043.8.498.62782163204193388751869649423542931657,pf_centre,22.026,-30.426,-17.735,0.0763,2.368,1.2.826.0.1.3680043.8.498.21542986335750638294785584310477667833,30,4.4,1,True
1.2.826.0.1.3680043.8.498.62830031603985608774418534497520663269,pf_centre,72.342,-46.25,14.667,0.0921,4.327,1.2.826.0.1.3680043.8.498.66514411011317862938564584559032993283,27,3.6,1,True
1.2.826.0.1.3680043.8.498.62918046703989259691005447883746340916,pf_centre,87.527,-70.001,-4.298,0.0559,2.34,1.2.826.0.1.3680043.8.498.18234042265995401488689603628572511288,38,3.6,1,True
1.2.826.0.1.3680043.8.498.62924835279557724526138406447993672103,pf_centre,-129.208,-109.245,7.235,0.1041,9.449,1.2.826.0.1.3680043.8.498.11207871609430313446729722081236557658,22,6.544,1,True
1.2.826.0.1.3680043.8.498.62928513795250694194589804784951257414,pf_centre,-74.69,-38.085,66.806,0.0843,1.832,1.2.826.0.1.3680043.8.498.53546505254333103996226354903373489914,32,4.55,1,True
1.2.826.0.1.3680043.8.498.62948920639798990757395955917890550512,pf_centre,-79.061,-69.654,21.962,0.0696,3.639,1.2.826.0.1.3680043.8.498.33384084757077635216202273946490046544,30,4.4,1,True
1.2.826.0.1.3680043.8.498.62983291359021407345388012674614537807,pf_centre,-136.312,-114.975,12.675,0.0812,7.984,1.2.826.0.1.3680043.8.498.97175925972841280314826847060370827738,20,8.27,1,True
1.2.826.0.1.3680043.8.498.63002559681883387414876870926128159682,pf_centre,-73.224,-13.005,6.272,0.0545,6.883,1.2.826.0.1.3680043.8.498.92998924954214560046069053863234372162,34,4.4,1,True
1.2.826.0.1.3680043.8.498.63005973438879239920248535292375481294,pf_centre,-84.693,-100.15,15.519,0.1288,1.045,1.2.826.0.1.3680043.8.498.31442426517656269627013507219740039278,24,0.6,6,True
1.2.826.0.1.3680043.8.498.63068687840516335034631353955761036465,pf_centre,122.879,-100.744,-1.065,0.1045,1.029,1.2.826.0.1.3680043.8.498.19097073527868332500133040762056039442,21,6.134,1,True
1.2.826.0.1.3680043.8.498.63069333313670617776227577192591993067,pf_centre,85.529,-53.715,4.961,0.0721,2.521,1.2.826.0.1.3680043.8.498.92309026066778271143146446624411230320,30,3.9,1,True
1.2.826.0.1.3680043.8.498.63096952391833769395204944538276970114,pf_centre,115.165,-47.314,-14.559,0.0988,0.885,1.2.826.0.1.3680043.8.498.29627775836457060260288432036469712792,33,4.0,1,True
1.2.826.0.1.3680043.8.498.63105151375349194807502162946823966410,pf_centre,-87.668,-81.876,25.97,0.0719,0.471,1.2.826.0.1.3680043.8.498.10645552537271899912431373465748459775,36,3.3,1,True
1.2.826.0.1.3680043.8.498.63126604639589769235241216875934773992,pf_centre,-21.352,-30.334,-7.211,0.0761,1.788,1.2.826.0.1.3680043.8.498.62951922811318377360525753451250565855,22,6.0,1,True
1.2.826.0.1.3680043.8.498.63151733210715530368323422018984705316,pf_centre,-95.49,-120.852,-9.617,0.1267,0.922,1.2.826.0.1.3680043.8.498.95984267926863237466419162991103786158,19,4.84,1,True
1.2.826.0.1.3680043.8.498.63195088465290711580668024587233364997,pf_centre,-82.39,-46.288,-25.089,0.1077,1.007,1.2.826.0.1.3680043.8.498.13390502300674904842844497454378311860,30,3.3,1,True
1.2.826.0.1.3680043.8.498.63197503121546251937003511751049515360,pf_centre,-67.518,-64.992,5.698,0.0748,1.493,1.2.826.0.1.3680043.8.498.71245405041817681173263428838695882232,30,3.85,1,True
1.2.826.0.1.3680043.8.498.63204735160524958513470115761010950181,pf_centre,-79.469,-79.691,13.433,0.0864,1.23,1.2.826.0.1.3680043.8.498.47624477857636226650919019604015128799,19,5.2,1,True
1.2.826.0.1.3680043.8.498.63216944317982327305447295456609309952,pf_centre,-79.901,-53.889,9.732,0.0744,1.451,1.2.826.0.1.3680043.8.498.46310977263074732309232469035757264761,30,4.4,1,True
1.2.826.0.1.3680043.8.498.63223220827342079068491460847713457238,pf_centre,96.465,-79.988,35.297,0.0819,1.826,1.2.826.0.1.3680043.8.498.11207518151315580463305745824941775488,21,5.5,1,True
1.2.826.0.1.3680043.8.498.63229263722659785142967850542699676113,pf_centre,120.744,-90.838,-14.044,0.0765,2.048,1.2.826.0.1.3680043.8.498.92345311808728533211356906981581408141,40,3.3,1,True
1.2.826.0.1.3680043.8.498.63242029756172180508167933519465902827,pf_centre,-93.211,-47.266,17.723,0.0641,2.012,1.2.826.0.1.3680043.8.498.11145869802906535411142466766326921317,31,4.5,1,True
1.2.826.0.1.3680043.8.498.63279205896049798083339413931561428540,pf_centre,-111.563,-77.306,17.498,0.1005,1.607,1.2.826.0.1.3680043.8.498.41587355261256572059615948750152007118,30,3.6,1,True
1.2.826.0.1.3680043.8.498.63280826430574305683941548157934410641,pf_centre,23.077,-55.108,-13.061,0.0898,1.467,1.2.826.0.1.3680043.8.498.38883176689099876812699448279310692748,30,4.4,1,True
1.2.826.0.1.3680043.8.498.63320397279666280420359587173167195895,pf_centre,129.282,-88.293,8.386,0.0954,1.745,1.2.826.0.1.3680043.8.498.12926111901776247979669304033144120057,32,3.3,1,True
1.2.826.0.1.3680043.8.498.63360204391136938955220146755331421179,pf_centre,-108.729,-70.712,29.031,0.0721,1.982,1.2.826.0.1.3680043.8.498.51200839348875306445488357417901805958,32,4.025,1,True
1.2.826.0.1.3680043.8.498.63377901538320536934403969965624202519,pf_centre,-79.558,-16.277,-12.313,0.1006,1.911,1.2.826.0.1.3680043.8.498.89204547051971057504029294408693724857,27,4.52,1,True
1.2.826.0.1.3680043.8.498.63424633611847022112809173449690688015,pf_centre,-93.73,-69.426,3.052,0.0844,0.636,1.2.826.0.1.3680043.8.498.11389000340877103328711389080374302207,40,3.3,1,True
1.2.826.0.1.3680043.8.498.63426442500798189991842988966227275166,pf_centre,118.507,-76.978,4.613,0.0676,0.981,1.2.826.0.1.3680043.8.498.12290675834286702825951718014883405220,40,3.3,1,True
1.2.826.0.1.3680043.8.498.63439188800533762543950349022148547855,pf_centre,-114.971,-75.993,8.514,0.0545,2.566,1.2.826.0.1.3680043.8.498.33000587225332500962313230756896239714,31,4.5,1,True
1.2.826.0.1.3680043.8.498.63510378689078892579575716369639643386,pf_centre,90.151,-77.137,0.028,0.0706,1.798,1.2.826.0.1.3680043.8.498.12049077392556854325897855218285590670,30,4.0,1,True
1.2.826.0.1.3680043.8.498.63519003265636561965405570006747767668,pf_centre,-96.188,-53.727,6.837,0.0882,0.818,1.2.826.0.1.3680043.8.498.87160307006814717685275493413825837082,40,3.3,1,True
1.2.826.0.1.3680043.8.498.63521033783841675104013677430088400343,pf_centre,86.835,-75.355,-23.082,0.1098,2.441,1.2.826.0.1.3680043.8.498.20662510378113599088419165842419465935,36,3.3,1,True
1.2.826.0.1.3680043.8.498.63521726454879203860288713455843702564,pf_centre,-115.239,-61.092,1.78,0.1055,2.189,1.2.826.0.1.3680043.8.498.10782858802416114383721258129227775553,26,4.5,1,True
1.2.826.0.1.3680043.8.498.63539809431911516912857504094611479480,pf_centre,96.498,-42.081,7.854,0.1123,2.939,1.2.826.0.1.3680043.8.498.79817062498614870478597933036319922403,30,3.3,1,True
1.2.826.0.1.3680043.8.498.63550258873504696667112631869753870779,pf_centre,-101.651,-92.332,-7.635,0.0876,0.735,1.2.826.0.1.3680043.8.498.11660354535748994825502857648951332362,24,5.0,1,True
1.2.826.0.1.3680043.8.498.63556690547679257097888724096967682731,pf_centre,120.042,-85.76,1.462,0.0764,2.301,1.2.826.0.1.3680043.8.498.26698116722941482455389002673613450380,32,3.3,1,True
1.2.826.0.1.3680043.8.498.63564058504808107209753434989270686941,pf_centre,128.092,-87.157,-36.501,0.0308,3.05,1.2.826.0.1.3680043.8.498.43208804530426359142659570489091211430,40,3.3,1,True
1.2.826.0.1.3680043.8.498.63565089119380386830816381560603756258,pf_centre,-60.636,-13.0,-8.485,0.1106,0.751,1.2.826.0.1.3680043.8.498.79995054666505401781199000548398178497,30,3.3,1,True
1.2.826.0.1.3680043.8.498.63584266247144369196126771996126173497,pf_centre,108.639,-82.688,-21.154,0.0871,1.874,1.2.826.0.1.3680043.8.498.71967859473732583874378206373789628888,28,5.5,1,True
1.2.826.0.1.3680043.8.498.63673733836218886397484265807806548473,pf_centre,101.528,-90.223,10.969,0.1052,1.827,1.2.826.0.1.3680043.8.498.39492816344669414436884690105341904486,32,0.6,5,True
1.2.826.0.1.3680043.8.498.63683477631564232018930819747238111809,pf_centre,125.818,-87.839,38.406,0.0463,0.855,1.2.826.0.1.3680043.8.498.80449234366614740287298123956574901809,47,0.9,4,True
1.2.826.0.1.3680043.8.498.63726512375511246975989322174096818969,pf_centre,-93.047,-82.859,38.563,0.0798,2.859,1.2.826.0.1.3680043.8.498.62915036367192562859460839237700527750,25,5.104,1,True
1.2.826.0.1.3680043.8.498.63797588614544518196205411126336672334,pf_centre,-116.306,-89.24,26.678,0.075,1.909,1.2.826.0.1.3680043.8.498.11511695079226647826954175315661213670,24,5.178,1,True
1.2.826.0.1.3680043.8.498.63849051301265505051181245915656194652,pf_centre,-105.604,-57.72,38.311,0.0823,1.106,1.2.826.0.1.3680043.8.498.75996315239585467238718448457643872696,38,4.095,1,True
1.2.826.0.1.3680043.8.498.63884838982826315257233262184190435906,pf_centre,-85.631,-43.041,1.458,0.0783,1.364,1.2.826.0.1.3680043.8.498.41553634803251561756686654761587954232,30,4.55,1,True
1.2.826.0.1.3680043.8.498.63894147741855851067411708837856142566,pf_centre,119.491,-89.881,16.674,0.0779,1.969,1.2.826.0.1.3680043.8.498.89691220902679176533980010631837587079,22,5.3,1,True
1.2.826.0.1.3680043.8.498.63986652686300452077410299429386420400,pf_centre,122.221,-63.66,-14.303,0.0792,1.717,1.2.826.0.1.3680043.8.498.48572788903787591848141713638081804289,30,3.5,1,True
1.2.826.0.1.3680043.8.498.64022112049842890696609934970222024490,pf_centre,106.825,-63.113,-0.773,0.085,2.797,1.2.826.0.1.3680043.8.498.45839545070972499502032024589094517183,30,4.4,1,True
1.2.826.0.1.3680043.8.498.64022949342538714157641824612944253302,pf_centre,-70.415,13.954,26.776,0.0568,1.696,1.2.826.0.1.3680043.8.498.80517486696363605853052240738674786074,30,4.4,1,True
1.2.826.0.1.3680043.8.498.64029768638431636860053484202080135316,pf_centre,-36.586,-58.616,17.437,0.0931,0.877,1.2.826.0.1.3680043.8.498.92275457609564505719840286003323646902,26,4.5,1,True
1.2.826.0.1.3680043.8.498.64034149345689391514924451724232196567,pf_centre,-104.143,-57.836,7.864,0.0616,0.856,1.2.826.0.1.3680043.8.498.33420519692968549181409920530080655943,34,4.5,1,True
1.2.826.0.1.3680043.8.498.64066465191710322298540005681534170036,pf_centre,-109.779,-57.621,26.692,0.1003,1.655,1.2.826.0.1.3680043.8.498.51065489933406602478860570608109833344,32,3.6,1,True
1.2.826.0.1.3680043.8.498.64109231850522212435708176045583779359,pf_centre,109.744,-65.785,24.678,0.1029,1.568,1.2.826.0.1.3680043.8.498.29052784760152232718216899649366735895,20,5.804,1,True
1.2.826.0.1.3680043.8.498.64119798231341423127851203797783576453,pf_centre,-95.496,-77.74,47.346,0.0377,1.718,1.2.826.0.1.3680043.8.498.24265693779716117598255595242222212306,40,3.3,1,True
1.2.826.0.1.3680043.8.498.64172939203926034064618447795131041647,pf_centre,122.228,-79.058,8.375,0.076,0.645,1.2.826.0.1.3680043.8.498.10683482485489089443534047429757920660,30,4.4,1,True
1.2.826.0.1.3680043.8.498.64186424577324542519674308830472181373,pf_centre,97.503,-54.123,13.843,0.0925,1.434,1.2.826.0.1.3680043.8.498.40871392656846845081743447452141024071,36,3.3,1,True
1.2.826.0.1.3680043.8.498.64240637244650029205175793729578897734,pf_centre,-87.524,-48.174,18.893,0.0685,1.405,1.2.826.0.1.3680043.8.498.10163718697149610968936392019419895558,30,4.4,1,True
1.2.826.0.1.3680043.8.498.64283618749539713756220539395944025878,pf_centre,-119.502,-51.73,0.164,0.0941,1.742,1.2.826.0.1.3680043.8.498.12577041265154901467738370516342180782,36,3.3,1,True
1.2.826.0.1.3680043.8.498.64286017646659573966584053755363026715,pf_centre,-88.943,-50.344,39.589,0.0414,5.493,1.2.826.0.1.3680043.8.498.28231156191865461626997485731653546647,38,4.0,1,True
1.2.826.0.1.3680043.8.498.64325734401816269429960464734504322970,pf_centre,-91.624,-63.633,12.741,0.0822,1.254,1.2.826.0.1.3680043.8.498.35961736646812769808989676951622781389,30,4.4,1,True
1.2.826.0.1.3680043.8.498.64381606512330581256470279413868645789,pf_centre,-87.256,-77.631,33.078,0.0635,1.608,1.2.826.0.1.3680043.8.498.97168237516506891955389747762467363700,38,3.6,1,True
1.2.826.0.1.3680043.8.498.64397747170052970974000650185716672477,pf_centre,-45.899,-37.831,-13.262,0.0611,1.626,1.2.826.0.1.3680043.8.498.78235179568036527421818159538436473078,32,3.85,1,True
1.2.826.0.1.3680043.8.498.64408609256163127278435484217683272910,pf_centre,-113.661,-78.877,17.917,0.1011,1.502,1.2.826.0.1.3680043.8.498.91711982512971905574842011692644557600,30,3.6,1,True
1.2.826.0.1.3680043.8.498.64408775259838960958354835366765941676,pf_centre,106.043,-54.644,6.665,0.0977,0.749,1.2.826.0.1.3680043.8.498.95827815628970638085416302997999112944,30,3.85,1,True
1.2.826.0.1.3680043.8.498.64421299492271548595446260681698412384,pf_centre,-87.757,-70.47,41.745,0.0668,1.961,1.2.826.0.1.3680043.8.498.11816082355993551720792772938850285775,34,4.2,1,True
1.2.826.0.1.3680043.8.498.64443149121726771900576109439951701105,pf_centre,-38.743,-65.478,-6.723,0.0883,0.948,1.2.826.0.1.3680043.8.498.12570387373207814940098438397224721687,32,4.5,1,True
1.2.826.0.1.3680043.8.498.64487230511522940587342058274736571996,pf_centre,141.508,-97.787,6.457,0.0909,3.168,1.2.826.0.1.3680043.8.498.90820904089924125592424040526343447256,26,4.0,1,True
1.2.826.0.1.3680043.8.498.64526757783166918696475501252110447010,pf_centre,99.475,-74.447,-11.27,0.0673,1.69,1.2.826.0.1.3680043.8.498.10895713111352891463424204426383876722,40,4.0,1,True
1.2.826.0.1.3680043.8.498.64527059976573114931020581328924993069,pf_centre,69.017,-30.268,0.33,0.0641,1.166,1.2.826.0.1.3680043.8.498.26905267876188408963618052656149521538,30,4.8,1,True
1.2.826.0.1.3680043.8.498.64590392444259942263746282444188079724,pf_centre,93.239,-84.209,17.349,0.0531,2.292,1.2.826.0.1.3680043.8.498.54424266537008704287002554662014190629,35,3.85,1,True
1.2.826.0.1.3680043.8.498.64606794953061143951972249525094490665,pf_centre,-71.957,-85.843,19.971,0.035,2.567,1.2.826.0.1.3680043.8.498.12224677378072588408458348013457861832,19,5.4,1,True
1.2.826.0.1.3680043.8.498.64640435232894033317418319985727526223,pf_centre,65.233,-40.061,-32.005,0.0726,1.833,1.2.826.0.1.3680043.8.498.12098760024861487367317842484593352686,38,3.6,1,True
1.2.826.0.1.3680043.8.498.64652085172505930317660036583152917472,pf_centre,96.136,-81.109,26.295,0.1131,0.987,1.2.826.0.1.3680043.8.498.91635920642625419603487542429088490088,20,5.0,1,True
1.2.826.0.1.3680043.8.498.64663285742626599570990862360902141188,pf_centre,-80.105,-97.952,7.624,0.1185,0.73,1.2.826.0.1.3680043.8.498.11810473262230298212206477377973963603,19,4.4,1,True
1.2.826.0.1.3680043.8.498.64673069370410118387363952155758553567,pf_centre,-119.161,-86.085,12.467,0.0633,1.734,1.2.826.0.1.3680043.8.498.74794033991018829845109728053272690559,22,5.1,1,True
1.2.826.0.1.3680043.8.498.64703506772167798469048460791472465039,pf_centre,-86.615,-66.892,6.529,0.0528,0.823,1.2.826.0.1.3680043.8.498.51087602398228796162207544837869472387,38,4.0,1,True
1.2.826.0.1.3680043.8.498.64752580249608101443758975861213065048,pf_centre,-87.613,-64.964,-23.444,0.0728,0.925,1.2.826.0.1.3680043.8.498.34235424404099712614359494985316999534,38,3.6,1,True
1.2.826.0.1.3680043.8.498.64865300853258390816475799272221318005,pf_centre,9.609,-31.289,7.844,0.0987,1.335,1.2.826.0.1.3680043.8.498.18756009845317325151099022351020325007,28,4.0,1,True
1.2.826.0.1.3680043.8.498.64897285598346101578442697515294908341,pf_centre,-76.822,-16.182,7.377,0.049,1.303,1.2.826.0.1.3680043.8.498.10048698899828841200257333243599606941,26,4.5,1,True
1.2.826.0.1.3680043.8.498.64917073507426524387269500871970032783,pf_centre,-97.179,-74.428,8.454,0.0635,0.683,1.2.826.0.1.3680043.8.498.80435526250449751093915696626464067511,38,4.0,1,True
1.2.826.0.1.3680043.8.498.64946212153370539647301308676689632525,pf_centre,-88.508,-40.724,10.563,0.0547,4.302,1.2.826.0.1.3680043.8.498.91912495223835633211836707678454833382,33,4.5,1,True
1.2.826.0.1.3680043.8.498.64950600385134699009390197520158979183,pf_centre,89.192,-69.143,21.005,0.0845,1.89,1.2.826.0.1.3680043.8.498.67632925968219948304543952978497568054,30,3.85,1,True
1.2.826.0.1.3680043.8.498.65013994414976103275014874284064145461,pf_centre,-91.722,0.347,-14.808,0.0906,1.412,1.2.826.0.1.3680043.8.498.97539321718728376896555815639768420288,35,3.3,1,True
1.2.826.0.1.3680043.8.498.65077085081642080527129904737510276643,pf_centre,81.203,-58.078,-13.1,0.0793,1.853,1.2.826.0.1.3680043.8.498.66248105528844313691792066427642626043,38,3.6,1,True
1.2.826.0.1.3680043.8.498.65085954283273471512936799274064949557,pf_centre,-111.485,-64.079,14.107,0.0919,1.802,1.2.826.0.1.3680043.8.498.96259744002827077874749512532297853303,30,3.85,1,True
1.2.826.0.1.3680043.8.498.65123055741109319778634264103224173252,pf_centre,105.164,-56.942,-14.598,0.0821,4.46,1.2.826.0.1.3680043.8.498.11766133166999623154892163885992585884,36,3.3,1,True
1.2.826.0.1.3680043.8.498.65124952546314712352837396207287384405,pf_centre,-76.708,-76.125,-16.071,0.0657,2.324,1.2.826.0.1.3680043.8.498.31875363548313786336603774074203461810,40,3.6,1,True
1.2.826.0.1.3680043.8.498.65160241567146620406193593170843451582,pf_centre,-110.165,-91.943,29.186,0.0905,0.872,1.2.826.0.1.3680043.8.498.38244874567297259966411292233609075448,30,3.85,1,True
1.2.826.0.1.3680043.8.498.65187850119346448625449915281726338455,pf_centre,-125.504,-93.876,-12.555,0.095,2.098,1.2.826.0.1.3680043.8.498.80360303579973999782680713694675549179,32,4.0,1,True
1.2.826.0.1.3680043.8.498.65222333228514862688331581862087607325,pf_centre,96.811,-96.229,26.366,0.1009,2.6,1.2.826.0.1.3680043.8.498.11207657898480204641679447674534219992,29,0.6,5,True
1.2.826.0.1.3680043.8.498.65224808465738083245406235000047993647,pf_centre,100.229,-92.378,12.639,0.0951,3.19,1.2.826.0.1.3680043.8.498.23916815711014849929788333129308018037,27,0.6,6,True
1.2.826.0.1.3680043.8.498.65244223225926362862970496735749098549,pf_centre,94.425,-40.235,33.994,0.0665,1.979,1.2.826.0.1.3680043.8.498.11213296701775130216492758691773697998,33,4.5,1,True
1.2.826.0.1.3680043.8.498.65312506382127486486519184894274326380,pf_centre,-70.83,-89.465,8.428,0.1124,2.095,1.2.826.0.1.3680043.8.498.12352517629725689278593639457920828386,19,5.2,1,True
1.2.826.0.1.3680043.8.498.65322445533737673246312151513913460816,pf_centre,95.358,-46.506,11.559,0.0968,1.525,1.2.826.0.1.3680043.8.498.11829124784828638733974609543552088411,36,3.3,1,True
1.2.826.0.1.3680043.8.498.65356758967883114612797250487949537460,pf_centre,-126.124,-91.828,42.008,0.1345,2.883,1.2.826.0.1.3680043.8.498.92077754622477877950490118100941269871,30,3.3,1,True
1.2.826.0.1.3680043.8.498.65403984120528711726317048984986599537,pf_centre,-118.89,-105.909,43.214,0.0595,4.078,1.2.826.0.1.3680043.8.498.10879729737134851481973435737976489268,21,5.861,1,True
1.2.826.0.1.3680043.8.498.65438121008780366054026567981577676554,pf_centre,-104.496,-81.014,20.678,0.0808,1.972,1.2.826.0.1.3680043.8.498.71373638034577398945738347900970971270,30,4.4,1,True
1.2.826.0.1.3680043.8.498.65515828911930515002046151253057175178,pf_centre,93.179,-38.242,7.594,0.0693,0.954,1.2.826.0.1.3680043.8.498.10729468467248128088219365271137911766,31,4.5,1,True
1.2.826.0.1.3680043.8.498.65524487168129064460609645228098420719,pf_centre,-120.586,-91.422,47.24,0.0579,2.594,1.2.826.0.1.3680043.8.498.85013237143397356277274601596177126633,40,3.3,1,True
1.2.826.0.1.3680043.8.498.65530757406333318449497070048719890442,pf_centre,-87.106,-93.032,26.307,0.0559,1.478,1.2.826.0.1.3680043.8.498.13367089876232133749808559345377074468,38,3.6,1,True
1.2.826.0.1.3680043.8.498.65543472488214519069910341591668399186,pf_centre,-126.67,-73.463,7.715,0.1064,1.791,1.2.826.0.1.3680043.8.498.74977096685268390785075756095106996910,30,4.4,1,True
1.2.826.0.1.3680043.8.498.65547889329285432771702699287910809921,pf_centre,99.653,-59.295,-1.49,0.089,1.222,1.2.826.0.1.3680043.8.498.10175798581885684200467490664905620301,36,3.3,1,True
1.2.826.0.1.3680043.8.498.65597375829884314152221851871550349856,pf_centre,-17.674,-32.744,29.876,0.0486,1.945,1.2.826.0.1.3680043.8.498.11195583465346944862811848334394040450,42,3.5,1,True
1.2.826.0.1.3680043.8.498.65607807464576681752987746458209389847,pf_centre,-116.965,-81.466,-8.565,0.0685,1.796,1.2.826.0.1.3680043.8.498.81284913796521149484123783539261094765,36,3.3,1,True
1.2.826.0.1.3680043.8.498.65667678378249093118816281743956646856,pf_centre,101.688,-82.6,21.143,0.0962,3.022,1.2.826.0.1.3680043.8.498.41333695866095814903424109393898891774,18,7.314,1,True
1.2.826.0.1.3680043.8.498.65703265163052901613211590083675186626,pf_centre,-92.19,-42.014,-17.996,0.0828,0.9,1.2.826.0.1.3680043.8.498.10448645164577874634798862106302997820,36,3.3,1,True
1.2.826.0.1.3680043.8.498.65708905118633339771181857781063784327,pf_centre,112.377,-95.133,-27.583,0.0738,3.014,1.2.826.0.1.3680043.8.498.71557939123642455232655031941705135396,40,3.3,1,True
1.2.826.0.1.3680043.8.498.65715827585629489888518528736848969678,pf_centre,83.725,-36.105,27.5,0.0794,1.498,1.2.826.0.1.3680043.8.498.79310517219360681501640667011917023076,30,4.55,1,True
1.2.826.0.1.3680043.8.498.65756786850574169314934708606155033765,pf_centre,-58.87,-65.804,28.42,0.0865,2.134,1.2.826.0.1.3680043.8.498.94465854040333173010536307054579808478,37,4.375,1,True
1.2.826.0.1.3680043.8.498.65763261177572072944828171262268039852,pf_centre,107.845,-69.982,-21.035,0.074,2.843,1.2.826.0.1.3680043.8.498.49073614000792287148734700515876257081,30,4.4,1,True
1.2.826.0.1.3680043.8.498.65783500506568702195262661666345236666,pf_centre,-111.155,-82.355,17.83,0.0695,2.934,1.2.826.0.1.3680043.8.498.47419614188237070306665115519214534668,40,3.3,1,True
1.2.826.0.1.3680043.8.498.65788206282522750507559682036750692505,pf_centre,-95.599,-38.274,18.743,0.0576,1.59,1.2.826.0.1.3680043.8.498.69961180546432025748542029401873306204,33,4.5,1,True
1.2.826.0.1.3680043.8.498.65792625478083832901309715174678358900,pf_centre,-79.399,-90.441,-0.567,0.0774,0.837,1.2.826.0.1.3680043.8.498.78717504106865155030319529520677766532,46,3.3,1,True
1.2.826.0.1.3680043.8.498.65809115193576546782858254430325338674,pf_centre,90.576,-21.426,38.264,0.0941,1.609,1.2.826.0.1.3680043.8.498.13982197029060254061340083746683905185,22,4.4,1,True
1.2.826.0.1.3680043.8.498.65834774574423727070722226151408235786,pf_centre,119.056,-58.272,-6.155,0.0681,3.184,1.2.826.0.1.3680043.8.498.71322678139236107061443731139693976064,27,5.0,1,True
1.2.826.0.1.3680043.8.498.65855247249608663104822603172047250057,pf_centre,-109.231,-86.625,30.083,0.0569,1.337,1.2.826.0.1.3680043.8.498.74753281754521206532927272688590818846,40,3.3,1,True
1.2.826.0.1.3680043.8.498.65896962360688978581417748865609785541,pf_centre,98.573,-67.008,-10.1,0.0827,1.129,1.2.826.0.1.3680043.8.498.73670680916106155925679770740048917487,31,3.5,1,True
1.2.826.0.1.3680043.8.498.65909865035783831607773206653044421345,pf_centre,124.103,-51.21,7.765,0.065,1.318,1.2.826.0.1.3680043.8.498.11230972256454137931893755559637362763,30,4.0,1,True
1.2.826.0.1.3680043.8.498.65939700606136711089565313916789162980,pf_centre,-75.101,-47.725,40.7,0.0786,2.405,1.2.826.0.1.3680043.8.498.57443517056101635822812436566437597699,30,3.3,1,True
1.2.826.0.1.3680043.8.498.65959182350599581687336889990076028593,pf_centre,79.882,-151.563,31.506,0.1428,1.682,1.2.826.0.1.3680043.8.498.13131974380712473195850967966021132563,20,3.3,1,True
1.2.826.0.1.3680043.8.498.65977711270942843864266358352913175672,pf_centre,-100.515,-109.178,-8.551,0.0426,2.982,1.2.826.0.1.3680043.8.498.17484399798935815001825677460539937992,47,0.9,4,True
1.2.826.0.1.3680043.8.498.66020213859389864645118554257523478921,pf_centre,-103.392,-77.504,17.216,0.08,1.298,1.2.826.0.1.3680043.8.498.10689154928846578366308602599982808846,30,3.6,1,True
1.2.826.0.1.3680043.8.498.66022464665791424345622894674375661089,pf_centre,88.842,-32.395,7.427,0.0936,0.908,1.2.826.0.1.3680043.8.498.52104402233043529791479285117035775594,30,3.5,1,True
1.2.826.0.1.3680043.8.498.66031142975529812579758652269360365398,pf_centre,97.435,-116.732,30.436,0.111,1.106,1.2.826.0.1.3680043.8.498.92981005219789794591700235051372406797,19,5.2,1,True
1.2.826.0.1.3680043.8.498.66065279867975557954375204776779208827,pf_centre,-91.891,-30.537,21.048,0.0419,6.018,1.2.826.0.1.3680043.8.498.42678124440573597254842073131429585165,24,4.4,1,True
1.2.826.0.1.3680043.8.498.66077420344931334696112616504179985591,pf_centre,90.796,-66.812,-3.434,0.0828,1.124,1.2.826.0.1.3680043.8.498.77186148012459415241028952145615513330,30,4.4,1,True
1.2.826.0.1.3680043.8.498.66083855405250624607521810369199218887,pf_centre,94.649,-53.572,-5.746,0.0798,0.894,1.2.826.0.1.3680043.8.498.69262929617177288921994441448260522400,36,3.3,1,True
1.2.826.0.1.3680043.8.498.66156015559325316834458423557757995415,pf_centre,-91.648,-46.646,-10.421,0.0872,1.157,1.2.826.0.1.3680043.8.498.90761965471287715856192088672936872604,36,3.3,1,True
1.2.826.0.1.3680043.8.498.66199248385068685539872840826351152652,pf_centre,121.783,-72.219,2.213,0.0849,1.083,1.2.826.0.1.3680043.8.498.22211589231676088467237990269527626898,30,3.6,1,True
1.2.826.0.1.3680043.8.498.66210455934011506415244876770725282769,pf_centre,-105.967,-97.378,14.399,0.0765,13.738,1.2.826.0.1.3680043.8.498.79242959172563177167246889045140308566,23,6.584,1,True
1.2.826.0.1.3680043.8.498.66264392187277583747691643146920431469,pf_centre,-65.824,-17.298,-41.765,0.1222,1.341,1.2.826.0.1.3680043.8.498.10465800055523273702368641832681812421,30,3.3,1,True
1.2.826.0.1.3680043.8.498.66287049728466409037095442705228040084,pf_centre,-98.906,-116.439,48.877,0.0596,0.552,1.2.826.0.1.3680043.8.498.84742141127174967885668495940095965304,30,3.85,1,True
1.2.826.0.1.3680043.8.498.66296018797614563698471347079960740755,pf_centre,-88.316,-69.882,6.084,0.1202,2.243,1.2.826.0.1.3680043.8.498.10542291163189622432894478795316746168,19,5.0,1,True
1.2.826.0.1.3680043.8.498.66305771884507759587182077473863996177,pf_centre,83.724,-42.021,2.863,0.0756,2.026,1.2.826.0.1.3680043.8.498.46120240614742420025046064985330034914,30,4.55,1,True
1.2.826.0.1.3680043.8.498.66308195780676793917989368423009849637,pf_centre,88.837,-51.622,58.007,0.0985,1.079,1.2.826.0.1.3680043.8.498.50393810560941961221843466008936207872,36,3.3,1,True
1.2.826.0.1.3680043.8.498.66321903250295261063309947910189882952,pf_centre,-112.382,-79.695,19.688,0.0886,1.122,1.2.826.0.1.3680043.8.498.83991480776528295056503130875912005085,30,3.6,1,True
1.2.826.0.1.3680043.8.498.66327751482076404294387513492434577338,pf_centre,99.206,-99.266,12.61,0.1021,2.009,1.2.826.0.1.3680043.8.498.91879255522306531038106524135395731573,22,0.6,6,True
1.2.826.0.1.3680043.8.498.66334686028272068369345540785320291695,pf_centre,81.253,-77.896,8.533,0.0776,3.247,1.2.826.0.1.3680043.8.498.12383249811069358589273962576781399085,36,3.6,1,True
1.2.826.0.1.3680043.8.498.66364462115470823900176770413527217503,pf_centre,82.651,-13.376,9.411,0.043,4.462,1.2.826.0.1.3680043.8.498.10484368513108006701893871553854780156,24,5.5,1,True
1.2.826.0.1.3680043.8.498.66401771232064170830621215861092532421,pf_centre,90.343,-107.107,-4.391,0.1052,0.839,1.2.826.0.1.3680043.8.498.59693020212728361238654811826396248225,19,4.6,1,True
1.2.826.0.1.3680043.8.498.66404725797392899950170138361835649917,pf_centre,-66.885,-74.912,4.661,0.065,1.159,1.2.826.0.1.3680043.8.498.78608631124278554323894064976597707002,30,3.5,1,True
1.2.826.0.1.3680043.8.498.66489634638847834550694493585147280754,pf_centre,121.404,-65.213,4.962,0.0621,0.871,1.2.826.0.1.3680043.8.498.31094051323706686552470190941757408568,24,6.5,1,True
1.2.826.0.1.3680043.8.498.66510565421813721258189101326477318907,pf_centre,81.463,-40.742,9.781,0.0709,1.195,1.2.826.0.1.3680043.8.498.12852280776066477604639737460239998605,36,3.3,1,True
1.2.826.0.1.3680043.8.498.66596090141798159058634289358454183351,pf_centre,-123.236,-66.187,-30.954,0.0838,3.001,1.2.826.0.1.3680043.8.498.78867223890632840671834928010673379233,30,4.4,1,True
1.2.826.0.1.3680043.8.498.66640124635222298792902508374800337726,pf_centre,-78.674,-41.324,12.396,0.1056,1.096,1.2.826.0.1.3680043.8.498.24451015277571314447314357312644352242,26,4.5,1,True
1.2.826.0.1.3680043.8.498.66690100241274246406145618641481787709,pf_centre,24.834,-22.089,-13.561,0.0665,1.77,1.2.826.0.1.3680043.8.498.94712113956296739195186489303653704757,32,4.5,1,True
1.2.826.0.1.3680043.8.498.66694519343321893230666089565893349853,pf_centre,76.067,-113.479,15.216,0.0841,1.699,1.2.826.0.1.3680043.8.498.51753734752980278586507411755708872694,21,4.4,1,True
1.2.826.0.1.3680043.8.498.66737859593831436259089736126768464771,pf_centre,102.977,-44.046,-9.28,0.0868,0.94,1.2.826.0.1.3680043.8.498.10413408253425932067193535810839303256,30,3.6,1,True
1.2.826.0.1.3680043.8.498.66805139646641294853509958688742554525,pf_centre,99.265,-93.174,11.467,0.0924,1.39,1.2.826.0.1.3680043.8.498.25777096585455995470734511696639870609,37,3.3,1,True
1.2.826.0.1.3680043.8.498.66841103065389483583108279900721522084,pf_centre,74.133,-33.786,-28.951,0.0578,1.466,1.2.826.0.1.3680043.8.498.10387224694921774954777339328400116961,30,4.52,1,True
1.2.826.0.1.3680043.8.498.66865810098959732285731429066569782524,pf_centre,-110.603,-95.444,40.867,0.0718,3.294,1.2.826.0.1.3680043.8.498.12072541383862072442516070262333596334,40,3.3,1,True
1.2.826.0.1.3680043.8.498.66960891947495601371173426277430301127,pf_centre,-91.886,-94.876,31.086,0.0899,1.313,1.2.826.0.1.3680043.8.498.52893368581115562905193669868263774425,32,0.6,5,True
1.2.826.0.1.3680043.8.498.66973089869591928349547584554030589647,pf_centre,12.268,-24.788,20.832,0.053,2.386,1.2.826.0.1.3680043.8.498.18668357472811035272629456910023090899,28,4.0,1,True
1.2.826.0.1.3680043.8.498.66993076561387452114335652021593805727,pf_centre,-88.435,-54.294,12.895,0.0668,1.916,1.2.826.0.1.3680043.8.498.22755583002250018048122062540757105081,38,3.3,1,True
1.2.826.0.1.3680043.8.498.67001329390153622359718581388215312710,pf_centre,105.935,-77.436,9.034,0.0505,1.484,1.2.826.0.1.3680043.8.498.37057821200411117614339244183569084932,29,5.5,1,True
1.2.826.0.1.3680043.8.498.67153684605171746899496816770567866269,pf_centre,-82.196,-56.025,24.969,0.0809,2.305,1.2.826.0.1.3680043.8.498.75400056114511267591792237629525617008,30,3.9,1,True
1.2.826.0.1.3680043.8.498.67157948144868269956661697924341234924,pf_centre,-92.697,-63.64,-11.849,0.0767,3.387,1.2.826.0.1.3680043.8.498.37731036038834573338866394194682561848,30,3.6,1,True
1.2.826.0.1.3680043.8.498.67181088492292316990397177612918195713,pf_centre,94.244,-53.359,6.562,0.0621,2.334,1.2.826.0.1.3680043.8.498.93203416620981523149317197558232192738,38,3.6,1,True
1.2.826.0.1.3680043.8.498.67188121544063723837669983597453941774,pf_centre,-118.625,-52.913,8.981,0.0951,1.202,1.2.826.0.1.3680043.8.498.91288640121632138425669406741773825040,30,4.5,1,True
1.2.826.0.1.3680043.8.498.67189969532330535369638450306601659967,pf_centre,78.876,-107.25,18.533,0.1082,4.548,1.2.826.0.1.3680043.8.498.62623546380905335026661258641836404987,19,4.8,1,True
1.2.826.0.1.3680043.8.498.67208608901061914528631080268819069203,pf_centre,-114.343,-78.483,19.325,0.073,1.007,1.2.826.0.1.3680043.8.498.57299141469421866944785076583727979342,18,7.659,1,True
1.2.826.0.1.3680043.8.498.67238774585857531338533947812568490258,pf_centre,-89.725,-58.131,44.281,0.1109,1.326,1.2.826.0.1.3680043.8.498.89157056020900087172156914933668916321,36,3.3,1,True
1.2.826.0.1.3680043.8.498.67281816624401881515444587844116136597,pf_centre,92.964,-47.242,18.997,0.0618,7.99,1.2.826.0.1.3680043.8.498.12651679217804305681521185308805374726,43,3.3,1,True
1.2.826.0.1.3680043.8.498.67284681623851829916403311739987186159,pf_centre,117.873,-93.217,11.369,0.0453,3.111,1.2.826.0.1.3680043.8.498.36698101913592331491513204108946661220,47,0.9,4,True
1.2.826.0.1.3680043.8.498.67374476726034608591738910363595695123,pf_centre,-112.444,-87.794,12.129,0.0641,1.32,1.2.826.0.1.3680043.8.498.77752410427617941380463794338297772545,22,5.922,1,True
1.2.826.0.1.3680043.8.498.67386780309737226410965627751074124678,pf_centre,128.544,-89.308,16.91,0.0978,2.436,1.2.826.0.1.3680043.8.498.11249370563297630608594408935440863615,25,5.5,1,True
1.2.826.0.1.3680043.8.498.67397756161011684282778294948252031539,pf_centre,90.002,-97.202,-4.611,0.0815,4.157,1.2.826.0.1.3680043.8.498.13269037368807741733440032875404697065,26,5.0,1,True
1.2.826.0.1.3680043.8.498.67404282038417089622852480023919627784,pf_centre,74.637,-23.959,-6.49,0.0945,1.131,1.2.826.0.1.3680043.8.498.44345621861560586730032217133864647591,27,4.8,1,True
1.2.826.0.1.3680043.8.498.67456402757136973484427155324664966595,pf_centre,37.389,-67.353,9.643,0.0974,1.93,1.2.826.0.1.3680043.8.498.13371960883500796658381649620190187391,30,3.5,1,True
1.2.826.0.1.3680043.8.498.67468397709097947104298147948850473142,pf_centre,90.504,-94.334,18.321,0.0505,1.874,1.2.826.0.1.3680043.8.498.54346729839030112360250896391534309983,40,3.3,1,True
1.2.826.0.1.3680043.8.498.67490059263503953166467514121525025332,pf_centre,80.931,-52.907,12.641,0.0922,1.841,1.2.826.0.1.3680043.8.498.92090556159111707459534990794537226826,36,3.3,1,True
1.2.826.0.1.3680043.8.498.67498362978754615554767658151787188674,pf_centre,-85.674,-75.392,49.336,0.0917,1.108,1.2.826.0.1.3680043.8.498.51189152465788945842610303295331940788,36,3.3,1,True
1.2.826.0.1.3680043.8.498.67527486841399075490744039058207332725,pf_centre,-111.687,-80.666,3.616,0.0865,0.816,1.2.826.0.1.3680043.8.498.34076076230212720000740204602984872494,36,3.3,1,True
1.2.826.0.1.3680043.8.498.67550262192397377344258276170992188234,pf_centre,112.361,-80.819,-8.784,0.0726,1.124,1.2.826.0.1.3680043.8.498.81657554750115440145181647937474224616,30,4.0,1,True
1.2.826.0.1.3680043.8.498.67601368724828563564325678719126190797,pf_centre,9.482,-32.851,-19.854,0.094,2.029,1.2.826.0.1.3680043.8.498.12055620206699557869493968990013252909,32,3.6,1,True
1.2.826.0.1.3680043.8.498.67613388743126519966672593774754849330,pf_centre,128.065,-76.696,12.179,0.0862,2.298,1.2.826.0.1.3680043.8.498.11296225081190058765104158236913370415,35,3.5,1,True
1.2.826.0.1.3680043.8.498.67620512607520186685421323991166816451,pf_centre,-107.871,-40.135,-3.665,0.0684,1.046,1.2.826.0.1.3680043.8.498.99573350535331921752113801889743447720,33,4.5,1,True
1.2.826.0.1.3680043.8.498.67678576373934022409084801948795250361,pf_centre,107.313,-87.402,16.262,0.0743,6.032,1.2.826.0.1.3680043.8.498.88933234883152030522682742908084613695,40,3.3,1,True
1.2.826.0.1.3680043.8.498.67690090498828405347380696553164435363,pf_centre,-97.585,-81.681,-18.61,0.0603,1.089,1.2.826.0.1.3680043.8.498.29281465651500539661756650137522318465,38,3.6,1,True
1.2.826.0.1.3680043.8.498.67705068860320494485379949506807098172,pf_centre,73.456,-43.105,1.879,0.0891,1.661,1.2.826.0.1.3680043.8.498.80733050632648781547787109959340433874,36,3.3,1,True
1.2.826.0.1.3680043.8.498.67716063997837501476742746033172868748,pf_centre,-78.923,-38.813,39.105,0.0793,1.874,1.2.826.0.1.3680043.8.498.57799928866441489537450840157494230537,30,4.55,1,True
1.2.826.0.1.3680043.8.498.67739091465243228820766982459725849814,pf_centre,-88.497,-45.004,-20.734,0.0635,0.884,1.2.826.0.1.3680043.8.498.31299519534959113542930898261238802081,40,3.3,1,True
1.2.826.0.1.3680043.8.498.67740000270419228186274186410889719154,pf_centre,85.601,-14.845,-30.683,0.0969,0.977,1.2.826.0.1.3680043.8.498.34861496853371447683281049010386510965,33,3.3,1,True
1.2.826.0.1.3680043.8.498.67772676243889350087068112324015156848,pf_centre,36.868,-50.105,-3.434,0.0936,2.792,1.2.826.0.1.3680043.8.498.10071853105859033946409840814140235124,26,5.0,1,True
1.2.826.0.1.3680043.8.498.67775301856843451215029610725114809378,pf_centre,-129.598,-60.208,-22.821,0.0958,1.002,1.2.826.0.1.3680043.8.498.56613369743021181509550100916688950448,30,3.6,1,True
1.2.826.0.1.3680043.8.498.67788047649994083591931245362169694306,pf_centre,-74.452,-41.07,4.257,0.0883,1.247,1.2.826.0.1.3680043.8.498.85132211185849876834601331848027105062,36,3.3,1,True
1.2.826.0.1.3680043.8.498.67817378785531423675449308236680249899,pf_centre,101.912,-48.857,21.963,0.0687,1.021,1.2.826.0.1.3680043.8.498.11744383812209394815133281031996428989,33,4.5,1,True
1.2.826.0.1.3680043.8.498.67860057199678546706175336855949799228,pf_centre,-135.112,-100.037,26.638,0.1057,0.944,1.2.826.0.1.3680043.8.498.48434517533851752817474873896250552020,28,4.0,1,True
1.2.826.0.1.3680043.8.498.67875980316053973061252844698884229168,pf_centre,-19.588,-51.27,-13.365,0.1103,1.025,1.2.826.0.1.3680043.8.498.71401211323143061383026623491323428574,20,5.0,1,True
1.2.826.0.1.3680043.8.498.67901792488494108577057563458320460313,pf_centre,82.361,-55.901,-15.164,0.0579,1.138,1.2.826.0.1.3680043.8.498.78902769632395248083151849629153571792,30,4.4,1,True
1.2.826.0.1.3680043.8.498.67902658411525109462089381503197501728,pf_centre,104.792,-84.567,12.378,0.0698,1.325,1.2.826.0.1.3680043.8.498.24395299166766623570121061580549148247,35,3.3,1,True
1.2.826.0.1.3680043.8.498.67931702364673809781455566584550075686,pf_centre,80.124,-57.909,41.518,0.0701,1.13,1.2.826.0.1.3680043.8.498.37236668619325387160420328376404405638,36,3.9,1,True
1.2.826.0.1.3680043.8.498.67941678374744711267840655419606994796,pf_centre,-63.02,-13.186,-9.224,0.0962,2.343,1.2.826.0.1.3680043.8.498.12182789844368380396266701609914897915,30,4.52,1,True
1.2.826.0.1.3680043.8.498.67958551704692248657133951054036903879,pf_centre,-85.064,-44.414,-12.634,0.073,1.254,1.2.826.0.1.3680043.8.498.25024225309554510540136421990851408126,43,3.3,1,True
1.2.826.0.1.3680043.8.498.67981157392064878495682078197161506255,pf_centre,19.631,-29.405,18.473,0.0985,1.076,1.2.826.0.1.3680043.8.498.72622529759988784135185753407024944583,32,4.4,1,True
1.2.826.0.1.3680043.8.498.67981539513814867568631217960473023750,pf_centre,104.554,-48.108,24.803,0.0817,2.185,1.2.826.0.1.3680043.8.498.11704092065978442462179709550282473720,33,4.5,1,True
1.2.826.0.1.3680043.8.498.68042422993686716523227090971667037309,pf_centre,86.72,-42.917,4.64,0.0979,2.116,1.2.826.0.1.3680043.8.498.31983756592277722302653087083136989101,30,4.4,1,True
1.2.826.0.1.3680043.8.498.68079818232244983808025467536454890669,pf_centre,-2.516,-34.224,-5.309,0.1068,1.012,1.2.826.0.1.3680043.8.498.54668881829125877160713642750832516398,23,4.5,1,True
1.2.826.0.1.3680043.8.498.68098431505945078581285587720599762771,pf_centre,-121.591,-91.964,16.575,0.0765,2.223,1.2.826.0.1.3680043.8.498.70601888614381827047211155680253296162,28,4.5,1,True
1.2.826.0.1.3680043.8.498.68106879690636836695681159513106553666,pf_centre,-87.133,-44.956,9.426,0.0934,1.116,1.2.826.0.1.3680043.8.498.11028742861712725911324111726112311991,32,4.5,1,True
1.2.826.0.1.3680043.8.498.68115220080063728900711167735074276147,pf_centre,110.91,-85.964,33.456,0.0516,1.506,1.2.826.0.1.3680043.8.498.68131200323479605595697197018286603273,40,3.3,1,True
1.2.826.0.1.3680043.8.498.68131564130881160284492534203572971623,pf_centre,110.777,-80.049,23.039,0.0676,1.558,1.2.826.0.1.3680043.8.498.93959172151367089966382391847129873895,30,4.4,1,True
1.2.826.0.1.3680043.8.498.68142054543837964766571710567214307830,pf_centre,95.498,-76.93,11.463,0.127,1.413,1.2.826.0.1.3680043.8.498.20157415730448379251931616002292078527,24,0.6,6,True
1.2.826.0.1.3680043.8.498.68158735450883179427440578190038002606,pf_centre,-115.151,-88.139,14.645,0.065,1.077,1.2.826.0.1.3680043.8.498.11631160978453599299342691317264410023,40,3.3,1,True
1.2.826.0.1.3680043.8.498.68166103964518457268906879600985959436,pf_centre,-86.41,-30.057,4.449,0.0528,1.894,1.2.826.0.1.3680043.8.498.84752741560208733741207919598182290819,36,4.4,1,True
1.2.826.0.1.3680043.8.498.68168197665046786209369894696801397179,pf_centre,-106.138,-51.976,0.663,0.0797,0.971,1.2.826.0.1.3680043.8.498.62453005770544256270023776752076760369,36,3.9,1,True
1.2.826.0.1.3680043.8.498.68176786698913278568384612123261229708,pf_centre,-87.043,-89.468,20.026,0.0972,1.494,1.2.826.0.1.3680043.8.498.95295995762689824698933408968591862405,24,0.6,6,True
1.2.826.0.1.3680043.8.498.68219942161081583831276769978472014317,pf_centre,-111.788,-74.235,14.596,0.043,2.759,1.2.826.0.1.3680043.8.498.92422893862614215640391971216897804122,40,3.3,1,True
1.2.826.0.1.3680043.8.498.68236154531625015457518732674625182872,pf_centre,113.963,-44.373,-13.398,0.0773,0.768,1.2.826.0.1.3680043.8.498.34933097698585501840122402629656938250,30,4.0,1,True
1.2.826.0.1.3680043.8.498.68256141451764547710152696919981893952,pf_centre,79.691,-55.793,-12.475,0.0871,0.953,1.2.826.0.1.3680043.8.498.11562962170537674765715745568377123720,36,4.095,1,True
1.2.826.0.1.3680043.8.498.68263925314265871578642679583159577645,pf_centre,-126.723,-96.041,2.883,0.117,1.612,1.2.826.0.1.3680043.8.498.95651389826687504771229711336993791950,22,4.5,1,True
1.2.826.0.1.3680043.8.498.68264559730756309944466784364591509088,pf_centre,103.239,-85.373,-6.436,0.0729,1.569,1.2.826.0.1.3680043.8.498.12470419538555692877235239103533883005,25,5.0,1,True
1.2.826.0.1.3680043.8.498.68304853223764870957854101604223809218,pf_centre,-77.349,-68.43,23.684,0.0963,1.614,1.2.826.0.1.3680043.8.498.82886176932853780646981833859904943964,30,4.4,1,True
1.2.826.0.1.3680043.8.498.68328371080087298795966933114044350359,pf_centre,89.392,-39.613,-13.059,0.1475,3.209,1.2.826.0.1.3680043.8.498.10678051814403059304189101956371413817,27,3.6,1,True
1.2.826.0.1.3680043.8.498.68328948893840135511720724977892905019,pf_centre,87.077,-42.976,-23.617,0.0676,1.696,1.2.826.0.1.3680043.8.498.10729512386339014477403681137018139605,38,3.6,1,True
1.2.826.0.1.3680043.8.498.68434116759606759586218589635360502038,pf_centre,73.804,-45.782,18.721,0.0788,0.808,1.2.826.0.1.3680043.8.498.82995769603163917588244496670937982863,44,3.3,1,True
1.2.826.0.1.3680043.8.498.68434323590918408241182252996136001891,pf_centre,81.503,-51.742,4.189,0.0616,1.163,1.2.826.0.1.3680043.8.498.27458924203645694591026627255994394021,40,3.6,1,True
1.2.826.0.1.3680043.8.498.68435927323644457286635872824563629385,pf_centre,77.302,-48.616,8.522,0.076,1.095,1.2.826.0.1.3680043.8.498.92076705752581529015330844387337859793,38,3.6,1,True
1.2.826.0.1.3680043.8.498.68442883836038453562548037358230921748,pf_centre,113.513,-58.137,-41.713,0.1269,1.828,1.2.826.0.1.3680043.8.498.99794845830208186585796590984378123308,33,3.6,1,True
1.2.826.0.1.3680043.8.498.68448811873610037553554213141537599150,pf_centre,95.603,-69.771,14.725,0.0501,3.215,1.2.826.0.1.3680043.8.498.84940139125759624795264602254896434093,46,3.6,1,True
1.2.826.0.1.3680043.8.498.68504220056564878621959394439671931747,pf_centre,86.842,-45.169,6.585,0.0823,1.854,1.2.826.0.1.3680043.8.498.99699245995369062864804729760455969166,40,3.3,1,True
1.2.826.0.1.3680043.8.498.68524920268469128133836299591793117756,pf_centre,-112.228,-81.532,12.027,0.0526,2.256,1.2.826.0.1.3680043.8.498.41445067782884315978988976064433053731,45,3.3,1,True
1.2.826.0.1.3680043.8.498.68570907895010847368926943092385685462,pf_centre,47.735,-29.356,4.507,0.1241,1.689,1.2.826.0.1.3680043.8.498.10666598395776006571024654219277697679,27,4.5,1,True
1.2.826.0.1.3680043.8.498.68576465611266620513305434082656807028,pf_centre,104.298,-54.701,20.355,0.0733,1.428,1.2.826.0.1.3680043.8.498.42693557226211202080433017002937984475,38,4.095,1,True
1.2.826.0.1.3680043.8.498.68578659816221770558506780445608768600,pf_centre,-58.155,-24.732,0.198,0.0749,1.856,1.2.826.0.1.3680043.8.498.70111080994366357874067978848104331817,30,3.3,1,True
1.2.826.0.1.3680043.8.498.68593524008570334427931338225473487643,pf_centre,-77.813,-91.013,-11.707,0.0645,4.956,1.2.826.0.1.3680043.8.498.87444172817171251962483343610045817706,19,5.4,1,True
1.2.826.0.1.3680043.8.498.68637419175382604890136839259344633105,pf_centre,-93.913,-24.814,0.072,0.0486,2.142,1.2.826.0.1.3680043.8.498.13195359019903028749524893891811095709,33,4.5,1,True
1.2.826.0.1.3680043.8.498.68668620295929607459355154952035421306,pf_centre,93.794,-87.13,11.068,0.0679,1.606,1.2.826.0.1.3680043.8.498.66441489457072297368900095102806158427,29,0.6,5,True
1.2.826.0.1.3680043.8.498.68707023438918237611039069622720041636,pf_centre,-98.263,-86.482,-5.218,0.0949,1.295,1.2.826.0.1.3680043.8.498.98801376132091558200001866161602956128,27,0.6,6,True
1.2.826.0.1.3680043.8.498.68740466085414970518655922465908223436,pf_centre,-123.134,-95.295,55.895,0.0914,2.601,1.2.826.0.1.3680043.8.498.13233734589945197428950604933246631221,18,7.336,1,True
1.2.826.0.1.3680043.8.498.68744926735490285461495285547312308522,pf_centre,114.144,-72.017,-3.874,0.1019,1.071,1.2.826.0.1.3680043.8.498.66155430914423055110590704094086036851,32,3.3,1,True
1.2.826.0.1.3680043.8.498.68769474672202195228430674317444754835,pf_centre,112.448,-100.64,5.85,0.0327,1.98,1.2.826.0.1.3680043.8.498.81172864102373647577728651274470191152,47,0.9,4,True
1.2.826.0.1.3680043.8.498.68777783869253673804970857981124324335,pf_centre,70.827,-48.674,0.289,0.0434,1.746,1.2.826.0.1.3680043.8.498.73367355695403426698194381359821148131,48,3.6,1,True
1.2.826.0.1.3680043.8.498.68799355386870083063665227055340582612,pf_centre,-66.823,-34.847,36.835,0.1026,2.52,1.2.826.0.1.3680043.8.498.12932116267354179578824369138903760946,30,3.3,1,True
1.2.826.0.1.3680043.8.498.68806105227826942108149090508198910591,pf_centre,68.048,-53.107,-13.246,0.0566,1.529,1.2.826.0.1.3680043.8.498.87022660898953271607677050762644331869,36,3.3,1,True
1.2.826.0.1.3680043.8.498.68862684196934468400953020419415008157,pf_centre,50.84,-26.372,6.795,0.0941,1.875,1.2.826.0.1.3680043.8.498.49907866031545679574335701655210271849,34,4.5,1,True
1.2.826.0.1.3680043.8.498.68919687595587004665658610968739852899,pf_centre,-69.826,-30.603,31.095,0.1243,1.345,1.2.826.0.1.3680043.8.498.58956947932778335661345566596104629160,30,3.3,1,True
1.2.826.0.1.3680043.8.498.68931510756844060683643298583132884960,pf_centre,-102.056,-97.519,-29.246,0.0642,0.649,1.2.826.0.1.3680043.8.498.25990201675561181060471329571779275179,27,4.5,1,True
1.2.826.0.1.3680043.8.498.68969263295435881669720950631709959471,pf_centre,-86.337,-45.763,-31.381,0.0734,1.306,1.2.826.0.1.3680043.8.498.10013812389274190747275238680244804953,38,3.3,1,True
1.2.826.0.1.3680043.8.498.68971603226593154050514800137550171537,pf_centre,-92.81,-117.717,37.952,0.1212,2.588,1.2.826.0.1.3680043.8.498.18435662308844128826339546294004060374,19,5.2,1,True
1.2.826.0.1.3680043.8.498.69002590469755721401448924002989552840,pf_centre,86.513,-61.855,28.953,0.0734,0.904,1.2.826.0.1.3680043.8.498.94785646669929879730963464434830005266,30,3.9,1,True
1.2.826.0.1.3680043.8.498.69033651423155214548081618535669641812,pf_centre,-82.436,-82.417,13.493,0.0778,1.393,1.2.826.0.1.3680043.8.498.12586988032176643636935724938974131309,38,3.6,1,True
1.2.826.0.1.3680043.8.498.69077351372476086930472412978307038819,pf_centre,55.284,-32.719,13.716,0.1327,2.096,1.2.826.0.1.3680043.8.498.45309293321025511393385415301186810192,28,4.52,1,True
1.2.826.0.1.3680043.8.498.69131433601281694165384475765166382765,pf_centre,94.618,-64.689,25.96,0.0682,2.206,1.2.826.0.1.3680043.8.498.12625812197035178886041783662905400263,40,4.4,1,True
1.2.826.0.1.3680043.8.498.69141410772327587821159027820329185006,pf_centre,80.755,-76.379,-3.0,0.0864,2.05,1.2.826.0.1.3680043.8.498.16570682372565285821437851676906527254,29,0.6,5,True
1.2.826.0.1.3680043.8.498.69156800026549034619316278954442147703,pf_centre,-111.792,-85.615,5.306,0.0538,3.328,1.2.826.0.1.3680043.8.498.11944652956070021879099813683049960063,36,3.3,1,True
1.2.826.0.1.3680043.8.498.69212713525853754921729012449897924087,pf_centre,-117.698,-87.075,4.981,0.0699,0.589,1.2.826.0.1.3680043.8.498.90553149333057134533496430583525447079,28,4.0,1,True
1.2.826.0.1.3680043.8.498.69236835611860340913671698884308946455,pf_centre,-108.964,-48.517,24.737,0.076,1.986,1.2.826.0.1.3680043.8.498.12579455638562819340460194793126300668,40,3.3,1,True
1.2.826.0.1.3680043.8.498.69260280362382086729793018979234418276,pf_centre,-118.555,-62.428,-7.39,0.0457,15.805,1.2.826.0.1.3680043.8.498.12885289243912759875412944055343148631,40,3.3,1,True
1.2.826.0.1.3680043.8.498.69267821440055811776827497076481587198,pf_centre,-131.576,-34.262,7.676,0.0736,1.916,1.2.826.0.1.3680043.8.498.11054866632685669561481448318288894390,35,4.0,1,True
1.2.826.0.1.3680043.8.498.69311065409015951283858403030798356475,pf_centre,85.1,-66.07,10.638,0.0813,3.063,1.2.826.0.1.3680043.8.498.13143998302584752437147576959873217958,36,3.3,1,True
1.2.826.0.1.3680043.8.498.69392348385274125385290015404144639002,pf_centre,116.762,-94.522,23.539,0.1043,2.325,1.2.826.0.1.3680043.8.498.31915355409765508591693593249464421115,22,5.445,1,True
1.2.826.0.1.3680043.8.498.69397705155385306818511499752200941968,pf_centre,-71.202,-14.521,-32.935,0.1033,1.058,1.2.826.0.1.3680043.8.498.10186258182471641456859330423214982603,28,4.64,1,True
1.2.826.0.1.3680043.8.498.69411539430142524612470544041263824359,pf_centre,104.501,-69.29,-14.441,0.1224,0.936,1.2.826.0.1.3680043.8.498.19066568083695680394346414681413574477,32,3.6,1,True
1.2.826.0.1.3680043.8.498.69417319234704516520173921900954337376,pf_centre,-99.54,-53.218,17.023,0.0948,1.762,1.2.826.0.1.3680043.8.498.42467720518292507590573966195804584854,30,3.3,1,True
1.2.826.0.1.3680043.8.498.69429384137362531712760113705595820981,pf_centre,84.316,-53.742,20.19,0.0941,1.138,1.2.826.0.1.3680043.8.498.56105677746793814371552845164099043764,36,3.3,1,True
1.2.826.0.1.3680043.8.498.69470130842235635628917024269527211321,pf_centre,73.983,-42.183,8.394,0.0777,1.164,1.2.826.0.1.3680043.8.498.12806569437554616943325611270519063177,36,3.3,1,True
1.2.826.0.1.3680043.8.498.69495014653333523580255444915082056825,pf_centre,65.505,-80.891,9.422,0.0783,1.75,1.2.826.0.1.3680043.8.498.22451750528682884971882770143064875602,30,4.4,1,True
1.2.826.0.1.3680043.8.498.69514709065182531331987458626496800737,pf_centre,88.471,13.711,-10.089,0.0736,0.971,1.2.826.0.1.3680043.8.498.51196376719464660915556743678991837745,30,4.4,1,True
1.2.826.0.1.3680043.8.498.69544085715595825083308172629360899339,pf_centre,56.779,-51.922,12.583,0.0751,1.962,1.2.826.0.1.3680043.8.498.42106980538344026966021312823386396825,36,3.3,1,True
1.2.826.0.1.3680043.8.498.69596668032633976121623939445795750384,pf_centre,-104.482,-110.495,48.862,0.0568,2.846,1.2.826.0.1.3680043.8.498.36760713216564182212953922660037951952,31,4.5,1,True
1.2.826.0.1.3680043.8.498.69632034454628807663252084651278084839,pf_centre,100.829,-94.673,0.327,0.0754,12.172,1.2.826.0.1.3680043.8.498.99716827925331238821233940616644814424,27,0.6,6,True
1.2.826.0.1.3680043.8.498.69635429172929809539574727887787303282,pf_centre,-108.087,-94.426,34.713,0.0746,3.572,1.2.826.0.1.3680043.8.498.11463994058138489879444246526361933946,32,4.025,1,True
1.2.826.0.1.3680043.8.498.69654898267139720912940475772303404772,pf_centre,103.595,-89.584,8.91,0.0833,1.131,1.2.826.0.1.3680043.8.498.29193694432138214958956223806439511294,21,6.134,1,True
1.2.826.0.1.3680043.8.498.69665129458102359604411189244405850661,pf_centre,-75.69,-82.614,16.361,0.1252,1.078,1.2.826.0.1.3680043.8.498.87655155486239550585489708892671368627,26,0.6,5,True
1.2.826.0.1.3680043.8.498.69673283369917182409597968479300552579,pf_centre,-85.348,-86.331,18.379,0.1203,1.461,1.2.826.0.1.3680043.8.498.88492510928984242352596717808402621149,24,0.6,6,True
1.2.826.0.1.3680043.8.498.69717507929047897681405659943474469018,pf_centre,-105.801,-47.118,-22.615,0.086,1.275,1.2.826.0.1.3680043.8.498.11544062061044122388811776040245241698,28,4.4,1,True
1.2.826.0.1.3680043.8.498.69729903409900053570304330127687235813,pf_centre,-111.622,-68.425,22.434,0.0513,7.484,1.2.826.0.1.3680043.8.498.65045849114806956013149606324332694233,36,3.3,1,True
1.2.826.0.1.3680043.8.498.69730556680449158538173708009262014812,pf_centre,73.704,-120.088,-9.144,0.0662,5.324,1.2.826.0.1.3680043.8.498.12166718627402067156950182836861868331,20,4.8,1,True
1.2.826.0.1.3680043.8.498.69755849784902271124335765927125722483,pf_centre,92.021,-58.783,16.55,0.089,0.761,1.2.826.0.1.3680043.8.498.62053587725425706510497258201564193602,43,3.3,1,True
1.2.826.0.1.3680043.8.498.69828573582708185393942443598783108800,pf_centre,-70.924,13.719,6.887,0.0638,1.217,1.2.826.0.1.3680043.8.498.10286189646672478142339160193945490916,40,3.5,1,True
1.2.826.0.1.3680043.8.498.69846596572083911408018130524077120494,pf_centre,112.97,-5.257,-2.417,0.0939,1.32,1.2.826.0.1.3680043.8.498.76115056101682548823920075199794145039,47,3.5,1,True
1.2.826.0.1.3680043.8.498.69917156795941398965793962392683899162,pf_centre,-119.316,-101.425,-5.034,0.0381,0.774,1.2.826.0.1.3680043.8.498.61245856339763885825636683072622079329,18,7.336,1,True
1.2.826.0.1.3680043.8.498.69930569170269472474738549886709596023,pf_centre,-95.253,-145.869,-18.923,0.129,2.127,1.2.826.0.1.3680043.8.498.13024150354263398094405427285867672939,19,5.4,1,True
1.2.826.0.1.3680043.8.498.69954533310505596128507234525019777805,pf_centre,-85.509,-34.311,-29.691,0.1053,2.61,1.2.826.0.1.3680043.8.498.64742273126525403535067237319002240165,30,3.3,1,True
1.2.826.0.1.3680043.8.498.70124572708965486791612654433965515063,pf_centre,107.232,-87.253,5.857,0.0676,0.812,1.2.826.0.1.3680043.8.498.38156015932787767312483149426437347692,23,5.784,1,True
1.2.826.0.1.3680043.8.498.70125113032990356507120856030706104508,pf_centre,91.687,-71.795,-21.814,0.0747,1.194,1.2.826.0.1.3680043.8.498.11140504079615921771510344847117347305,19,5.0,1,True
1.2.826.0.1.3680043.8.498.70129413051088864999976563404818211137,pf_centre,-131.303,-48.944,-20.869,0.0891,1.079,1.2.826.0.1.3680043.8.498.74432028606394795043708649349298783611,30,5.0,1,True
1.2.826.0.1.3680043.8.498.70204818275951821519024007466988533363,pf_centre,117.644,-79.579,13.161,0.1026,1.453,1.2.826.0.1.3680043.8.498.12321647665107714687074100668865328324,32,3.3,1,True
1.2.826.0.1.3680043.8.498.70212141059019236877414201247791694101,pf_centre,116.187,-84.711,-7.015,0.0743,0.877,1.2.826.0.1.3680043.8.498.45607135727376915117029353136433145395,30,4.4,1,True
1.2.826.0.1.3680043.8.498.70271042033022764422915852922035168712,pf_centre,60.041,-38.239,-2.423,0.0854,1.154,1.2.826.0.1.3680043.8.498.36535322152151139065098950399754804294,36,3.3,1,True
1.2.826.0.1.3680043.8.498.70291739279544255146458190540233023337,pf_centre,90.655,-55.835,-25.424,0.1333,1.148,1.2.826.0.1.3680043.8.498.18530557683685322039845178338576762776,24,4.5,1,True
1.2.826.0.1.3680043.8.498.70310162525433830894324495692973986063,pf_centre,-46.399,-21.937,21.081,0.1477,1.027,1.2.826.0.1.3680043.8.498.58942967152728417981440658684975475631,15,6.0,1,True
1.2.826.0.1.3680043.8.498.70310491987092072540988486213408328865,pf_centre,-67.689,19.551,6.97,0.0472,1.873,1.2.826.0.1.3680043.8.498.47343905996324024831448282196825949408,45,3.5,1,True
1.2.826.0.1.3680043.8.498.70358024114589255428192032298530338260,pf_centre,-101.902,-83.025,17.582,0.1034,2.432,1.2.826.0.1.3680043.8.498.92538094028652645388550078453602693431,30,3.6,1,True
1.2.826.0.1.3680043.8.498.70375834273924102402706635540898552043,pf_centre,25.935,-25.924,-8.361,0.075,1.556,1.2.826.0.1.3680043.8.498.41260471891460154318348209625729939695,28,4.4,1,True
1.2.826.0.1.3680043.8.498.70409266114961050236894235887802126808,pf_centre,-103.875,-49.066,-14.553,0.0559,2.495,1.2.826.0.1.3680043.8.498.66621956789621485180080108826827057412,40,3.3,1,True
1.2.826.0.1.3680043.8.498.70427947434642957729711329062828233047,pf_centre,82.098,-55.291,29.224,0.0799,1.078,1.2.826.0.1.3680043.8.498.10442668640975253671347189888895836509,40,3.3,1,True
1.2.826.0.1.3680043.8.498.70435722790459313233345196619727661231,pf_centre,-123.358,-97.167,10.767,0.0274,1.984,1.2.826.0.1.3680043.8.498.87762211145201674647136286958697185692,36,4.5,1,True
1.2.826.0.1.3680043.8.498.70464717849928808075676221329034929056,pf_centre,-113.708,-79.799,14.806,0.0717,0.813,1.2.826.0.1.3680043.8.498.52213171546384663954249527676445929499,40,3.3,1,True
1.2.826.0.1.3680043.8.498.70471859687546886677145171619638581757,pf_centre,-106.736,-62.324,25.586,0.0858,0.723,1.2.826.0.1.3680043.8.498.55756521332796503160671244751077017073,36,3.3,1,True
1.2.826.0.1.3680043.8.498.70478068758081824347762712452252763894,pf_centre,82.835,-46.607,-25.026,0.0663,1.889,1.2.826.0.1.3680043.8.498.10662922911561040788259715257688056551,40,3.3,1,True
1.2.826.0.1.3680043.8.498.70507536279875475164400849670959748314,pf_centre,116.921,-88.208,46.884,0.1013,2.463,1.2.826.0.1.3680043.8.498.81273895181627871521090133747802461274,30,4.025,1,True
1.2.826.0.1.3680043.8.498.70531311408047627903498280968772932092,pf_centre,-150.755,-42.517,-2.564,0.1044,2.885,1.2.826.0.1.3680043.8.498.78603731580122685084310432828217191225,20,5.0,1,True
1.2.826.0.1.3680043.8.498.70532653867267627708152426358320452518,pf_centre,-95.052,-33.163,13.6,0.0649,0.984,1.2.826.0.1.3680043.8.498.75498057665933080259241367671378891496,32,4.5,1,True
1.2.826.0.1.3680043.8.498.70609649448269244608860767754947143395,pf_centre,-112.692,-51.805,14.279,0.0778,1.398,1.2.826.0.1.3680043.8.498.12598646489189005219313677302082830592,26,4.5,1,True
1.2.826.0.1.3680043.8.498.70674155597869824035214737999044110827,pf_centre,-110.48,-79.648,33.834,0.0736,1.384,1.2.826.0.1.3680043.8.498.68821764706264194749138852971156901902,42,3.54,1,True
1.2.826.0.1.3680043.8.498.70691305452244378255646875206864340458,pf_centre,78.163,-57.557,28.739,0.0581,2.148,1.2.826.0.1.3680043.8.498.21596786323959072197154503438615511275,48,3.3,1,True
1.2.826.0.1.3680043.8.498.70705483212961922828901596159131697717,pf_centre,-93.414,-36.551,19.655,0.084,2.018,1.2.826.0.1.3680043.8.498.54514979785578969205710000857296898234,28,4.0,1,True
1.2.826.0.1.3680043.8.498.70796360440320543674384511859375295769,pf_centre,95.693,-84.095,29.832,0.1159,0.941,1.2.826.0.1.3680043.8.498.10885691273522734551803621048616895860,29,0.6,5,True
1.2.826.0.1.3680043.8.498.70829434408808897601630953382239533220,pf_centre,85.361,-83.853,-14.069,0.0471,2.445,1.2.826.0.1.3680043.8.498.33066897921600879717396114242606511088,38,3.6,1,True
1.2.826.0.1.3680043.8.498.70831735578941318362881379802693293952,pf_centre,-95.513,-89.161,1.748,0.0983,1.002,1.2.826.0.1.3680043.8.498.39906172046079098740443934622785478729,19,4.8,1,True
1.2.826.0.1.3680043.8.498.70865607713855272648070757909359669526,pf_centre,106.54,-33.227,-38.459,0.1037,2.131,1.2.826.0.1.3680043.8.498.26253837500845554526218987213986326985,30,3.3,1,True
1.2.826.0.1.3680043.8.498.70873330457307886117949106432465978541,pf_centre,-106.682,-81.112,20.536,0.0825,2.093,1.2.826.0.1.3680043.8.498.10917914432944815634831532850092668018,32,3.3,1,True
1.2.826.0.1.3680043.8.498.70877157427595288430686609728186100169,pf_centre,-88.779,5.489,15.264,0.0526,1.716,1.2.826.0.1.3680043.8.498.74932835192518523653266702023631051455,42,3.5,1,True
1.2.826.0.1.3680043.8.498.70880546533848103776823598726224805522,pf_centre,-94.934,-39.554,35.712,0.0908,0.607,1.2.826.0.1.3680043.8.498.12052767470888437825268866312288941607,30,3.5,1,True
1.2.826.0.1.3680043.8.498.70909154434106251910698870110315237266,pf_centre,83.406,-61.59,8.133,0.0677,2.136,1.2.826.0.1.3680043.8.498.11310365024534150051457709845982943560,38,3.6,1,True
1.2.826.0.1.3680043.8.498.70913971933753517251340687745718346828,pf_centre,-129.444,-62.074,27.646,0.0861,2.432,1.2.826.0.1.3680043.8.498.50753230570516750997367433144751494215,43,3.3,1,True
1.2.826.0.1.3680043.8.498.70918221697435256352088727172904502068,pf_centre,-80.352,-42.814,33.636,0.0485,0.873,1.2.826.0.1.3680043.8.498.25041887098153856347905859357161387935,33,4.5,1,True
1.2.826.0.1.3680043.8.498.70931245733460964524244528230239226104,pf_centre,118.514,-88.242,-5.855,0.073,1.656,1.2.826.0.1.3680043.8.498.69848368486139784071493403233139052486,35,3.5,1,True
1.2.826.0.1.3680043.8.498.70931968429039283348328653687636803315,pf_centre,-120.657,-27.551,-3.677,0.1056,1.894,1.2.826.0.1.3680043.8.498.41521349100082257616860527177785779317,46,3.5,1,True
1.2.826.0.1.3680043.8.498.70948162965271404678418299669321564765,pf_centre,-121.154,-76.516,8.452,0.0638,2.157,1.2.826.0.1.3680043.8.498.41696356532515742848212365281444551806,36,3.3,1,True
1.2.826.0.1.3680043.8.498.70955936086115471632446529979621948261,pf_centre,-81.405,-64.484,19.974,0.0733,1.729,1.2.826.0.1.3680043.8.498.95874093835152410657092639688906915821,45,3.3,1,True
1.2.826.0.1.3680043.8.498.70966951020892708303866968206211604316,pf_centre,-120.33,-66.481,0.475,0.1216,0.771,1.2.826.0.1.3680043.8.498.44399965226355610710072431949789051293,26,4.5,1,True
1.2.826.0.1.3680043.8.498.70984418257970716669463829979819981861,pf_centre,-23.641,-77.609,14.242,0.0609,0.94,1.2.826.0.1.3680043.8.498.44850124404316188667815856741988747128,30,3.5,1,True
1.2.826.0.1.3680043.8.498.71001339006150287453095055802545712130,pf_centre,90.388,-50.054,16.006,0.0772,1.726,1.2.826.0.1.3680043.8.498.18222102490588996924619295207306047243,40,3.3,1,True
1.2.826.0.1.3680043.8.498.71047916312801688293181464016099792199,pf_centre,-102.376,-71.512,8.344,0.0762,1.341,1.2.826.0.1.3680043.8.498.81413175859570383533542907652392210363,22,5.3,1,True
1.2.826.0.1.3680043.8.498.71063550263564056105844586167361750567,pf_centre,-123.234,-82.267,0.191,0.0796,1.167,1.2.826.0.1.3680043.8.498.11634483354716475167427786892932277708,36,3.3,1,True
1.2.826.0.1.3680043.8.498.71084400653875583977681616665093993652,pf_centre,97.745,-95.002,27.307,0.0972,1.909,1.2.826.0.1.3680043.8.498.42433581236262282777156296814166353260,27,0.6,6,True
1.2.826.0.1.3680043.8.498.71157888664602228768823145752952837565,pf_centre,82.0,-42.879,28.406,0.1211,0.932,1.2.826.0.1.3680043.8.498.21336179097293461222939340206162486173,24,4.5,1,True
1.2.826.0.1.3680043.8.498.71180975285730441100082825359032677931,pf_centre,-119.6,-76.057,-7.914,0.0707,1.63,1.2.826.0.1.3680043.8.498.91481195243978504467810196437654729399,30,4.4,1,True
1.2.826.0.1.3680043.8.498.71262022207903748073532915013888861999,pf_centre,111.307,-68.025,-14.38,0.1093,1.624,1.2.826.0.1.3680043.8.498.88938566375481329315032053880821339251,22,4.5,1,True
1.2.826.0.1.3680043.8.498.71311031275189592818091380416268522846,pf_centre,-105.023,-63.221,37.953,0.0861,1.355,1.2.826.0.1.3680043.8.498.99384292224580070789810645435063036536,36,3.6,1,True
1.2.826.0.1.3680043.8.498.71355457409240695394093233905149541215,pf_centre,114.902,-75.46,-2.972,0.0879,2.191,1.2.826.0.1.3680043.8.498.44492382391192929063732501491993087733,32,3.3,1,True
1.2.826.0.1.3680043.8.498.71388532549899713881913113571627425347,pf_centre,-84.059,-50.768,31.016,0.0828,0.883,1.2.826.0.1.3680043.8.498.17946477973863172161784136282217216684,30,3.9,1,True
1.2.826.0.1.3680043.8.498.71405492944866967669069984757332849184,pf_centre,80.838,-41.229,51.05,0.0634,1.634,1.2.826.0.1.3680043.8.498.98352139529443178809487367280297460136,30,3.9,1,True
1.2.826.0.1.3680043.8.498.71507059468810869004142324822642900237,pf_centre,-79.737,-47.754,37.452,0.0769,1.044,1.2.826.0.1.3680043.8.498.14093023822572174395820902562537358053,38,3.6,1,True
1.2.826.0.1.3680043.8.498.71622107620007706778976946784787365505,pf_centre,-73.891,-24.924,-29.025,0.119,1.287,1.2.826.0.1.3680043.8.498.54427607193741749242014883171477119670,30,3.3,1,True
1.2.826.0.1.3680043.8.498.71636001534145439773297498405674521629,pf_centre,117.508,-110.948,75.816,0.0668,1.575,1.2.826.0.1.3680043.8.498.91009726175606105184928439767415944294,40,3.3,1,True
1.2.826.0.1.3680043.8.498.71660070729774772658965427776586988585,pf_centre,-79.894,-50.679,3.336,0.0917,1.068,1.2.826.0.1.3680043.8.498.46751948412894364807744629542688232765,36,3.3,1,True
1.2.826.0.1.3680043.8.498.71671013221669628598634284971059228267,pf_centre,-84.621,-49.868,-18.61,0.112,2.053,1.2.826.0.1.3680043.8.498.10231619549231310954947452369676342837,30,3.3,1,True
1.2.826.0.1.3680043.8.498.71686717249431292334159336816742076478,pf_centre,98.926,-33.763,-23.55,0.0683,2.409,1.2.826.0.1.3680043.8.498.93864526721671218410765769061689394609,36,3.3,1,True
1.2.826.0.1.3680043.8.498.71688651674041466985305836912343513997,pf_centre,85.243,-53.852,15.542,0.0488,2.957,1.2.826.0.1.3680043.8.498.81716121527307093957510649225340921524,40,3.3,1,True
1.2.826.0.1.3680043.8.498.71701484984624141610445774249629295610,pf_centre,82.254,-56.099,5.082,0.0691,1.21,1.2.826.0.1.3680043.8.498.72372631005888464726849129617204237171,36,4.5,1,True
1.2.826.0.1.3680043.8.498.71707317731065645278250956442336515504,pf_centre,-117.936,-77.45,16.342,0.0775,2.348,1.2.826.0.1.3680043.8.498.41810761139560246320041693881064442511,30,4.0,1,True
1.2.826.0.1.3680043.8.498.71709477515434076105531625950744135656,pf_centre,123.654,-88.944,-10.991,0.0681,0.801,1.2.826.0.1.3680043.8.498.11897659536098001365015399474047499326,26,4.625,1,True
1.2.826.0.1.3680043.8.498.71736046309441396676679830874326797437,pf_centre,-74.224,-43.203,-3.934,0.0589,1.709,1.2.826.0.1.3680043.8.498.10726370439994129741752280622403264865,36,4.095,1,True
1.2.826.0.1.3680043.8.498.71744523263023933066263506201344989825,pf_centre,112.065,-60.601,-3.79,0.0565,0.966,1.2.826.0.1.3680043.8.498.13046171353053745384930244639212007490,30,4.4,1,True
1.2.826.0.1.3680043.8.498.71749507378205349451480318735471291366,pf_centre,106.639,39.357,-34.503,0.0457,2.296,1.2.826.0.1.3680043.8.498.18508292456157718837942998439367692675,30,4.4,1,True
1.2.826.0.1.3680043.8.498.71753603955749189961638324806586359888,pf_centre,-92.463,-94.811,22.27,0.0838,1.092,1.2.826.0.1.3680043.8.498.66463181649204769921648434822393417536,19,5.2,1,True
1.2.826.0.1.3680043.8.498.71766161038805688022754893134126528749,pf_centre,-93.857,-92.129,40.076,0.0903,3.132,1.2.826.0.1.3680043.8.498.20282039881399270076591589040212035559,30,3.85,1,True
1.2.826.0.1.3680043.8.498.71792468450491064417953341293663396190,pf_centre,69.708,-53.055,10.134,0.0802,1.401,1.2.826.0.1.3680043.8.498.12801377882988124134009872504232278469,38,3.6,1,True
1.2.826.0.1.3680043.8.498.71814919885777053270239861047114794237,pf_centre,-92.661,-40.045,38.59,0.0752,2.553,1.2.826.0.1.3680043.8.498.22460454897530289483372375897303304447,38,3.6,1,True
1.2.826.0.1.3680043.8.498.71830371861099586573789550797712053914,pf_centre,85.774,-77.667,-5.64,0.1088,1.9,1.2.826.0.1.3680043.8.498.21181460900910515511564203597958886590,19,5.0,1,True
1.2.826.0.1.3680043.8.498.71836684300308056297405632410209248276,pf_centre,98.336,-29.21,8.321,0.0434,1.006,1.2.826.0.1.3680043.8.498.46697889802760134534452940215766303566,30,3.5,1,True
1.2.826.0.1.3680043.8.498.71866327348775269043047475658220220525,pf_centre,-109.422,-85.43,5.791,0.0643,2.785,1.2.826.0.1.3680043.8.498.52730766500471877220980063050997976767,36,3.3,1,True
1.2.826.0.1.3680043.8.498.71898908031968158312013185809213669768,pf_centre,70.132,-69.96,34.849,0.0841,1.034,1.2.826.0.1.3680043.8.498.93387252658776162760630249712510307909,40,3.3,1,True
1.2.826.0.1.3680043.8.498.71899370657875960028369229847153071577,pf_centre,128.824,-52.5,-2.187,0.0326,12.712,1.2.826.0.1.3680043.8.498.92029456967290746805884212849898897120,26,0.6,5,True
1.2.826.0.1.3680043.8.498.71901039762584748047172479049347609017,pf_centre,-110.643,-41.086,-65.44,0.0593,0.91,1.2.826.0.1.3680043.8.498.28957047480324246658684516078792670603,27,5.5,1,True
1.2.826.0.1.3680043.8.498.71985417286226511458068110832784023627,pf_centre,86.032,-38.596,17.809,0.0771,1.536,1.2.826.0.1.3680043.8.498.56435300300248350330506079550296392924,37,4.5,1,True
1.2.826.0.1.3680043.8.498.72008869367139958325145888733651022033,pf_centre,72.829,-45.497,18.149,0.0705,1.109,1.2.826.0.1.3680043.8.498.55765075016184938666464661026441248935,30,4.55,1,True
1.2.826.0.1.3680043.8.498.72017096768214637927798648334301077145,pf_centre,118.334,-81.487,16.453,0.0658,0.702,1.2.826.0.1.3680043.8.498.12059267689345502877866525086955649994,40,3.3,1,True
1.2.826.0.1.3680043.8.498.72018602547183896629903902899903468287,pf_centre,109.281,-83.279,9.265,0.1122,1.365,1.2.826.0.1.3680043.8.498.82298660180940091968809690990704537638,21,4.8,1,True
1.2.826.0.1.3680043.8.498.72023797276837219152365428999317131110,pf_centre,68.45,-44.21,-7.871,0.0772,0.818,1.2.826.0.1.3680043.8.498.90049148824939552953876477872512837690,34,4.2,1,True
1.2.826.0.1.3680043.8.498.72095214441332094906401331319197122529,pf_centre,-106.842,-50.307,-11.826,0.0957,1.968,1.2.826.0.1.3680043.8.498.96172941926191591429028150337200082125,36,3.3,1,True
1.2.826.0.1.3680043.8.498.72159028826938094045309841541333724597,pf_centre,77.296,-27.712,37.321,0.0521,3.151,1.2.826.0.1.3680043.8.498.11212407702575283455034516030974607529,42,3.5,1,True
1.2.826.0.1.3680043.8.498.72172265826902387784016098389863005666,pf_centre,-104.174,-65.17,6.713,0.0951,0.79,1.2.826.0.1.3680043.8.498.78031233539552824193292976140182607851,43,3.3,1,True
1.2.826.0.1.3680043.8.498.72182847112910012489603688436912469641,pf_centre,-85.239,-54.31,23.47,0.0734,2.031,1.2.826.0.1.3680043.8.498.65244931710597747196879017666785065323,33,4.5,1,True
1.2.826.0.1.3680043.8.498.72185504245484151161044972024469667666,pf_centre,-76.165,-64.144,14.97,0.0698,1.7,1.2.826.0.1.3680043.8.498.53699091485887018459595768657038067925,30,4.4,1,True
1.2.826.0.1.3680043.8.498.72191353854496806844040272237700346774,pf_centre,132.028,-82.862,7.651,0.0783,1.97,1.2.826.0.1.3680043.8.498.60679841101886504227409925863707428753,30,3.6,1,True
1.2.826.0.1.3680043.8.498.72237065473467452226073540784070938342,pf_centre,97.816,3.835,43.62,0.0905,1.407,1.2.826.0.1.3680043.8.498.58832602953272875855120068507193424194,26,5.0,1,True
1.2.826.0.1.3680043.8.498.72248728319398595146365363062799556637,pf_centre,94.746,-56.136,19.063,0.0769,1.079,1.2.826.0.1.3680043.8.498.82579403349910528267758484488063949939,30,3.5,1,True
1.2.826.0.1.3680043.8.498.72252601583562621620422058467969183753,pf_centre,-90.506,-72.507,27.718,0.0713,3.573,1.2.826.0.1.3680043.8.498.73508334366196945399948577692904789302,36,3.3,1,True
1.2.826.0.1.3680043.8.498.72255181548595299889516400134053439401,pf_centre,-77.268,-43.865,10.286,0.0471,2.137,1.2.826.0.1.3680043.8.498.11405695859142582680528058569598039489,33,4.5,1,True
1.2.826.0.1.3680043.8.498.72270915206075693056344475438055463113,pf_centre,-119.777,-42.505,26.452,0.0585,2.161,1.2.826.0.1.3680043.8.498.60036882165002170813666460106388201907,21,5.0,1,True
1.2.826.0.1.3680043.8.498.72276631472244076773626607623783737687,pf_centre,-82.47,-44.996,19.098,0.0971,0.755,1.2.826.0.1.3680043.8.498.46808689039463165076787209115781574008,30,4.55,1,True
1.2.826.0.1.3680043.8.498.72313325634455670216423864504103231505,pf_centre,-90.626,-48.249,-55.848,0.0896,0.865,1.2.826.0.1.3680043.8.498.41170900638270758773245275951458974339,36,3.3,1,True
1.2.826.0.1.3680043.8.498.72342425990274562150756501476989691572,pf_centre,109.573,-70.133,-5.113,0.0693,0.67,1.2.826.0.1.3680043.8.498.17918191068061474713431626913700573689,35,3.5,1,True
1.2.826.0.1.3680043.8.498.72368645606329000923061796699431437924,pf_centre,-123.595,-92.993,0.861,0.0857,0.893,1.2.826.0.1.3680043.8.498.88223425776225907293112157213900378430,24,5.158,1,True
1.2.826.0.1.3680043.8.498.72375103774239787721371778221019402834,pf_centre,-93.426,-62.647,10.955,0.0752,0.722,1.2.826.0.1.3680043.8.498.11942571376695501845538554462492280308,30,3.9,1,True
1.2.826.0.1.3680043.8.498.72395496925770440630088720587484704971,pf_centre,115.362,-86.07,-22.382,0.0903,1.693,1.2.826.0.1.3680043.8.498.45259784049893960986847089174931712461,22,4.5,1,True
1.2.826.0.1.3680043.8.498.72453426317225885428514595399496580896,pf_centre,-117.984,10.414,-0.76,0.1243,0.574,1.2.826.0.1.3680043.8.498.21476930428187294580749519238306514015,20,5.0,1,True
1.2.826.0.1.3680043.8.498.72494404099796908482534991590660770670,pf_centre,78.569,-62.831,-18.285,0.106,2.532,1.2.826.0.1.3680043.8.498.62664806376963318514421683628038716959,21,4.5,1,True
1.2.826.0.1.3680043.8.498.72495590491484814220060275823761767516,pf_centre,-138.369,-49.121,2.919,0.0427,2.859,1.2.826.0.1.3680043.8.498.11635221320778650059419177814252534499,40,4.0,1,True
1.2.826.0.1.3680043.8.498.72495677804641720406765749568114476096,pf_centre,99.993,-32.128,18.732,0.1162,1.18,1.2.826.0.1.3680043.8.498.37948106174338505961542370163193204988,30,3.3,1,True
1.2.826.0.1.3680043.8.498.72547312490317214326791189007411860203,pf_centre,-119.784,-86.624,41.606,0.0973,1.53,1.2.826.0.1.3680043.8.498.51827546610914149387144722414971286141,21,5.5,1,True
1.2.826.0.1.3680043.8.498.72576069358772864331810785663326683534,pf_centre,-89.983,-60.204,19.332,0.0989,1.119,1.2.826.0.1.3680043.8.498.64803207822893792814404896673822327491,30,3.9,1,True
1.2.826.0.1.3680043.8.498.72587440202779699193620339987034971895,pf_centre,-106.78,-42.008,22.041,0.056,1.144,1.2.826.0.1.3680043.8.498.77437512652127297714949073690240177025,38,4.5,1,True
1.2.826.0.1.3680043.8.498.72653666963736486779382314125782779004,pf_centre,91.389,-45.613,20.25,0.0844,2.255,1.2.826.0.1.3680043.8.498.11943054064750850060017679791841038235,38,3.3,1,True
1.2.826.0.1.3680043.8.498.72680485820462987585370556994612687540,pf_centre,-73.85,-23.488,-5.129,0.0907,1.358,1.2.826.0.1.3680043.8.498.30918978866937144708714209056324552427,30,3.3,1,True
1.2.826.0.1.3680043.8.498.72697172162233919540021967137047646179,pf_centre,87.134,-59.319,-23.96,0.0769,3.405,1.2.826.0.1.3680043.8.498.75045571203974707688914190221915068885,30,3.45,1,True
1.2.826.0.1.3680043.8.498.72740499664060575780267947543695605585,pf_centre,-90.83,-54.873,20.691,0.0721,2.438,1.2.826.0.1.3680043.8.498.11559042079639193000113154150057669425,34,4.2,1,True
1.2.826.0.1.3680043.8.498.72771360268592017354044657882090174639,pf_centre,66.655,-37.58,7.566,0.0929,2.719,1.2.826.0.1.3680043.8.498.29496807740583474174127848544895682830,36,3.3,1,True
1.2.826.0.1.3680043.8.498.72781608662300877077691853670862414309,pf_centre,-50.534,-66.701,5.942,0.0914,0.972,1.2.826.0.1.3680043.8.498.14065193922244901095334026946535895602,28,3.5,1,True
1.2.826.0.1.3680043.8.498.72786773761211751423503785260617678955,pf_centre,-105.562,-104.199,19.475,0.0625,1.977,1.2.826.0.1.3680043.8.498.74967554575366267685246446631770018326,36,3.3,1,True
1.2.826.0.1.3680043.8.498.72800659596099468282135738543971261904,pf_centre,-74.159,-90.994,15.94,0.1012,1.154,1.2.826.0.1.3680043.8.498.11409960868046396439705534192716177182,26,0.6,5,True
1.2.826.0.1.3680043.8.498.72814437733065652700292896915085936230,pf_centre,-77.82,-48.58,12.616,0.0667,0.911,1.2.826.0.1.3680043.8.498.23252727397863615864130172724027481683,38,3.6,1,True
1.2.826.0.1.3680043.8.498.72853333220043794904856138561095171921,pf_centre,78.982,-24.158,55.333,0.0627,1.583,1.2.826.0.1.3680043.8.498.45433966192867460741417444204369175868,44,3.5,1,True
1.2.826.0.1.3680043.8.498.72880034930990967339546757487847803284,pf_centre,89.421,-14.842,-7.048,0.0803,2.78,1.2.826.0.1.3680043.8.498.52752790207313507851912092176426642601,44,3.5,1,True
1.2.826.0.1.3680043.8.498.72896348955280307080916504120667484813,pf_centre,29.746,-15.349,12.633,0.0767,0.782,1.2.826.0.1.3680043.8.498.32474970977288684002251415180001096301,30,4.5,1,True
1.2.826.0.1.3680043.8.498.72896586188735703676995894830815493004,pf_centre,91.752,-66.751,-3.152,0.0532,1.542,1.2.826.0.1.3680043.8.498.41029034783748367593011996865977432761,30,4.4,1,True
1.2.826.0.1.3680043.8.498.72931900540220826595003388066347326492,pf_centre,86.006,-35.244,21.018,0.0723,1.606,1.2.826.0.1.3680043.8.498.11389986159238054344919458971173784242,32,3.6,1,True
1.2.826.0.1.3680043.8.498.72937134140407212536042212109839895294,pf_centre,-81.756,-86.235,8.873,0.0697,1.317,1.2.826.0.1.3680043.8.498.38110659891488547488964936377639840909,26,5.2,1,True
1.2.826.0.1.3680043.8.498.72943191222961132416678221885831944435,pf_centre,113.243,-48.385,-42.419,0.0737,1.866,1.2.826.0.1.3680043.8.498.11082083578943878003961284203574237899,30,5.0,1,True
1.2.826.0.1.3680043.8.498.72977302282583186913749000016284027331,pf_centre,85.856,-69.713,14.447,0.057,2.509,1.2.826.0.1.3680043.8.498.67920434964954730640863179549043521793,38,3.6,1,True
1.2.826.0.1.3680043.8.498.73021428171736137311489171988512484948,pf_centre,-68.746,-37.655,4.003,0.0767,0.801,1.2.826.0.1.3680043.8.498.66667529917830917691344686993748967826,36,3.3,1,True
1.2.826.0.1.3680043.8.498.73033521237848260228708170280586043408,pf_centre,80.305,-1.274,-5.534,0.0981,0.549,1.2.826.0.1.3680043.8.498.85244684265551850687266267150944302681,27,4.52,1,True
1.2.826.0.1.3680043.8.498.73037642285055457162691486258363101398,pf_centre,-77.803,-32.32,-19.651,0.1146,1.617,1.2.826.0.1.3680043.8.498.39560062862645740231090324925326786534,28,4.0,1,True
1.2.826.0.1.3680043.8.498.73070182506490199787361298167985971577,pf_centre,110.569,-90.259,14.407,0.091,1.882,1.2.826.0.1.3680043.8.498.11692020830178070858461307718851646169,32,3.3,1,True
1.2.826.0.1.3680043.8.498.73077380963620788952030569132380549826,pf_centre,-107.059,-100.008,14.62,0.0643,1.006,1.2.826.0.1.3680043.8.498.94614389182187140376995937982853833425,40,3.3,1,True
1.2.826.0.1.3680043.8.498.73083786204651635096412213233334934941,pf_centre,120.156,-76.93,14.808,0.0565,2.44,1.2.826.0.1.3680043.8.498.10669712146984044384921802104176371936,48,3.3,1,True
1.2.826.0.1.3680043.8.498.73101997284755549124715401557235981642,pf_centre,83.611,-54.156,23.336,0.0685,2.106,1.2.826.0.1.3680043.8.498.90247066562528133188598690895880575282,45,4.0,1,True
1.2.826.0.1.3680043.8.498.73170541731840260065335942048010387599,pf_centre,83.975,-45.788,2.041,0.0706,3.327,1.2.826.0.1.3680043.8.498.58654403076202496994035053284885680408,36,3.3,1,True
1.2.826.0.1.3680043.8.498.73194579460722181989151410198309642266,pf_centre,-94.079,-100.773,-3.267,0.0929,1.875,1.2.826.0.1.3680043.8.498.10863876454137158625241855616513313689,27,0.6,6,True
1.2.826.0.1.3680043.8.498.73198335328613992289471885012751338458,pf_centre,102.089,-109.103,-7.947,0.1105,1.443,1.2.826.0.1.3680043.8.498.80253118374010420951234659991158534632,23,5.2,1,True
1.2.826.0.1.3680043.8.498.73205916973275504240156555900460720571,pf_centre,67.695,-44.716,2.04,0.0476,1.563,1.2.826.0.1.3680043.8.498.52102934030912159621352934881037849845,42,4.0,1,True
1.2.826.0.1.3680043.8.498.73215265387578908341609746559916587894,pf_centre,-115.103,-86.657,22.673,0.0696,1.29,1.2.826.0.1.3680043.8.498.12930771808366376859368797302895163549,23,6.128,1,True
1.2.826.0.1.3680043.8.498.73231153161312542696053060380619432126,pf_centre,-35.214,-26.586,-5.948,0.0935,3.312,1.2.826.0.1.3680043.8.498.48235601771857062237899150357765090790,22,5.0,1,True
1.2.826.0.1.3680043.8.498.73241519025825862373621891294281253158,pf_centre,-119.493,-93.507,-16.708,0.0684,2.816,1.2.826.0.1.3680043.8.498.10174173132588087384637582359948276428,23,5.5,1,True
1.2.826.0.1.3680043.8.498.73242978867957397254276973409271434573,pf_centre,-124.069,-85.495,-26.866,0.0732,1.604,1.2.826.0.1.3680043.8.498.10654073910251230187692471547507710679,30,4.4,1,True
1.2.826.0.1.3680043.8.498.73254365064404586162477089636000427751,pf_centre,-75.718,-42.846,9.423,0.1037,0.911,1.2.826.0.1.3680043.8.498.68915521685937574007693869903242683593,32,3.6,1,True
1.2.826.0.1.3680043.8.498.73257122462858353041066181004123253930,pf_centre,43.272,-47.562,12.259,0.1009,1.05,1.2.826.0.1.3680043.8.498.30204301724123748920313377484685239193,25,4.5,1,True
1.2.826.0.1.3680043.8.498.73275019425494043461771574462523171618,pf_centre,93.138,-92.171,5.451,0.1179,1.041,1.2.826.0.1.3680043.8.498.83408097786893956965791285910821371928,19,5.6,1,True
1.2.826.0.1.3680043.8.498.73314900301724532218347713512381622074,pf_centre,-13.694,-26.361,26.701,0.1062,0.908,1.2.826.0.1.3680043.8.498.17309036938299884171457263204874175814,28,4.0,1,True
1.2.826.0.1.3680043.8.498.73325959289998105909842627876607163467,pf_centre,-80.637,-91.309,-12.055,0.1241,0.997,1.2.826.0.1.3680043.8.498.70737735934281439104021894936712177133,24,0.6,6,True
1.2.826.0.1.3680043.8.498.73356831368999268488355650751758108912,pf_centre,-82.325,-33.675,-4.146,0.0711,0.691,1.2.826.0.1.3680043.8.498.83161572548798834712007366315118177880,39,4.4,1,True
1.2.826.0.1.3680043.8.498.73394992092536626285935384324191560182,pf_centre,93.842,-79.02,18.371,0.1,0.37,1.2.826.0.1.3680043.8.498.12414531358843313094822818001807225300,19,5.6,1,True
1.2.826.0.1.3680043.8.498.73448420644251136304786298254801920284,pf_centre,96.768,-12.175,-10.819,0.1214,1.97,1.2.826.0.1.3680043.8.498.11535146618236209036136293933646945054,28,4.52,1,True
1.2.826.0.1.3680043.8.498.73477249559479870799427355988138990349,pf_centre,-98.924,-58.23,28.202,0.0663,3.631,1.2.826.0.1.3680043.8.498.38139819565407286266472142458356429818,42,3.6,1,True
1.2.826.0.1.3680043.8.498.73478948866451045346677275674140339803,pf_centre,-98.882,-76.843,13.014,0.0431,0.983,1.2.826.0.1.3680043.8.498.64446664756608201015020196825443251579,30,4.4,1,True
1.2.826.0.1.3680043.8.498.73480422982315825699847838826691577320,pf_centre,-91.459,4.851,-35.085,0.06,2.714,1.2.826.0.1.3680043.8.498.20937930321719622535123919197235898581,30,4.4,1,True
1.2.826.0.1.3680043.8.498.73511703934549662392765328175356230615,pf_centre,-81.129,-49.206,-11.194,0.0734,0.865,1.2.826.0.1.3680043.8.498.12540961570322621327942375905254770095,38,3.6,1,True
1.2.826.0.1.3680043.8.498.73522298807198784022883320957252530465,pf_centre,-107.956,-46.401,29.405,0.0718,4.952,1.2.826.0.1.3680043.8.498.86915822640906736636270038565718376586,36,4.5,1,True
1.2.826.0.1.3680043.8.498.73527530686853911124431549317032662220,pf_centre,-87.997,-78.002,-8.765,0.0781,3.5,1.2.826.0.1.3680043.8.498.83867942217836552185114474898876718504,32,5.0,1,True
1.2.826.0.1.3680043.8.498.73539750992809874106013052513162732951,pf_centre,102.838,-47.825,10.41,0.1054,1.903,1.2.826.0.1.3680043.8.498.36615537033339492408423676664912459318,40,3.3,1,True
1.2.826.0.1.3680043.8.498.73545582819102316606081606511277579853,pf_centre,-105.305,-58.029,24.898,0.0755,1.108,1.2.826.0.1.3680043.8.498.17791845061698739052076736629151053407,30,4.4,1,True
1.2.826.0.1.3680043.8.498.73567807253694728043552196136704821457,pf_centre,-24.287,-29.423,-17.147,0.0955,1.975,1.2.826.0.1.3680043.8.498.75288414517734607232109288896906598492,30,4.4,1,True
1.2.826.0.1.3680043.8.498.73602922823389605007702521335136347605,pf_centre,45.447,-66.533,20.033,0.0825,0.799,1.2.826.0.1.3680043.8.498.11917628152448493587884825628630776826,34,3.85,1,True
1.2.826.0.1.3680043.8.498.73616237718955147476241731466078978343,pf_centre,-91.979,-91.271,-24.193,0.0722,0.968,1.2.826.0.1.3680043.8.498.15142024856207030416910560774290641589,40,3.6,1,True
1.2.826.0.1.3680043.8.498.73682608760611536443754406204042210115,pf_centre,-104.366,-51.627,-27.031,0.0784,2.837,1.2.826.0.1.3680043.8.498.73084646257233766438154583290780314981,36,3.3,1,True
1.2.826.0.1.3680043.8.498.73716752081143767997507440278231972668,pf_centre,92.07,-54.753,30.898,0.0883,2.077,1.2.826.0.1.3680043.8.498.59569406427206566797539195688592623431,36,3.3,1,True
1.2.826.0.1.3680043.8.498.73748007182569068263280098473557128226,pf_centre,87.279,-100.274,9.104,0.0716,4.06,1.2.826.0.1.3680043.8.498.14904670699319291389595269514599164169,38,3.6,1,True
1.2.826.0.1.3680043.8.498.73792361507751648386401969571717557389,pf_centre,-100.263,-65.028,-3.716,0.0802,0.714,1.2.826.0.1.3680043.8.498.10063731081890047751464503910956626637,33,4.0,1,True
1.2.826.0.1.3680043.8.498.73825252186234755453650759159564715478,pf_centre,-94.81,-41.836,-17.532,0.0832,1.433,1.2.826.0.1.3680043.8.498.81196521174806912309575752314615178439,30,3.3,1,True
1.2.826.0.1.3680043.8.498.73869775636181013203432845292462040922,pf_centre,70.291,-86.926,-13.156,0.1106,3.717,1.2.826.0.1.3680043.8.498.23436092920663379352437444257593128230,19,5.2,1,True
1.2.826.0.1.3680043.8.498.73891117356545433634964184054304516063,pf_centre,-60.124,-82.945,23.88,0.0679,1.524,1.2.826.0.1.3680043.8.498.12146698071911096779206485155138043336,34,3.85,1,True
1.2.826.0.1.3680043.8.498.73926443729786165628848843707532839995,pf_centre,91.689,-87.297,34.609,0.0776,15.951,1.2.826.0.1.3680043.8.498.87895862586271485169231472393293964108,29,0.6,5,True
1.2.826.0.1.3680043.8.498.73983081622010008601849687650985260980,pf_centre,-105.77,-60.059,-8.976,0.1058,1.147,1.2.826.0.1.3680043.8.498.11154694393672244220388674625214533322,30,4.5,1,True
1.2.826.0.1.3680043.8.498.73988798714023285209290281409329527637,pf_centre,119.314,-102.11,-9.171,0.0494,2.906,1.2.826.0.1.3680043.8.498.10648484734781068429322813243070900614,46,3.3,1,True
1.2.826.0.1.3680043.8.498.74052473719853343027548507306186291134,pf_centre,90.784,-54.527,-8.784,0.0755,5.152,1.2.826.0.1.3680043.8.498.13189808124000815380723566175332214029,35,4.4,1,True
1.2.826.0.1.3680043.8.498.74078340346189210015785395961373387782,pf_centre,-90.783,-38.021,-3.518,0.059,1.622,1.2.826.0.1.3680043.8.498.11778759923828054380073115882756141928,40,3.5,1,True
1.2.826.0.1.3680043.8.498.74095402538454760179339842746572802563,pf_centre,-85.182,-42.346,9.02,0.1294,1.712,1.2.826.0.1.3680043.8.498.33037096289835757246027997133967902065,30,3.3,1,True
1.2.826.0.1.3680043.8.498.74127742661271965093205833471645893520,pf_centre,-117.201,-88.607,19.089,0.0786,1.742,1.2.826.0.1.3680043.8.498.70050427946073135537164269806368927701,36,4.0,1,True
1.2.826.0.1.3680043.8.498.74140806279409854828032496578072554031,pf_centre,83.277,-57.269,45.917,0.0695,0.843,1.2.826.0.1.3680043.8.498.63224987048684326380669910674168420647,34,4.2,1,True
1.2.826.0.1.3680043.8.498.74160604730133050784449689952695940558,pf_centre,-104.85,-38.591,-14.928,0.0807,1.368,1.2.826.0.1.3680043.8.498.65998044759212234190171057721137980305,27,5.0,1,True
1.2.826.0.1.3680043.8.498.74177736542522869266952610634091628727,pf_centre,88.47,-93.004,-19.054,0.0573,1.662,1.2.826.0.1.3680043.8.498.30407519257259330013134566183989366441,38,3.6,1,True
1.2.826.0.1.3680043.8.498.74206939384612669977629625310277500302,pf_centre,-67.981,4.475,24.287,0.0702,1.364,1.2.826.0.1.3680043.8.498.32034963976147075268452147252932328971,44,3.5,1,True
1.2.826.0.1.3680043.8.498.74214829456846525506232367308573550186,pf_centre,-98.412,-56.695,23.508,0.089,1.495,1.2.826.0.1.3680043.8.498.72424642450047131542594192077313144372,40,3.3,1,True
1.2.826.0.1.3680043.8.498.74215611637606164186239511504256137871,pf_centre,84.474,-58.165,23.295,0.0732,1.299,1.2.826.0.1.3680043.8.498.18354754151030512388464953923092249898,32,3.9,1,True
1.2.826.0.1.3680043.8.498.74222284584657051737421776919599206132,pf_centre,86.866,-109.095,2.981,0.0938,1.191,1.2.826.0.1.3680043.8.498.67087396943324419881058153518293950036,20,4.8,1,True
1.2.826.0.1.3680043.8.498.74222294235046321147381553078000820604,pf_centre,-82.125,-74.918,7.041,0.0775,2.681,1.2.826.0.1.3680043.8.498.98388037524820894573995410735703570809,35,3.5,1,True
1.2.826.0.1.3680043.8.498.74243110959141459268838217468465880820,pf_centre,-104.392,-60.775,18.37,0.1113,1.771,1.2.826.0.1.3680043.8.498.20728005876130865258019255406933299085,27,4.5,1,True
1.2.826.0.1.3680043.8.498.74243564762473331581882860440560337725,pf_centre,90.313,-61.811,5.278,0.0783,1.047,1.2.826.0.1.3680043.8.498.91789778597168289082063337026362543448,43,3.3,1,True
1.2.826.0.1.3680043.8.498.74247325306307303036016759070403973520,pf_centre,-111.397,-97.196,-5.636,0.0816,2.715,1.2.826.0.1.3680043.8.498.47211775256507609420462639906237348825,18,7.336,1,True
1.2.826.0.1.3680043.8.498.74274855596893595390880617896069524465,pf_centre,-84.015,-60.981,-8.356,0.094,4.456,1.2.826.0.1.3680043.8.498.45202688861512573758131914130618066908,30,3.9,1,True
1.2.826.0.1.3680043.8.498.74282280145383357786409764912398881272,pf_centre,105.009,-24.349,-1.715,0.0957,1.536,1.2.826.0.1.3680043.8.498.19494950055912598525830668301946920194,30,3.3,1,True
1.2.826.0.1.3680043.8.498.74332475620045145049628676751586693385,pf_centre,94.058,-54.049,14.844,0.0891,0.944,1.2.826.0.1.3680043.8.498.10419539575377580606457311182308169512,40,3.3,1,True
1.2.826.0.1.3680043.8.498.74362364640190722036251935797260325860,pf_centre,122.347,-58.297,0.74,0.0452,5.845,1.2.826.0.1.3680043.8.498.63723275346850158441274261395643419312,21,6.921,1,True
1.2.826.0.1.3680043.8.498.74388661917632804671669952747214084502,pf_centre,-98.578,-84.599,26.357,0.0793,1.528,1.2.826.0.1.3680043.8.498.12203377230986336379402891285266763511,36,3.85,1,True
1.2.826.0.1.3680043.8.498.74394784271003789564066563841806954326,pf_centre,101.208,-57.715,26.806,0.0704,1.945,1.2.826.0.1.3680043.8.498.72879537541595753047219601099574641737,36,4.55,1,True
1.2.826.0.1.3680043.8.498.74423888576992387013857540016155410962,pf_centre,96.102,-65.573,66.242,0.1086,1.564,1.2.826.0.1.3680043.8.498.98248113404702773277564961740712226259,36,3.3,1,True
1.2.826.0.1.3680043.8.498.74461421748415064477531528884191890661,pf_centre,121.643,-108.505,13.838,0.0624,2.826,1.2.826.0.1.3680043.8.498.10589226182454647046237348496111145953,36,5.5,1,True
1.2.826.0.1.3680043.8.498.74471396469132211069109289423495141062,pf_centre,-119.144,-82.89,22.664,0.0812,1.32,1.2.826.0.1.3680043.8.498.98916021586303358322367556298725115907,20,5.718,1,True
1.2.826.0.1.3680043.8.498.74471724874857406578316075456414902954,pf_centre,-86.813,-97.998,19.933,0.0698,1.012,1.2.826.0.1.3680043.8.498.91688705279440083279377541765215009278,36,3.3,1,True
1.2.826.0.1.3680043.8.498.74622031396885197580453304563088863451,pf_centre,93.439,-97.584,22.242,0.1015,2.255,1.2.826.0.1.3680043.8.498.75406624340989145453920956214533216482,29,0.6,5,True
1.2.826.0.1.3680043.8.498.74622912009754642425258484521795653023,pf_centre,-14.648,-49.136,4.352,0.0781,1.959,1.2.826.0.1.3680043.8.498.17005134178773557812792527935871421404,32,4.4,1,True
1.2.826.0.1.3680043.8.498.74688733778107958348746767768064374883,pf_centre,83.235,-53.588,9.338,0.0893,1.816,1.2.826.0.1.3680043.8.498.11283855974785248268799953333069965247,30,3.9,1,True
1.2.826.0.1.3680043.8.498.74714018385278253151175853998945654373,pf_centre,125.24,-90.1,-4.359,0.0781,2.07,1.2.826.0.1.3680043.8.498.44320650968782861044403957869459496155,32,3.3,1,True
1.2.826.0.1.3680043.8.498.74725806565437665548056410415178280121,pf_centre,-92.239,-72.105,-23.061,0.0817,1.666,1.2.826.0.1.3680043.8.498.14849498097086320937035963082817281194,35,3.3,1,True
1.2.826.0.1.3680043.8.498.74749071555443582954158991248361308204,pf_centre,38.917,-46.879,27.295,0.1016,2.476,1.2.826.0.1.3680043.8.498.10094781245693702203234027303975497416,32,3.6,1,True
1.2.826.0.1.3680043.8.498.74855168460956358728708865599401983005,pf_centre,85.297,-66.519,35.144,0.0774,1.428,1.2.826.0.1.3680043.8.498.79156440251653825058170367965695134670,40,3.3,1,True
1.2.826.0.1.3680043.8.498.74864145321761783409935288797327597738,pf_centre,-116.694,-83.026,13.924,0.0863,0.983,1.2.826.0.1.3680043.8.498.12244080355283735882272548297519137097,32,3.3,1,True
1.2.826.0.1.3680043.8.498.74872419726042767543822107291861307866,pf_centre,-111.109,-74.04,0.444,0.0647,2.76,1.2.826.0.1.3680043.8.498.53061927843509636633689546698110122698,44,3.3,1,True
1.2.826.0.1.3680043.8.498.74914646210033032631540802996162814268,pf_centre,101.423,-53.694,27.736,0.0854,2.594,1.2.826.0.1.3680043.8.498.10457829742037527099959638527164747718,34,4.55,1,True
1.2.826.0.1.3680043.8.498.74939269621045823332837094516056211606,pf_centre,-75.79,-67.467,84.184,0.0576,2.048,1.2.826.0.1.3680043.8.498.95031228248720229011974241826034864485,22,4.5,1,True
1.2.826.0.1.3680043.8.498.74940598515597814600837126537274199312,pf_centre,121.882,-71.571,12.331,0.0751,1.237,1.2.826.0.1.3680043.8.498.30900354749422264395375231810870199828,32,3.3,1,True
1.2.826.0.1.3680043.8.498.74952769952682175467667812958859010329,pf_centre,-107.718,-40.26,-15.53,0.0429,2.278,1.2.826.0.1.3680043.8.498.10804249339706830604605837018948637366,40,3.3,1,True
1.2.826.0.1.3680043.8.498.75067227246352035607675978826177487284,pf_centre,-2.485,-24.678,2.076,0.0389,3.253,1.2.826.0.1.3680043.8.498.99659830072007764855857117866480504526,30,4.5,1,True
1.2.826.0.1.3680043.8.498.75126165133796914746114117844697263697,pf_centre,86.958,3.66,-6.919,0.0711,2.07,1.2.826.0.1.3680043.8.498.80962392198664941740691741574091642408,25,5.0,1,True
1.2.826.0.1.3680043.8.498.75168480371573015758963049782687952716,pf_centre,101.25,-48.639,32.92,0.1097,7.158,1.2.826.0.1.3680043.8.498.66826768020197733797316286926564407670,27,3.6,1,True
1.2.826.0.1.3680043.8.498.75186274888329123179129240384960518861,pf_centre,-87.729,-61.499,0.818,0.0847,5.071,1.2.826.0.1.3680043.8.498.65522936023497924057245230631863949878,30,4.4,1,True
1.2.826.0.1.3680043.8.498.75187434248356774277526985329346125190,pf_centre,-124.99,-74.959,5.378,0.091,0.933,1.2.826.0.1.3680043.8.498.43903640528718159973086353576559343273,36,3.3,1,True
1.2.826.0.1.3680043.8.498.75268429892526831752484062674699274309,pf_centre,-85.505,-107.161,-0.955,0.103,0.824,1.2.826.0.1.3680043.8.498.27733888368619725295443212573892103716,19,5.2,1,True
1.2.826.0.1.3680043.8.498.75276563505367629340309025030148269450,pf_centre,-83.14,-61.203,1.608,0.0747,0.927,1.2.826.0.1.3680043.8.498.14150919612147083715320168652349451393,38,3.6,1,True
1.2.826.0.1.3680043.8.498.75282577107802752393765861202996650638,pf_centre,94.202,-74.425,12.069,0.0748,1.768,1.2.826.0.1.3680043.8.498.95493491246982485532806137894977846198,21,5.228,1,True
1.2.826.0.1.3680043.8.498.75378323910171368568360074903297446681,pf_centre,-76.609,-90.245,14.609,0.0723,2.69,1.2.826.0.1.3680043.8.498.60268540928599129771981785907282684158,25,4.4,1,True
1.2.826.0.1.3680043.8.498.75384600248630012126841890313149674691,pf_centre,-97.805,-73.034,14.522,0.056,1.561,1.2.826.0.1.3680043.8.498.20302014879450805640242625933356578752,40,3.3,1,True
1.2.826.0.1.3680043.8.498.75418637314688036152637525301534342254,pf_centre,80.563,-85.908,42.271,0.0629,6.134,1.2.826.0.1.3680043.8.498.79496084315235312081750968993999225254,30,4.4,1,True
1.2.826.0.1.3680043.8.498.75419034794059601820999512200601915669,pf_centre,125.173,-93.296,11.206,0.0707,1.275,1.2.826.0.1.3680043.8.498.55654046800949009796603402824009211963,35,3.5,1,True
1.2.826.0.1.3680043.8.498.75420186662442688955616630735303321846,pf_centre,-80.881,-72.1,-19.666,0.0784,1.469,1.2.826.0.1.3680043.8.498.49118395816778787024167077784925564044,38,3.6,1,True
1.2.826.0.1.3680043.8.498.75427432788337288702609576920198810880,pf_centre,-110.573,-105.539,5.224,0.0906,1.129,1.2.826.0.1.3680043.8.498.72789472367696379555211631752577754087,22,6.026,1,True
1.2.826.0.1.3680043.8.498.75518253718111135068488417046278011303,pf_centre,87.878,-52.652,37.735,0.0708,1.845,1.2.826.0.1.3680043.8.498.10333322560331603498105150550729550099,30,3.9,1,True
1.2.826.0.1.3680043.8.498.75522002047190283617659083787085821064,pf_centre,-68.855,-25.09,-11.057,0.0719,1.496,1.2.826.0.1.3680043.8.498.11619821081502619032854393342526027530,30,3.5,1,True
1.2.826.0.1.3680043.8.498.75523541256169382504121567002441615798,pf_centre,66.424,20.554,-24.719,0.0789,1.773,1.2.826.0.1.3680043.8.498.42901214404284532882230606778396450359,34,3.5,1,True
1.2.826.0.1.3680043.8.498.75547515925579172661099437338637082554,pf_centre,94.432,-94.141,16.367,0.1249,1.86,1.2.826.0.1.3680043.8.498.53379844123719420871125385286668732403,24,0.6,6,True
1.2.826.0.1.3680043.8.498.75548650589349966221875964542604002971,pf_centre,85.002,-93.143,-6.838,0.0972,1.868,1.2.826.0.1.3680043.8.498.15615248797948991816547968905934821388,32,0.6,5,True
1.2.826.0.1.3680043.8.498.75577846246542841539613557336025271434,pf_centre,-120.604,-67.93,-25.674,0.0576,1.919,1.2.826.0.1.3680043.8.498.37858349027110402156712482300293802004,30,4.4,1,True
1.2.826.0.1.3680043.8.498.75605038901688937188489854019478082759,pf_centre,-122.728,-95.72,-15.007,0.0714,1.336,1.2.826.0.1.3680043.8.498.11566733817314434492587763761542971318,40,3.3,1,True
1.2.826.0.1.3680043.8.498.75627574440860942023321071382766359827,pf_centre,94.896,-53.051,12.201,0.0702,1.941,1.2.826.0.1.3680043.8.498.36382958796527226637482792827341384168,30,3.9,1,True
1.2.826.0.1.3680043.8.498.75639423607035582240174986752280730347,pf_centre,-86.716,-50.219,19.84,0.0849,0.989,1.2.826.0.1.3680043.8.498.50108507105969417467201187993403170645,30,4.5,1,True
1.2.826.0.1.3680043.8.498.75670996863043899245632198549551296292,pf_centre,-7.86,-28.629,12.537,0.066,1.56,1.2.826.0.1.3680043.8.498.51624357801085993660832964301254057610,32,4.5,1,True
1.2.826.0.1.3680043.8.498.75688484058613633923943882730405145535,pf_centre,100.255,-103.888,-5.661,0.0677,3.684,1.2.826.0.1.3680043.8.498.11992547544815615461298179015377870061,18,6.5,1,True
1.2.826.0.1.3680043.8.498.75739561647115166735277767560308263446,pf_centre,105.869,-40.181,26.801,0.0739,2.88,1.2.826.0.1.3680043.8.498.12284508570978487922310052861550323692,30,4.4,1,True
1.2.826.0.1.3680043.8.498.75742195884147990442829552992649204078,pf_centre,101.249,-53.312,26.39,0.0823,1.529,1.2.826.0.1.3680043.8.498.19353510663897568411975540462369234511,32,4.55,1,True
1.2.826.0.1.3680043.8.498.75746520601616488682662195284941583868,pf_centre,-50.977,-51.605,25.212,0.0869,0.703,1.2.826.0.1.3680043.8.498.97636374720398740682216217092420256977,30,3.5,1,True
1.2.826.0.1.3680043.8.498.75751784078102748563815298069799859542,pf_centre,95.083,-98.304,19.79,0.0834,14.875,1.2.826.0.1.3680043.8.498.66917222226582771970360255178342655073,32,0.6,5,True
1.2.826.0.1.3680043.8.498.75760698509105388883811155432691667447,pf_centre,-68.353,-61.97,32.505,0.1065,1.967,1.2.826.0.1.3680043.8.498.99245479833799426246462204698253071897,29,4.5,1,True
1.2.826.0.1.3680043.8.498.75773447415943537938555952303103557864,pf_centre,-3.301,-34.509,15.39,0.0856,0.747,1.2.826.0.1.3680043.8.498.35774709275594543635644447885492634497,28,4.0,1,True
1.2.826.0.1.3680043.8.498.75800418125597325281807386716279941068,pf_centre,-78.706,-48.175,-6.955,0.0827,1.464,1.2.826.0.1.3680043.8.498.13126107841302014540721530859911444701,36,3.3,1,True
1.2.826.0.1.3680043.8.498.75893915698353338311947268382839152877,pf_centre,-80.717,-8.748,20.504,0.088,1.873,1.2.826.0.1.3680043.8.498.79179279376473426102644676042564684284,25,5.0,1,True
1.2.826.0.1.3680043.8.498.75924957745868212343758911856809118662,pf_centre,92.267,-95.723,-40.574,0.1128,3.748,1.2.826.0.1.3680043.8.498.84823077839172258143096444319683719668,27,0.6,6,True
1.2.826.0.1.3680043.8.498.75926011938952404257302292495731660728,pf_centre,-88.472,31.09,7.55,0.0671,0.733,1.2.826.0.1.3680043.8.498.29479668125183415410589040755055134341,35,4.4,1,True
1.2.826.0.1.3680043.8.498.75976388060969166980873144500539735332,pf_centre,103.507,-61.288,-20.323,0.046,2.566,1.2.826.0.1.3680043.8.498.73469106580073495733210218468772748093,30,4.4,1,True
1.2.826.0.1.3680043.8.498.75980374267002793040832157122311396174,pf_centre,-79.037,-44.828,19.397,0.0633,1.555,1.2.826.0.1.3680043.8.498.97449466356228427249096647992674122969,33,4.5,1,True
1.2.826.0.1.3680043.8.498.76012896432318288623173593280895772876,pf_centre,111.343,-38.455,6.089,0.0714,1.531,1.2.826.0.1.3680043.8.498.73215409962997775568722179437908633030,33,4.5,1,True
1.2.826.0.1.3680043.8.498.76027799502777251766328820405966979386,pf_centre,-121.601,-72.074,6.427,0.0947,0.637,1.2.826.0.1.3680043.8.498.11886651523855996282772219534325930202,36,3.3,1,True
1.2.826.0.1.3680043.8.498.76065434429437758192282562351089010088,pf_centre,-90.124,-51.013,27.54,0.0822,1.144,1.2.826.0.1.3680043.8.498.58340420253355721609226915271186301325,30,4.4,1,True
1.2.826.0.1.3680043.8.498.76093766204928582819565636658977147523,pf_centre,-109.181,-73.5,15.286,0.0977,0.95,1.2.826.0.1.3680043.8.498.56596866611365360038298581474132707728,21,5.5,1,True
1.2.826.0.1.3680043.8.498.76107330932071966465869847071480517541,pf_centre,-97.751,-77.124,-1.715,0.0862,1.553,1.2.826.0.1.3680043.8.498.13077945896636845241955537383865461622,20,5.2,1,True
1.2.826.0.1.3680043.8.498.76122127303562588545128053661609574837,pf_centre,-103.109,-83.492,6.025,0.079,0.982,1.2.826.0.1.3680043.8.498.91997321929493269866593913584164113588,30,4.0,1,True
1.2.826.0.1.3680043.8.498.76125027090596913549224250979076533606,pf_centre,76.27,-59.303,6.524,0.0658,1.666,1.2.826.0.1.3680043.8.498.17187837310750226398246372901726939039,38,3.6,1,True
1.2.826.0.1.3680043.8.498.76167153566894354739332364376483514559,pf_centre,118.953,-53.517,-27.285,0.0703,2.208,1.2.826.0.1.3680043.8.498.12520260525085903169007972090517330378,30,4.4,1,True
1.2.826.0.1.3680043.8.498.76190704217737835083438638928129775625,pf_centre,120.216,-102.738,28.588,0.0874,2.981,1.2.826.0.1.3680043.8.498.68731955626749966616069499624871425319,30,5.5,1,True
1.2.826.0.1.3680043.8.498.76222770668660274805993655800271653712,pf_centre,-121.843,-80.263,-5.321,0.0468,2.139,1.2.826.0.1.3680043.8.498.87206735471366266875875416021795156143,21,6.134,1,True
1.2.826.0.1.3680043.8.498.76242245340157474968574926079920787199,pf_centre,-115.811,-69.238,-11.961,0.0564,0.971,1.2.826.0.1.3680043.8.498.68904965436423298027902675671313785108,30,4.4,1,True
1.2.826.0.1.3680043.8.498.76281930374588438789344170829280438697,pf_centre,-89.735,-25.841,5.74,0.0375,1.366,1.2.826.0.1.3680043.8.498.11988253502634025990319544453125471770,42,3.5,1,True
1.2.826.0.1.3680043.8.498.76344826994380951498651448092980303697,pf_centre,-86.216,-60.675,1.125,0.0757,0.726,1.2.826.0.1.3680043.8.498.11860779438106497940397168578618923774,36,3.3,1,True
1.2.826.0.1.3680043.8.498.76350662767360412185091180512006419379,pf_centre,92.593,-129.129,16.052,0.125,2.978,1.2.826.0.1.3680043.8.498.48951641721181168463157892981045627059,21,4.8,1,True
1.2.826.0.1.3680043.8.498.76514087677277144682713362609812138150,pf_centre,-118.411,-60.544,3.462,0.0757,2.419,1.2.826.0.1.3680043.8.498.63603179758847605598703076569032096687,35,5.0,1,True
1.2.826.0.1.3680043.8.498.76514504104121634569792846980451896030,pf_centre,-123.13,-69.218,-0.338,0.0852,2.622,1.2.826.0.1.3680043.8.498.65050847017596908677676725186201791234,30,4.5,1,True
1.2.826.0.1.3680043.8.498.76525107909962775502207829870873494024,pf_centre,94.889,-46.365,-10.078,0.1035,1.158,1.2.826.0.1.3680043.8.498.99229387710488587230665742079671620140,36,3.3,1,True
1.2.826.0.1.3680043.8.498.76538737802277241976971950690663079376,pf_centre,86.437,-48.61,48.792,0.0919,1.791,1.2.826.0.1.3680043.8.498.33122731482865375697062569216631749893,21,4.8,1,True
1.2.826.0.1.3680043.8.498.76543241221133987658552440969465372120,pf_centre,95.382,-80.261,21.348,0.0652,1.53,1.2.826.0.1.3680043.8.498.86722822449498134854821215470747338063,36,4.0,1,True
1.2.826.0.1.3680043.8.498.76545468257774231281618306952011717992,pf_centre,85.002,-30.059,29.729,0.0959,1.608,1.2.826.0.1.3680043.8.498.20433683361118885816441472691189006984,22,4.4,1,True
1.2.826.0.1.3680043.8.498.76620177268652814425535081607587091903,pf_centre,-74.196,-66.586,17.623,0.0795,3.041,1.2.826.0.1.3680043.8.498.11147027324491136486550754717734995884,33,3.3,1,True
1.2.826.0.1.3680043.8.498.76651080491383110752977286124044311636,pf_centre,-125.687,-81.323,4.472,0.0797,0.897,1.2.826.0.1.3680043.8.498.10091920228201404584030104082141315492,36,3.3,1,True
1.2.826.0.1.3680043.8.498.76662146598924492573212477881527658730,pf_centre,-71.5,-47.972,12.109,0.0788,2.673,1.2.826.0.1.3680043.8.498.42562307096807480440582780767900051710,36,3.6,1,True
1.2.826.0.1.3680043.8.498.76680092665218514711300086707222109323,pf_centre,87.534,-65.778,10.799,0.066,2.637,1.2.826.0.1.3680043.8.498.10026337855887135458101011631949144340,38,3.6,1,True
1.2.826.0.1.3680043.8.498.76742750470853901575934097885382242952,pf_centre,-122.576,-2.166,14.242,0.0196,1.646,1.2.826.0.1.3680043.8.498.40047325088166240256573293840282049554,40,3.85,1,True
1.2.826.0.1.3680043.8.498.76757251008849492985513280752011229119,pf_centre,-85.266,-64.257,5.741,0.0974,3.328,1.2.826.0.1.3680043.8.498.78289813834186086401601232573480227073,33,4.4,1,True
1.2.826.0.1.3680043.8.498.76772148369531098768751348676329945789,pf_centre,85.239,-85.306,26.045,0.0945,1.778,1.2.826.0.1.3680043.8.498.77152692753258163277013306325966965746,30,3.9,1,True
1.2.826.0.1.3680043.8.498.76841077743272729415666709641073096909,pf_centre,-91.642,-85.366,-4.638,0.1059,1.917,1.2.826.0.1.3680043.8.498.10048391752934964148396885796286084490,32,0.6,5,True
1.2.826.0.1.3680043.8.498.76862911430418639277808760660745763387,pf_centre,-76.929,-53.638,28.24,0.0726,1.205,1.2.826.0.1.3680043.8.498.91518098787455822841310828350510463892,38,3.6,1,True
1.2.826.0.1.3680043.8.498.76903562636417038907113894538863784737,pf_centre,-114.209,-32.622,5.064,0.0443,2.405,1.2.826.0.1.3680043.8.498.78676736508029890633382953085133674889,48,3.5,1,True
1.2.826.0.1.3680043.8.498.76909970028125318280995002129970165723,pf_centre,-76.206,-52.274,-0.951,0.0609,1.021,1.2.826.0.1.3680043.8.498.23569669590097802688851500633496759659,30,4.52,1,True
1.2.826.0.1.3680043.8.498.76914908131203373740345988718674850939,pf_centre,84.134,-50.564,10.862,0.0594,1.805,1.2.826.0.1.3680043.8.498.17833224052981955678447450995853530899,31,4.5,1,True
1.2.826.0.1.3680043.8.498.76950154099427419631807259601983648254,pf_centre,-95.697,-45.752,-12.479,0.1006,1.399,1.2.826.0.1.3680043.8.498.16356813141564841725754198246705832318,35,3.3,1,True
1.2.826.0.1.3680043.8.498.76993922254007307143291254174266755701,pf_centre,116.714,-85.681,6.122,0.1124,1.948,1.2.826.0.1.3680043.8.498.56082745940007217670369642354624897739,32,3.3,1,True
1.2.826.0.1.3680043.8.498.77018355356797290743788712046815540223,pf_centre,-86.957,-68.234,6.049,0.0877,2.072,1.2.826.0.1.3680043.8.498.83463350474245594019012621694804973714,32,3.6,1,True
1.2.826.0.1.3680043.8.498.77037121474756969001683126693104350509,pf_centre,81.055,-54.402,2.687,0.1033,1.889,1.2.826.0.1.3680043.8.498.46660184148408988687257907529225588813,30,3.9,1,True
1.2.826.0.1.3680043.8.498.77058587552329832558354544874120592826,pf_centre,-78.116,-17.463,-11.742,0.0421,3.622,1.2.826.0.1.3680043.8.498.70998882310081018441641348110773193071,30,3.5,1,True
1.2.826.0.1.3680043.8.498.77060858802024387619459645469871885412,pf_centre,135.994,-81.048,-44.21,0.0922,3.056,1.2.826.0.1.3680043.8.498.37032056580334169144316274873674572505,21,6.134,1,True
1.2.826.0.1.3680043.8.498.77061877382110597010150770981465581536,pf_centre,-98.671,-38.972,11.833,0.0739,0.908,1.2.826.0.1.3680043.8.498.40840809953611428085023070474190465458,45,3.6,1,True
1.2.826.0.1.3680043.8.498.77150650601457686196626648868552167695,pf_centre,93.359,-81.219,-34.411,0.0666,0.909,1.2.826.0.1.3680043.8.498.58221254506928171421004312796174829621,38,3.6,1,True
1.2.826.0.1.3680043.8.498.77155817997584903787597001328868124855,pf_centre,-88.369,-94.167,-2.333,0.0576,2.055,1.2.826.0.1.3680043.8.498.63851801107105883028145146149123341470,26,5.0,1,True
1.2.826.0.1.3680043.8.498.77164129615096222757740198026718214733,pf_centre,121.234,-83.547,16.09,0.0715,3.019,1.2.826.0.1.3680043.8.498.13050022020759905604085753048928038464,18,6.047,1,True
1.2.826.0.1.3680043.8.498.77183368292104509335580564463404842046,pf_centre,82.373,-49.027,7.663,0.0679,1.652,1.2.826.0.1.3680043.8.498.11616945421855831351616649973341814607,40,3.3,1,True
1.2.826.0.1.3680043.8.498.77215476384973989055525592556183934827,pf_centre,-98.856,-29.81,28.15,0.1218,1.407,1.2.826.0.1.3680043.8.498.11342105499090312779164985459635198058,24,4.5,1,True
1.2.826.0.1.3680043.8.498.77244685031928454051409193776790348219,pf_centre,-108.864,-85.581,21.896,0.0496,2.854,1.2.826.0.1.3680043.8.498.60460805115701618993052295475981661297,47,0.9,4,True
1.2.826.0.1.3680043.8.498.77261014467268552758826551926128217025,pf_centre,110.024,-97.046,-37.202,0.1318,1.272,1.2.826.0.1.3680043.8.498.66887135835473202326244818906001036905,19,5.2,1,True
1.2.826.0.1.3680043.8.498.77274115607096351160296319533007121044,pf_centre,-100.094,-90.66,2.331,0.0753,2.138,1.2.826.0.1.3680043.8.498.10617683740053045766734445454196809519,30,4.3,1,True
1.2.826.0.1.3680043.8.498.77283213969268676660453937180363826917,pf_centre,-82.235,-35.235,13.424,0.1228,1.382,1.2.826.0.1.3680043.8.498.95142882916811441599188772974186522094,26,4.5,1,True
1.2.826.0.1.3680043.8.498.77283634197289382453511269950488893300,pf_centre,-96.807,-47.749,16.793,0.0514,1.812,1.2.826.0.1.3680043.8.498.56530539928346131092148404389550664874,33,4.5,1,True
1.2.826.0.1.3680043.8.498.77290477043075828139630734968573461136,pf_centre,-2.435,-35.721,5.569,0.078,2.143,1.2.826.0.1.3680043.8.498.83051020515024939687777001705202452036,30,4.0,1,True
1.2.826.0.1.3680043.8.498.77299727102400166279263320763707637485,pf_centre,107.714,-32.171,-0.29,0.0741,1.074,1.2.826.0.1.3680043.8.498.86430061665535505501250740061953782970,33,4.5,1,True
1.2.826.0.1.3680043.8.498.77306755058630855443644908572157134062,pf_centre,78.966,-59.099,-2.12,0.1218,3.327,1.2.826.0.1.3680043.8.498.98284164652893664638471296991030435965,25,4.5,1,True
1.2.826.0.1.3680043.8.498.77319661699409997424800377883567027839,pf_centre,84.69,-51.59,12.195,0.1064,1.022,1.2.826.0.1.3680043.8.498.57095784498129923786403432361370038210,40,3.3,1,True
1.2.826.0.1.3680043.8.498.77362718298550276679350855963451855003,pf_centre,-54.875,-15.498,16.492,0.0467,3.591,1.2.826.0.1.3680043.8.498.99177866403443575396896317080757605662,28,4.5,1,True
1.2.826.0.1.3680043.8.498.77370119801633353780677378448761665685,pf_centre,116.419,-86.169,73.718,0.0415,4.475,1.2.826.0.1.3680043.8.498.10662950094198943801989371127107938499,40,3.3,1,True
1.2.826.0.1.3680043.8.498.77378803863827312829317008636359414012,pf_centre,85.187,-33.701,-9.339,0.0652,1.345,1.2.826.0.1.3680043.8.498.65290870189985700398419808420792140456,36,3.3,1,True
1.2.826.0.1.3680043.8.498.77391801789875882109036004511558148658,pf_centre,-108.575,-40.645,8.884,0.0552,0.688,1.2.826.0.1.3680043.8.498.28110388985460193579097217689758358562,40,4.0,1,True
1.2.826.0.1.3680043.8.498.77416382267531567401698555072875486512,pf_centre,-114.52,-47.116,-31.578,0.0734,2.031,1.2.826.0.1.3680043.8.498.30104701667579896444369864697667532584,34,4.5,1,True
1.2.826.0.1.3680043.8.498.77421709644087006134426085284321515809,pf_centre,91.921,-62.435,54.012,0.0736,1.868,1.2.826.0.1.3680043.8.498.57132734559707891289618176235589008207,38,3.6,1,True
1.2.826.0.1.3680043.8.498.77433065090757862487482575794398458402,pf_centre,-112.764,-82.33,29.904,0.0441,1.464,1.2.826.0.1.3680043.8.498.70672095858536792651143054131135393078,40,3.3,1,True
1.2.826.0.1.3680043.8.498.77442647074650043391818472068835112806,pf_centre,63.086,-24.583,24.004,0.0945,1.362,1.2.826.0.1.3680043.8.498.58225622983802500816642313850197138954,27,3.6,1,True
1.2.826.0.1.3680043.8.498.77498121906981512168120474112422492971,pf_centre,104.929,-49.412,10.434,0.0647,0.514,1.2.826.0.1.3680043.8.498.80532397100882075784179642750539683985,33,4.5,1,True
1.2.826.0.1.3680043.8.498.77508762938574470575737016745357126587,pf_centre,107.085,-79.374,-25.794,0.0989,3.761,1.2.826.0.1.3680043.8.498.11607187723916932442712204610212319043,32,3.3,1,True
1.2.826.0.1.3680043.8.498.77513348456432770689938407624768928320,pf_centre,-104.464,-86.137,56.863,0.0883,2.032,1.2.826.0.1.3680043.8.498.57554160190238895219481597255158412780,30,4.5,1,True
1.2.826.0.1.3680043.8.498.77524507552350448792970399203131998592,pf_centre,98.376,-76.538,18.953,0.1151,1.51,1.2.826.0.1.3680043.8.498.12536148523062091476795401915897564117,19,4.4,1,True
1.2.826.0.1.3680043.8.498.77541648519018799027301684184453151471,pf_centre,107.021,7.74,42.29,0.065,3.098,1.2.826.0.1.3680043.8.498.37934535658417600459040554857208988166,30,4.4,1,True
1.2.826.0.1.3680043.8.498.77546769004367585830455474984769277713,pf_centre,-139.257,-84.124,21.951,0.0631,1.699,1.2.826.0.1.3680043.8.498.11816965136089890468962351925854208865,26,5.388,1,True
1.2.826.0.1.3680043.8.498.77577135626047243581253857225991426727,pf_centre,-91.038,-65.212,20.346,0.072,0.472,1.2.826.0.1.3680043.8.498.10485040985703781099182674097077615952,36,3.3,1,True
1.2.826.0.1.3680043.8.498.77584925163022886785284486387921312146,pf_centre,90.476,-84.05,-29.771,0.0986,1.726,1.2.826.0.1.3680043.8.498.11411355690154594842109448030381722806,24,0.6,6,True
1.2.826.0.1.3680043.8.498.77593859518024366170735307975173961777,pf_centre,-88.972,-61.837,35.14,0.0458,11.737,1.2.826.0.1.3680043.8.498.73905051809455032170790310172576735119,33,4.5,1,True
1.2.826.0.1.3680043.8.498.77611073647079414772859496272387571059,pf_centre,-108.498,-51.237,50.307,0.0631,0.902,1.2.826.0.1.3680043.8.498.56508241332212087632150397023964602109,34,4.2,1,True
1.2.826.0.1.3680043.8.498.77626578713099735143745396709359607445,pf_centre,-69.069,-38.595,-1.274,0.1055,0.931,1.2.826.0.1.3680043.8.498.76785839077911961209606517234871819766,30,3.3,1,True
1.2.826.0.1.3680043.8.498.77628479664122209492622263818114972176,pf_centre,-90.306,-47.481,-1.212,0.064,3.711,1.2.826.0.1.3680043.8.498.51185248633051937755011684122514132886,38,3.6,1,True
1.2.826.0.1.3680043.8.498.77716260980321491689913730053309892120,pf_centre,70.069,-18.434,-25.308,0.1009,1.081,1.2.826.0.1.3680043.8.498.10358449295672018979670059618254776038,30,3.3,1,True
1.2.826.0.1.3680043.8.498.77735690782343511872544703464260892488,pf_centre,-79.004,-37.582,29.065,0.0581,4.278,1.2.826.0.1.3680043.8.498.10147795444151277772976219360072357467,36,3.3,1,True
1.2.826.0.1.3680043.8.498.77740672313593763051900703940745812581,pf_centre,-116.469,-87.551,57.639,0.0575,1.257,1.2.826.0.1.3680043.8.498.69287400625374196048583992376469618497,40,3.3,1,True
1.2.826.0.1.3680043.8.498.77753753872601674668756777373761660873,pf_centre,126.052,-83.1,-20.194,0.0794,0.848,1.2.826.0.1.3680043.8.498.33381613665993398656718733991485889465,40,3.3,1,True
1.2.826.0.1.3680043.8.498.77760453966349959552328150395676117417,pf_centre,-91.982,-49.392,20.579,0.0893,1.754,1.2.826.0.1.3680043.8.498.46116325391898965061777362492549676571,36,3.3,1,True
1.2.826.0.1.3680043.8.498.77800740811302686332282410929816056283,pf_centre,146.264,-91.169,29.857,0.0946,2.946,1.2.826.0.1.3680043.8.498.85432342959062182023460095914540023968,26,4.0,1,True
1.2.826.0.1.3680043.8.498.77801860555102174958520570751272642387,pf_centre,-81.859,-63.624,49.665,0.0712,2.57,1.2.826.0.1.3680043.8.498.12658694002120465661001250467808615825,36,3.3,1,True
1.2.826.0.1.3680043.8.498.77823946901144772346251781172043480398,pf_centre,71.612,-32.418,40.799,0.0497,2.051,1.2.826.0.1.3680043.8.498.78026098128190533902094476149941036339,30,3.9,1,True
1.2.826.0.1.3680043.8.498.77843765997593346714211135369376676497,pf_centre,-97.683,-63.47,47.421,0.0455,1.877,1.2.826.0.1.3680043.8.498.47016712959698847916625888375161097784,35,3.3,1,True
1.2.826.0.1.3680043.8.498.77889800516853576877948593628420228178,pf_centre,98.305,-79.951,-6.57,0.0974,2.337,1.2.826.0.1.3680043.8.498.40977168552322094770597693503855064946,32,0.6,5,True
1.2.826.0.1.3680043.8.498.77893704208186903913532950495036889026,pf_centre,-99.946,-69.141,58.246,0.0586,1.378,1.2.826.0.1.3680043.8.498.25375977763263963134865159514140165597,24,5.295,1,True
1.2.826.0.1.3680043.8.498.77911973519830915742655727368286737079,pf_centre,-111.087,-105.928,3.333,0.0765,0.787,1.2.826.0.1.3680043.8.498.11187077266697114608942014214333223204,18,7.239,1,True
1.2.826.0.1.3680043.8.498.77933128806366660573360274958258917742,pf_centre,-63.972,-20.496,-8.145,0.1003,1.267,1.2.826.0.1.3680043.8.498.11335142905618710987836375520064260091,24,4.0,1,True
1.2.826.0.1.3680043.8.498.78003548255041391467292087330671945247,pf_centre,-83.877,-48.02,5.999,0.0193,33.741,1.2.826.0.1.3680043.8.498.11332116447263850155959060748037624054,17,4.4,1,True
1.2.826.0.1.3680043.8.498.78012314847102407375138809615977711653,pf_centre,89.9,-58.26,30.323,0.0482,2.551,1.2.826.0.1.3680043.8.498.12864130145438783289220218698412679635,30,3.9,1,True
1.2.826.0.1.3680043.8.498.78072765790191594685273447833272737429,pf_centre,98.562,37.543,12.222,0.0591,2.903,1.2.826.0.1.3680043.8.498.11672830721872529964042652453194960814,30,4.4,1,True
1.2.826.0.1.3680043.8.498.78079900750417018394321006978343945239,pf_centre,77.562,-93.919,14.862,0.1095,1.97,1.2.826.0.1.3680043.8.498.29049279322319893601972906448169083059,24,0.6,6,True
1.2.826.0.1.3680043.8.498.78083057157844664959843364584162587026,pf_centre,-34.397,-30.169,8.472,0.1155,1.374,1.2.826.0.1.3680043.8.498.94325583194782969439770626548487119491,17,5.0,1,True
1.2.826.0.1.3680043.8.498.78084594560404633421210837175859618437,pf_centre,-106.937,-82.978,11.464,0.0828,0.988,1.2.826.0.1.3680043.8.498.10167499509779125238005757260535903279,30,3.6,1,True
1.2.826.0.1.3680043.8.498.78119223228067919465880137763593966456,pf_centre,-118.586,-88.064,15.527,0.0788,4.119,1.2.826.0.1.3680043.8.498.40846536205791407781910497097996869747,30,3.6,1,True
1.2.826.0.1.3680043.8.498.78188863861812651079751164964756388411,pf_centre,105.04,-77.842,5.147,0.0761,2.687,1.2.826.0.1.3680043.8.498.44501769583743172214407804507327536993,32,3.3,1,True
1.2.826.0.1.3680043.8.498.78198993378521219839327914679211902952,pf_centre,105.134,-93.08,38.394,0.0665,1.571,1.2.826.0.1.3680043.8.498.10085396250902427376096097790529352199,40,3.3,1,True
1.2.826.0.1.3680043.8.498.78236036694398253902871510456985685293,pf_centre,-91.811,-91.13,36.09,0.0332,13.474,1.2.826.0.1.3680043.8.498.77963622743321207438825183345748936219,21,6.134,1,True
1.2.826.0.1.3680043.8.498.78238394512811614973689011297363399053,pf_centre,86.507,-86.613,7.409,0.0978,2.409,1.2.826.0.1.3680043.8.498.92435677994266007731053253297642124651,32,0.6,5,True
1.2.826.0.1.3680043.8.498.78282552802075313852355443512555224586,pf_centre,-102.101,-48.714,34.572,0.077,1.352,1.2.826.0.1.3680043.8.498.82796636624622405898410124943286029882,33,4.52,1,True
1.2.826.0.1.3680043.8.498.78286395605671977872377352305890466464,pf_centre,-71.901,-31.29,-7.927,0.0958,1.584,1.2.826.0.1.3680043.8.498.11715113704665255717601053385099619086,28,4.0,1,True
1.2.826.0.1.3680043.8.498.78296478954955171036523274995555716268,pf_centre,91.267,-53.54,14.381,0.0605,1.015,1.2.826.0.1.3680043.8.498.81698570811096824578030671073721419689,38,3.6,1,True
1.2.826.0.1.3680043.8.498.78420763928408680447797586163977368190,pf_centre,90.67,-45.086,13.178,0.0673,1.739,1.2.826.0.1.3680043.8.498.82031987641448558748731167771711866143,38,3.6,1,True
1.2.826.0.1.3680043.8.498.78465765647012043478539489340002371960,pf_centre,0.448,-30.131,-19.869,0.0696,1.722,1.2.826.0.1.3680043.8.498.79192704852056610151817974095132221167,30,4.4,1,True
1.2.826.0.1.3680043.8.498.78475145549489837635803968565380247517,pf_centre,-88.17,-105.714,15.95,0.123,1.926,1.2.826.0.1.3680043.8.498.97215339190155517558194886712028206930,21,4.8,1,True
1.2.826.0.1.3680043.8.498.78476873086705419136436170130940915568,pf_centre,-110.248,-73.304,4.927,0.078,1.173,1.2.826.0.1.3680043.8.498.28374105314719139335552344448519556342,24,5.3,1,True
1.2.826.0.1.3680043.8.498.78512215519177850923279235346968676828,pf_centre,-70.613,-54.164,4.511,0.1019,2.664,1.2.826.0.1.3680043.8.498.11144137085787180057739852391084947631,36,3.3,1,True
1.2.826.0.1.3680043.8.498.78521396404736679127326025240279747196,pf_centre,111.3,-74.831,25.797,0.0717,3.208,1.2.826.0.1.3680043.8.498.12231840660708707763308896624440740363,22,5.826,1,True
1.2.826.0.1.3680043.8.498.78574437345603052437892513165832297960,pf_centre,68.624,-27.213,-27.532,0.0581,2.634,1.2.826.0.1.3680043.8.498.23118100718995795697309553268275719544,38,3.6,1,True
1.2.826.0.1.3680043.8.498.78646473961447523033955716877524794707,pf_centre,107.989,-62.281,-18.258,0.0592,0.951,1.2.826.0.1.3680043.8.498.12312731078704231844740986266284284509,30,4.4,1,True
1.2.826.0.1.3680043.8.498.78657055734742806687703707756153505756,pf_centre,-120.457,-62.768,9.769,0.0945,2.665,1.2.826.0.1.3680043.8.498.12920305088284629571701801349698533991,30,4.5,1,True
1.2.826.0.1.3680043.8.498.78667999747216717251638754803697959701,pf_centre,95.794,-76.887,21.048,0.0816,3.303,1.2.826.0.1.3680043.8.498.10659660070461172987616427988490069441,32,3.3,1,True
1.2.826.0.1.3680043.8.498.78674598286586525734293563394409166190,pf_centre,80.108,-1.404,21.404,0.0802,1.794,1.2.826.0.1.3680043.8.498.10677479317607814532353073244078363282,25,5.0,1,True
1.2.826.0.1.3680043.8.498.78685661415919658264222803849222055515,pf_centre,99.263,-30.656,0.994,0.0699,0.834,1.2.826.0.1.3680043.8.498.55080419060164220366853054525097217769,34,4.5,1,True
1.2.826.0.1.3680043.8.498.78757011872917563830995996191850541453,pf_centre,-113.702,-66.624,-10.592,0.0865,2.706,1.2.826.0.1.3680043.8.498.74129260922005983690782907865769676798,31,4.5,1,True
1.2.826.0.1.3680043.8.498.78765525474890094481249498938657540052,pf_centre,96.307,-48.404,5.66,0.0706,1.371,1.2.826.0.1.3680043.8.498.25990533345526933197773392927787285433,38,3.6,1,True
1.2.826.0.1.3680043.8.498.78800983923143929298359366572020370031,pf_centre,-83.205,-68.113,6.901,0.0785,0.995,1.2.826.0.1.3680043.8.498.23436631133559531957928875856906486490,38,3.6,1,True
1.2.826.0.1.3680043.8.498.78808320605816811006382053060951793555,pf_centre,-135.425,-76.892,22.026,0.0432,1.407,1.2.826.0.1.3680043.8.498.11600616576501266090514740522132041831,24,6.782,1,True
1.2.826.0.1.3680043.8.498.78812661021494224637586904573732040856,pf_centre,105.98,-94.764,-7.559,0.1018,1.434,1.2.826.0.1.3680043.8.498.14772727715597036988326225986832532794,20,7.267,1,True
1.2.826.0.1.3680043.8.498.78853931928960361455025737444267199231,pf_centre,-85.412,-91.953,18.013,0.1273,2.393,1.2.826.0.1.3680043.8.498.55903800781895708135401997930613947115,22,0.6,6,True
1.2.826.0.1.3680043.8.498.78968420394708302953391711477016139949,pf_centre,-78.226,-60.867,-0.57,0.0775,0.926,1.2.826.0.1.3680043.8.498.31335462820753967379080259325640445834,21,6.782,1,True
1.2.826.0.1.3680043.8.498.78972123731732056524948076388825106061,pf_centre,131.475,-6.041,26.553,0.0767,1.264,1.2.826.0.1.3680043.8.498.10424445550639318135309111768792245099,30,4.4,1,True
1.2.826.0.1.3680043.8.498.79021499290691125513421477204330532755,pf_centre,77.967,-50.461,0.888,0.0903,1.975,1.2.826.0.1.3680043.8.498.87894860685820013348102757642071555355,36,3.3,1,True
1.2.826.0.1.3680043.8.498.79038153803632889185429988483097161887,pf_centre,-112.161,-85.166,27.909,0.0917,3.211,1.2.826.0.1.3680043.8.498.76470075163649586322699383930969548381,18,7.126,1,True
1.2.826.0.1.3680043.8.498.79077219037094025366585138112899760966,pf_centre,-65.092,-32.166,27.34,0.062,2.953,1.2.826.0.1.3680043.8.498.31192935754359658533330525207459438975,34,4.55,1,True
1.2.826.0.1.3680043.8.498.79080521163097116147379189510104170611,pf_centre,128.778,-78.739,-12.522,0.0749,2.492,1.2.826.0.1.3680043.8.498.10570171691692312183932864737027217279,37,3.3,1,True
1.2.826.0.1.3680043.8.498.79087227780630716132147615846840128474,pf_centre,108.072,-104.016,33.742,0.0593,3.078,1.2.826.0.1.3680043.8.498.32067630994203896036897476766955220365,24,5.5,1,True
1.2.826.0.1.3680043.8.498.79117047831806895544174734229992359986,pf_centre,83.506,-84.617,18.972,0.0698,2.011,1.2.826.0.1.3680043.8.498.25279317337825031775417583603441147073,19,5.0,1,True
1.2.826.0.1.3680043.8.498.79122189963582241618519333445055548347,pf_centre,126.439,-85.458,24.336,0.0753,1.645,1.2.826.0.1.3680043.8.498.33296195806639464229888836894417603664,43,3.3,1,True
1.2.826.0.1.3680043.8.498.79165531588966776246377098630025444815,pf_centre,98.955,-60.507,-10.807,0.0662,1.845,1.2.826.0.1.3680043.8.498.10852642004495162414090529013740556312,40,3.3,1,True
1.2.826.0.1.3680043.8.498.79224785668205420138951103045759609475,pf_centre,-83.895,-99.521,16.575,0.1137,1.225,1.2.826.0.1.3680043.8.498.11061547848000479740841589100074231239,19,5.2,1,True
1.2.826.0.1.3680043.8.498.79225094031423353857449795712402404317,pf_centre,84.737,-45.434,-25.315,0.0798,2.101,1.2.826.0.1.3680043.8.498.56835901813451580718954890916139736898,36,3.3,1,True
1.2.826.0.1.3680043.8.498.79245771997885598399203314109623928718,pf_centre,-98.699,-88.033,18.576,0.0766,1.067,1.2.826.0.1.3680043.8.498.18931878606114799610464498975485894680,38,3.3,1,True
1.2.826.0.1.3680043.8.498.79247871688929479411597859576284194165,pf_centre,-129.912,-110.388,36.323,0.0729,0.65,1.2.826.0.1.3680043.8.498.31744988164860240749541180363401633363,18,7.336,1,True
1.2.826.0.1.3680043.8.498.79258497507223824227830886693749460348,pf_centre,113.335,-93.674,11.623,0.0702,1.132,1.2.826.0.1.3680043.8.498.14427064458194729137435881588912903648,34,3.3,1,True
1.2.826.0.1.3680043.8.498.79267465462008228906382361587050826784,pf_centre,-118.676,-45.816,16.293,0.0832,1.317,1.2.826.0.1.3680043.8.498.12009697709832977331012155418058226273,40,3.3,1,True
1.2.826.0.1.3680043.8.498.79274948549030940175536603063980168192,pf_centre,62.179,9.199,-6.5,0.0797,2.075,1.2.826.0.1.3680043.8.498.38655045533665712348318726629981137845,22,5.0,1,True
1.2.826.0.1.3680043.8.498.79290157182784080975822485697879660942,pf_centre,108.058,-89.385,36.536,0.0572,1.391,1.2.826.0.1.3680043.8.498.72945058741608023357020722849843296739,44,3.3,1,True
1.2.826.0.1.3680043.8.498.79292862882980756453890778996691993351,pf_centre,96.547,-64.223,2.815,0.0846,1.862,1.2.826.0.1.3680043.8.498.40759407721885504812734791342256026340,34,4.2,1,True
1.2.826.0.1.3680043.8.498.79326627674334637493320764205397279674,pf_centre,121.914,-89.696,27.036,0.0959,5.02,1.2.826.0.1.3680043.8.498.40523480696153355215382031458358543947,27,4.4,1,True
1.2.826.0.1.3680043.8.498.79341955397030543255969676347554165142,pf_centre,-116.347,-104.225,5.542,0.084,0.721,1.2.826.0.1.3680043.8.498.24774563452685699830267543598783887971,24,5.841,1,True
1.2.826.0.1.3680043.8.498.79505118958475739396320647697583979079,pf_centre,-97.681,-79.117,48.783,0.0693,1.575,1.2.826.0.1.3680043.8.498.14221923483037933809847772490637262961,24,5.733,1,True
1.2.826.0.1.3680043.8.498.79524312100988116256514335064057385347,pf_centre,63.759,5.272,9.219,0.1051,1.078,1.2.826.0.1.3680043.8.498.67138271979268743170884708395545124769,20,5.0,1,True
1.2.826.0.1.3680043.8.498.79551456190098389081551755482042135791,pf_centre,-108.87,-83.548,16.501,0.078,2.128,1.2.826.0.1.3680043.8.498.65073166142779132705342566309993531184,18,5.604,1,True
1.2.826.0.1.3680043.8.498.79560170727391465844958390474997798803,pf_centre,-79.816,-66.383,-4.276,0.1104,1.813,1.2.826.0.1.3680043.8.498.12497737756100671753810311168218374020,32,3.6,1,True
1.2.826.0.1.3680043.8.498.79565393323323007178523850093527250842,pf_centre,98.177,-92.398,23.741,0.07,0.958,1.2.826.0.1.3680043.8.498.11612897212831067471109732229042982413,34,3.6,1,True
1.2.826.0.1.3680043.8.498.79582457162604674356422857305405255763,pf_centre,-92.642,-67.288,-31.539,0.0874,0.888,1.2.826.0.1.3680043.8.498.93234114535444031537995336072612042920,30,4.4,1,True
1.2.826.0.1.3680043.8.498.79609204436595306110253502961172135807,pf_centre,106.208,-83.834,25.689,0.0604,1.936,1.2.826.0.1.3680043.8.498.10101457790577999530856370493197673079,33,3.85,1,True
1.2.826.0.1.3680043.8.498.79636443202100988025435536780567446582,pf_centre,-86.797,-53.673,25.487,0.0593,1.223,1.2.826.0.1.3680043.8.498.20056031138153976553925027306885391221,33,4.5,1,True
1.2.826.0.1.3680043.8.498.79648517065511897282938523065537768426,pf_centre,-91.095,-52.371,-31.036,0.088,0.75,1.2.826.0.1.3680043.8.498.67281170210301180403136101151698124727,36,3.3,1,True
1.2.826.0.1.3680043.8.498.79672421957132993896448375311641998688,pf_centre,-97.049,-86.379,14.642,0.0391,1.797,1.2.826.0.1.3680043.8.498.13648949542788477152367172699105112474,30,4.5,1,True
1.2.826.0.1.3680043.8.498.79725520325008084984331823107016254775,pf_centre,133.247,-109.485,16.406,0.064,2.381,1.2.826.0.1.3680043.8.498.55437767063342025142296129763675287356,26,5.844,1,True
1.2.826.0.1.3680043.8.498.79741629769872115526056483024289600492,pf_centre,-90.64,-61.552,29.611,0.0942,1.869,1.2.826.0.1.3680043.8.498.10323924710937936084351423723823806612,43,3.3,1,True
1.2.826.0.1.3680043.8.498.79798779812052605703861699094268016306,pf_centre,35.831,-6.189,3.695,0.0637,1.178,1.2.826.0.1.3680043.8.498.11436613675685700107166219516014704414,44,3.5,1,True
1.2.826.0.1.3680043.8.498.79829033430619597320769579608450393290,pf_centre,-85.406,-65.373,7.498,0.059,2.185,1.2.826.0.1.3680043.8.498.48560868112891235060020380068279460415,36,4.4,1,True
1.2.826.0.1.3680043.8.498.79977436705480715175480363175316375576,pf_centre,-103.395,-88.647,13.127,0.056,1.781,1.2.826.0.1.3680043.8.498.97706442407077874333307034975638800026,48,3.3,1,True
1.2.826.0.1.3680043.8.498.79991838737793096019496013540529642900,pf_centre,-108.175,-101.162,24.127,0.1128,3.388,1.2.826.0.1.3680043.8.498.10756670816928145777623613213754822855,26,5.63,1,True
1.2.826.0.1.3680043.8.498.80058869639900582578987760750483296668,pf_centre,-85.519,-44.062,-9.28,0.0632,1.59,1.2.826.0.1.3680043.8.498.60823145998597667335588239356532504608,38,3.6,1,True
1.2.826.0.1.3680043.8.498.80100785345864355815698147663964005920,pf_centre,-120.333,-60.117,22.615,0.1004,1.314,1.2.826.0.1.3680043.8.498.10070121557445894527475473475558726643,27,4.5,1,True
1.2.826.0.1.3680043.8.498.80146250663015309456767479960653638934,pf_centre,130.025,-78.248,19.974,0.0835,2.059,1.2.826.0.1.3680043.8.498.24551556137334536885805170720131200678,35,3.5,1,True
1.2.826.0.1.3680043.8.498.80161127293548940216292842707683784128,pf_centre,-88.411,-26.665,25.07,0.1087,1.459,1.2.826.0.1.3680043.8.498.11317430834699962887120550457799540488,27,4.5,1,True
1.2.826.0.1.3680043.8.498.80180578697901833764761405542790185180,pf_centre,140.205,-6.556,-15.083,0.0662,1.645,1.2.826.0.1.3680043.8.498.37768617788105825246045655619609359615,40,3.85,1,True
1.2.826.0.1.3680043.8.498.80192355832283305029770183988436644845,pf_centre,128.325,-14.448,12.764,0.1064,0.697,1.2.826.0.1.3680043.8.498.35208615812602145822588263403024650944,21,5.0,1,True
1.2.826.0.1.3680043.8.498.80207056225476761432712249807198836187,pf_centre,128.939,-80.093,-2.605,0.0739,1.635,1.2.826.0.1.3680043.8.498.17056829945034252933762640553104305658,35,3.5,1,True
1.2.826.0.1.3680043.8.498.80247974926646352443043954025450139721,pf_centre,-55.719,-15.546,13.288,0.0956,0.722,1.2.826.0.1.3680043.8.498.74047459730081642630019817199811842579,26,4.5,1,True
1.2.826.0.1.3680043.8.498.80275294885165896124489476449616436102,pf_centre,-94.356,-48.307,-21.304,0.0662,0.51,1.2.826.0.1.3680043.8.498.35202167972396219533542380311948850396,36,4.0,1,True
1.2.826.0.1.3680043.8.498.80284846390295834578273590480193235798,pf_centre,-83.027,-56.953,-68.728,0.0759,0.789,1.2.826.0.1.3680043.8.498.12631077019665148227471988356484338206,36,3.3,1,True
1.2.826.0.1.3680043.8.498.80290749690597272632725356393056746299,pf_centre,-125.371,9.025,1.198,0.0763,2.695,1.2.826.0.1.3680043.8.498.69222285455172111415698021996749514072,30,4.4,1,True
1.2.826.0.1.3680043.8.498.80292580287849976694993628109721422478,pf_centre,103.055,-78.498,37.896,0.0889,2.537,1.2.826.0.1.3680043.8.498.10056577505255842911846298426547909192,25,5.992,1,True
1.2.826.0.1.3680043.8.498.80312559977515578735238310472949287111,pf_centre,110.243,-80.021,-0.581,0.092,1.667,1.2.826.0.1.3680043.8.498.12127379290950935483209115727842056867,35,3.3,1,True
1.2.826.0.1.3680043.8.498.80313580693550912024103221258669390487,pf_centre,77.118,-34.552,-7.069,0.0465,3.749,1.2.826.0.1.3680043.8.498.11200652891324666855209351979161674518,36,3.3,1,True
1.2.826.0.1.3680043.8.498.80319546205646617603546887163539306146,pf_centre,74.034,7.131,16.389,0.1015,1.736,1.2.826.0.1.3680043.8.498.18460713280077733900668632748561237200,25,5.0,1,True
1.2.826.0.1.3680043.8.498.80325205657974094483016625702390834774,pf_centre,-77.994,-39.444,36.166,0.062,0.766,1.2.826.0.1.3680043.8.498.12378788387362440197265178959038549579,31,4.5,1,True
1.2.826.0.1.3680043.8.498.80391378873630377472192017862302619947,pf_centre,86.81,-33.961,11.086,0.0679,2.423,1.2.826.0.1.3680043.8.498.98509647350928894479929948533846925184,40,3.3,1,True
1.2.826.0.1.3680043.8.498.80433141990021472112645841723991584182,pf_centre,-102.97,-69.393,18.6,0.0819,2.017,1.2.826.0.1.3680043.8.498.12337469633526968887927228573340976075,30,3.6,1,True
1.2.826.0.1.3680043.8.498.80458507774711142534182397228254444268,pf_centre,-86.263,-25.117,-12.114,0.1169,1.564,1.2.826.0.1.3680043.8.498.43982252272912803659823616588741617295,28,4.0,1,True
1.2.826.0.1.3680043.8.498.80492324225032367918842505447056622561,pf_centre,93.329,0.994,34.517,0.0816,1.275,1.2.826.0.1.3680043.8.498.48254345861324259938349700495382095217,40,3.5,1,True
1.2.826.0.1.3680043.8.498.80514754572353458107286859773300865138,pf_centre,121.513,-94.377,-9.289,0.0468,1.189,1.2.826.0.1.3680043.8.498.59389333591936707634338662339374543098,47,0.9,4,True
1.2.826.0.1.3680043.8.498.80556515221794602430701573588498144286,pf_centre,-80.039,-91.463,11.524,0.0538,1.514,1.2.826.0.1.3680043.8.498.68340682685989190415968347809446591478,47,0.9,4,True
1.2.826.0.1.3680043.8.498.80557835452734362083552169469427388003,pf_centre,-84.824,-80.924,9.841,0.0787,1.066,1.2.826.0.1.3680043.8.498.68053739327458784956673123202758130300,30,3.85,1,True
1.2.826.0.1.3680043.8.498.80589796918823112368758999678369292754,pf_centre,-71.871,-97.908,29.454,0.116,1.158,1.2.826.0.1.3680043.8.498.28649695150057846235498135122827127480,21,4.4,1,True
1.2.826.0.1.3680043.8.498.80612964209397056653334784776523875647,pf_centre,-84.845,-54.554,0.803,0.0781,4.68,1.2.826.0.1.3680043.8.498.14068254637341147172867019200578324006,36,3.3,1,True
1.2.826.0.1.3680043.8.498.80627605463642274852766102874822833365,pf_centre,52.112,-27.963,-9.313,0.1009,1.498,1.2.826.0.1.3680043.8.498.65551371659767147132628416887947080213,30,3.3,1,True
1.2.826.0.1.3680043.8.498.80629565747112614845746475820152813307,pf_centre,119.642,-92.97,34.34,0.1116,1.517,1.2.826.0.1.3680043.8.498.10606437737421286455565523325423668556,24,4.5,1,True
1.2.826.0.1.3680043.8.498.80642348849062865125509773837278900750,pf_centre,-109.317,-67.288,-32.07,0.0582,1.024,1.2.826.0.1.3680043.8.498.11044304699309688241862933000801948227,21,6.782,1,True
1.2.826.0.1.3680043.8.498.80643480554795312280333659144941545925,pf_centre,-84.287,-80.375,19.936,0.086,1.837,1.2.826.0.1.3680043.8.498.42505400513559006205620186687750349650,35,3.85,1,True
1.2.826.0.1.3680043.8.498.80651977424179089141346174053751183506,pf_centre,-81.644,-107.038,53.644,0.0689,0.81,1.2.826.0.1.3680043.8.498.79567806765374745920794663425124358763,23,5.0,1,True
1.2.826.0.1.3680043.8.498.80661392139668653552110941896475066204,pf_centre,83.428,-34.398,-8.094,0.0219,13.722,1.2.826.0.1.3680043.8.498.55959086132149567738687833507236606594,46,4.0,1,True
1.2.826.0.1.3680043.8.498.80671597537348112977780954910198682272,pf_centre,-79.707,-71.608,33.568,0.0698,1.714,1.2.826.0.1.3680043.8.498.87472148924091904893454307605583707039,38,3.3,1,True
1.2.826.0.1.3680043.8.498.80698510014594772882040509716764819716,pf_centre,90.842,-95.41,2.554,0.0697,3.934,1.2.826.0.1.3680043.8.498.13317989786865651180553404586383757688,27,0.6,6,True
1.2.826.0.1.3680043.8.498.80726797831040227285328789648680519664,pf_centre,-75.069,-48.198,8.047,0.0742,1.341,1.2.826.0.1.3680043.8.498.54733046136595583244281483349324076038,40,3.3,1,True
1.2.826.0.1.3680043.8.498.80735285867775404153100236162962472952,pf_centre,84.285,-50.646,16.193,0.0775,2.101,1.2.826.0.1.3680043.8.498.74477873758959689716759440910516029199,36,3.3,1,True
1.2.826.0.1.3680043.8.498.80741358365199721720335324482078866565,pf_centre,72.09,-78.471,16.448,0.0787,1.796,1.2.826.0.1.3680043.8.498.82574082899176232958924054638060671517,30,3.5,1,True
1.2.826.0.1.3680043.8.498.80758336123908522542787716219939751704,pf_centre,-90.656,-88.122,6.997,0.1411,1.415,1.2.826.0.1.3680043.8.498.29384027717521719244336137096556914802,19,5.0,1,True
1.2.826.0.1.3680043.8.498.80851365368114686105558347899990395309,pf_centre,-66.339,-55.002,1.074,0.0699,1.329,1.2.826.0.1.3680043.8.498.41233498997007610529965212975325922377,33,4.5,1,True
1.2.826.0.1.3680043.8.498.80861108320341696163987804408524915999,pf_centre,75.808,-24.245,-1.55,0.0903,1.62,1.2.826.0.1.3680043.8.498.49534627509008473669007542526483614726,30,3.3,1,True
1.2.826.0.1.3680043.8.498.80876235930771882271600826613593202364,pf_centre,-108.597,-80.537,9.396,0.0708,1.048,1.2.826.0.1.3680043.8.498.32524605078687261234014764219261890982,36,3.3,1,True
1.2.826.0.1.3680043.8.498.80878057166752747059190481131529937715,pf_centre,83.547,-54.041,14.508,0.0826,0.754,1.2.826.0.1.3680043.8.498.50024863835631829426308162077234301548,40,3.3,1,True
1.2.826.0.1.3680043.8.498.80886525412417948114478368374120704834,pf_centre,74.31,-34.937,-3.339,0.1034,0.819,1.2.826.0.1.3680043.8.498.11518597648939008622197442016488210954,33,4.5,1,True
1.2.826.0.1.3680043.8.498.80931292574057303692838531323879513417,pf_centre,82.253,-98.534,-15.08,0.0819,1.855,1.2.826.0.1.3680043.8.498.10654752311814348366079213218938195982,19,4.8,1,True
1.2.826.0.1.3680043.8.498.81012548926053584036386949658594985125,pf_centre,-108.961,-88.653,5.276,0.0821,2.86,1.2.826.0.1.3680043.8.498.43929694762321128245364343160788152883,27,0.6,6,True
1.2.826.0.1.3680043.8.498.81018911907787774214591206085583545057,pf_centre,99.237,-60.989,2.151,0.0787,1.107,1.2.826.0.1.3680043.8.498.41639959346748067367109996785694657843,27,5.0,1,True
1.2.826.0.1.3680043.8.498.81024897463656728358703040759074583549,pf_centre,-73.647,-27.961,-22.704,0.1062,1.479,1.2.826.0.1.3680043.8.498.45495597569888531691635389169138913323,30,3.3,1,True
1.2.826.0.1.3680043.8.498.81031057654953109295788159826841315360,pf_centre,106.492,-84.536,-3.541,0.0639,1.585,1.2.826.0.1.3680043.8.498.48035613347478337183026020095740677392,38,3.6,1,True
1.2.826.0.1.3680043.8.498.81096597169632636454986988944050298701,pf_centre,74.671,-77.752,26.219,0.0889,1.467,1.2.826.0.1.3680043.8.498.50122514681113464939866915784811705362,32,3.3,1,True
1.2.826.0.1.3680043.8.498.81103809943451790668501089584752866199,pf_centre,-72.253,8.061,-30.685,0.091,1.349,1.2.826.0.1.3680043.8.498.16409887849051809166586861103025314777,40,3.5,1,True
1.2.826.0.1.3680043.8.498.81109405367395078564887780335570099673,pf_centre,-148.396,-56.184,13.352,0.1126,1.487,1.2.826.0.1.3680043.8.498.10298690419190573645735602705319806031,29,0.6,5,True
1.2.826.0.1.3680043.8.498.81142440700884513521007992957945568924,pf_centre,-79.06,-36.486,-15.069,0.0577,2.366,1.2.826.0.1.3680043.8.498.11091564458068807508469889888483926250,38,3.6,1,True
1.2.826.0.1.3680043.8.498.81248820934296461385324385812581970340,pf_centre,-94.773,-84.433,-4.768,0.0651,1.474,1.2.826.0.1.3680043.8.498.12827015201310504188916639241596921764,35,4.0,1,True
1.2.826.0.1.3680043.8.498.81269884425000228604280521306949721859,pf_centre,77.112,-49.497,12.597,0.0661,2.735,1.2.826.0.1.3680043.8.498.90156121971339415495916533700442254834,38,3.6,1,True
1.2.826.0.1.3680043.8.498.81327951282145199298572980264557740321,pf_centre,127.273,-95.187,16.399,0.0426,2.763,1.2.826.0.1.3680043.8.498.75975212989136336141437992258735308459,40,3.3,1,True
1.2.826.0.1.3680043.8.498.81342416992724702402763591633702802359,pf_centre,-82.489,-45.346,23.935,0.0725,0.915,1.2.826.0.1.3680043.8.498.58412189477289752150471708831575518867,30,3.9,1,True
1.2.826.0.1.3680043.8.498.81347841116019279082226143308588516787,pf_centre,-101.282,-57.56,18.521,0.0619,1.8,1.2.826.0.1.3680043.8.498.97401130869258802407023740895127605747,33,4.5,1,True
1.2.826.0.1.3680043.8.498.81351574724227319632426427855692606694,pf_centre,99.829,-46.625,-42.515,0.0841,0.986,1.2.826.0.1.3680043.8.498.79576925041673806615746943298046126486,36,3.3,1,True
1.2.826.0.1.3680043.8.498.81407504276375197122586620633759174421,pf_centre,100.751,-106.337,23.248,0.0937,1.273,1.2.826.0.1.3680043.8.498.60990958612606300268136019058437679716,26,4.8,1,True
1.2.826.0.1.3680043.8.498.81462603621780919719466264356289554669,pf_centre,-82.877,-60.723,-21.617,0.1027,1.087,1.2.826.0.1.3680043.8.498.21807506332695750363757013415147545715,32,3.3,1,True
1.2.826.0.1.3680043.8.498.81464322239381998685473520085495957135,pf_centre,123.721,-72.055,-21.427,0.0832,1.085,1.2.826.0.1.3680043.8.498.10730741850384351684321667236647791777,35,3.5,1,True
1.2.826.0.1.3680043.8.498.81466575994184158172641823163654418018,pf_centre,-93.729,-60.537,27.208,0.0523,1.913,1.2.826.0.1.3680043.8.498.36034412118161965839865162378231305960,43,3.3,1,True
1.2.826.0.1.3680043.8.498.81475058647553697318837239968139077272,pf_centre,122.529,-81.613,22.784,0.081,1.788,1.2.826.0.1.3680043.8.498.51002151683701013422543184135556692511,32,3.3,1,True
1.2.826.0.1.3680043.8.498.81495303185504163367736663647489556517,pf_centre,124.698,-94.878,2.346,0.0417,1.26,1.2.826.0.1.3680043.8.498.13362757262771987362653263064318205283,47,0.9,4,True
1.2.826.0.1.3680043.8.498.81540134120507822899514611863725372563,pf_centre,133.213,-81.733,18.351,0.1083,1.784,1.2.826.0.1.3680043.8.498.76489631330208234413277894637525235403,32,3.3,1,True
1.2.826.0.1.3680043.8.498.81567030584250750745410094870790052181,pf_centre,-86.558,-44.545,7.82,0.0536,1.589,1.2.826.0.1.3680043.8.498.58421959512556117792900032572956766839,37,4.4,1,True
1.2.826.0.1.3680043.8.498.81590494282169434250974061642267472166,pf_centre,91.562,-50.615,29.929,0.0897,1.047,1.2.826.0.1.3680043.8.498.39689930879565161061265006768122002789,33,4.55,1,True
1.2.826.0.1.3680043.8.498.81629704995225424568187579791704967233,pf_centre,-86.283,-86.044,-10.954,0.0648,1.861,1.2.826.0.1.3680043.8.498.13321126994019818317755993107492731399,30,4.0,1,True
1.2.826.0.1.3680043.8.498.81631925197682464058124413934958934086,pf_centre,-86.982,-28.121,-27.637,0.0889,1.051,1.2.826.0.1.3680043.8.498.42144272198092168845866058991775258168,30,3.3,1,True
1.2.826.0.1.3680043.8.498.81651132686162360431299931833372141617,pf_centre,114.876,-80.359,34.856,0.0893,0.935,1.2.826.0.1.3680043.8.498.49785186593642092527116972318536512809,24,4.4,1,True
1.2.826.0.1.3680043.8.498.81651455914141365028015556083080638757,pf_centre,92.026,-86.272,12.414,0.0726,0.91,1.2.826.0.1.3680043.8.498.12479073571609522491815508300421706980,36,3.5,1,True
1.2.826.0.1.3680043.8.498.81692996137620934043276253858381812472,pf_centre,-98.609,-81.098,23.057,0.042,3.67,1.2.826.0.1.3680043.8.498.10871336121133513627073560009301672998,40,3.3,1,True
1.2.826.0.1.3680043.8.498.81698411330214788362326470979160431674,pf_centre,-2.074,-18.053,-9.946,0.0686,1.921,1.2.826.0.1.3680043.8.498.78250965656263928032836859110994448588,32,4.4,1,True
1.2.826.0.1.3680043.8.498.81738571920712657790861120957086010772,pf_centre,90.982,-91.336,36.543,0.1035,0.523,1.2.826.0.1.3680043.8.498.12880424037978185735451415011968681431,19,4.8,1,True
1.2.826.0.1.3680043.8.498.81740348974208459068937862799489495782,pf_centre,112.272,-75.676,17.686,0.061,2.195,1.2.826.0.1.3680043.8.498.87464141169488619816660840568318070755,30,4.025,1,True
1.2.826.0.1.3680043.8.498.81790990482142045640192729399175106255,pf_centre,-86.235,-54.684,10.747,0.0817,1.003,1.2.826.0.1.3680043.8.498.87923035954243389858574430218752942958,36,3.3,1,True
1.2.826.0.1.3680043.8.498.81793454171031578492222004629265937656,pf_centre,-92.576,-79.095,-1.59,0.0951,1.141,1.2.826.0.1.3680043.8.498.12195466511883083134006636642461680982,29,0.6,5,True
1.2.826.0.1.3680043.8.498.81796385087779065457668769443782458844,pf_centre,-48.21,-43.168,46.306,0.0505,1.409,1.2.826.0.1.3680043.8.498.45015389757357854050655144632537233099,40,4.0,1,True
1.2.826.0.1.3680043.8.498.81797437102217585216278133168092577952,pf_centre,89.128,-49.287,14.785,0.0639,1.718,1.2.826.0.1.3680043.8.498.77135962813481602391316766278504533319,30,4.55,1,True
1.2.826.0.1.3680043.8.498.81819209302731920404237374320026807282,pf_centre,-79.07,-102.138,1.433,0.0983,1.319,1.2.826.0.1.3680043.8.498.10589626585149266576664171412199134594,27,0.6,6,True
1.2.826.0.1.3680043.8.498.81822709772232914298414700148454511661,pf_centre,-105.626,-61.633,-21.652,0.08,2.226,1.2.826.0.1.3680043.8.498.25727005186661317100454867697688652637,21,6.782,1,True
1.2.826.0.1.3680043.8.498.81832287065207835637503039077685315236,pf_centre,-103.228,-88.284,37.698,0.046,1.078,1.2.826.0.1.3680043.8.498.62505248537820765535894997419438244820,36,3.3,1,True
1.2.826.0.1.3680043.8.498.81892104897856100357169774214718573167,pf_centre,-89.156,-62.402,-1.35,0.0685,1.131,1.2.826.0.1.3680043.8.498.75439018876361498689993625745339047682,30,3.6,1,True
1.2.826.0.1.3680043.8.498.81927409938015158663782061022054347955,pf_centre,72.55,-45.685,-2.486,0.0788,1.536,1.2.826.0.1.3680043.8.498.87387960713177017295047637202695262119,36,3.3,1,True
1.2.826.0.1.3680043.8.498.81957447654112577010261210572986132211,pf_centre,-86.062,-66.733,34.561,0.0926,2.533,1.2.826.0.1.3680043.8.498.52275121567585998348178137354212838498,32,3.6,1,True
1.2.826.0.1.3680043.8.498.81964000393640770822199916465038759069,pf_centre,-97.425,-69.118,22.993,0.1002,1.293,1.2.826.0.1.3680043.8.498.10144666208926810402842707622102403691,36,3.3,1,True
1.2.826.0.1.3680043.8.498.81974732979506931694079719601760393277,pf_centre,-77.188,-39.888,-1.633,0.1152,1.589,1.2.826.0.1.3680043.8.498.41242287001126099617212379571727168903,28,4.0,1,True
1.2.826.0.1.3680043.8.498.81981151447274200345866874172324295172,pf_centre,-87.831,-51.211,12.574,0.0706,1.848,1.2.826.0.1.3680043.8.498.35631073382777495649878539400180273362,36,3.3,1,True
1.2.826.0.1.3680043.8.498.81984200870681776955493738987078746894,pf_centre,-88.178,-73.783,-4.188,0.0621,0.532,1.2.826.0.1.3680043.8.498.62425806606678717384923368762514956290,42,3.9,1,True
1.2.826.0.1.3680043.8.498.82012532783011843175172575198326783678,pf_centre,-123.374,-50.34,38.961,0.0757,1.602,1.2.826.0.1.3680043.8.498.37562623600069209795106416704593385708,32,4.5,1,True
1.2.826.0.1.3680043.8.498.82053853036886620816821481139413594407,pf_centre,-97.998,-55.277,-4.546,0.088,1.538,1.2.826.0.1.3680043.8.498.63916552647923282920392228430240696871,40,3.3,1,True
1.2.826.0.1.3680043.8.498.82074883987134049971242727164506046476,pf_centre,-83.385,-56.422,40.327,0.0554,1.111,1.2.826.0.1.3680043.8.498.40330932826339924121039132056739203539,34,4.2,1,True
1.2.826.0.1.3680043.8.498.82143276307898132314496735515204481508,pf_centre,136.189,-104.734,24.131,0.0446,9.955,1.2.826.0.1.3680043.8.498.21428810408571112428733981355929560157,30,4.5,1,True
1.2.826.0.1.3680043.8.498.82144602300666174450721045102799681426,pf_centre,133.253,-79.302,26.086,0.0981,0.627,1.2.826.0.1.3680043.8.498.11205328139598874243169270140152389117,18,6.46,1,True
1.2.826.0.1.3680043.8.498.82157293611630605740641187215639204974,pf_centre,83.862,-90.959,10.105,0.1001,1.053,1.2.826.0.1.3680043.8.498.85722753121898177602498398975276312226,19,4.8,1,True
1.2.826.0.1.3680043.8.498.82166943552764439138333504456139890254,pf_centre,-98.541,-65.04,14.635,0.0527,1.384,1.2.826.0.1.3680043.8.498.10257912747645500412136630543476045285,40,3.3,1,True
1.2.826.0.1.3680043.8.498.82169173362972793731001247413129649263,pf_centre,-103.281,-74.917,20.675,0.0845,1.93,1.2.826.0.1.3680043.8.498.19145194351809932717630407521185912972,33,4.0,1,True
1.2.826.0.1.3680043.8.498.82272793832748838882752586678639564181,pf_centre,-115.045,-62.994,33.233,0.0654,1.824,1.2.826.0.1.3680043.8.498.38673165022526558350273772888583806326,42,4.0,1,True
1.2.826.0.1.3680043.8.498.82355456395534835058857499033494900716,pf_centre,-89.711,-79.682,21.506,0.0848,0.889,1.2.826.0.1.3680043.8.498.69106345857178534659060588499714713447,36,3.3,1,True
1.2.826.0.1.3680043.8.498.82414828460683289235183375457850096746,pf_centre,-94.106,-96.434,25.731,0.0657,1.174,1.2.826.0.1.3680043.8.498.16703940183684735681300561727535315925,36,3.3,1,True
1.2.826.0.1.3680043.8.498.82440268452598207215458064865523988222,pf_centre,-75.542,-40.816,12.069,0.0682,1.489,1.2.826.0.1.3680043.8.498.13363925189876349494491157924530196935,33,4.5,1,True
1.2.826.0.1.3680043.8.498.82447100001417065190678617013741085481,pf_centre,-112.592,-58.789,-9.047,0.0651,1.457,1.2.826.0.1.3680043.8.498.38849935398109111424862870463404836934,30,4.4,1,True
1.2.826.0.1.3680043.8.498.82481056562260046738834822905709207128,pf_centre,-112.625,-95.207,-2.601,0.0554,1.587,1.2.826.0.1.3680043.8.498.81460034952984480265225563714545656609,30,5.5,1,True
1.2.826.0.1.3680043.8.498.82498616123349854719801627024073383874,pf_centre,-96.751,15.902,-3.147,0.0834,1.652,1.2.826.0.1.3680043.8.498.37045372354437856593828008458745981552,22,5.0,1,True
1.2.826.0.1.3680043.8.498.82523073559792523830827952754346276051,pf_centre,102.341,-95.127,24.782,0.1069,1.002,1.2.826.0.1.3680043.8.498.54958456184123846278366102765633884321,23,5.0,1,True
1.2.826.0.1.3680043.8.498.82548251499640077572026404183402934330,pf_centre,38.413,-57.926,3.447,0.0744,1.848,1.2.826.0.1.3680043.8.498.56257263571794623823686563706937883415,30,3.6,1,True
1.2.826.0.1.3680043.8.498.82548952153746644951736669119607083230,pf_centre,-75.572,-86.274,-2.715,0.0982,1.663,1.2.826.0.1.3680043.8.498.22340028195144259030245705271583922026,24,0.6,6,True
1.2.826.0.1.3680043.8.498.82579118531566493365068788437906656162,pf_centre,124.881,-87.002,-5.94,0.0663,2.229,1.2.826.0.1.3680043.8.498.72002523255022635198252484212519346131,36,3.3,1,True
1.2.826.0.1.3680043.8.498.82582558624896662901163827145277490232,pf_centre,118.064,-82.587,25.505,0.061,3.685,1.2.826.0.1.3680043.8.498.77909010308247329813886619122842685275,30,4.4,1,True
1.2.826.0.1.3680043.8.498.82587763533601760002619014353812074700,pf_centre,9.421,-16.685,-16.313,0.0837,1.084,1.2.826.0.1.3680043.8.498.12480021517751959907459532628532701019,26,4.4,1,True
1.2.826.0.1.3680043.8.498.82591599611540849522609405219902904134,pf_centre,-104.02,-99.657,-33.506,0.1128,1.217,1.2.826.0.1.3680043.8.498.86950108751795793725670310255544669767,19,5.2,1,True
1.2.826.0.1.3680043.8.498.82655005222804459605894403147145992714,pf_centre,66.413,-84.068,13.636,0.0814,1.478,1.2.826.0.1.3680043.8.498.11228572219073597760950643531724422320,30,4.4,1,True
1.2.826.0.1.3680043.8.498.82731606763525898032678680051515732914,pf_centre,99.099,-85.299,19.125,0.1052,1.364,1.2.826.0.1.3680043.8.498.11866906042970223188705000732908583815,29,0.6,5,True
1.2.826.0.1.3680043.8.498.82744514729782879778828512295184306538,pf_centre,95.86,-43.691,7.815,0.0793,1.335,1.2.826.0.1.3680043.8.498.63485890196180274044534410811472849009,36,3.3,1,True
1.2.826.0.1.3680043.8.498.82757616216788919181323176147396770758,pf_centre,-117.929,-57.099,-30.117,0.1294,1.138,1.2.826.0.1.3680043.8.498.98468939320829259978417816469672454721,25,4.5,1,True
1.2.826.0.1.3680043.8.498.82858981777405241601610241542173548956,pf_centre,-79.264,-37.444,-23.686,0.1186,0.91,1.2.826.0.1.3680043.8.498.13294156143512360790250204091868306638,28,4.0,1,True
1.2.826.0.1.3680043.8.498.82902769135373284012762237744774967400,pf_centre,73.093,-103.21,6.646,0.1011,4.481,1.2.826.0.1.3680043.8.498.25890157992535818917052715866009181369,23,5.0,1,True
1.2.826.0.1.3680043.8.498.82925474533853765570570726554869886925,pf_centre,-82.656,-67.342,-3.306,0.0687,1.644,1.2.826.0.1.3680043.8.498.42898878199023886639210724339150230245,34,4.2,1,True
1.2.826.0.1.3680043.8.498.82967086493280898295669930903240677729,pf_centre,-117.593,-119.248,26.774,0.1008,4.494,1.2.826.0.1.3680043.8.498.15337459662657446516622159295267303294,18,8.328,1,True
1.2.826.0.1.3680043.8.498.83000639623679673469640458882929412717,pf_centre,-87.343,-37.061,37.339,0.0937,1.543,1.2.826.0.1.3680043.8.498.11398093380944861189072894550574974268,36,3.3,1,True
1.2.826.0.1.3680043.8.498.83028939839767027342482365275441078777,pf_centre,-91.058,-36.346,-15.653,0.0416,2.342,1.2.826.0.1.3680043.8.498.33456577589325611943550117107116862641,38,3.6,1,True
1.2.826.0.1.3680043.8.498.83030371526667747898709613600825477966,pf_centre,-64.26,-13.606,26.453,0.0843,1.222,1.2.826.0.1.3680043.8.498.10956898688790451040341513112018084600,33,4.0,1,True
1.2.826.0.1.3680043.8.498.83054899303871276184985881638619543362,pf_centre,-76.836,-46.831,30.919,0.0928,1.519,1.2.826.0.1.3680043.8.498.21222797638450643734214834628226706468,36,3.3,1,True
1.2.826.0.1.3680043.8.498.83055401642066749019091368358783700783,pf_centre,-0.873,-36.486,-5.899,0.0632,1.067,1.2.826.0.1.3680043.8.498.71573832810660461510453881616155100087,30,3.6,1,True
1.2.826.0.1.3680043.8.498.83061811791652434833797599835671351097,pf_centre,118.489,-121.152,28.066,0.1557,1.843,1.2.826.0.1.3680043.8.498.45121810667587875988529273651541624961,19,5.0,1,True
1.2.826.0.1.3680043.8.498.83108474538388106770920972885900596508,pf_centre,75.894,-46.812,-23.929,0.0786,1.673,1.2.826.0.1.3680043.8.498.38258710149865022330586971628784697401,38,3.6,1,True
1.2.826.0.1.3680043.8.498.83121378128521985713113311344685112825,pf_centre,70.68,-43.52,7.585,0.0671,1.812,1.2.826.0.1.3680043.8.498.27488291108358638578310143225831236194,40,3.3,1,True
1.2.826.0.1.3680043.8.498.83152040259754415849193046299744699239,pf_centre,-88.357,-70.978,7.841,0.0711,1.667,1.2.826.0.1.3680043.8.498.27232971055528981376856412037366886923,38,3.6,1,True
1.2.826.0.1.3680043.8.498.83220896521302064187926748035734200732,pf_centre,79.43,-87.128,-20.39,0.1008,1.556,1.2.826.0.1.3680043.8.498.12831891567242694506865239421534581321,19,4.8,1,True
1.2.826.0.1.3680043.8.498.83235374118671754689663732057314083332,pf_centre,67.443,-38.496,9.898,0.0558,1.827,1.2.826.0.1.3680043.8.498.18925509662116912975423603282775608891,38,3.6,1,True
1.2.826.0.1.3680043.8.498.83237706274929081175032033288272528919,pf_centre,-117.703,-85.685,45.09,0.0921,2.543,1.2.826.0.1.3680043.8.498.77859867397652172947682702041396472478,24,5.632,1,True
1.2.826.0.1.3680043.8.498.83253778356746892201320443660102495790,pf_centre,118.043,-94.531,-20.235,0.0686,1.24,1.2.826.0.1.3680043.8.498.31248943513300060534858798390654365498,40,3.3,1,True
1.2.826.0.1.3680043.8.498.83271280040777227673434567660749430744,pf_centre,-87.617,-53.035,-0.276,0.1003,0.896,1.2.826.0.1.3680043.8.498.19281169706565207719687217529760529721,36,3.3,1,True
1.2.826.0.1.3680043.8.498.83376388091077619281568190257019735638,pf_centre,102.448,-81.316,-2.551,0.1195,1.917,1.2.826.0.1.3680043.8.498.94552719977181739321910514313369583635,22,0.6,6,True
1.2.826.0.1.3680043.8.498.83384018761005700404957421316476952190,pf_centre,-81.5,-45.823,15.605,0.0892,0.971,1.2.826.0.1.3680043.8.498.12093166304699961202779582720050455552,30,4.4,1,True
1.2.826.0.1.3680043.8.498.83456649088980869429062498344457162631,pf_centre,-95.415,-77.263,-12.939,0.0511,1.228,1.2.826.0.1.3680043.8.498.40768171464309765740100787764282618438,38,3.6,1,True
1.2.826.0.1.3680043.8.498.83465081013175989426506371406463660936,pf_centre,92.54,-74.535,11.919,0.0431,1.654,1.2.826.0.1.3680043.8.498.45879016245872161467743687497816427503,34,3.9,1,True
1.2.826.0.1.3680043.8.498.83495448827553002152296206085110883602,pf_centre,-100.498,-139.481,-21.879,0.0649,3.918,1.2.826.0.1.3680043.8.498.51723234111330646361299499106818832126,32,4.5,1,True
1.2.826.0.1.3680043.8.498.83509478059288902959149676250911654986,pf_centre,-83.775,-29.691,17.412,0.0788,1.863,1.2.826.0.1.3680043.8.498.22561712693907290559584400802888880144,36,3.3,1,True
1.2.826.0.1.3680043.8.498.83569065014916050100714967945484998462,pf_centre,96.311,-35.5,-5.91,0.0656,1.336,1.2.826.0.1.3680043.8.498.12666676577914024754641726981234607949,33,4.5,1,True
1.2.826.0.1.3680043.8.498.83602205818477323486169938182117122488,pf_centre,120.221,-7.435,-35.127,0.066,2.351,1.2.826.0.1.3680043.8.498.32446706170976443076771626235522332777,40,3.85,1,True
1.2.826.0.1.3680043.8.498.83691358175810149975084604975065122220,pf_centre,115.896,-81.995,21.91,0.0706,2.162,1.2.826.0.1.3680043.8.498.11811253223921678890380648500686192415,40,3.3,1,True
1.2.826.0.1.3680043.8.498.83740112248863750162633901687556705057,pf_centre,90.202,-98.396,6.397,0.0895,1.195,1.2.826.0.1.3680043.8.498.96769371274727863051449574629461732309,27,0.6,6,True
1.2.826.0.1.3680043.8.498.83747418172021065605877274971789603771,pf_centre,-114.246,-88.696,17.825,0.0752,5.46,1.2.826.0.1.3680043.8.498.10699358579627206332514903760046585370,22,7.887,1,True
1.2.826.0.1.3680043.8.498.83847285247209768917850605454140194088,pf_centre,71.952,-43.46,1.347,0.0522,1.91,1.2.826.0.1.3680043.8.498.92284903959262534377860813363600468582,38,3.6,1,True
1.2.826.0.1.3680043.8.498.83956129905762530953192730040209719910,pf_centre,90.274,-28.062,-5.654,0.0671,2.087,1.2.826.0.1.3680043.8.498.38908901163197678766289366842023282931,36,3.3,1,True
1.2.826.0.1.3680043.8.498.84007436672323587547274248257117331532,pf_centre,-84.341,-22.632,-1.685,0.111,0.724,1.2.826.0.1.3680043.8.498.98616955290063681311671981729639798982,28,4.5,1,True
1.2.826.0.1.3680043.8.498.84047134932018909998648460546980598926,pf_centre,-128.764,12.54,5.874,0.0585,1.93,1.2.826.0.1.3680043.8.498.88766180836033156577774321816131327830,41,3.5,1,True
1.2.826.0.1.3680043.8.498.84059077072076289248966490696872414783,pf_centre,77.405,-51.254,14.707,0.0748,2.539,1.2.826.0.1.3680043.8.498.47721780321107259642394898895088077639,30,3.9,1,True
1.2.826.0.1.3680043.8.498.84062602050757262792437893691591415560,pf_centre,92.845,-41.181,20.536,0.0627,2.037,1.2.826.0.1.3680043.8.498.67243005773642910561381676401485772751,33,4.5,1,True
1.2.826.0.1.3680043.8.498.84062980592611347665739105270731842220,pf_centre,117.764,-100.273,25.606,0.0637,1.454,1.2.826.0.1.3680043.8.498.10779279686050346512541058812264531082,42,3.3,1,True
1.2.826.0.1.3680043.8.498.84069767112794890061709127671908414399,pf_centre,-117.133,-77.073,-1.694,0.0955,1.165,1.2.826.0.1.3680043.8.498.59558615374719347374124519503090476925,22,4.5,1,True
1.2.826.0.1.3680043.8.498.84123495463663584148839831457665741488,pf_centre,-118.571,-73.036,-1.14,0.0913,0.53,1.2.826.0.1.3680043.8.498.11165502652309397959394822937513702301,36,3.3,1,True
1.2.826.0.1.3680043.8.498.84230432137191939390680841389370206819,pf_centre,81.338,-68.822,54.559,0.072,1.506,1.2.826.0.1.3680043.8.498.11705803747056560161831184144578710805,30,3.9,1,True
1.2.826.0.1.3680043.8.498.84238814030979264404768702945290704724,pf_centre,-92.258,-78.459,18.038,0.0997,1.0,1.2.826.0.1.3680043.8.498.10418442970172754482865143969661191270,30,3.85,1,True
1.2.826.0.1.3680043.8.498.84292569246911697141902796190329671261,pf_centre,122.067,-69.092,29.321,0.0893,1.395,1.2.826.0.1.3680043.8.498.28769867970355949221656866370346875103,31,3.5,1,True
1.2.826.0.1.3680043.8.498.84347051904829814300575579670995018991,pf_centre,123.315,-72.317,0.427,0.0787,1.747,1.2.826.0.1.3680043.8.498.95174219307006564478018920410429882836,30,4.4,1,True
1.2.826.0.1.3680043.8.498.84419297518873367123595080276985526259,pf_centre,89.913,-85.208,-2.213,0.0623,15.404,1.2.826.0.1.3680043.8.498.10827263939960769727435881137721410996,29,0.6,5,True
1.2.826.0.1.3680043.8.498.84477198486144701928775090913243250655,pf_centre,-95.555,-53.647,-22.012,0.0991,1.433,1.2.826.0.1.3680043.8.498.25462171020065502817015226067712738773,30,3.5,1,True
1.2.826.0.1.3680043.8.498.84483080389344581106129884869678629612,pf_centre,131.41,-91.841,60.1,0.0853,1.239,1.2.826.0.1.3680043.8.498.66570387598124574988425843587913198872,25,4.5,1,True
1.2.826.0.1.3680043.8.498.84486787871353595019134028899317143475,pf_centre,-97.356,-69.529,-2.873,0.055,1.321,1.2.826.0.1.3680043.8.498.25328424457663930854895628721906442864,32,3.3,1,True
1.2.826.0.1.3680043.8.498.84612593835203397696029057940345763682,pf_centre,103.083,-91.174,9.438,0.0666,2.146,1.2.826.0.1.3680043.8.498.59185945194703088393224649036251166927,38,3.6,1,True
1.2.826.0.1.3680043.8.498.84630493975910180537831353884518764364,pf_centre,-75.769,-94.849,22.069,0.1026,0.83,1.2.826.0.1.3680043.8.498.36365750546880568795579534871319206157,29,0.6,5,True
1.2.826.0.1.3680043.8.498.84646554968523210021448483220679710652,pf_centre,-82.289,-39.667,1.882,0.101,0.911,1.2.826.0.1.3680043.8.498.12865530870458558427176708022691982887,30,3.3,1,True
1.2.826.0.1.3680043.8.498.84661341697154104963062177064495044195,pf_centre,-112.493,-31.292,44.658,0.0636,3.237,1.2.826.0.1.3680043.8.498.47355166300624551175597726765003271144,42,3.5,1,True
1.2.826.0.1.3680043.8.498.84709539128629951937294117586370340042,pf_centre,-90.915,-72.841,-9.293,0.0635,1.613,1.2.826.0.1.3680043.8.498.74879374858550031360410965901812803360,38,3.6,1,True
1.2.826.0.1.3680043.8.498.84720476187201404764508451536959273676,pf_centre,-96.889,23.546,-33.767,0.0402,1.423,1.2.826.0.1.3680043.8.498.53444957040955873379192669654916848569,30,4.4,1,True
1.2.826.0.1.3680043.8.498.84748479740284893375192048321707057482,pf_centre,-97.028,-77.865,3.779,0.07,0.682,1.2.826.0.1.3680043.8.498.29299364877184273478984172621088660462,28,5.0,1,True
1.2.826.0.1.3680043.8.498.84827027113422423894439539536275453132,pf_centre,-112.308,-89.571,-6.848,0.0784,0.892,1.2.826.0.1.3680043.8.498.84559874088196087684358879407089822186,36,3.3,1,True
1.2.826.0.1.3680043.8.498.84855341377363129926967387137216814518,pf_centre,-112.337,-52.319,-57.473,0.0903,1.169,1.2.826.0.1.3680043.8.498.59672553734526727912754452261683600842,36,3.3,1,True
1.2.826.0.1.3680043.8.498.84857368518703570476541203284655412396,pf_centre,98.851,-47.516,40.652,0.0644,1.369,1.2.826.0.1.3680043.8.498.10198678456892324234913796548982184963,35,4.5,1,True
1.2.826.0.1.3680043.8.498.84896756080952941537556818257863912066,pf_centre,-109.865,-71.107,46.098,0.0527,2.047,1.2.826.0.1.3680043.8.498.11322177627481883791995637897565918588,40,3.3,1,True
1.2.826.0.1.3680043.8.498.84982310626395569925821771375535259394,pf_centre,63.368,-52.946,-76.295,0.0932,1.6,1.2.826.0.1.3680043.8.498.39448946227808888525214771213368212224,30,4.4,1,True
1.2.826.0.1.3680043.8.498.85004373913191467860228868467924401547,pf_centre,91.286,-32.139,-9.431,0.0622,2.074,1.2.826.0.1.3680043.8.498.64039713784524893908271862493017594320,32,4.5,1,True
1.2.826.0.1.3680043.8.498.85031127696558971105465423134104223548,pf_centre,-117.123,-90.12,-24.785,0.0637,1.962,1.2.826.0.1.3680043.8.498.44663619361920327336257097529205987315,36,3.3,1,True
1.2.826.0.1.3680043.8.498.85036616529391787087213173897728060798,pf_centre,91.862,-101.959,-24.987,0.1046,1.614,1.2.826.0.1.3680043.8.498.11801899619330744962451494068793678881,19,4.4,1,True
1.2.826.0.1.3680043.8.498.85095389649021071892478435298763928925,pf_centre,-78.725,11.621,-90.201,0.0158,64.986,1.2.826.0.1.3680043.8.498.30882086670322773951000782764030313745,14,4.4,1,True
1.2.826.0.1.3680043.8.498.85108719393967663738580518985514195538,pf_centre,-91.127,-45.699,-9.267,0.0836,1.321,1.2.826.0.1.3680043.8.498.11890482817822444234298102529104615095,30,4.5,1,True
1.2.826.0.1.3680043.8.498.85137704768728261642637391657270006448,pf_centre,-123.386,-96.745,39.124,0.0593,3.72,1.2.826.0.1.3680043.8.498.72583908982779943074515269274543092597,27,5.5,1,True
1.2.826.0.1.3680043.8.498.85194002080793317087210934629814349622,pf_centre,-65.277,-4.512,17.113,0.0565,3.212,1.2.826.0.1.3680043.8.498.92388163147247307112165897052932723067,48,3.5,1,True
1.2.826.0.1.3680043.8.498.85212353344613461454490252928274988058,pf_centre,-91.9,-66.963,11.229,0.0492,1.229,1.2.826.0.1.3680043.8.498.81152662310963280716551735086083498735,42,4.0,1,True
1.2.826.0.1.3680043.8.498.85294435004325211584698794441083866921,pf_centre,-70.574,-42.061,13.945,0.0744,0.945,1.2.826.0.1.3680043.8.498.11532056423427645519022831152918714584,38,3.6,1,True
1.2.826.0.1.3680043.8.498.85326542895076582985200613540648336047,pf_centre,-97.451,-91.489,83.021,0.0705,3.608,1.2.826.0.1.3680043.8.498.75697484199980663267580542729931935597,24,6.499,1,True
1.2.826.0.1.3680043.8.498.85333821516157983299252782678788406019,pf_centre,-96.225,-85.639,-5.177,0.0746,1.865,1.2.826.0.1.3680043.8.498.10487289003624216548700013894542051190,38,3.6,1,True
1.2.826.0.1.3680043.8.498.85341019006931436802294963713199308935,pf_centre,-131.532,-104.559,-20.177,0.0972,2.347,1.2.826.0.1.3680043.8.498.35747407154620527218627871501507181618,19,4.8,1,True
1.2.826.0.1.3680043.8.498.85347263026430684291021533170619978114,pf_centre,88.315,-99.787,11.133,0.0916,1.076,1.2.826.0.1.3680043.8.498.75932046415951147005290581001780538812,25,5.0,1,True
1.2.826.0.1.3680043.8.498.85391052076760686301971262244561025345,pf_centre,75.207,-8.7,11.628,0.0769,0.686,1.2.826.0.1.3680043.8.498.42758607033474245103952263630977329499,44,3.5,1,True
1.2.826.0.1.3680043.8.498.85397267100597758920280635204297906286,pf_centre,111.533,-59.899,-12.129,0.1293,5.945,1.2.826.0.1.3680043.8.498.73643944399842145676048284830476466761,22,4.5,1,True
1.2.826.0.1.3680043.8.498.85416107585703628549041626609272707431,pf_centre,-89.421,-79.857,31.043,0.0611,1.681,1.2.826.0.1.3680043.8.498.80215639199376642839010644984277126871,32,3.85,1,True
1.2.826.0.1.3680043.8.498.85431902914673414035492907270636012892,pf_centre,-75.043,-54.341,26.07,0.0796,1.901,1.2.826.0.1.3680043.8.498.38857778420053814048756013285526303163,36,3.3,1,True
1.2.826.0.1.3680043.8.498.85454884397223412543050876117416146750,pf_centre,-90.057,-36.587,6.017,0.117,0.411,1.2.826.0.1.3680043.8.498.95909897582162901176368372619138065078,30,3.3,1,True
1.2.826.0.1.3680043.8.498.85464150757448712711832350617010924327,pf_centre,102.083,-25.485,-6.576,0.0964,1.37,1.2.826.0.1.3680043.8.498.27664922959458763149095704328534509822,30,3.3,1,True
1.2.826.0.1.3680043.8.498.85475892602877115812059264719695919613,pf_centre,80.51,-32.333,-1.635,0.0606,1.724,1.2.826.0.1.3680043.8.498.38908671446541057316299213360184527894,38,3.6,1,True
1.2.826.0.1.3680043.8.498.85499036441349866810703945289793057098,pf_centre,-83.875,-45.404,1.779,0.0573,1.782,1.2.826.0.1.3680043.8.498.97849366742532217001641502699483179702,36,4.0,1,True
1.2.826.0.1.3680043.8.498.85545102350084131396266710667808696561,pf_centre,109.765,-92.431,-12.677,0.105,1.479,1.2.826.0.1.3680043.8.498.85740092627195027821639305552578694265,19,4.8,1,True
1.2.826.0.1.3680043.8.498.85566900782101872452970957532250214590,pf_centre,-101.859,-109.125,-14.709,0.1179,2.421,1.2.826.0.1.3680043.8.498.45570768947094130853267564560536584113,19,5.0,1,True
1.2.826.0.1.3680043.8.498.85602291032341007550376696695283794665,pf_centre,-60.878,-80.333,39.82,0.0373,8.395,1.2.826.0.1.3680043.8.498.24875781295944541910955410875348458398,19,5.2,1,True
1.2.826.0.1.3680043.8.498.85624441072689653093363046226467141762,pf_centre,14.621,-38.63,10.161,0.0607,1.638,1.2.826.0.1.3680043.8.498.25635857167358856349236592575169354772,34,4.5,1,True
1.2.826.0.1.3680043.8.498.85646781189339988389190891868001374533,pf_centre,-78.025,3.096,18.569,0.0925,1.104,1.2.826.0.1.3680043.8.498.97524504320492810943243761077405508068,40,3.5,1,True
1.2.826.0.1.3680043.8.498.85649172620970194090967653766415467836,pf_centre,-69.927,-31.255,8.757,0.072,1.698,1.2.826.0.1.3680043.8.498.56516393548738429666589817259506915163,27,4.8,1,True
1.2.826.0.1.3680043.8.498.85663162480758065951465617999516770647,pf_centre,81.213,-46.214,17.692,0.0699,2.127,1.2.826.0.1.3680043.8.498.16612971812172815718797666195620024331,30,3.9,1,True
1.2.826.0.1.3680043.8.498.85687351346612079711706269264454944647,pf_centre,-69.575,-35.205,13.869,0.0993,0.97,1.2.826.0.1.3680043.8.498.10403404917678967163632018085748325016,31,4.5,1,True
1.2.826.0.1.3680043.8.498.85715956158218184426400151797364834203,pf_centre,-104.672,-61.92,-5.679,0.0503,6.413,1.2.826.0.1.3680043.8.498.36615115838631106759314689050467677451,32,3.3,1,True
1.2.826.0.1.3680043.8.498.85719235937472088594405415004352845221,pf_centre,-111.104,-113.448,57.53,0.1014,2.485,1.2.826.0.1.3680043.8.498.39754968057808358437958115598013048458,22,5.84,1,True
1.2.826.0.1.3680043.8.498.85728170022176096748897349447671687164,pf_centre,-103.102,-31.347,2.688,0.063,1.837,1.2.826.0.1.3680043.8.498.11907044878001303462179859763982001698,30,4.5,1,True
1.2.826.0.1.3680043.8.498.85735729179216019275685564112535593988,pf_centre,-70.418,-48.468,61.452,0.0536,1.491,1.2.826.0.1.3680043.8.498.12671737682498734380038302326362408463,38,3.6,1,True
1.2.826.0.1.3680043.8.498.85748882309364598407865143890978767674,pf_centre,-80.11,-59.555,26.037,0.0884,2.41,1.2.826.0.1.3680043.8.498.17070177008431954460526243983780566690,32,4.55,1,True
1.2.826.0.1.3680043.8.498.85760360279564672425828346507309104394,pf_centre,97.751,-94.617,28.493,0.118,2.668,1.2.826.0.1.3680043.8.498.38637575835398335825895012964530002881,27,0.6,6,True
1.2.826.0.1.3680043.8.498.85849908712977285006159496192673293501,pf_centre,-107.919,-86.791,-18.841,0.0555,2.286,1.2.826.0.1.3680043.8.498.78815865333181868838740721419161341941,26,4.625,1,True
1.2.826.0.1.3680043.8.498.85870577082315172424837183881210532800,pf_centre,-104.25,-55.696,44.06,0.0524,1.397,1.2.826.0.1.3680043.8.498.68951427668942873101420182093679123933,33,4.5,1,True
1.2.826.0.1.3680043.8.498.85879572979834912642178551098379145607,pf_centre,84.479,-91.372,29.772,0.0877,2.095,1.2.826.0.1.3680043.8.498.58043922732742073102908198107432155035,29,0.6,5,True
1.2.826.0.1.3680043.8.498.85882078780717905717989373451578844863,pf_centre,115.134,-98.181,22.578,0.0938,0.766,1.2.826.0.1.3680043.8.498.87301291756113725481742847517742679066,34,3.3,1,True
1.2.826.0.1.3680043.8.498.85883562680953255833567595509408888410,pf_centre,-88.05,-79.885,-34.233,0.0418,1.284,1.2.826.0.1.3680043.8.498.66246341777706739961189384740417956931,38,3.6,1,True
1.2.826.0.1.3680043.8.498.85890890545815190189345870912381925290,pf_centre,108.397,-106.659,17.496,0.1077,1.104,1.2.826.0.1.3680043.8.498.31508181633282198598334424124106457013,18,7.744,1,True
1.2.826.0.1.3680043.8.498.85932495800565018166769303205378781707,pf_centre,-74.113,-31.851,5.715,0.0886,1.656,1.2.826.0.1.3680043.8.498.26996551317481829907509976892517087652,30,4.55,1,True
1.2.826.0.1.3680043.8.498.85943737587102032370951456635167782343,pf_centre,-82.551,-82.415,-4.201,0.0932,1.082,1.2.826.0.1.3680043.8.498.37736749983920882670017881342632846085,29,0.6,5,True
1.2.826.0.1.3680043.8.498.85970222049966384156120176704985355996,pf_centre,53.132,-8.368,-14.233,0.1039,1.117,1.2.826.0.1.3680043.8.498.12758704938149954689594793071594895583,30,3.3,1,True
1.2.826.0.1.3680043.8.498.85976668143927055109184433855426232055,pf_centre,-101.284,-83.876,-3.468,0.0803,2.899,1.2.826.0.1.3680043.8.498.10791776198099392739937291730764515350,30,4.0,1,True
1.2.826.0.1.3680043.8.498.85992037603186775437749979929724514304,pf_centre,112.554,-51.43,-16.696,0.1238,0.915,1.2.826.0.1.3680043.8.498.81382073306324455376965698233499417998,34,4.5,1,True
1.2.826.0.1.3680043.8.498.85992651772359515416050249463715355943,pf_centre,-121.482,-70.776,-13.717,0.0709,1.27,1.2.826.0.1.3680043.8.498.75760296977068374515179218759799440552,33,4.4,1,True
1.2.826.0.1.3680043.8.498.86020966816754359840982061252012700091,pf_centre,-87.843,-31.707,8.932,0.1304,0.667,1.2.826.0.1.3680043.8.498.75826408036332092725036860659327884107,24,4.5,1,True
1.2.826.0.1.3680043.8.498.86029947807373604003071651721618330827,pf_centre,-98.719,-51.757,-6.203,0.0639,1.601,1.2.826.0.1.3680043.8.498.11458006570021954723770456372496894378,34,4.0,1,True
1.2.826.0.1.3680043.8.498.86042942187650835661744645315369706668,pf_centre,-112.107,-75.039,-12.729,0.0384,6.84,1.2.826.0.1.3680043.8.498.83076022004911213337754882778090441097,35,5.5,1,True
1.2.826.0.1.3680043.8.498.86067849233330188988240710585112183308,pf_centre,86.59,-71.589,22.892,0.0841,1.433,1.2.826.0.1.3680043.8.498.10796697725572674302483805112481424521,36,0.6,5,True
1.2.826.0.1.3680043.8.498.86082522186055358984181640226529351801,pf_centre,105.679,-95.342,20.145,0.1029,2.272,1.2.826.0.1.3680043.8.498.12030726587847316481529041111171796367,32,0.6,5,True
1.2.826.0.1.3680043.8.498.86117639434986594266345773277419881144,pf_centre,88.81,19.575,-12.118,0.0611,1.583,1.2.826.0.1.3680043.8.498.51854270570724352113168363224176120554,30,4.4,1,True
1.2.826.0.1.3680043.8.498.86142930956005716169649168306759482915,pf_centre,-80.877,17.357,21.713,0.0983,0.844,1.2.826.0.1.3680043.8.498.67247379040283313063021945042121981131,40,3.5,1,True
1.2.826.0.1.3680043.8.498.86216155858324761845740646421500394797,pf_centre,-12.281,-41.198,-14.784,0.0835,1.136,1.2.826.0.1.3680043.8.498.12157394310280488867936428126466037712,40,4.4,1,True
1.2.826.0.1.3680043.8.498.86239793008693746155478763153154040128,pf_centre,-84.175,-48.263,-7.642,0.1071,1.652,1.2.826.0.1.3680043.8.498.12184668708313568058137676903746717511,22,4.4,1,True
1.2.826.0.1.3680043.8.498.86251314013737658351649446042801810374,pf_centre,36.857,21.765,-20.749,0.0856,4.141,1.2.826.0.1.3680043.8.498.81913119155453543143927508721077896114,40,3.5,1,True
1.2.826.0.1.3680043.8.498.86263264208309369957750915520115390972,pf_centre,114.591,-80.539,11.554,0.0592,1.067,1.2.826.0.1.3680043.8.498.63849640567097953042541956026223411536,40,3.3,1,True
1.2.826.0.1.3680043.8.498.86273853115722509980053190345047859057,pf_centre,-28.42,-40.65,-3.452,0.0646,1.597,1.2.826.0.1.3680043.8.498.38487181454316302168353901253604019235,36,5.0,1,True
1.2.826.0.1.3680043.8.498.86280033511814602594654628677479528508,pf_centre,-74.648,-17.532,-12.509,0.0849,1.999,1.2.826.0.1.3680043.8.498.49298430323078132680830534831944743338,29,4.52,1,True
1.2.826.0.1.3680043.8.498.86285715293767810771609523819042157072,pf_centre,-78.819,-62.518,20.371,0.0741,1.552,1.2.826.0.1.3680043.8.498.12399467333411855508692120731526842434,40,3.3,1,True
1.2.826.0.1.3680043.8.498.86315835011470465506843590014408831373,pf_centre,-104.379,-69.616,12.964,0.0554,0.834,1.2.826.0.1.3680043.8.498.98326838114575998852502488280912166492,44,3.3,1,True
1.2.826.0.1.3680043.8.498.86332035495941070455209594003499488889,pf_centre,-83.057,-65.086,21.728,0.06,1.554,1.2.826.0.1.3680043.8.498.18107545475162181541580251058485379571,30,3.5,1,True
1.2.826.0.1.3680043.8.498.86341139705884690862568425859303870601,pf_centre,-66.842,-32.694,11.731,0.12,1.354,1.2.826.0.1.3680043.8.498.55717154019717077737583062562413059503,30,3.3,1,True
1.2.826.0.1.3680043.8.498.86351141114604781108401133410934252655,pf_centre,-83.501,-79.556,37.417,0.0684,1.57,1.2.826.0.1.3680043.8.498.10174995779448892080168914106259191543,35,3.85,1,True
1.2.826.0.1.3680043.8.498.86405969333062807387894608315897106350,pf_centre,-105.568,-107.578,4.44,0.0754,3.896,1.2.826.0.1.3680043.8.498.29365572790384530514587088307869609229,20,7.336,1,True
1.2.826.0.1.3680043.8.498.86409878732405036646840908998274047391,pf_centre,-119.343,-65.665,-9.837,0.1207,0.735,1.2.826.0.1.3680043.8.498.39232298351977405935117628682032535357,22,4.5,1,True
1.2.826.0.1.3680043.8.498.86416984885007871128151024515780322767,pf_centre,80.318,-23.867,-17.422,0.0442,1.293,1.2.826.0.1.3680043.8.498.99756024259708973384651631882491726753,36,3.3,1,True
1.2.826.0.1.3680043.8.498.86422343639522250286002195622435564347,pf_centre,-56.691,-31.901,28.274,0.0478,2.544,1.2.826.0.1.3680043.8.498.22404684360876336035826673676484465112,29,5.0,1,True
1.2.826.0.1.3680043.8.498.86435271359723045834079326733478538148,pf_centre,-128.849,-91.51,43.575,0.0781,1.443,1.2.826.0.1.3680043.8.498.87353984491120805802352812838209524424,20,6.943,1,True
1.2.826.0.1.3680043.8.498.86435890312227285216810145658548164773,pf_centre,86.231,-77.454,7.633,0.0987,1.266,1.2.826.0.1.3680043.8.498.63128611850860125767081375262011469247,29,0.6,5,True
1.2.826.0.1.3680043.8.498.86516555757334047240474191101770683543,pf_centre,-67.712,-16.804,8.528,0.124,1.154,1.2.826.0.1.3680043.8.498.12094442659626629927770217542051561843,24,4.0,1,True
1.2.826.0.1.3680043.8.498.86532643576908316499388520854820002133,pf_centre,68.317,-45.422,26.834,0.0598,4.089,1.2.826.0.1.3680043.8.498.11168346724755334947380235186829342749,38,4.2,1,True
1.2.826.0.1.3680043.8.498.86566584776908143877603164704838586097,pf_centre,83.83,-93.369,-1.659,0.0776,2.498,1.2.826.0.1.3680043.8.498.10141616667504148915268422810417973077,36,0.7,5,True
1.2.826.0.1.3680043.8.498.86583531066383395270546012510184348251,pf_centre,55.97,-62.596,25.413,0.1113,1.536,1.2.826.0.1.3680043.8.498.73178781644221443709008983379870378618,20,5.0,1,True
1.2.826.0.1.3680043.8.498.86625876521226465945114246972542881955,pf_centre,-116.777,-57.444,1.43,0.0832,1.748,1.2.826.0.1.3680043.8.498.13390907861213210771729829931197787743,30,4.4,1,True
1.2.826.0.1.3680043.8.498.86651345701812229172985086531423369421,pf_centre,80.019,-62.376,22.258,0.0705,2.62,1.2.826.0.1.3680043.8.498.71570488916625193299834294280071289256,36,4.0,1,True
1.2.826.0.1.3680043.8.498.86715997235054599024919893656486735623,pf_centre,-75.843,-53.753,6.219,0.0378,0.783,1.2.826.0.1.3680043.8.498.84893856199152670720640102428832843871,44,4.2,1,True
1.2.826.0.1.3680043.8.498.86733565200815744326667230375642936291,pf_centre,77.576,-64.631,13.266,0.0911,2.934,1.2.826.0.1.3680043.8.498.12183977682610016889339289574042190337,40,3.6,1,True
1.2.826.0.1.3680043.8.498.86876540394528304678398111135600894869,pf_centre,18.259,-32.528,-49.015,0.0349,5.833,1.2.826.0.1.3680043.8.498.43165171982117982483286465694743386545,30,4.5,1,True
1.2.826.0.1.3680043.8.498.86881633316011036335786865282908198831,pf_centre,-108.584,-59.757,-25.882,0.0693,1.08,1.2.826.0.1.3680043.8.498.94629383375509851421655979917672780041,35,4.5,1,True
1.2.826.0.1.3680043.8.498.86968600239724310678905311244945464037,pf_centre,-26.368,-28.744,42.832,0.1044,2.586,1.2.826.0.1.3680043.8.498.58369609886643531463474803663664793576,15,6.0,1,True
1.2.826.0.1.3680043.8.498.86974853023888933977090539174537083409,pf_centre,-76.419,-45.926,-3.481,0.101,1.257,1.2.826.0.1.3680043.8.498.10465505655320846427029228349359777650,30,3.3,1,True
1.2.826.0.1.3680043.8.498.87009029107490862793898457518597022930,pf_centre,76.17,-68.61,5.373,0.0921,2.569,1.2.826.0.1.3680043.8.498.54131453173718251602484545352401549675,29,3.5,1,True
1.2.826.0.1.3680043.8.498.87018440624359538250658207994111333051,pf_centre,77.729,-76.775,5.035,0.0413,12.926,1.2.826.0.1.3680043.8.498.72097519137019095991491211348023629106,23,5.2,1,True
1.2.826.0.1.3680043.8.498.87046380372347615219261898797043742937,pf_centre,-96.534,-97.867,26.087,0.0877,3.629,1.2.826.0.1.3680043.8.498.45302098568492865101576931194641381981,18,7.546,1,True
1.2.826.0.1.3680043.8.498.87064372531225943854092598173945043861,pf_centre,84.944,-72.422,-108.717,0.0442,5.048,1.2.826.0.1.3680043.8.498.12372926596362024934480738621379791598,29,6.5,1,True
1.2.826.0.1.3680043.8.498.87101276883427329522365304528449003589,pf_centre,115.777,-51.199,4.472,0.0877,0.991,1.2.826.0.1.3680043.8.498.59953403217579609880550459195910961102,43,3.3,1,True
1.2.826.0.1.3680043.8.498.87102698749288269439517333660896096520,pf_centre,90.919,-44.168,30.55,0.0766,1.184,1.2.826.0.1.3680043.8.498.12894903597444056914857129251003514789,38,3.3,1,True
1.2.826.0.1.3680043.8.498.87185817772180109135714642184874643715,pf_centre,51.5,41.556,-23.172,0.0569,3.864,1.2.826.0.1.3680043.8.498.15092958164932684371829674301324490473,30,4.4,1,True
1.2.826.0.1.3680043.8.498.87198191797585172912979594638355685739,pf_centre,-81.92,-65.745,8.444,0.0642,1.215,1.2.826.0.1.3680043.8.498.14913234235923232559330510235416464336,38,3.6,1,True
1.2.826.0.1.3680043.8.498.87208714421237491643915928765740747633,pf_centre,-88.365,-34.294,-1.578,0.063,1.707,1.2.826.0.1.3680043.8.498.48079466480857694304893492556319428460,30,3.9,1,True
1.2.826.0.1.3680043.8.498.87214831397290763080243320084625847148,pf_centre,97.532,-87.009,17.037,0.1283,1.596,1.2.826.0.1.3680043.8.498.84164037140591586924588849491841533433,22,0.6,6,True
1.2.826.0.1.3680043.8.498.87222653734797522858506220026427900177,pf_centre,-105.1,-75.859,12.712,0.0833,1.91,1.2.826.0.1.3680043.8.498.11806670576643553087145001819020237905,30,3.6,1,True
1.2.826.0.1.3680043.8.498.87223930502803944549504594723314220105,pf_centre,106.201,-58.001,-8.327,0.086,1.958,1.2.826.0.1.3680043.8.498.12787036048566293526722536946152871709,30,4.4,1,True
1.2.826.0.1.3680043.8.498.87241650441242408799533998101943024283,pf_centre,111.746,-75.33,5.045,0.0919,1.037,1.2.826.0.1.3680043.8.498.62148373406170522330577624472187950903,32,3.3,1,True
1.2.826.0.1.3680043.8.498.87253761427012478584873622994909841751,pf_centre,-91.74,-28.167,22.341,0.1171,0.971,1.2.826.0.1.3680043.8.498.11888460886041601126465820090674482613,30,4.5,1,True
1.2.826.0.1.3680043.8.498.87262205711949358943515326577886508585,pf_centre,89.001,-81.093,8.904,0.1021,1.502,1.2.826.0.1.3680043.8.498.11096533524356085374503425843265592090,27,0.6,6,True
1.2.826.0.1.3680043.8.498.87267658933515453963224923798100651549,pf_centre,-115.211,-41.746,18.346,0.0466,1.63,1.2.826.0.1.3680043.8.498.13024759821532414941010416384995613157,30,4.4,1,True
1.2.826.0.1.3680043.8.498.87338030934656808032044071206920470285,pf_centre,90.855,-77.306,45.337,0.1082,0.834,1.2.826.0.1.3680043.8.498.11682024941671187723901259611093498703,29,0.6,5,True
1.2.826.0.1.3680043.8.498.87404730020015145302086817782843205171,pf_centre,-90.033,-49.992,-11.479,0.1251,0.554,1.2.826.0.1.3680043.8.498.28850472064390007219544553699610736785,28,4.0,1,True
1.2.826.0.1.3680043.8.498.87413924318793242918916384453755054267,pf_centre,93.099,-8.167,24.295,0.0896,1.489,1.2.826.0.1.3680043.8.498.35875030538618055791310592403555615740,40,3.5,1,True
1.2.826.0.1.3680043.8.498.87415625824966124550466651648244553892,pf_centre,127.599,-73.273,-0.419,0.063,1.149,1.2.826.0.1.3680043.8.498.54967722103867934380328562509635844023,30,4.4,1,True
1.2.826.0.1.3680043.8.498.87465202523430400780596885230492167155,pf_centre,-54.631,12.574,6.525,0.0685,2.044,1.2.826.0.1.3680043.8.498.14534693076291100409998862601428211851,35,3.3,1,True
1.2.826.0.1.3680043.8.498.87476514600989622078259281213313867927,pf_centre,114.503,-52.417,35.248,0.0751,2.327,1.2.826.0.1.3680043.8.498.12269825253981474308705371086263582024,30,4.4,1,True
1.2.826.0.1.3680043.8.498.87516159856486535118712846576943170757,pf_centre,-111.703,-89.551,16.028,0.0805,1.074,1.2.826.0.1.3680043.8.498.40098131783008530723854717005653887701,30,3.6,1,True
1.2.826.0.1.3680043.8.498.87550037046735743504446944390018580426,pf_centre,-102.749,-73.078,22.508,0.1101,1.137,1.2.826.0.1.3680043.8.498.66892886796844642748309264471663044393,26,0.6,5,True
1.2.826.0.1.3680043.8.498.87560916423885591029120178291827033868,pf_centre,4.472,-17.061,-30.133,0.1066,1.777,1.2.826.0.1.3680043.8.498.11093114814538216346090786618836040683,23,4.5,1,True
1.2.826.0.1.3680043.8.498.87563449504927531224663601218159863518,pf_centre,-113.249,-97.332,27.519,0.0701,1.289,1.2.826.0.1.3680043.8.498.68814596151353548864623642754281200813,40,3.3,1,True
1.2.826.0.1.3680043.8.498.87645071186049036230936726742129446188,pf_centre,88.058,-108.157,7.315,0.1072,3.226,1.2.826.0.1.3680043.8.498.10276856008820677973080156553343491896,18,6.5,1,True
1.2.826.0.1.3680043.8.498.87650297321648368205324227429768256110,pf_centre,-87.106,-68.095,2.409,0.0893,2.692,1.2.826.0.1.3680043.8.498.10002854609799107704163984063758739358,36,3.9,1,True
1.2.826.0.1.3680043.8.498.87679606849449562627719676100773778015,pf_centre,-118.2,-93.688,39.175,0.065,0.809,1.2.826.0.1.3680043.8.498.57158532440398117642604522958039284492,22,6.065,1,True
1.2.826.0.1.3680043.8.498.87680825247567493080163504511649789348,pf_centre,107.94,-82.268,15.392,0.0835,1.485,1.2.826.0.1.3680043.8.498.18589904250714057997255095730844908138,30,4.025,1,True
1.2.826.0.1.3680043.8.498.87742737485142445536023876862256284839,pf_centre,73.548,-41.9,30.851,0.0748,10.947,1.2.826.0.1.3680043.8.498.28145185219813399073125815391834058871,32,4.5,1,True
1.2.826.0.1.3680043.8.498.87761573479019057997334508266888503487,pf_centre,-79.605,-49.569,4.683,0.054,3.627,1.2.826.0.1.3680043.8.498.54871986187284607170595413288989867860,30,4.52,1,True
1.2.826.0.1.3680043.8.498.87769640167791104899516835133527936885,pf_centre,118.752,-70.756,21.324,0.0619,3.252,1.2.826.0.1.3680043.8.498.37834575012808663708255830116173653142,22,6.188,1,True
1.2.826.0.1.3680043.8.498.87797202230328868466634480198668365648,pf_centre,110.034,-95.072,4.619,0.0958,3.517,1.2.826.0.1.3680043.8.498.94907137172573498893033435970479018638,18,8.22,1,True
1.2.826.0.1.3680043.8.498.87799106106199445436621174506197684035,pf_centre,-90.902,-55.64,-8.555,0.072,1.156,1.2.826.0.1.3680043.8.498.75721737770771898000181830974700260011,36,3.3,1,True
1.2.826.0.1.3680043.8.498.87845297884497964690686366000533570840,pf_centre,-71.937,-86.916,28.877,0.1031,1.156,1.2.826.0.1.3680043.8.498.43929779997247025094190197430501790146,30,3.85,1,True
1.2.826.0.1.3680043.8.498.87876800169766592603600598167358214111,pf_centre,-111.145,-93.116,1.078,0.0882,1.003,1.2.826.0.1.3680043.8.498.77364410760924238625772219554159225192,36,3.3,1,True
1.2.826.0.1.3680043.8.498.87900330305833722536121052961334699743,pf_centre,-90.363,-52.607,-20.042,0.1112,1.069,1.2.826.0.1.3680043.8.498.20507047716316129835741958568816267290,36,3.3,1,True
1.2.826.0.1.3680043.8.498.87998832540756872371878613339628615880,pf_centre,-86.302,-19.815,-19.613,0.1072,1.038,1.2.826.0.1.3680043.8.498.90388789325567528259983461196072043187,30,3.3,1,True
1.2.826.0.1.3680043.8.498.88022456207467042544403752144674777523,pf_centre,77.579,-25.254,-3.154,0.1276,2.442,1.2.826.0.1.3680043.8.498.13369137240875167732318185714618938255,30,3.3,1,True
1.2.826.0.1.3680043.8.498.88064086448060280325724227239585797761,pf_centre,84.209,-32.008,-21.872,0.0792,1.987,1.2.826.0.1.3680043.8.498.10742528169905751054836298786571514087,30,3.3,1,True
1.2.826.0.1.3680043.8.498.88070896604159829163161019117970440189,pf_centre,-111.177,-72.38,-5.5,0.0902,1.09,1.2.826.0.1.3680043.8.498.93560717840925897017096761647946663183,27,5.0,1,True
1.2.826.0.1.3680043.8.498.88074618626471004030644935418777151905,pf_centre,-87.027,-32.849,29.914,0.102,1.923,1.2.826.0.1.3680043.8.498.70981420114174995009543628107370205150,29,5.0,1,True
1.2.826.0.1.3680043.8.498.88077418639301174409926781329613570435,pf_centre,93.578,-38.155,-6.083,0.0509,2.077,1.2.826.0.1.3680043.8.498.13289651041724897374069399159164397015,48,3.3,1,True
1.2.826.0.1.3680043.8.498.88114918358665488269761388157480523350,pf_centre,-86.743,-76.253,43.489,0.0599,3.047,1.2.826.0.1.3680043.8.498.85106349993599790514035796261571981454,37,3.85,1,True
1.2.826.0.1.3680043.8.498.88189503151202366936330411627291827689,pf_centre,-36.153,-44.262,33.88,0.1073,0.586,1.2.826.0.1.3680043.8.498.12876622998746350351648420775660844939,30,3.6,1,True
1.2.826.0.1.3680043.8.498.88211355128040927831407007101167868685,pf_centre,52.738,-66.068,12.185,0.0851,2.106,1.2.826.0.1.3680043.8.498.12325301348514730248310885402792094805,30,3.5,1,True
1.2.826.0.1.3680043.8.498.88274753211076645976496220746740420894,pf_centre,-111.157,-98.119,23.739,0.0526,0.918,1.2.826.0.1.3680043.8.498.30436816151756216240595792409699059985,21,6.584,1,True
1.2.826.0.1.3680043.8.498.88368930449171804348215887291291274615,pf_centre,74.46,-49.845,30.047,0.06,1.962,1.2.826.0.1.3680043.8.498.16820912159723089487964324685078442429,38,3.6,1,True
1.2.826.0.1.3680043.8.498.88439732365857773633852840383740478214,pf_centre,69.208,-49.183,9.62,0.0777,5.133,1.2.826.0.1.3680043.8.498.50615845862697221289599273537366924747,31,4.4,1,True
1.2.826.0.1.3680043.8.498.88457076333783710706782784856816112502,pf_centre,82.483,-92.721,-1.336,0.0886,1.931,1.2.826.0.1.3680043.8.498.60733446283641332502765337979345005186,26,0.6,5,True
1.2.826.0.1.3680043.8.498.88466268868654468582661984391239692466,pf_centre,-95.222,-34.665,-4.69,0.0958,1.205,1.2.826.0.1.3680043.8.498.12547822749235868679518789081179916406,32,4.5,1,True
1.2.826.0.1.3680043.8.498.88480827968231439729532202780922145132,pf_centre,-84.605,-7.602,-5.771,0.0605,3.042,1.2.826.0.1.3680043.8.498.10853408131969035814236154165376076500,45,3.5,1,True
1.2.826.0.1.3680043.8.498.88505044370271842163477475980178015566,pf_centre,122.466,-35.802,-20.204,0.0975,1.676,1.2.826.0.1.3680043.8.498.37886403150435095879713528995051974366,29,5.0,1,True
1.2.826.0.1.3680043.8.498.88523737187772411911621088333701306485,pf_centre,107.09,-4.048,-7.252,0.0665,1.948,1.2.826.0.1.3680043.8.498.42320199910296371276691572957880895576,34,5.0,1,True
1.2.826.0.1.3680043.8.498.88565389747258713872180859306907392080,pf_centre,-93.43,-56.012,11.66,0.0773,1.457,1.2.826.0.1.3680043.8.498.21220258970176325213934132186266543219,36,3.3,1,True
1.2.826.0.1.3680043.8.498.88570871026022705696415758052703394453,pf_centre,-70.768,-17.751,1.522,0.0435,1.267,1.2.826.0.1.3680043.8.498.46875908868670365082362268761049333983,32,4.4,1,True
1.2.826.0.1.3680043.8.498.88571985843649843469694556575325271560,pf_centre,-101.063,-41.355,7.764,0.0703,1.239,1.2.826.0.1.3680043.8.498.39546679642182632103839726109775503699,36,3.3,1,True
1.2.826.0.1.3680043.8.498.88574487918084130981335189023288704909,pf_centre,108.305,-41.603,-4.022,0.0857,0.829,1.2.826.0.1.3680043.8.498.87251170387072660863904855213078981537,27,4.5,1,True
1.2.826.0.1.3680043.8.498.88609906210780568637209291182572648571,pf_centre,108.209,-80.875,75.905,0.0687,1.01,1.2.826.0.1.3680043.8.498.13190732455785105157200214000813425870,32,3.3,1,True
1.2.826.0.1.3680043.8.498.88620225126852321191690360547272730103,pf_centre,-116.943,-96.231,45.608,0.0603,2.333,1.2.826.0.1.3680043.8.498.71596365947627162105121308046361395060,19,5.2,1,True
1.2.826.0.1.3680043.8.498.88653085234639096911379842849193874077,pf_centre,99.528,-100.866,27.592,0.106,1.028,1.2.826.0.1.3680043.8.498.52150321061023240695496562542843228274,18,7.48,1,True
1.2.826.0.1.3680043.8.498.88655485247489827200671636011965281184,pf_centre,79.408,-36.941,10.354,0.0701,1.555,1.2.826.0.1.3680043.8.498.12151815026129672055842662297543673309,30,3.3,1,True
1.2.826.0.1.3680043.8.498.88679328523895187500714090963655363787,pf_centre,-94.017,-101.199,6.015,0.0931,1.518,1.2.826.0.1.3680043.8.498.22857504149251491601656881042529884467,22,4.8,1,True
1.2.826.0.1.3680043.8.498.88682169866098509464628948503453852928,pf_centre,122.784,-87.314,2.83,0.1078,1.923,1.2.826.0.1.3680043.8.498.18924250666088131110308412598704611827,30,3.6,1,True
1.2.826.0.1.3680043.8.498.88687994744258163246685527273559741656,pf_centre,84.609,-45.234,9.651,0.0625,2.911,1.2.826.0.1.3680043.8.498.10142307127885424163938687418692418088,30,4.55,1,True
1.2.826.0.1.3680043.8.498.88711356400820562340756013729440417015,pf_centre,73.953,-50.667,-14.18,0.0716,1.49,1.2.826.0.1.3680043.8.498.17272176370866126877552415316040370127,44,3.3,1,True
1.2.826.0.1.3680043.8.498.88726804476694411363564819498296119763,pf_centre,84.728,-20.954,16.957,0.0786,2.357,1.2.826.0.1.3680043.8.498.52299152708520353611671871075478014387,30,3.3,1,True
1.2.826.0.1.3680043.8.498.88752039058074948027322975455607258941,pf_centre,-88.279,-98.527,34.129,0.0651,0.867,1.2.826.0.1.3680043.8.498.48364414489890709031057586278682005225,21,6.584,1,True
1.2.826.0.1.3680043.8.498.88753415430913291809543943690942744997,pf_centre,102.63,-96.047,4.2,0.0995,2.473,1.2.826.0.1.3680043.8.498.56131399386501990720907909378216877384,32,0.6,5,True
1.2.826.0.1.3680043.8.498.88801151487634957068752641200383474212,pf_centre,62.524,-84.886,-6.059,0.0936,1.052,1.2.826.0.1.3680043.8.498.93693380396225984890890776243869602451,30,4.4,1,True
1.2.826.0.1.3680043.8.498.88827276474694165071267273766912871459,pf_centre,-59.146,-91.464,37.317,0.0707,1.257,1.2.826.0.1.3680043.8.498.11442259209811063375724021362501719781,38,3.6,1,True
1.2.826.0.1.3680043.8.498.88845193477394064535233691626377077328,pf_centre,-64.397,-38.849,6.852,0.1019,0.489,1.2.826.0.1.3680043.8.498.34981511111089449805959430901618726716,28,4.5,1,True
1.2.826.0.1.3680043.8.498.88872155446935518174304990308380906112,pf_centre,-104.047,-53.602,-14.772,0.0786,0.955,1.2.826.0.1.3680043.8.498.83224160632897589675570726563148806312,42,3.3,1,True
1.2.826.0.1.3680043.8.498.88874647535130028956725641820977918615,pf_centre,73.705,-77.438,37.912,0.0775,0.927,1.2.826.0.1.3680043.8.498.61144959244960997441714914838822234564,35,3.85,1,True
1.2.826.0.1.3680043.8.498.88896246957673838955012057210098034177,pf_centre,-80.525,-46.459,6.951,0.0914,2.104,1.2.826.0.1.3680043.8.498.87212900521141090055748513600749291559,36,3.3,1,True
1.2.826.0.1.3680043.8.498.88899519473612920868099376939780201067,pf_centre,130.679,-91.134,1.303,0.0573,1.857,1.2.826.0.1.3680043.8.498.35533348935625180896735536197766277252,40,3.3,1,True
1.2.826.0.1.3680043.8.498.88962401400598535739494671683916272476,pf_centre,-30.459,-25.143,7.993,0.0863,1.257,1.2.826.0.1.3680043.8.498.95127337490868194759546152459410508323,20,5.0,1,True
1.2.826.0.1.3680043.8.498.88964371740619947193957393682095448256,pf_centre,-91.457,-59.8,21.01,0.0801,1.297,1.2.826.0.1.3680043.8.498.40080285253180151340092548627066002643,30,4.4,1,True
1.2.826.0.1.3680043.8.498.89026102874017923932934673207699042800,pf_centre,-85.617,-62.688,12.837,0.0871,2.125,1.2.826.0.1.3680043.8.498.58247834975996642632914258227157253428,30,3.9,1,True
1.2.826.0.1.3680043.8.498.89045629523485194086986785222960864883,pf_centre,-75.052,-107.349,10.219,0.1466,0.691,1.2.826.0.1.3680043.8.498.30937062690624470179586165866375268133,19,5.2,1,True
1.2.826.0.1.3680043.8.498.89048907638162719840222508855779172366,pf_centre,-88.882,-89.425,23.102,0.079,0.96,1.2.826.0.1.3680043.8.498.29502582041163780468851107693322474160,30,3.5,1,True
1.2.826.0.1.3680043.8.498.89074359486713340585710357399403393294,pf_centre,91.883,15.411,31.685,0.0499,1.742,1.2.826.0.1.3680043.8.498.49666607384593474703368339048750030239,42,3.54,1,True
1.2.826.0.1.3680043.8.498.89110271437785174288044757208973128908,pf_centre,-98.744,-65.089,38.293,0.0498,1.166,1.2.826.0.1.3680043.8.498.92586187414684855242082029602144925047,40,3.3,1,True
1.2.826.0.1.3680043.8.498.89123035099342878362576960682354791116,pf_centre,-75.813,-66.931,7.939,0.0815,1.662,1.2.826.0.1.3680043.8.498.37346303059021500590964908431479750704,30,3.5,1,True
1.2.826.0.1.3680043.8.498.89190511197564127079697151213577962649,pf_centre,-123.762,-97.42,10.777,0.0856,3.346,1.2.826.0.1.3680043.8.498.69301336093010744038118739180275122346,20,6.186,1,True
1.2.826.0.1.3680043.8.498.89204062904097086723738217311755833877,pf_centre,-130.582,-99.86,12.203,0.0861,2.514,1.2.826.0.1.3680043.8.498.84066237019807855435328804902547902462,23,4.5,1,True
1.2.826.0.1.3680043.8.498.89240184178186399632216878563608101260,pf_centre,-64.081,-23.429,-16.083,0.0982,2.755,1.2.826.0.1.3680043.8.498.70454325573259006278427300686560690714,20,5.5,1,True
1.2.826.0.1.3680043.8.498.89247482662611898098489676481780144186,pf_centre,-126.325,-111.098,17.696,0.0963,10.512,1.2.826.0.1.3680043.8.498.72987718811829980654561919380066974877,20,7.978,1,True
1.2.826.0.1.3680043.8.498.89302191571937190529967168726521003428,pf_centre,105.611,-85.205,-21.205,0.0809,1.923,1.2.826.0.1.3680043.8.498.10132758097877488642777124242223880757,24,5.0,1,True
1.2.826.0.1.3680043.8.498.89307235192406983202868051697765144920,pf_centre,-53.514,-54.495,23.653,0.0719,2.529,1.2.826.0.1.3680043.8.498.12398066320372604476402860670101041595,30,3.7,1,True
1.2.826.0.1.3680043.8.498.89326347774248795083360112232993521530,pf_centre,-71.299,-86.074,21.263,0.0877,1.081,1.2.826.0.1.3680043.8.498.13315611681390413032078096257603270829,32,3.85,1,True
1.2.826.0.1.3680043.8.498.89332108074590559691047812196991368746,pf_centre,-115.154,-84.098,0.307,0.0612,1.632,1.2.826.0.1.3680043.8.498.77965853475859597275277543591620804974,29,5.5,1,True
1.2.826.0.1.3680043.8.498.89346975863478164334871204856160071946,pf_centre,-100.63,-80.086,22.314,0.0553,1.867,1.2.826.0.1.3680043.8.498.27291957818276321626461896874806018407,21,6.782,1,True
1.2.826.0.1.3680043.8.498.89350648596674998203116057439419132072,pf_centre,-82.647,-34.782,-4.222,0.1005,1.309,1.2.826.0.1.3680043.8.498.87553430745083074546175526796485438214,28,4.5,1,True
1.2.826.0.1.3680043.8.498.89357823844365374776758395347764601030,pf_centre,-4.77,-20.557,-12.823,0.0619,1.448,1.2.826.0.1.3680043.8.498.35489216427336542526842305430784210253,32,4.5,1,True
1.2.826.0.1.3680043.8.498.89416235692252764852783739140428958560,pf_centre,71.044,-47.505,19.52,0.0818,2.104,1.2.826.0.1.3680043.8.498.92660380589143744022767259638950679258,36,3.3,1,True
1.2.826.0.1.3680043.8.498.89423600201830685256510321877396547497,pf_centre,-114.645,-81.349,37.41,0.0434,1.561,1.2.826.0.1.3680043.8.498.16482565402805434085500658327534198135,40,3.3,1,True
1.2.826.0.1.3680043.8.498.89445342796957655182687412965056270903,pf_centre,81.389,-46.72,17.452,0.1053,1.779,1.2.826.0.1.3680043.8.498.13483502456971084658588395470116140170,27,3.6,1,True
1.2.826.0.1.3680043.8.498.89464179959474561696319051639748844244,pf_centre,112.08,-86.882,26.158,0.1015,1.821,1.2.826.0.1.3680043.8.498.11290890895953047069970614419209781155,32,4.025,1,True
1.2.826.0.1.3680043.8.498.89569762088162031469299314053759758927,pf_centre,98.521,-68.067,27.381,0.092,3.117,1.2.826.0.1.3680043.8.498.13290180478653698205120215030695601227,36,3.3,1,True
1.2.826.0.1.3680043.8.498.89576499383950909889665633610791093334,pf_centre,86.976,-77.457,30.872,0.0895,1.154,1.2.826.0.1.3680043.8.498.11618146519891170411868727241095136617,21,5.121,1,True
1.2.826.0.1.3680043.8.498.89584627944947813918297925813120247226,pf_centre,-59.477,-86.284,-7.692,0.0819,0.432,1.2.826.0.1.3680043.8.498.38007056445391990411118693577753641610,35,3.85,1,True
1.2.826.0.1.3680043.8.498.89590880980421560369495600204866789646,pf_centre,-110.662,-91.891,-6.219,0.0823,2.264,1.2.826.0.1.3680043.8.498.84752994767250069984516472434200961559,26,5.0,1,True
1.2.826.0.1.3680043.8.498.89720428711655200442262503508409163392,pf_centre,-81.453,-79.364,-2.005,0.1112,1.134,1.2.826.0.1.3680043.8.498.39618788582695815180555511047071022930,26,0.6,5,True
1.2.826.0.1.3680043.8.498.89729486637365590877469535082675069395,pf_centre,-124.942,-98.938,-11.784,0.1172,1.579,1.2.826.0.1.3680043.8.498.14850214653674811808490914553316538285,20,5.2,1,True
1.2.826.0.1.3680043.8.498.89746004948304570186940283501211828475,pf_centre,-64.757,-78.899,5.052,0.0794,1.402,1.2.826.0.1.3680043.8.498.39010078472823548624934899791956178623,30,3.5,1,True
1.2.826.0.1.3680043.8.498.89829843399218627892046362324057240535,pf_centre,-80.593,-23.331,-14.274,0.0648,1.255,1.2.826.0.1.3680043.8.498.43457954885687406389039624863541799005,34,4.52,1,True
1.2.826.0.1.3680043.8.498.89842390998700046088751402253903762827,pf_centre,-112.72,-61.901,27.017,0.0729,1.075,1.2.826.0.1.3680043.8.498.11499561251768576397389055599694747508,33,4.5,1,True
1.2.826.0.1.3680043.8.498.89857801102910604766959864464865910585,pf_centre,-119.982,-95.396,29.629,0.0625,1.35,1.2.826.0.1.3680043.8.498.90236657098282248616994996049613208012,40,3.3,1,True
1.2.826.0.1.3680043.8.498.89935384074170571164295050203650829722,pf_centre,-91.283,-36.341,-12.131,0.0822,3.371,1.2.826.0.1.3680043.8.498.65085629822223134933550772032935178213,36,3.3,1,True
1.2.826.0.1.3680043.8.498.89943815722422273305517145510644432987,pf_centre,64.364,-35.033,-7.29,0.1153,0.986,1.2.826.0.1.3680043.8.498.93610072291334041644256048636227713769,22,5.0,1,True
1.2.826.0.1.3680043.8.498.89953731420879076053772747816096629231,pf_centre,87.746,-104.727,18.731,0.1153,1.788,1.2.826.0.1.3680043.8.498.11284565301416799629330927534422030480,21,4.8,1,True
1.2.826.0.1.3680043.8.498.89967772422936726289461201791871771011,pf_centre,-84.865,-30.544,-0.649,0.0674,0.917,1.2.826.0.1.3680043.8.498.10416011950032441927909450812059974883,30,4.52,1,True
1.2.826.0.1.3680043.8.498.89987866402625167201267936974120824712,pf_centre,-86.445,-68.942,2.89,0.0642,1.621,1.2.826.0.1.3680043.8.498.59143944335322342641717281363126060490,38,3.6,1,True
1.2.826.0.1.3680043.8.498.90003472003278237920648198243464374280,pf_centre,87.338,-41.314,18.454,0.0973,1.39,1.2.826.0.1.3680043.8.498.11509530729408783588665690810682298178,27,4.8,1,True
1.2.826.0.1.3680043.8.498.90037507233074511524602897439257102032,pf_centre,93.073,-51.667,5.409,0.0546,2.734,1.2.826.0.1.3680043.8.498.72769757611972915966372483766141318132,40,4.0,1,True
1.2.826.0.1.3680043.8.498.90057130466053377217652879986591534745,pf_centre,124.113,-64.783,-14.945,0.0838,0.825,1.2.826.0.1.3680043.8.498.11325490631065682890747675112616912002,30,3.6,1,True
1.2.826.0.1.3680043.8.498.90103210546658057701715546323552886913,pf_centre,-2.3,-23.224,7.908,0.0835,1.06,1.2.826.0.1.3680043.8.498.73421617837244897866669505855156954170,32,4.5,1,True
1.2.826.0.1.3680043.8.498.90159195278632080234412316065469499332,pf_centre,105.924,-86.416,23.685,0.073,5.938,1.2.826.0.1.3680043.8.498.39714722153628559133137786086256575453,30,4.4,1,True
1.2.826.0.1.3680043.8.498.90170179734833731758923964833173536172,pf_centre,-86.902,-41.576,-10.29,0.0742,1.785,1.2.826.0.1.3680043.8.498.11533115230720143144337268246094418322,42,3.3,1,True
1.2.826.0.1.3680043.8.498.90172333170788218623219231170360850947,pf_centre,-48.488,-29.516,-1.658,0.0677,1.663,1.2.826.0.1.3680043.8.498.66303549290418115865135703515223994110,31,5.0,1,True
1.2.826.0.1.3680043.8.498.90193654806390401129887447441469319421,pf_centre,83.466,-48.789,2.986,0.0645,1.225,1.2.826.0.1.3680043.8.498.66943405321712888739772195776708329037,34,4.5,1,True
1.2.826.0.1.3680043.8.498.90206716031776606956011363950625953310,pf_centre,-19.841,-40.513,10.855,0.0893,1.863,1.2.826.0.1.3680043.8.498.29624330075065774997234433037024142721,30,4.4,1,True
1.2.826.0.1.3680043.8.498.90223492515368389331845681759355261030,pf_centre,-79.145,-92.459,10.022,0.1099,0.639,1.2.826.0.1.3680043.8.498.11442584281422235612759614942557804477,19,5.4,1,True
1.2.826.0.1.3680043.8.498.90227414485305096825508911050013279704,pf_centre,124.945,-80.314,8.06,0.0822,1.752,1.2.826.0.1.3680043.8.498.78481198491132173697693002556443578496,35,3.5,1,True
1.2.826.0.1.3680043.8.498.90251533154603802045666102095577144628,pf_centre,91.765,-47.625,-2.66,0.0838,2.493,1.2.826.0.1.3680043.8.498.90652526472794018963537436089931068295,34,4.2,1,True
1.2.826.0.1.3680043.8.498.90264300606047579088362539636050224478,pf_centre,69.996,-35.891,-19.18,0.0755,1.756,1.2.826.0.1.3680043.8.498.94334518868826031483858219591503243463,41,3.3,1,True
1.2.826.0.1.3680043.8.498.90268709354762000249148795667759483876,pf_centre,-117.4,-64.103,-5.385,0.0681,1.846,1.2.826.0.1.3680043.8.498.14044834284265760766651279694861332544,26,5.0,1,True
1.2.826.0.1.3680043.8.498.90274711315692820326973277297753398634,pf_centre,-105.011,-92.838,15.05,0.0801,1.019,1.2.826.0.1.3680043.8.498.78884196383571523211757964647970695315,36,3.3,1,True
1.2.826.0.1.3680043.8.498.90283565381042081768587894596970552767,pf_centre,81.806,-94.591,32.245,0.0733,1.39,1.2.826.0.1.3680043.8.498.63606952513741573790558402741132953718,20,6.186,1,True
1.2.826.0.1.3680043.8.498.90288598546566291188788375261370919222,pf_centre,89.782,-106.154,23.426,0.1131,1.675,1.2.826.0.1.3680043.8.498.13207344343511739330834661920438506743,20,5.2,1,True
1.2.826.0.1.3680043.8.498.90299615112155255774026824400461236845,pf_centre,-85.037,-84.565,2.903,0.1165,1.166,1.2.826.0.1.3680043.8.498.85694068865072121608550827235309941027,24,0.6,6,True
1.2.826.0.1.3680043.8.498.90313529150165069133283531436628039942,pf_centre,-82.901,-49.397,7.986,0.0783,3.285,1.2.826.0.1.3680043.8.498.18958899581592919281587875661179823059,36,3.3,1,True
1.2.826.0.1.3680043.8.498.90331082101665002495739626395247831768,pf_centre,-88.651,-26.336,29.455,0.0773,7.645,1.2.826.0.1.3680043.8.498.41066105973298540330359662549490653471,25,4.4,1,True
1.2.826.0.1.3680043.8.498.90340114291852810896219650388952790164,pf_centre,-74.977,2.731,23.166,0.0894,1.099,1.2.826.0.1.3680043.8.498.93345092252598833585305710052471410848,40,3.5,1,True
1.2.826.0.1.3680043.8.498.90342120331229511020327052213821820086,pf_centre,-90.276,-33.738,34.687,0.1175,1.772,1.2.826.0.1.3680043.8.498.51779113489491021539670283757171814246,24,4.4,1,True
1.2.826.0.1.3680043.8.498.90433488790413321102007716267340900056,pf_centre,99.15,-116.024,5.961,0.1087,1.305,1.2.826.0.1.3680043.8.498.80920481011371826336408853331588938562,21,4.8,1,True
1.2.826.0.1.3680043.8.498.90446842983860370183814559926724769347,pf_centre,98.391,-53.01,2.167,0.0843,1.004,1.2.826.0.1.3680043.8.498.12384833700428344830039295002161119348,32,3.6,1,True
1.2.826.0.1.3680043.8.498.90466423642678253933409966898120881010,pf_centre,-18.4,-69.33,26.361,0.0739,2.277,1.2.826.0.1.3680043.8.498.82761853421080972615640906040307526894,33,3.8,1,True
1.2.826.0.1.3680043.8.498.90483774039833567637730989859822082272,pf_centre,-62.167,-28.698,20.497,0.0754,1.736,1.2.826.0.1.3680043.8.498.11395677336782522623787593310268177866,30,3.6,1,True
1.2.826.0.1.3680043.8.498.90490891782778285565462083536468192410,pf_centre,-100.221,-83.602,20.509,0.1001,1.135,1.2.826.0.1.3680043.8.498.50354376114204027466766236761210496885,30,3.85,1,True
1.2.826.0.1.3680043.8.498.90508461713737190527021531642732695353,pf_centre,-117.08,-55.772,18.151,0.1027,1.733,1.2.826.0.1.3680043.8.498.47695185748887614771385529849222424553,29,4.5,1,True
1.2.826.0.1.3680043.8.498.90514150380296346197442897381548735293,pf_centre,-118.713,-78.005,18.138,0.0715,2.02,1.2.826.0.1.3680043.8.498.36697052089950898349082816840894648402,40,3.3,1,True
1.2.826.0.1.3680043.8.498.90551187439998209641370107095424494085,pf_centre,110.056,-72.686,15.641,0.05,2.116,1.2.826.0.1.3680043.8.498.31786692730518988844113857444892504420,48,3.3,1,True
1.2.826.0.1.3680043.8.498.90573769367031841574114648773801425781,pf_centre,73.515,-44.982,-31.428,0.0582,1.979,1.2.826.0.1.3680043.8.498.60010287430380635952578377164831277752,38,3.6,1,True
1.2.826.0.1.3680043.8.498.90629760164319310375909187696899268080,pf_centre,-91.686,-95.388,17.459,0.0911,1.581,1.2.826.0.1.3680043.8.498.56263889919402986550581726196939172592,26,5.0,1,True
1.2.826.0.1.3680043.8.498.90668646188784648688693620159738574680,pf_centre,114.435,-93.988,24.478,0.0686,1.583,1.2.826.0.1.3680043.8.498.12409892482374345179487343060194274096,40,3.3,1,True
1.2.826.0.1.3680043.8.498.90679199017361780574384378857945322240,pf_centre,80.714,-83.749,24.794,0.1026,3.857,1.2.826.0.1.3680043.8.498.79060427398123161522643379541137483525,32,0.6,5,True
1.2.826.0.1.3680043.8.498.90751504670572401790063555695835439317,pf_centre,65.11,-46.606,17.068,0.1376,9.941,1.2.826.0.1.3680043.8.498.26392264148521586878575767284880423925,12,3.3,1,True
1.2.826.0.1.3680043.8.498.90758414832541790868268922794274257839,pf_centre,-62.822,-20.227,12.878,0.1232,1.023,1.2.826.0.1.3680043.8.498.46153874061438526031938322859708952330,27,4.0,1,True
1.2.826.0.1.3680043.8.498.90764713690393618577990540005126771712,pf_centre,114.547,-48.42,15.623,0.0939,1.058,1.2.826.0.1.3680043.8.498.12044547356992974355865687018037961533,30,4.55,1,True
1.2.826.0.1.3680043.8.498.90771070773751767226565553195436971014,pf_centre,93.991,-54.244,45.915,0.0703,1.187,1.2.826.0.1.3680043.8.498.17363729593853874068410721418051877910,26,4.4,1,True
1.2.826.0.1.3680043.8.498.90858397443821905121918628339486070979,pf_centre,103.073,-71.759,3.345,0.0711,1.649,1.2.826.0.1.3680043.8.498.39805939977255871389536862561733034164,36,3.3,1,True
1.2.826.0.1.3680043.8.498.90893882071188409362296099956462540506,pf_centre,-126.133,-75.721,32.287,0.0668,1.913,1.2.826.0.1.3680043.8.498.50184520053320323165480705690742573089,44,3.3,1,True
1.2.826.0.1.3680043.8.498.90976227335921831531105845602655777296,pf_centre,-97.218,-33.232,25.388,0.0568,1.329,1.2.826.0.1.3680043.8.498.86096178782602012989153604293348930050,36,4.0,1,True
1.2.826.0.1.3680043.8.498.90985037792656682958281230441654772668,pf_centre,96.717,-93.039,23.791,0.1179,0.854,1.2.826.0.1.3680043.8.498.65929959922583951063750367431305959210,20,4.4,1,True
1.2.826.0.1.3680043.8.498.91064647744940506223536204418057554573,pf_centre,132.172,14.446,-27.762,0.0556,1.404,1.2.826.0.1.3680043.8.498.26855959362664793659179017399105829254,40,3.5,1,True
1.2.826.0.1.3680043.8.498.91106275065657355304239097295699332135,pf_centre,103.163,-87.154,-8.422,0.057,1.419,1.2.826.0.1.3680043.8.498.13357281761048888090570681200821823993,40,3.3,1,True
1.2.826.0.1.3680043.8.498.91122873808284731048016330734204992698,pf_centre,-120.505,11.867,17.628,0.0571,1.958,1.2.826.0.1.3680043.8.498.53568642311904006488469225254206908573,43,3.5,1,True
1.2.826.0.1.3680043.8.498.91124979914013108948829704350601987380,pf_centre,-79.361,-112.944,-34.217,0.075,1.374,1.2.826.0.1.3680043.8.498.43816532041264809951085188611522762521,19,5.0,1,True
1.2.826.0.1.3680043.8.498.91125742927944703615970502025043944089,pf_centre,118.801,-103.117,-0.318,0.0855,1.182,1.2.826.0.1.3680043.8.498.12910498651826331031475616194753134934,23,5.931,1,True
1.2.826.0.1.3680043.8.498.91139126799820974665417903552066103454,pf_centre,98.931,-82.511,-24.381,0.0787,2.289,1.2.826.0.1.3680043.8.498.49857786611643026586681973728842590554,40,3.3,1,True
1.2.826.0.1.3680043.8.498.91168270990167204047014161851340054645,pf_centre,-75.011,-77.693,31.297,0.0568,3.491,1.2.826.0.1.3680043.8.498.44782184919238986007648690136625325727,23,6.0,1,True
1.2.826.0.1.3680043.8.498.91206973544724011503639050238118945528,pf_centre,104.476,-86.547,5.651,0.0758,1.347,1.2.826.0.1.3680043.8.498.85468604912020347655229321355315995472,22,5.713,1,True
1.2.826.0.1.3680043.8.498.91220255464004258635083940797356822178,pf_centre,95.862,-77.884,-0.079,0.075,2.6,1.2.826.0.1.3680043.8.498.77962513656195844097039752766981591995,30,3.45,1,True
1.2.826.0.1.3680043.8.498.91230059913252604666971822137553690811,pf_centre,-74.84,-60.784,29.479,0.0825,1.697,1.2.826.0.1.3680043.8.498.75419609407747356048249894576353544063,38,3.6,1,True
1.2.826.0.1.3680043.8.498.91237082716839283641165609666644466929,pf_centre,-105.831,-66.485,6.32,0.0479,1.748,1.2.826.0.1.3680043.8.498.36342088433812276249727083180390236601,39,4.0,1,True
1.2.826.0.1.3680043.8.498.91262503278090288446189575519187653125,pf_centre,-60.317,-55.77,-16.228,0.0903,1.392,1.2.826.0.1.3680043.8.498.19454915901051638657603139267984855056,22,5.5,1,True
1.2.826.0.1.3680043.8.498.91323765268136520804399328350809179765,pf_centre,120.156,-28.591,14.085,0.0558,2.059,1.2.826.0.1.3680043.8.498.11776355073687736917645830302215403564,33,4.5,1,True
1.2.826.0.1.3680043.8.498.91328985601265188961626433080766431089,pf_centre,93.072,-85.077,4.619,0.074,5.596,1.2.826.0.1.3680043.8.498.58726687678306824313467263953174717206,30,4.4,1,True
1.2.826.0.1.3680043.8.498.91346221361264140052760282748336176394,pf_centre,96.202,-37.573,16.178,0.1207,1.828,1.2.826.0.1.3680043.8.498.65719248490445636856795271831537869981,27,3.6,1,True
1.2.826.0.1.3680043.8.498.91361379904133499492465873800011777365,pf_centre,-90.021,-54.204,1.1,0.0644,1.503,1.2.826.0.1.3680043.8.498.74399414643454709811028801554377818722,34,4.2,1,True
1.2.826.0.1.3680043.8.498.91380337141071062166571333367919885984,pf_centre,117.783,-70.844,50.637,0.0885,1.722,1.2.826.0.1.3680043.8.498.12478123454414158041727684963779889726,24,5.499,1,True
1.2.826.0.1.3680043.8.498.91385694666101904780012335954322545042,pf_centre,-75.119,-16.107,5.989,0.0559,2.99,1.2.826.0.1.3680043.8.498.42798392461940196624840098942793840202,34,4.52,1,True
1.2.826.0.1.3680043.8.498.91391446167553025113367459399831345295,pf_centre,93.981,-47.865,5.379,0.0973,1.485,1.2.826.0.1.3680043.8.498.65879075633255849165716424628142864556,32,3.6,1,True
1.2.826.0.1.3680043.8.498.91431012289716035498822977054491790785,pf_centre,-103.562,-39.7,14.251,0.0364,4.085,1.2.826.0.1.3680043.8.498.85061789002872432184671387069716645966,33,4.5,1,True
1.2.826.0.1.3680043.8.498.91468214041781427810665883790357021637,pf_centre,97.356,-88.285,34.046,0.053,2.514,1.2.826.0.1.3680043.8.498.95581893445927535243292420591118251737,48,3.3,1,True
1.2.826.0.1.3680043.8.498.91497176426480836856097456438014037999,pf_centre,-81.874,-85.919,8.168,0.0594,1.643,1.2.826.0.1.3680043.8.498.83771116319571434169160202281532642122,30,4.4,1,True
1.2.826.0.1.3680043.8.498.91499489440453244654238202136675083579,pf_centre,-143.392,-79.522,9.813,0.08,3.914,1.2.826.0.1.3680043.8.498.13360624768480457133224674087460640395,18,6.782,1,True
1.2.826.0.1.3680043.8.498.91581717063042044543371480238854954692,pf_centre,-65.006,-98.115,12.303,0.1199,0.769,1.2.826.0.1.3680043.8.498.87052111292921797873577709598594135080,32,0.6,5,True
1.2.826.0.1.3680043.8.498.91606395836371290680039618164703651751,pf_centre,83.544,-43.896,1.834,0.0533,1.401,1.2.826.0.1.3680043.8.498.75190010642084013272356400851777367107,34,4.4,1,True
1.2.826.0.1.3680043.8.498.91611403539216247154562810076063878924,pf_centre,78.507,-37.672,39.497,0.0919,1.135,1.2.826.0.1.3680043.8.498.11518822109848594219495317307600517219,30,4.4,1,True
1.2.826.0.1.3680043.8.498.91660278231317256353374962767408532443,pf_centre,116.728,-86.225,20.477,0.0983,1.744,1.2.826.0.1.3680043.8.498.63191566363446075429803458299656367407,32,3.3,1,True
1.2.826.0.1.3680043.8.498.91686669332744972709173289374472094988,pf_centre,13.001,-17.658,-25.352,0.0326,3.999,1.2.826.0.1.3680043.8.498.51680283785949667157500165000420649562,24,6.0,1,True
1.2.826.0.1.3680043.8.498.91727248305411866145131034915485728037,pf_centre,-117.996,-87.689,4.097,0.0656,2.399,1.2.826.0.1.3680043.8.498.10665746250129896011687890318657807820,24,5.0,1,True
1.2.826.0.1.3680043.8.498.91742054227008690570256869200116133922,pf_centre,82.63,-45.847,2.16,0.0809,1.684,1.2.826.0.1.3680043.8.498.42701692373258253498668921775028705832,36,3.3,1,True
1.2.826.0.1.3680043.8.498.91744384920314309659802891351055961910,pf_centre,75.826,-36.926,2.256,0.0271,3.154,1.2.826.0.1.3680043.8.498.11297980855569477596819883811639737340,26,5.0,1,True
1.2.826.0.1.3680043.8.498.91839696756303525362262251587171486273,pf_centre,-84.287,-37.527,35.095,0.0967,3.043,1.2.826.0.1.3680043.8.498.11098209179837748851410526134564059294,28,4.5,1,True
1.2.826.0.1.3680043.8.498.91860013313252950044036077977399321593,pf_centre,-103.446,-61.065,-10.652,0.1082,1.31,1.2.826.0.1.3680043.8.498.12678921811109425043739156989108348746,40,3.3,1,True
1.2.826.0.1.3680043.8.498.91883829404782805058767342767479130421,pf_centre,-95.108,-60.886,22.162,0.0729,1.102,1.2.826.0.1.3680043.8.498.52666922658632920080850110285302685752,43,3.3,1,True
1.2.826.0.1.3680043.8.498.91897419008563027309752122760214275182,pf_centre,-85.833,-51.117,-12.959,0.091,0.767,1.2.826.0.1.3680043.8.498.11705821864354679277637946068163698486,30,4.55,1,True
1.2.826.0.1.3680043.8.498.91910585599088493175245713843727208369,pf_centre,114.671,-44.937,-7.172,0.0545,1.679,1.2.826.0.1.3680043.8.498.87469108885017732343816545181334174508,33,4.5,1,True
1.2.826.0.1.3680043.8.498.91913894091933783677568170210064807665,pf_centre,-110.214,-92.676,4.918,0.0735,1.106,1.2.826.0.1.3680043.8.498.10319532477084056049880319766537120357,18,7.336,1,True
1.2.826.0.1.3680043.8.498.91940000162714863613139612302783091395,pf_centre,-101.125,-64.787,7.595,0.0639,3.269,1.2.826.0.1.3680043.8.498.87822711464412650386602141522312376974,30,3.85,1,True
1.2.826.0.1.3680043.8.498.91979363712708769014277114061159398016,pf_centre,100.332,-83.083,64.17,0.0732,1.47,1.2.826.0.1.3680043.8.498.96356779839718871585128875492432510379,40,3.3,1,True
1.2.826.0.1.3680043.8.498.91991985280680856830060431668414014465,pf_centre,-89.222,-91.229,9.518,0.0474,1.568,1.2.826.0.1.3680043.8.498.84367530130445655391891580498604180094,38,3.6,1,True
1.2.826.0.1.3680043.8.498.92030581934838097812004394123949263069,pf_centre,-114.536,-55.127,19.428,0.0761,1.646,1.2.826.0.1.3680043.8.498.60102043452851417775672024361157621736,40,3.3,1,True
1.2.826.0.1.3680043.8.498.92063841381005962285592592672311044745,pf_centre,-81.437,-39.754,17.6,0.0713,1.656,1.2.826.0.1.3680043.8.498.35238773074537857898371376511743857464,30,4.4,1,True
1.2.826.0.1.3680043.8.498.92071199603599654827155753204585082303,pf_centre,76.425,-58.328,41.388,0.0823,0.555,1.2.826.0.1.3680043.8.498.11500188306985368205088005360702557697,30,4.55,1,True
1.2.826.0.1.3680043.8.498.92126358259118823397932994812520542494,pf_centre,-100.377,-34.748,4.904,0.1134,0.894,1.2.826.0.1.3680043.8.498.79020048274269852811414874400901717711,30,3.3,1,True
1.2.826.0.1.3680043.8.498.92127426417720107708158713612888411025,pf_centre,108.578,-59.187,3.979,0.103,1.72,1.2.826.0.1.3680043.8.498.10348156661377191120362127148340942984,42,3.5,1,True
1.2.826.0.1.3680043.8.498.92222956609345084635188178384706987675,pf_centre,-110.824,-95.609,29.434,0.0681,1.317,1.2.826.0.1.3680043.8.498.12790991420664796821623258368244408848,40,3.3,1,True
1.2.826.0.1.3680043.8.498.92249560662718438332916289759028859881,pf_centre,-94.806,-58.651,8.554,0.1219,2.273,1.2.826.0.1.3680043.8.498.16350803349713034213756218309096588284,25,5.0,1,True
1.2.826.0.1.3680043.8.498.92285140961160393284537044926797259671,pf_centre,-81.332,-46.195,12.379,0.091,5.11,1.2.826.0.1.3680043.8.498.21241080310038604816413193745031610543,30,4.0,1,True
1.2.826.0.1.3680043.8.498.92301915122994899889226415477164044164,pf_centre,92.223,-92.931,26.844,0.1159,1.302,1.2.826.0.1.3680043.8.498.32860748257002642853299914736191644806,19,4.8,1,True
1.2.826.0.1.3680043.8.498.92326467051364762529119362944559591665,pf_centre,-81.426,-88.981,-4.949,0.1216,0.791,1.2.826.0.1.3680043.8.498.12235590047123467403376060342697758976,22,0.6,6,True
1.2.826.0.1.3680043.8.498.92386519544130078776672685639580497728,pf_centre,-58.269,-22.98,-13.451,0.1146,2.406,1.2.826.0.1.3680043.8.498.11308487680616834626317656980156162091,30,3.3,1,True
1.2.826.0.1.3680043.8.498.92407834172018110142589158281575319154,pf_centre,-106.105,-20.015,11.688,0.0667,2.855,1.2.826.0.1.3680043.8.498.86877948469721308568230235380468533213,30,4.0,1,True
1.2.826.0.1.3680043.8.498.92410537691481397330646029810090178745,pf_centre,-53.132,-17.487,12.503,0.0655,1.093,1.2.826.0.1.3680043.8.498.60451363959320663888178855957562676105,30,4.0,1,True
1.2.826.0.1.3680043.8.498.92445779773398371452908052305534240654,pf_centre,92.537,-97.203,19.479,0.1098,2.462,1.2.826.0.1.3680043.8.498.20921035338239794744061828661999430452,26,0.6,5,True
1.2.826.0.1.3680043.8.498.92449204325697143336618138322280397765,pf_centre,99.598,-57.541,-9.507,0.0732,2.764,1.2.826.0.1.3680043.8.498.10019317727587886821096491719422521485,36,3.3,1,True
1.2.826.0.1.3680043.8.498.92455257597708674644536154732642099964,pf_centre,-88.684,-92.803,-4.542,0.0717,2.371,1.2.826.0.1.3680043.8.498.64114372098825018780082581775947278581,22,5.878,1,True
1.2.826.0.1.3680043.8.498.92581137608969847756039955144478716506,pf_centre,91.988,-44.111,-2.637,0.0688,2.016,1.2.826.0.1.3680043.8.498.78319515119625416311962030697637997179,44,3.6,1,True
1.2.826.0.1.3680043.8.498.92597065276819676534178545455668171085,pf_centre,-93.781,-78.799,0.091,0.0803,1.67,1.2.826.0.1.3680043.8.498.12297599839883695914288403559451370800,38,3.6,1,True
1.2.826.0.1.3680043.8.498.92602515666185999130675702469977883616,pf_centre,125.376,-67.838,-13.581,0.0583,0.779,1.2.826.0.1.3680043.8.498.11465469487078803592468143498395566047,30,4.4,1,True
1.2.826.0.1.3680043.8.498.92621720172216795135762712303124932801,pf_centre,-102.561,-75.146,-16.473,0.0707,0.787,1.2.826.0.1.3680043.8.498.13256853238406904178314443839818352322,20,6.099,1,True
1.2.826.0.1.3680043.8.498.92626490033376759309712417622692944095,pf_centre,74.012,-49.573,-29.138,0.0809,1.826,1.2.826.0.1.3680043.8.498.10306112669019925822296306999264646078,39,3.3,1,True
1.2.826.0.1.3680043.8.498.92650426727723557280117118587545413917,pf_centre,-88.859,-56.054,-11.242,0.0324,1.918,1.2.826.0.1.3680043.8.498.16688325247763141714657766500016213324,21,6.782,1,True
1.2.826.0.1.3680043.8.498.92655291659311409459093330375014445330,pf_centre,-105.247,-98.239,12.09,0.0877,2.311,1.2.826.0.1.3680043.8.498.26535713752594360973811897204696052172,18,7.643,1,True
1.2.826.0.1.3680043.8.498.92682287574388138675492893420192905780,pf_centre,127.269,-74.783,22.67,0.0631,0.725,1.2.826.0.1.3680043.8.498.24934579519017303539920420215687657760,35,3.5,1,True
1.2.826.0.1.3680043.8.498.92715232057122971236003034574127234433,pf_centre,91.46,-85.181,-19.112,0.0923,1.201,1.2.826.0.1.3680043.8.498.56378715682471945391665834852179070610,19,5.2,1,True
1.2.826.0.1.3680043.8.498.92722393862174380736027353110424417588,pf_centre,100.341,-82.645,-12.807,0.0668,2.55,1.2.826.0.1.3680043.8.498.83310419690466851740167603956050571509,38,3.6,1,True
1.2.826.0.1.3680043.8.498.92758635328468215409701857842011454608,pf_centre,114.007,-61.894,-6.079,0.0808,1.145,1.2.826.0.1.3680043.8.498.12835066277967830810822302073025078443,30,4.5,1,True
1.2.826.0.1.3680043.8.498.92839397144213404004277739877191283401,pf_centre,-99.381,-109.182,18.559,0.1007,1.112,1.2.826.0.1.3680043.8.498.70410912011731586117083555596432363510,19,5.2,1,True
1.2.826.0.1.3680043.8.498.92854445271746966212168817610305595078,pf_centre,84.135,-88.47,-14.385,0.0721,2.516,1.2.826.0.1.3680043.8.498.41962751115447102618099883763278279058,19,5.4,1,True
1.2.826.0.1.3680043.8.498.92902692647544828045768164058889405369,pf_centre,109.848,-97.048,21.311,0.076,3.443,1.2.826.0.1.3680043.8.498.78952078195216273168934673800535151763,18,7.48,1,True
1.2.826.0.1.3680043.8.498.92925901047699000727725798824992891055,pf_centre,98.743,-106.728,3.081,0.0531,1.362,1.2.826.0.1.3680043.8.498.93667721269082831672538018578722834175,20,6.26,1,True
1.2.826.0.1.3680043.8.498.93026010065162534828966791702007067882,pf_centre,91.231,-88.583,19.939,0.0732,2.601,1.2.826.0.1.3680043.8.498.12739257963010029044871038409946670336,38,3.6,1,True
1.2.826.0.1.3680043.8.498.93054327536380380487760790221613186305,pf_centre,93.293,-96.136,32.604,0.0921,3.615,1.2.826.0.1.3680043.8.498.76370408169428562661092487428972211498,27,0.6,6,True
1.2.826.0.1.3680043.8.498.93062749017302143105207135454940053142,pf_centre,54.791,-97.452,-0.635,0.0504,2.579,1.2.826.0.1.3680043.8.498.96837318779506332592475984023279389064,20,5.2,1,True
1.2.826.0.1.3680043.8.498.93096918345463865518663434763610016449,pf_centre,-9.117,-36.714,13.259,0.0584,1.656,1.2.826.0.1.3680043.8.498.26780190154070334554798461099341280161,26,4.4,1,True
1.2.826.0.1.3680043.8.498.93104685852024334015651558514195715956,pf_centre,-42.399,1.376,3.413,0.0711,1.984,1.2.826.0.1.3680043.8.498.10212051612126477490384560977205547306,40,3.5,1,True
1.2.826.0.1.3680043.8.498.93141871723058796160969424330424882014,pf_centre,125.385,-96.815,25.963,0.0662,0.976,1.2.826.0.1.3680043.8.498.30784763969947571881928974820469235728,34,3.85,1,True
1.2.826.0.1.3680043.8.498.93177444420568709574758402836371200945,pf_centre,-91.695,-35.231,-15.371,0.0394,5.674,1.2.826.0.1.3680043.8.498.14066364851192692642197287030747595038,39,4.0,1,True
1.2.826.0.1.3680043.8.498.93182602591865019295859776146674822677,pf_centre,-90.947,-68.402,16.145,0.0613,1.51,1.2.826.0.1.3680043.8.498.63434427953965233013527685036491853744,38,3.6,1,True
1.2.826.0.1.3680043.8.498.93188773180403601524488403580611534053,pf_centre,-99.369,-90.68,-4.039,0.087,1.249,1.2.826.0.1.3680043.8.498.12381387897984540622781230890859603711,30,4.0,1,True
1.2.826.0.1.3680043.8.498.93222021909191248270818335069738080963,pf_centre,88.457,-41.772,17.551,0.0801,2.089,1.2.826.0.1.3680043.8.498.17193798758899535526105706974161934621,33,4.5,1,True
1.2.826.0.1.3680043.8.498.93230313557251171119475173996942942855,pf_centre,-10.731,-29.246,21.283,0.0741,1.191,1.2.826.0.1.3680043.8.498.55997983641202201020826684551355404659,28,4.3,1,True
1.2.826.0.1.3680043.8.498.93301337627536436086612556500687157032,pf_centre,99.649,-10.295,-14.695,0.0806,2.581,1.2.826.0.1.3680043.8.498.13257901435738622165826188615373193659,35,3.3,1,True
1.2.826.0.1.3680043.8.498.93318293884671598055223778443354732793,pf_centre,-98.765,-93.49,87.977,0.0451,1.917,1.2.826.0.1.3680043.8.498.11163740575356910789945404908097252738,44,3.3,1,True
1.2.826.0.1.3680043.8.498.93344237572402384894445814841725878706,pf_centre,-52.33,-19.62,-14.866,0.094,1.316,1.2.826.0.1.3680043.8.498.37395650365235462400975159231991829562,30,3.3,1,True
1.2.826.0.1.3680043.8.498.93359387652821116106937882388838959209,pf_centre,-68.13,-93.566,6.416,0.1201,0.755,1.2.826.0.1.3680043.8.498.83446172879816761273688095782023497003,19,5.0,1,True
1.2.826.0.1.3680043.8.498.93385433312281352893457225415812880948,pf_centre,114.082,-101.353,18.25,0.0995,2.242,1.2.826.0.1.3680043.8.498.10237229023825351555210653255045815105,22,5.1,1,True
1.2.826.0.1.3680043.8.498.93478919245462741704531324128061533679,pf_centre,-76.729,-46.257,16.197,0.0789,0.966,1.2.826.0.1.3680043.8.498.54411427588047046094013669672473694519,30,4.55,1,True
1.2.826.0.1.3680043.8.498.93555726419626687118723083838655757151,pf_centre,105.861,-79.324,34.758,0.0502,2.643,1.2.826.0.1.3680043.8.498.14349541653410245927611807531042566456,27,0.6,6,True
1.2.826.0.1.3680043.8.498.93623421864452751381778712192879121271,pf_centre,-103.971,-55.141,31.76,0.1141,1.175,1.2.826.0.1.3680043.8.498.42033979413155554698119716772598967904,22,5.0,1,True
1.2.826.0.1.3680043.8.498.93653421810951484288813767943453706233,pf_centre,124.61,-90.867,-5.351,0.1046,2.641,1.2.826.0.1.3680043.8.498.99130109773637576844588393816263857556,21,6.101,1,True
1.2.826.0.1.3680043.8.498.93655619137163635289231840294252859840,pf_centre,7.987,-49.736,15.47,0.0885,1.037,1.2.826.0.1.3680043.8.498.11331806363781749357146091827556275272,28,4.4,1,True
1.2.826.0.1.3680043.8.498.93718451128867963123946970296603639068,pf_centre,92.413,-53.868,2.3,0.0768,2.677,1.2.826.0.1.3680043.8.498.28725769140622930098083929957675505091,30,4.4,1,True
1.2.826.0.1.3680043.8.498.93719148934772792523193842156217224487,pf_centre,-85.574,-25.676,14.761,0.0573,1.184,1.2.826.0.1.3680043.8.498.44520431759435262325997607233504096478,36,4.4,1,True
1.2.826.0.1.3680043.8.498.93722352425168280299901366261374293722,pf_centre,-110.348,-97.193,-4.518,0.0835,1.08,1.2.826.0.1.3680043.8.498.81242294043273524300559462842162359854,22,6.638,1,True
1.2.826.0.1.3680043.8.498.93728117237268000947508816107096388086,pf_centre,-70.147,-78.41,5.169,0.1225,0.854,1.2.826.0.1.3680043.8.498.15644146908239619120472597058200885924,24,0.6,6,True
1.2.826.0.1.3680043.8.498.93747304211180517979657679136059719120,pf_centre,91.715,-112.043,28.068,0.0803,1.129,1.2.826.0.1.3680043.8.498.90362342307956700301419310070188671827,18,6.405,1,True
1.2.826.0.1.3680043.8.498.93774667493652492119129601342627338680,pf_centre,-118.228,-77.552,-26.103,0.0837,1.165,1.2.826.0.1.3680043.8.498.49006692182550551287409389729060453851,30,4.4,1,True
1.2.826.0.1.3680043.8.498.93848205752465320137433228658870667418,pf_centre,102.902,-57.019,-20.011,0.101,2.26,1.2.826.0.1.3680043.8.498.17755933510106554626638699448574974065,42,3.5,1,True
1.2.826.0.1.3680043.8.498.93902628119199416703899320994283313812,pf_centre,-77.63,-37.555,3.986,0.093,1.749,1.2.826.0.1.3680043.8.498.55664229626588204639063665017244563473,36,3.3,1,True
1.2.826.0.1.3680043.8.498.93921993164883084178408030385007465064,pf_centre,-103.41,-26.189,-22.86,0.101,3.092,1.2.826.0.1.3680043.8.498.46697612136010121030932017497298956585,30,3.3,1,True
1.2.826.0.1.3680043.8.498.93976819306514730278115540117878688308,pf_centre,95.718,-85.494,1.058,0.1229,0.939,1.2.826.0.1.3680043.8.498.80221756082753170009711470572576342545,20,5.2,1,True
1.2.826.0.1.3680043.8.498.93985093305024344873337249433396141838,pf_centre,-85.824,-51.358,-40.336,0.069,2.161,1.2.826.0.1.3680043.8.498.16508200744842981748097528099088434631,38,3.6,1,True
1.2.826.0.1.3680043.8.498.94002633501154835018549300667479350401,pf_centre,-89.225,-51.642,26.208,0.0849,1.094,1.2.826.0.1.3680043.8.498.78519134260947533574775363889451484594,32,3.6,1,True
1.2.826.0.1.3680043.8.498.94027547274004055924993074754507802303,pf_centre,-70.798,-53.815,-19.732,0.0481,1.042,1.2.826.0.1.3680043.8.498.48171170347970202735676878222173177484,36,4.095,1,True
1.2.826.0.1.3680043.8.498.94030816415316308210133175314873817171,pf_centre,122.979,-71.954,-5.896,0.0788,2.427,1.2.826.0.1.3680043.8.498.10247483317221578690430150192831941049,30,4.4,1,True
1.2.826.0.1.3680043.8.498.94069670011071682445520414370532541612,pf_centre,-88.383,-88.792,-3.438,0.0768,4.953,1.2.826.0.1.3680043.8.498.11897092676257644574033344955052093768,19,5.0,1,True
1.2.826.0.1.3680043.8.498.94117540970936035429846288243624086693,pf_centre,-12.15,-27.661,10.581,0.1094,1.439,1.2.826.0.1.3680043.8.498.78574515208540016206463063310511214671,24,4.4,1,True
1.2.826.0.1.3680043.8.498.94244885518758327449236878653096161475,pf_centre,95.606,-75.639,13.065,0.0967,2.695,1.2.826.0.1.3680043.8.498.12394031477575871776610934102880067676,26,0.6,5,True
1.2.826.0.1.3680043.8.498.94252884278314596961426629318911909075,pf_centre,-103.13,-33.304,10.127,0.0673,1.05,1.2.826.0.1.3680043.8.498.13030645662072203667417280160544282779,29,4.5,1,True
1.2.826.0.1.3680043.8.498.94255124739558547668304022649099251744,pf_centre,-83.184,-49.324,3.251,0.0853,1.151,1.2.826.0.1.3680043.8.498.12200166733046206891510258921555551757,36,3.3,1,True
1.2.826.0.1.3680043.8.498.94274898137310893945218731717226819541,pf_centre,-99.718,-87.445,16.997,0.0615,0.787,1.2.826.0.1.3680043.8.498.88280318933403818216814351012141122301,36,3.3,1,True
1.2.826.0.1.3680043.8.498.94296943940827583101208235208463322140,pf_centre,134.204,-76.477,15.947,0.0921,5.317,1.2.826.0.1.3680043.8.498.61705598950968884906023037241165242865,26,4.5,1,True
1.2.826.0.1.3680043.8.498.94328216642444410827846344286227627425,pf_centre,-122.151,-93.471,12.771,0.07,1.138,1.2.826.0.1.3680043.8.498.91488676505110819897072444451119609496,36,3.3,1,True
1.2.826.0.1.3680043.8.498.94335780236370744781443631231792792083,pf_centre,91.574,-32.105,-3.43,0.0566,1.765,1.2.826.0.1.3680043.8.498.13240003924154720829986308542975166394,31,4.52,1,True
1.2.826.0.1.3680043.8.498.94381282809153270156987123429739805206,pf_centre,-86.42,-51.19,4.827,0.0868,0.747,1.2.826.0.1.3680043.8.498.12949461294539970593270787277246399951,36,3.3,1,True
1.2.826.0.1.3680043.8.498.94393348753936295687030819683853459606,pf_centre,-84.731,-59.625,15.112,0.049,4.505,1.2.826.0.1.3680043.8.498.37479263340084972880605653317455129822,34,4.55,1,True
1.2.826.0.1.3680043.8.498.94433753471890306108089557761231739312,pf_centre,146.597,-7.405,30.217,0.0813,2.148,1.2.826.0.1.3680043.8.498.18301329750310393137000369594616632001,30,4.4,1,True
1.2.826.0.1.3680043.8.498.94447683257072169359896104855962933413,pf_centre,-92.914,-47.36,20.863,0.0816,2.159,1.2.826.0.1.3680043.8.498.83705893941585631653092350003651908052,36,3.3,1,True
1.2.826.0.1.3680043.8.498.94448720962054029575571654250994769402,pf_centre,78.268,-53.803,-7.307,0.0832,1.295,1.2.826.0.1.3680043.8.498.67939761478106677469103631979610028368,36,3.3,1,True
1.2.826.0.1.3680043.8.498.94553664348118184200007654265863262684,pf_centre,-90.296,-42.747,-5.072,0.094,2.335,1.2.826.0.1.3680043.8.498.16874520182607587929736179964722668030,34,3.9,1,True
1.2.826.0.1.3680043.8.498.94590838906158914501563687877014778914,pf_centre,117.748,-79.844,12.603,0.0744,1.738,1.2.826.0.1.3680043.8.498.51709792041336449286602374496311412806,30,4.4,1,True
1.2.826.0.1.3680043.8.498.94594009911808653224418094594012527944,pf_centre,-117.827,-97.445,-7.88,0.0578,4.702,1.2.826.0.1.3680043.8.498.58268554925311610219998613051222056869,25,5.5,1,True
1.2.826.0.1.3680043.8.498.94601583997736688762302974573903982304,pf_centre,79.937,-49.105,17.206,0.1166,3.939,1.2.826.0.1.3680043.8.498.47492616584849347954539801226537056865,30,3.3,1,True
1.2.826.0.1.3680043.8.498.94607524665407029611795868588964734480,pf_centre,95.65,-47.5,8.708,0.1067,1.437,1.2.826.0.1.3680043.8.498.26355503124652714463947064603323124796,40,3.5,1,True
1.2.826.0.1.3680043.8.498.94625454484290996254750481989036812516,pf_centre,82.278,-47.995,18.233,0.066,1.319,1.2.826.0.1.3680043.8.498.11569985639226574013315349661611469758,38,3.6,1,True
1.2.826.0.1.3680043.8.498.94635110520016467882028406590905441740,pf_centre,-86.666,-93.37,48.229,0.1062,1.699,1.2.826.0.1.3680043.8.498.11729263015298923297339264779900740608,27,0.6,6,True
1.2.826.0.1.3680043.8.498.94658317716039594639343437780115140531,pf_centre,-95.106,-102.846,-6.385,0.1176,1.763,1.2.826.0.1.3680043.8.498.11982894252638366047104938094321290267,19,5.4,1,True
1.2.826.0.1.3680043.8.498.94677297888135961827159679484207792618,pf_centre,106.579,-62.581,-3.694,0.1122,1.666,1.2.826.0.1.3680043.8.498.14942837234494719657442423206133403113,38,3.5,1,True
1.2.826.0.1.3680043.8.498.94722363227977785887442194094888460046,pf_centre,-80.18,-50.115,-16.667,0.0655,1.054,1.2.826.0.1.3680043.8.498.51820535404927306879141660451243056389,38,3.6,1,True
1.2.826.0.1.3680043.8.498.94729634553835820944505159643192054175,pf_centre,84.418,-54.815,34.246,0.0825,1.671,1.2.826.0.1.3680043.8.498.31552518927866479448642515092289860899,30,4.55,1,True
1.2.826.0.1.3680043.8.498.94747403767627336827372096100476526821,pf_centre,-88.364,-72.871,-15.045,0.0614,0.813,1.2.826.0.1.3680043.8.498.60164901574588007435955838467600044567,30,4.4,1,True
1.2.826.0.1.3680043.8.498.94753144127920558221268610279343359449,pf_centre,-89.226,-14.653,2.332,0.0544,2.45,1.2.826.0.1.3680043.8.498.48375356689650141776273684634223182131,29,4.4,1,True
1.2.826.0.1.3680043.8.498.94761755148413531477206243804832613511,pf_centre,33.304,-99.356,47.025,0.0517,1.136,1.2.826.0.1.3680043.8.498.47270208637957219708492401721124163388,40,3.3,1,True
1.2.826.0.1.3680043.8.498.94774472240035721003264951868030913589,pf_centre,-93.923,-93.846,-18.524,0.1033,1.319,1.2.826.0.1.3680043.8.498.67862843560108471383722589002740755959,29,0.6,5,True
1.2.826.0.1.3680043.8.498.94798723424795346945893598929864335472,pf_centre,81.282,-48.854,-10.452,0.1378,2.373,1.2.826.0.1.3680043.8.498.40381006719171014254712895009096245410,24,4.5,1,True
1.2.826.0.1.3680043.8.498.94822220672465914426995315295921716764,pf_centre,-98.396,-84.833,28.877,0.062,1.139,1.2.826.0.1.3680043.8.498.74986989502658825253010692674185293362,18,7.336,1,True
1.2.826.0.1.3680043.8.498.94921929374845793599006362190119159537,pf_centre,123.591,-83.78,-13.095,0.0813,1.417,1.2.826.0.1.3680043.8.498.72480613082295934967208631633881983743,32,3.3,1,True
1.2.826.0.1.3680043.8.498.94944218313788305917509271079443871442,pf_centre,90.338,-98.698,-5.217,0.0633,1.35,1.2.826.0.1.3680043.8.498.11279409496102876322262551363692002179,35,4.0,1,True
1.2.826.0.1.3680043.8.498.94945670991495145462605178471390637325,pf_centre,-73.314,-54.912,-9.139,0.0635,1.325,1.2.826.0.1.3680043.8.498.88229990936916913406551818291012329483,36,3.3,1,True
1.2.826.0.1.3680043.8.498.94954489705497211843190734684710878341,pf_centre,94.576,-90.739,42.507,0.0924,4.222,1.2.826.0.1.3680043.8.498.11305489946818423705991880605253921753,26,0.6,5,True
1.2.826.0.1.3680043.8.498.94955017957653373798729896600270551224,pf_centre,-109.438,-76.105,26.327,0.0595,1.383,1.2.826.0.1.3680043.8.498.78524502446136358670335336903740005784,22,6.591,1,True
1.2.826.0.1.3680043.8.498.95026524886584356226576936309513335214,pf_centre,120.423,-69.862,-6.301,0.0708,0.809,1.2.826.0.1.3680043.8.498.70790027583029637074495100434592755484,30,4.4,1,True
1.2.826.0.1.3680043.8.498.95030266788619257057351879256576338162,pf_centre,72.108,-44.562,11.946,0.0699,0.98,1.2.826.0.1.3680043.8.498.88037040248275699241316525810447842193,30,4.52,1,True
1.2.826.0.1.3680043.8.498.95060380238431209646600378585422128745,pf_centre,62.675,-56.148,16.81,0.0446,1.931,1.2.826.0.1.3680043.8.498.15886257898564256996799074797515746220,48,3.5,1,True
1.2.826.0.1.3680043.8.498.95080449640993916851075185393444497308,pf_centre,116.348,-110.913,10.127,0.0844,3.108,1.2.826.0.1.3680043.8.498.42986384668211788642283571687396153712,35,3.3,1,True
1.2.826.0.1.3680043.8.498.95091624999382167943525022414631622532,pf_centre,111.001,-64.164,-32.606,0.0609,2.698,1.2.826.0.1.3680043.8.498.78943168330272683630555123311077463609,30,4.4,1,True
1.2.826.0.1.3680043.8.498.95113114010658169441709314948308683982,pf_centre,0.889,-27.562,-1.674,0.0841,1.399,1.2.826.0.1.3680043.8.498.64740346877053542646124965054696621339,28,4.0,1,True
1.2.826.0.1.3680043.8.498.95142886737239438773421088967802136318,pf_centre,-60.343,-21.256,10.837,0.1082,0.667,1.2.826.0.1.3680043.8.498.10000477131564453926848372798213249270,28,4.52,1,True
1.2.826.0.1.3680043.8.498.95193282490279394602564266574551123732,pf_centre,100.81,-94.69,17.432,0.0613,3.133,1.2.826.0.1.3680043.8.498.57852970687720456137113031554807262978,20,6.26,1,True
1.2.826.0.1.3680043.8.498.95196756237527666678816095708949563380,pf_centre,77.954,-28.686,18.739,0.0682,2.23,1.2.826.0.1.3680043.8.498.12461856792047009298769312736684503906,30,4.55,1,True
1.2.826.0.1.3680043.8.498.95223549428749744711279985897241419512,pf_centre,-103.064,-30.628,11.906,0.0553,1.686,1.2.826.0.1.3680043.8.498.58674941531392384180341353700820810641,33,4.5,1,True
1.2.826.0.1.3680043.8.498.95256518245659249144569318023469597946,pf_centre,-86.799,-93.894,-3.738,0.1044,1.82,1.2.826.0.1.3680043.8.498.85946952445475531854637635468626268874,24,0.6,6,True
1.2.826.0.1.3680043.8.498.95262231945171099723559613554350591139,pf_centre,114.789,-28.548,34.335,0.0629,1.054,1.2.826.0.1.3680043.8.498.85153347264301775957424407568593974367,44,3.5,1,True
1.2.826.0.1.3680043.8.498.95321750682026667237717880394536750835,pf_centre,-113.595,-99.961,42.539,0.0864,0.984,1.2.826.0.1.3680043.8.498.19585656001809081617848552871539270213,32,3.85,1,True
1.2.826.0.1.3680043.8.498.95324318295506605557933083155792587297,pf_centre,124.96,-69.002,7.721,0.0902,1.327,1.2.826.0.1.3680043.8.498.26038516600328506746395574208733769666,33,4.2,1,True
1.2.826.0.1.3680043.8.498.95334149193711661424105715330320414755,pf_centre,110.932,-88.16,-9.823,0.0438,1.457,1.2.826.0.1.3680043.8.498.99371381053964406277947331659775605955,47,0.9,4,True
1.2.826.0.1.3680043.8.498.95351925765761617117057799846763403963,pf_centre,116.34,-54.706,-18.012,0.0714,2.724,1.2.826.0.1.3680043.8.498.10048713072268890750198666318760216140,48,3.3,1,True
1.2.826.0.1.3680043.8.498.95376417067109020835342111882595126109,pf_centre,-112.81,-74.954,-15.222,0.0713,1.212,1.2.826.0.1.3680043.8.498.22325127075892451138893648571740664791,36,3.3,1,True
1.2.826.0.1.3680043.8.498.95433650759419050864053270236035947981,pf_centre,64.211,-42.986,12.635,0.0631,1.03,1.2.826.0.1.3680043.8.498.95035918258628107959033187090816411249,34,4.55,1,True
1.2.826.0.1.3680043.8.498.95464807346156547985763374990661923815,pf_centre,83.272,-84.273,22.597,0.1241,1.553,1.2.826.0.1.3680043.8.498.19993597982239635855205759350357158029,22,0.6,6,True
1.2.826.0.1.3680043.8.498.95490888360439852685783476266753304657,pf_centre,-126.371,-73.207,-3.948,0.0672,1.206,1.2.826.0.1.3680043.8.498.12597290747874803181070405310737370508,30,4.4,1,True
1.2.826.0.1.3680043.8.498.95497572581157858069692837655072209020,pf_centre,87.171,-40.202,-3.433,0.0785,2.209,1.2.826.0.1.3680043.8.498.80783863745735302147896486898010540576,36,3.3,1,True
1.2.826.0.1.3680043.8.498.95500234888498554736637315199668317948,pf_centre,-113.276,-87.06,6.345,0.075,3.567,1.2.826.0.1.3680043.8.498.90938726231608468154436855103374615320,36,3.3,1,True
1.2.826.0.1.3680043.8.498.95555755747044090477918262640906805885,pf_centre,-85.668,-52.749,10.706,0.0675,1.972,1.2.826.0.1.3680043.8.498.74235901085737471121068243976754633455,38,3.6,1,True
1.2.826.0.1.3680043.8.498.95560861705581165570145459410262387310,pf_centre,-66.773,-27.668,17.481,0.0766,1.886,1.2.826.0.1.3680043.8.498.69514547033550129202491163361810779021,30,4.5,1,True
1.2.826.0.1.3680043.8.498.95570207430778332247200880037915693375,pf_centre,-84.897,-47.323,-4.334,0.0686,2.15,1.2.826.0.1.3680043.8.498.74429632408523784448028948666234615961,38,3.6,1,True
1.2.826.0.1.3680043.8.498.95586477246200285088746818821808017494,pf_centre,-75.679,-29.972,-5.645,0.1049,1.903,1.2.826.0.1.3680043.8.498.20609148829049631252026955906793509963,30,3.3,1,True
1.2.826.0.1.3680043.8.498.95588576819758266413765165887081039863,pf_centre,-109.974,-68.263,22.065,0.0462,1.617,1.2.826.0.1.3680043.8.498.97652346448936203414037892981930118276,48,3.3,1,True
1.2.826.0.1.3680043.8.498.95601371640669355936785637162110963091,pf_centre,-102.717,22.031,18.798,0.0842,0.937,1.2.826.0.1.3680043.8.498.50397971542191273421430819896380694901,35,3.3,1,True
1.2.826.0.1.3680043.8.498.95621693348567815920675804584086926261,pf_centre,-19.878,-38.722,5.613,0.0896,3.34,1.2.826.0.1.3680043.8.498.17229947347876975651132025332411286279,24,5.4,1,True
1.2.826.0.1.3680043.8.498.95638601079527306640829424921455011698,pf_centre,104.856,-82.357,14.821,0.0771,1.301,1.2.826.0.1.3680043.8.498.43733991359353661502249377209931293765,34,3.3,1,True
1.2.826.0.1.3680043.8.498.95653228095828585867177997067051877351,pf_centre,-82.082,-59.399,25.563,0.0736,1.089,1.2.826.0.1.3680043.8.498.23290533638719829681387543692392642763,40,3.3,1,True
1.2.826.0.1.3680043.8.498.95694598580744163428934772566469311180,pf_centre,84.406,-61.687,11.017,0.0597,1.928,1.2.826.0.1.3680043.8.498.37920723957797560041831500800415142828,44,3.3,1,True
1.2.826.0.1.3680043.8.498.95705755527332814775935856896567782522,pf_centre,-88.218,-61.417,5.937,0.0996,1.249,1.2.826.0.1.3680043.8.498.11971455229233006566392619173598725688,36,3.3,1,True
1.2.826.0.1.3680043.8.498.95720534093121754146413060811354489247,pf_centre,97.587,-25.91,23.113,0.1164,1.161,1.2.826.0.1.3680043.8.498.14970588894482357260975441182948103257,27,3.6,1,True
1.2.826.0.1.3680043.8.498.95727100148189624148200652225439854460,pf_centre,-0.687,-19.458,14.237,0.0534,7.354,1.2.826.0.1.3680043.8.498.94447730035404970638617018923747881061,30,4.0,1,True
1.2.826.0.1.3680043.8.498.95728724960383464194568391302477328450,pf_centre,-129.435,-81.697,9.015,0.0546,7.045,1.2.826.0.1.3680043.8.498.10223419801348329759168499848602665108,30,4.0,1,True
1.2.826.0.1.3680043.8.498.95777611643095956714301310992151723603,pf_centre,-94.252,-31.354,-38.441,0.0985,1.249,1.2.826.0.1.3680043.8.498.11179604509598574563663201862422647122,28,5.0,1,True
1.2.826.0.1.3680043.8.498.95796009319232592137564145023096016872,pf_centre,120.179,-96.307,24.912,0.0882,1.79,1.2.826.0.1.3680043.8.498.63128063707681066484797939897837640641,36,3.3,1,True
1.2.826.0.1.3680043.8.498.95850844945129153291759207212815927078,pf_centre,85.394,-69.456,3.453,0.0669,1.33,1.2.826.0.1.3680043.8.498.41609637465948657915108683054382953655,38,3.6,1,True
1.2.826.0.1.3680043.8.498.95864678405973312042815189771902289608,pf_centre,105.943,-105.79,24.158,0.0886,3.143,1.2.826.0.1.3680043.8.498.36328701638365975350621401826705343616,18,7.59,1,True
1.2.826.0.1.3680043.8.498.95882731821729917461275694847968503951,pf_centre,-101.87,-80.411,-8.491,0.0312,0.981,1.2.826.0.1.3680043.8.498.88479963549151270911547412373012103546,47,0.9,4,True
1.2.826.0.1.3680043.8.498.95912798959818676102590029534562878721,pf_centre,121.787,-114.476,14.381,0.0931,1.067,1.2.826.0.1.3680043.8.498.23283515884269096856764925911010176972,22,6.282,1,True
1.2.826.0.1.3680043.8.498.95918254432056542701730614049432316728,pf_centre,94.766,-82.465,-8.023,0.1182,1.727,1.2.826.0.1.3680043.8.498.61381323051771310815544395749030522596,26,0.6,5,True
1.2.826.0.1.3680043.8.498.95984406324600336713471618620285270466,pf_centre,111.349,-78.008,19.641,0.0525,1.776,1.2.826.0.1.3680043.8.498.11453414272136434165435447742216914170,47,0.9,4,True
1.2.826.0.1.3680043.8.498.96051765028927322365509303222455708654,pf_centre,99.378,13.214,-16.574,0.0751,2.432,1.2.826.0.1.3680043.8.498.26197160652225155273429155562833560466,30,4.4,1,True
1.2.826.0.1.3680043.8.498.96054287426681123062488435620352206601,pf_centre,-70.683,-25.867,-17.622,0.0963,1.777,1.2.826.0.1.3680043.8.498.74699531134835288647894175015445837293,32,4.0,1,True
1.2.826.0.1.3680043.8.498.96094001324999448553107805455529187871,pf_centre,-120.279,-79.144,-19.462,0.0325,0.611,1.2.826.0.1.3680043.8.498.11043096711298654959032092227130000412,30,4.4,1,True
1.2.826.0.1.3680043.8.498.96117880374445894729658092255088269716,pf_centre,111.516,-60.123,-3.421,0.1309,1.057,1.2.826.0.1.3680043.8.498.43606849223736326058470933843217475476,22,4.5,1,True
1.2.826.0.1.3680043.8.498.96146854841734718524530740965296119916,pf_centre,-111.855,-82.428,13.592,0.0708,1.084,1.2.826.0.1.3680043.8.498.12390443803286049118533124254817054325,40,3.3,1,True
1.2.826.0.1.3680043.8.498.96152894373838410779390571000523933753,pf_centre,83.514,-78.176,-19.808,0.0779,2.613,1.2.826.0.1.3680043.8.498.11728547891375690423110523782929069334,22,5.427,1,True
1.2.826.0.1.3680043.8.498.96158169859491339496094295508194547199,pf_centre,104.685,-92.731,11.164,0.0698,2.524,1.2.826.0.1.3680043.8.498.83758478372434167848187156005220834823,30,4.0,1,True
1.2.826.0.1.3680043.8.498.96174494699876332875347380499122120925,pf_centre,124.281,-43.011,-11.663,0.094,1.425,1.2.826.0.1.3680043.8.498.13147451719130470366052269698116614676,29,5.0,1,True
1.2.826.0.1.3680043.8.498.96293531288862652713666056362328893428,pf_centre,-93.474,-107.032,-17.252,0.0705,2.477,1.2.826.0.1.3680043.8.498.25765534743894287318321409684532592879,19,5.0,1,True
1.2.826.0.1.3680043.8.498.96316229168827165128604998083731481211,pf_centre,83.581,-51.987,-17.58,0.0882,0.876,1.2.826.0.1.3680043.8.498.12500557397847286688304642875678683529,36,3.3,1,True
1.2.826.0.1.3680043.8.498.96323485839061204012967074568679195142,pf_centre,129.614,25.036,-39.989,0.0493,3.37,1.2.826.0.1.3680043.8.498.60994568894234472642718936201403054271,30,4.4,1,True
1.2.826.0.1.3680043.8.498.96425049974772570897047688166336162674,pf_centre,104.625,-87.088,12.374,0.0476,1.537,1.2.826.0.1.3680043.8.498.60908109416131329738567531554967379740,47,0.9,4,True
1.2.826.0.1.3680043.8.498.96448229695053562621553132798380456420,pf_centre,94.289,-31.181,42.24,0.0551,1.743,1.2.826.0.1.3680043.8.498.22392208934347993433497022038927266747,30,3.3,1,True
1.2.826.0.1.3680043.8.498.96483513352751590579274577125356217169,pf_centre,116.103,-52.804,-5.032,0.0677,2.059,1.2.826.0.1.3680043.8.498.12640303405637349953442496442783249805,38,3.6,1,True
1.2.826.0.1.3680043.8.498.96510621665552630060821422211995212854,pf_centre,85.735,-38.479,55.114,0.0674,2.082,1.2.826.0.1.3680043.8.498.19946550407577320614369143649162241292,36,3.3,1,True
1.2.826.0.1.3680043.8.498.96559819562317669526803257835398470484,pf_centre,87.126,-65.122,3.999,0.088,1.165,1.2.826.0.1.3680043.8.498.76716772687579857827354449790059473952,23,5.2,1,True
1.2.826.0.1.3680043.8.498.96561978771090020509310535265236331946,pf_centre,-93.45,-84.986,-15.688,0.094,0.971,1.2.826.0.1.3680043.8.498.11219077981270583820565624555968783764,24,5.0,1,True
1.2.826.0.1.3680043.8.498.96562865861483086790615358719391771217,pf_centre,-103.702,-63.531,1.044,0.0883,1.189,1.2.826.0.1.3680043.8.498.21928619212182602063593633744865139456,30,3.6,1,True
1.2.826.0.1.3680043.8.498.96564709711765982786409987515735443801,pf_centre,-68.194,-45.096,-3.459,0.0743,0.996,1.2.826.0.1.3680043.8.498.11580514061851868515280886976091860954,30,4.55,1,True
1.2.826.0.1.3680043.8.498.96587029379314618196381307882235433083,pf_centre,-74.798,-39.187,-29.924,0.1123,1.451,1.2.826.0.1.3680043.8.498.71367192344046999038992878799456726412,30,3.3,1,True
1.2.826.0.1.3680043.8.498.96614828054790815108190478795539254570,pf_centre,102.206,-65.937,0.422,0.0931,1.321,1.2.826.0.1.3680043.8.498.67717054303812986489818905314325898726,33,4.5,1,True
1.2.826.0.1.3680043.8.498.96621557839848412555023112236627663339,pf_centre,34.515,-72.902,52.679,0.0903,1.85,1.2.826.0.1.3680043.8.498.66408360861504431125541939333234024526,40,3.3,1,True
1.2.826.0.1.3680043.8.498.96657465815875587552665111166265086308,pf_centre,-89.247,-83.782,13.347,0.1288,1.278,1.2.826.0.1.3680043.8.498.37000930199062318872305537914207340476,24,0.6,6,True
1.2.826.0.1.3680043.8.498.96791010280967772394523567484937888186,pf_centre,-108.077,-93.349,-33.042,0.088,0.647,1.2.826.0.1.3680043.8.498.85792287982282727680650310646177180793,30,4.5,1,True
1.2.826.0.1.3680043.8.498.96818533353374094273022322108861564926,pf_centre,-88.714,-47.021,47.52,0.0682,1.593,1.2.826.0.1.3680043.8.498.35410345699500894327897197263739813743,36,3.3,1,True
1.2.826.0.1.3680043.8.498.96846796615932368166905347054245013501,pf_centre,-89.744,-54.422,-15.169,0.0835,4.184,1.2.826.0.1.3680043.8.498.18665293159434665446489669846530301823,30,4.4,1,True
1.2.826.0.1.3680043.8.498.96859317329616917022799512740280754327,pf_centre,108.44,-85.975,-17.551,0.0454,1.254,1.2.826.0.1.3680043.8.498.10060273217595819322621412362442540539,47,0.9,4,True
1.2.826.0.1.3680043.8.498.96943946564115188893954628924857155670,pf_centre,-68.468,-46.219,13.605,0.0236,10.974,1.2.826.0.1.3680043.8.498.53253022316300505115497190376436607061,30,3.3,1,True
1.2.826.0.1.3680043.8.498.96944926470854551064948200936284887742,pf_centre,-92.585,-53.98,11.362,0.0409,4.403,1.2.826.0.1.3680043.8.498.10263031585701567707485003764222030019,33,4.5,1,True
1.2.826.0.1.3680043.8.498.96947237995559790704304892745226362883,pf_centre,126.635,-63.714,8.188,0.0598,0.614,1.2.826.0.1.3680043.8.498.13331707818562992054120820404034811419,35,4.0,1,True
1.2.826.0.1.3680043.8.498.96950011369238410949579095568317214261,pf_centre,18.08,-21.261,11.209,0.0441,1.333,1.2.826.0.1.3680043.8.498.31161328675424343697301940527076363868,32,4.5,1,True
1.2.826.0.1.3680043.8.498.97003157807630958179276831877591411623,pf_centre,47.411,-39.698,-5.094,0.0787,1.575,1.2.826.0.1.3680043.8.498.37820665935645070230527833857086913326,36,3.3,1,True
1.2.826.0.1.3680043.8.498.97004483591331502283638578516018997228,pf_centre,115.989,-50.217,34.927,0.0857,2.207,1.2.826.0.1.3680043.8.498.28769731774402507909953590974946063377,20,5.0,1,True
1.2.826.0.1.3680043.8.498.97020520267554584684160936968569132254,pf_centre,100.409,-88.271,-7.069,0.1014,16.923,1.2.826.0.1.3680043.8.498.28498849462830399414480471067946328759,32,0.6,5,True
1.2.826.0.1.3680043.8.498.97042446513400958172996637321308032556,pf_centre,-112.583,-61.161,-5.356,0.0721,1.23,1.2.826.0.1.3680043.8.498.65116032498496702201099188802055518974,22,4.5,1,True
1.2.826.0.1.3680043.8.498.97055845147740306780908051236353219644,pf_centre,70.268,-97.067,-3.943,0.1356,2.333,1.2.826.0.1.3680043.8.498.63461351146266629916283057510983268070,19,5.2,1,True
1.2.826.0.1.3680043.8.498.97087958215554026148585108910609248523,pf_centre,109.645,-10.332,86.186,0.0387,1.201,1.2.826.0.1.3680043.8.498.49420175422587415525434878560254924821,44,3.5,1,True
1.2.826.0.1.3680043.8.498.97107472223824971578324157203273471706,pf_centre,81.637,-47.892,-8.613,0.0583,4.929,1.2.826.0.1.3680043.8.498.62576763035455152242094652088356594706,42,3.6,1,True
1.2.826.0.1.3680043.8.498.97135552871905937467775630206570358085,pf_centre,82.357,-91.108,-21.409,0.0927,1.661,1.2.826.0.1.3680043.8.498.93567063140615601149743554503233211731,32,0.6,5,True
1.2.826.0.1.3680043.8.498.97156518925820521351080132062400795929,pf_centre,91.851,-98.587,22.865,0.1144,3.21,1.2.826.0.1.3680043.8.498.29458402001104183547883060753451552653,24,0.6,6,True
1.2.826.0.1.3680043.8.498.97220604868276521004168045790587997687,pf_centre,-119.496,-96.334,9.461,0.0645,1.781,1.2.826.0.1.3680043.8.498.49124028450670089896470169068812412068,36,3.3,1,True
1.2.826.0.1.3680043.8.498.97234348688223610934999923021953923903,pf_centre,-75.184,-16.878,-33.563,0.1306,1.42,1.2.826.0.1.3680043.8.498.12140089643557337382050968574358024261,30,3.3,1,True
1.2.826.0.1.3680043.8.498.97248397528214121944398119979516268902,pf_centre,-81.417,-85.22,-4.474,0.0554,1.635,1.2.826.0.1.3680043.8.498.11567152704466060822829948290981112538,30,4.0,1,True
1.2.826.0.1.3680043.8.498.97259766233250760343109933426776941754,pf_centre,77.876,-45.931,7.205,0.0716,1.636,1.2.826.0.1.3680043.8.498.54792428102517649575747323337400797384,33,4.55,1,True
1.2.826.0.1.3680043.8.498.97259977321685658337087695233264517545,pf_centre,-79.469,-57.892,39.747,0.0789,2.298,1.2.826.0.1.3680043.8.498.91173909879005616388938734082428621962,40,3.3,1,True
1.2.826.0.1.3680043.8.498.97269744864161337523188705262974234442,pf_centre,-75.056,-63.448,1.999,0.033,4.049,1.2.826.0.1.3680043.8.498.43704838744387350842651276103698765844,30,4.4,1,True
1.2.826.0.1.3680043.8.498.97274720257634584071500649275217521662,pf_centre,-76.993,-88.114,32.778,0.1022,1.269,1.2.826.0.1.3680043.8.498.92909718893560498250889678421934340850,27,0.6,6,True
1.2.826.0.1.3680043.8.498.97274847570547462056218828853253311223,pf_centre,-110.962,-79.208,2.887,0.071,2.062,1.2.826.0.1.3680043.8.498.11551639437747726323825187583742075520,30,4.4,1,True
1.2.826.0.1.3680043.8.498.97296323335289879687414244774227160450,pf_centre,68.24,36.751,-0.301,0.0499,2.134,1.2.826.0.1.3680043.8.498.36443759257805254531315917290022426004,30,4.4,1,True
1.2.826.0.1.3680043.8.498.97303893645051596044169857585815133097,pf_centre,-114.901,-95.064,16.618,0.0959,1.943,1.2.826.0.1.3680043.8.498.15737460332740505598699018331126180684,36,3.3,1,True
1.2.826.0.1.3680043.8.498.97348112008590316355392924312704081684,pf_centre,-102.213,-119.869,-7.295,0.1298,1.19,1.2.826.0.1.3680043.8.498.24386983475502535371875748199831349067,19,4.92,1,True
1.2.826.0.1.3680043.8.498.97353980946516912216109392482235435606,pf_centre,114.349,-26.996,-23.822,0.0612,1.565,1.2.826.0.1.3680043.8.498.33669714375633181456907339344537519742,35,5.5,1,True
1.2.826.0.1.3680043.8.498.97400307568415006244714024769069514497,pf_centre,-94.147,-36.053,47.603,0.129,1.637,1.2.826.0.1.3680043.8.498.10329982709663049723290741517468026687,22,4.4,1,True
1.2.826.0.1.3680043.8.498.97464332941382646555656038793589898504,pf_centre,98.32,-92.88,24.088,0.1277,3.419,1.2.826.0.1.3680043.8.498.29059387952282622358079429160833660531,19,5.0,1,True
1.2.826.0.1.3680043.8.498.97485476951995325021464683747847126869,pf_centre,-123.5,-42.281,-8.671,0.1179,1.937,1.2.826.0.1.3680043.8.498.40264716163351772539669515418810685749,30,3.3,1,True
1.2.826.0.1.3680043.8.498.97488501634729541923597957717971376373,pf_centre,69.709,-47.115,24.189,0.0611,2.562,1.2.826.0.1.3680043.8.498.62362651647692710455623166714678685627,30,3.5,1,True
1.2.826.0.1.3680043.8.498.97496319463700021339637597270948309369,pf_centre,111.199,-104.87,51.704,0.0742,1.94,1.2.826.0.1.3680043.8.498.77366254162714153532559397694033961257,40,3.3,1,True
1.2.826.0.1.3680043.8.498.97500632594529766269369977508352975364,pf_centre,-116.461,-86.047,-9.927,0.0899,1.612,1.2.826.0.1.3680043.8.498.69069335890887725339986921094978280088,32,3.3,1,True
1.2.826.0.1.3680043.8.498.97520184067825971918316082134210579391,pf_centre,-117.685,-91.92,-5.894,0.0705,0.825,1.2.826.0.1.3680043.8.498.42296261557446748621275141358886404309,40,3.3,1,True
1.2.826.0.1.3680043.8.498.97536230315600409983600607358927775480,pf_centre,121.7,-84.915,-3.103,0.0976,1.139,1.2.826.0.1.3680043.8.498.61076905898886879356733937498378580350,33,3.3,1,True
1.2.826.0.1.3680043.8.498.97564564380731258764291146761742841527,pf_centre,-119.89,-84.137,-11.287,0.0702,1.454,1.2.826.0.1.3680043.8.498.13708465990840674813301893276991793419,36,3.3,1,True
1.2.826.0.1.3680043.8.498.97579738268290461886850261405719501384,pf_centre,42.77,24.055,-14.487,0.0556,1.062,1.2.826.0.1.3680043.8.498.39069468426534566611289663707662867367,45,3.5,1,True
1.2.826.0.1.3680043.8.498.97600121574703193898619052529830275028,pf_centre,-118.891,-95.634,-7.478,0.0432,1.396,1.2.826.0.1.3680043.8.498.77798827459493501011867868715097362243,27,5.5,1,True
1.2.826.0.1.3680043.8.498.97658595748192892503053963872409769829,pf_centre,-84.534,-77.319,1.071,0.0583,2.072,1.2.826.0.1.3680043.8.498.73966845383325583374272998828597459468,21,6.782,1,True
1.2.826.0.1.3680043.8.498.97689748704772735695349883980413529091,pf_centre,87.685,-122.783,-12.077,0.1545,2.025,1.2.826.0.1.3680043.8.498.17849635286336272721484421402445446380,20,5.0,1,True
1.2.826.0.1.3680043.8.498.97694479664965569386338738579573728752,pf_centre,-88.629,31.507,30.641,0.0427,1.039,1.2.826.0.1.3680043.8.498.11474053144150918921635177414632028372,30,4.4,1,True
1.2.826.0.1.3680043.8.498.97696436660690920809826140686268769509,pf_centre,-70.965,-53.386,27.335,0.0612,0.596,1.2.826.0.1.3680043.8.498.10107135759922002075616133541624734496,35,3.9,1,True
1.2.826.0.1.3680043.8.498.97705920250069816684861966612302390614,pf_centre,-79.598,-52.738,22.653,0.1175,1.355,1.2.826.0.1.3680043.8.498.52513566286710537636929998374818718620,30,3.3,1,True
1.2.826.0.1.3680043.8.498.97731968872354496470096174559789586056,pf_centre,-110.049,-83.748,27.909,0.0821,1.769,1.2.826.0.1.3680043.8.498.45619646424336612096602478092677863773,40,3.3,1,True
1.2.826.0.1.3680043.8.498.97759980486481979519068526243106370997,pf_centre,-69.8,-39.316,-0.702,0.1006,0.918,1.2.826.0.1.3680043.8.498.13320478143982210828567231014435074849,27,4.8,1,True
1.2.826.0.1.3680043.8.498.97797693721516872008302328638374252668,pf_centre,-82.648,-86.889,-19.325,0.1285,0.821,1.2.826.0.1.3680043.8.498.11118173267239993171700766318845288335,22,0.6,6,True
1.2.826.0.1.3680043.8.498.97830923192341890652952842494018952920,pf_centre,100.894,-85.75,32.706,0.0823,0.782,1.2.826.0.1.3680043.8.498.10753219581878359312489445972819874428,27,5.3,1,True
1.2.826.0.1.3680043.8.498.97849030682292314880463675622456900933,pf_centre,82.921,-38.162,13.052,0.0756,0.906,1.2.826.0.1.3680043.8.498.96365016888418252852552567787362402240,30,4.55,1,True
1.2.826.0.1.3680043.8.498.97909881548577311929907613359449243075,pf_centre,-88.187,-88.915,3.151,0.127,1.734,1.2.826.0.1.3680043.8.498.41407243388912771592188512087823219817,29,0.6,5,True
1.2.826.0.1.3680043.8.498.97944261713902372188894456162512065499,pf_centre,-121.96,-45.562,-0.33,0.0682,2.469,1.2.826.0.1.3680043.8.498.94952391341613100274561311787243427144,36,3.5,1,True
1.2.826.0.1.3680043.8.498.97964867333695657200856428936254426086,pf_centre,-125.253,-96.716,26.616,0.0902,1.016,1.2.826.0.1.3680043.8.498.13240350902646489788018777325067241639,22,5.0,1,True
1.2.826.0.1.3680043.8.498.98022738778461179495257509215244053198,pf_centre,-135.665,-12.872,41.632,0.0737,2.645,1.2.826.0.1.3680043.8.498.12690919560632806042393561974166566781,30,4.4,1,True
1.2.826.0.1.3680043.8.498.98027050915885651900992366068887550187,pf_centre,73.167,-19.536,32.152,0.0612,1.26,1.2.826.0.1.3680043.8.498.92280776906360075436663261318057932495,36,3.3,1,True
1.2.826.0.1.3680043.8.498.98028018520101798863795620289151810642,pf_centre,66.946,-34.699,25.054,0.0705,1.7,1.2.826.0.1.3680043.8.498.39314859438461316891208262414725875923,38,3.6,1,True
1.2.826.0.1.3680043.8.498.98039072306618106705944452906395982381,pf_centre,78.123,-61.2,20.348,0.0447,2.396,1.2.826.0.1.3680043.8.498.10222265977319276041231961147933752350,30,3.9,1,True
1.2.826.0.1.3680043.8.498.98064941971367073978404461105852658265,pf_centre,-153.244,-82.083,1.048,0.0675,2.85,1.2.826.0.1.3680043.8.498.10809910755269301335556920401098732451,21,6.782,1,True
1.2.826.0.1.3680043.8.498.98081486779628580946589119341754353354,pf_centre,-98.726,-87.069,18.2,0.0412,0.923,1.2.826.0.1.3680043.8.498.10675069614001338061474015629930962252,40,3.3,1,True
1.2.826.0.1.3680043.8.498.98102475310924339032647376491442498974,pf_centre,-112.779,-70.464,-23.002,0.0921,1.6,1.2.826.0.1.3680043.8.498.16254664491144244871000664116832631289,30,3.6,1,True
1.2.826.0.1.3680043.8.498.98107112397588450345153336193341117589,pf_centre,93.538,-59.884,-17.993,0.0571,2.703,1.2.826.0.1.3680043.8.498.10596987945279037236050305367413438908,45,3.3,1,True
1.2.826.0.1.3680043.8.498.98112373403331748422888362310572528002,pf_centre,114.274,-95.111,-1.806,0.0543,1.064,1.2.826.0.1.3680043.8.498.83737928253232069190424318336516824123,47,0.9,4,True
1.2.826.0.1.3680043.8.498.98143909986671737130865120569673002676,pf_centre,-125.021,-103.696,-21.086,0.0511,1.944,1.2.826.0.1.3680043.8.498.93784074558405034270178533859511773868,47,0.9,4,True
1.2.826.0.1.3680043.8.498.98146155044178593810385943365143374814,pf_centre,-106.804,-86.691,37.469,0.0502,5.83,1.2.826.0.1.3680043.8.498.24369221689960904265392044201717032503,23,5.7,1,True
1.2.826.0.1.3680043.8.498.98151095279541278201351784048265686573,pf_centre,-78.011,-21.806,15.637,0.1035,2.179,1.2.826.0.1.3680043.8.498.89799449968576275180355642894876118266,30,3.3,1,True
1.2.826.0.1.3680043.8.498.98181040478767526925214101502401448074,pf_centre,89.065,-9.85,15.473,0.1048,2.772,1.2.826.0.1.3680043.8.498.13570080483509418676326956104998423449,20,5.0,1,True
1.2.826.0.1.3680043.8.498.98239758242192048511912905088391835938,pf_centre,-100.007,-34.387,29.512,0.0717,1.589,1.2.826.0.1.3680043.8.498.62661560094602603779469299046906497961,30,3.9,1,True
1.2.826.0.1.3680043.8.498.98255454187594895604610283922744869720,pf_centre,-112.747,-55.52,14.113,0.051,0.754,1.2.826.0.1.3680043.8.498.32551291137128246573206327843789972327,30,4.4,1,True
1.2.826.0.1.3680043.8.498.98315778542448798493600485116505234132,pf_centre,61.702,-49.915,-5.678,0.0699,2.522,1.2.826.0.1.3680043.8.498.32051781599878193491638216593014125234,29,6.0,1,True
1.2.826.0.1.3680043.8.498.98333658788330318335997032513277632526,pf_centre,-103.148,-84.621,8.779,0.0628,1.0,1.2.826.0.1.3680043.8.498.12148909510424887091786540394576803462,40,3.3,1,True
1.2.826.0.1.3680043.8.498.98343185597651455245996667389303915779,pf_centre,-112.591,-64.002,45.497,0.0653,1.394,1.2.826.0.1.3680043.8.498.61265269007083980028622659461588250782,36,4.095,1,True
1.2.826.0.1.3680043.8.498.98351891935507349137982199658103205287,pf_centre,-123.842,-90.41,15.355,0.0863,2.983,1.2.826.0.1.3680043.8.498.33597425682382622868077791548155741702,32,3.3,1,True
1.2.826.0.1.3680043.8.498.98400072082366198211931728015692551635,pf_centre,-104.515,-49.611,16.093,0.0679,0.771,1.2.826.0.1.3680043.8.498.12958303001014931736766539613146148297,33,4.5,1,True
1.2.826.0.1.3680043.8.498.98454206323401382140655387224146512225,pf_centre,74.868,-4.317,-0.607,0.107,2.507,1.2.826.0.1.3680043.8.498.10021416149166512820013390377829661744,21,5.0,1,True
1.2.826.0.1.3680043.8.498.98541661035340329000785741171799559104,pf_centre,87.53,-61.808,17.052,0.0513,4.116,1.2.826.0.1.3680043.8.498.25645524464017531153480120105651967653,30,3.9,1,True
1.2.826.0.1.3680043.8.498.98581537941208552065033680853629122764,pf_centre,109.378,-64.128,-4.157,0.104,1.982,1.2.826.0.1.3680043.8.498.12833066710355719004853503502784610895,32,3.6,1,True
1.2.826.0.1.3680043.8.498.98599322992880180540967962062521615070,pf_centre,-92.239,-75.562,19.378,0.0657,0.812,1.2.826.0.1.3680043.8.498.54770350819116488838733827086706752495,48,3.3,1,True
1.2.826.0.1.3680043.8.498.98676079331571304021387833410440136393,pf_centre,71.388,-82.016,-5.007,0.131,1.945,1.2.826.0.1.3680043.8.498.83079768733136778288768927790681587832,29,0.6,5,True
1.2.826.0.1.3680043.8.498.98752901295449528283322564256444025625,pf_centre,-114.95,-72.958,81.079,0.0464,1.566,1.2.826.0.1.3680043.8.498.98663216110134177214125182157425888021,40,3.3,1,True
1.2.826.0.1.3680043.8.498.98781117432577714521231232440503778261,pf_centre,117.636,-110.891,14.586,0.0765,1.618,1.2.826.0.1.3680043.8.498.68258212163230318826249877827929918528,40,3.3,1,True
1.2.826.0.1.3680043.8.498.98795677271204502833293873138219040186,pf_centre,-74.332,-22.611,10.98,0.0719,1.033,1.2.826.0.1.3680043.8.498.48151331573804283241992300119637586805,39,4.5,1,True
1.2.826.0.1.3680043.8.498.98824066826946884510314135448574304233,pf_centre,108.41,-90.976,13.758,0.0411,2.125,1.2.826.0.1.3680043.8.498.20441887128385420203731491516073887255,47,0.9,4,True
1.2.826.0.1.3680043.8.498.98828753472895685940998888332947119084,pf_centre,76.543,-43.987,12.61,0.0984,1.444,1.2.826.0.1.3680043.8.498.27866916907036491782276592825944117876,30,4.4,1,True
1.2.826.0.1.3680043.8.498.98871650330162988912501872031191530068,pf_centre,-107.434,-51.743,-3.23,0.0659,0.962,1.2.826.0.1.3680043.8.498.50740569070424657609474058350873974359,33,4.5,1,True
1.2.826.0.1.3680043.8.498.98883718766501717651651876978607853803,pf_centre,125.566,-33.491,-6.88,0.0878,2.023,1.2.826.0.1.3680043.8.498.92017353241330041482426857659681391438,33,4.5,1,True
1.2.826.0.1.3680043.8.498.98890851347757949328159691828768030366,pf_centre,-88.874,-51.488,21.32,0.063,3.113,1.2.826.0.1.3680043.8.498.40873966949665452930715805562663419676,38,3.6,1,True
1.2.826.0.1.3680043.8.498.98914528123216365374152816424181510781,pf_centre,108.016,-78.429,-3.955,0.0862,2.651,1.2.826.0.1.3680043.8.498.13932313721050455351919572169208281821,32,3.3,1,True
1.2.826.0.1.3680043.8.498.98958651320983196982606333548522846934,pf_centre,-121.038,-90.804,24.879,0.0861,4.146,1.2.826.0.1.3680043.8.498.12956461580253510773872732839567400274,18,7.336,1,True
1.2.826.0.1.3680043.8.498.99052905406751383674032587504235261874,pf_centre,-104.211,-97.798,-0.06,0.071,8.546,1.2.826.0.1.3680043.8.498.67162477212545716527885916902640772850,21,6.134,1,True
1.2.826.0.1.3680043.8.498.99077241529686301278201179461896593659,pf_centre,100.898,-85.321,-5.328,0.067,1.869,1.2.826.0.1.3680043.8.498.12158191064087307900534978493670330765,24,5.0,1,True
1.2.826.0.1.3680043.8.498.99088247184917460283293617180083591028,pf_centre,103.271,-82.863,6.95,0.1268,2.526,1.2.826.0.1.3680043.8.498.99296278159743017154669111174057043954,29,0.6,5,True
1.2.826.0.1.3680043.8.498.99108147913292332418681050058312852494,pf_centre,-77.15,-41.562,22.899,0.0728,0.98,1.2.826.0.1.3680043.8.498.29535045117330138064146771451823024103,32,4.55,1,True
1.2.826.0.1.3680043.8.498.99155175553749543768821558247962844052,pf_centre,86.171,-88.257,-9.722,0.094,3.174,1.2.826.0.1.3680043.8.498.32064846033423974135930576445099674024,32,0.6,5,True
1.2.826.0.1.3680043.8.498.99178010550062268668346041362629896201,pf_centre,-120.709,-91.836,5.656,0.0592,0.614,1.2.826.0.1.3680043.8.498.33585089796472056806989667155782205793,47,0.9,4,True
1.2.826.0.1.3680043.8.498.99237666579371266866432031468578336182,pf_centre,94.038,-97.506,7.907,0.1075,0.957,1.2.826.0.1.3680043.8.498.36813848322689376501413384637257790158,27,0.6,6,True
1.2.826.0.1.3680043.8.498.99243902497374852166139435719549686908,pf_centre,-125.148,-75.209,26.391,0.0594,2.991,1.2.826.0.1.3680043.8.498.40961925256640246405476310150445918118,22,6.03,1,True
1.2.826.0.1.3680043.8.498.99257151613846084492342083136797222759,pf_centre,-80.531,-78.395,-6.546,0.0804,1.071,1.2.826.0.1.3680043.8.498.44187444243786380594404543334556476858,30,3.85,1,True
1.2.826.0.1.3680043.8.498.99303079292320085374389086609761974820,pf_centre,-54.92,-105.538,39.159,0.1263,0.633,1.2.826.0.1.3680043.8.498.94282168265164672922193172760791728924,21,4.8,1,True
1.2.826.0.1.3680043.8.498.99309981642816644502709148844743995902,pf_centre,-64.82,-54.193,32.405,0.1037,0.761,1.2.826.0.1.3680043.8.498.11840699125649499571625716420840407986,30,3.3,1,True
1.2.826.0.1.3680043.8.498.99413398303724030328059886749330413303,pf_centre,-110.013,-37.614,-11.658,0.0854,0.585,1.2.826.0.1.3680043.8.498.92338835644496409733046230685063005385,32,4.4,1,True
1.2.826.0.1.3680043.8.498.99414163787650487720542840540379270468,pf_centre,90.39,-79.428,53.923,0.1201,2.242,1.2.826.0.1.3680043.8.498.71124967928791576590781592560747597773,26,0.6,5,True
1.2.826.0.1.3680043.8.498.99438805806853675793560604625783460513,pf_centre,106.561,-76.873,-6.692,0.0609,1.886,1.2.826.0.1.3680043.8.498.25549924033571289312233143334047912752,40,3.3,1,True
1.2.826.0.1.3680043.8.498.99441773159476751698123795913150660766,pf_centre,-100.837,-31.023,-41.171,0.0889,2.314,1.2.826.0.1.3680043.8.498.12349296235158026277043011655097410744,26,4.4,1,True
1.2.826.0.1.3680043.8.498.99444110025206148999881196086066868280,pf_centre,-61.078,-26.137,11.616,0.0705,1.18,1.2.826.0.1.3680043.8.498.11909317943703642764266639122290444087,30,3.3,1,True
1.2.826.0.1.3680043.8.498.99448612525108835020450967944392129536,pf_centre,101.983,-67.254,-4.103,0.0726,3.454,1.2.826.0.1.3680043.8.498.89615587694524573214449127869029607975,48,3.3,1,True
1.2.826.0.1.3680043.8.498.99454657594216441037514296544803013407,pf_centre,82.642,-51.864,39.456,0.041,4.607,1.2.826.0.1.3680043.8.498.78878197657658801764197485310782590114,36,3.6,1,True
1.2.826.0.1.3680043.8.498.99458163491875066451936719024359566928,pf_centre,-102.308,-66.278,14.391,0.0659,1.48,1.2.826.0.1.3680043.8.498.11772041002043141791675801772871443841,24,6.574,1,True
1.2.826.0.1.3680043.8.498.99493257395588095270208592176887619190,pf_centre,-110.882,-96.247,1.96,0.1163,0.663,1.2.826.0.1.3680043.8.498.76428902599504547762540925475513447108,29,0.6,5,True
1.2.826.0.1.3680043.8.498.99526998617163591447503530185291775961,pf_centre,-91.808,-53.222,64.223,0.057,1.117,1.2.826.0.1.3680043.8.498.23500863596395323554552819393073935415,36,3.3,1,True
1.2.826.0.1.3680043.8.498.99577045720075471058329330051900767206,pf_centre,-73.035,-10.432,-43.423,0.0782,1.255,1.2.826.0.1.3680043.8.498.36506058180654436574748557184231624187,28,4.5,1,True
1.2.826.0.1.3680043.8.498.99578894341571394220300473118855007095,pf_centre,-72.535,-49.831,17.334,0.1287,1.499,1.2.826.0.1.3680043.8.498.81708531332698378351061830534504715538,24,4.5,1,True
1.2.826.0.1.3680043.8.498.99635784824711754116112241806442235135,pf_centre,-83.852,-86.711,-20.255,0.1028,2.181,1.2.826.0.1.3680043.8.498.37350094198867297021166815192055907346,22,0.6,6,True
1.2.826.0.1.3680043.8.498.99651725851820083142440965238449655973,pf_centre,71.222,-27.99,-28.963,0.0675,2.253,1.2.826.0.1.3680043.8.498.55035669079461747592208793249480086778,38,3.6,1,True
1.2.826.0.1.3680043.8.498.99708702196778120583644711299950439036,pf_centre,-93.557,-88.494,16.799,0.1193,1.855,1.2.826.0.1.3680043.8.498.63929390406093421141480628725922002640,26,0.6,5,True
1.2.826.0.1.3680043.8.498.99710592666731203419714499168506345263,pf_centre,-117.177,-63.066,-21.966,0.0686,1.271,1.2.826.0.1.3680043.8.498.11533272009065922721576775833542323837,36,4.0,1,True
1.2.826.0.1.3680043.8.498.99725523560254732094432244556623376711,pf_centre,-86.825,-44.109,16.03,0.1125,1.324,1.2.826.0.1.3680043.8.498.55316725501309459145680357156167637579,30,3.3,1,True
1.2.826.0.1.3680043.8.498.99726731706411379395165830480890405115,pf_centre,99.267,-55.777,30.42,0.0862,2.131,1.2.826.0.1.3680043.8.498.65590457703911397416957759032098537669,21,7.0,1,True
1.2.826.0.1.3680043.8.498.99768154649604643975127490783989114506,pf_centre,125.18,-77.332,-3.128,0.0877,3.923,1.2.826.0.1.3680043.8.498.13086769161509053937173684068604205500,30,3.6,1,True
1.2.826.0.1.3680043.8.498.99813269006669714758887909212386431934,pf_centre,124.222,-85.912,-6.473,0.0809,1.863,1.2.826.0.1.3680043.8.498.62968597985071725213716010246868639694,32,3.3,1,True
1.2.826.0.1.3680043.8.498.99826037216341310731701527407057049820,pf_centre,-99.33,-64.227,-23.365,0.0606,0.827,1.2.826.0.1.3680043.8.498.84613178692255469944477449496305216101,30,4.4,1,True
1.2.826.0.1.3680043.8.498.99827460918477409069820779642161448917,pf_centre,118.167,-48.667,9.395,0.07,1.298,1.2.826.0.1.3680043.8.498.97277894371823332098253770637560755024,44,4.0,1,True
1.2.826.0.1.3680043.8.498.99864345386635409953374818045984558970,pf_centre,-92.804,-86.364,9.625,0.0973,1.781,1.2.826.0.1.3680043.8.498.81043194074304253961751040429357535585,24,0.6,6,True
1.2.826.0.1.3680043.8.498.99864558747514747686151806909794288262,pf_centre,47.858,-49.103,31.811,0.0797,0.957,1.2.826.0.1.3680043.8.498.65124381355502126290104161253708117905,30,4.4,1,True
1.2.826.0.1.3680043.8.498.99880021280666757817587834481314366555,pf_centre,-90.311,-31.416,39.554,0.0364,1.395,1.2.826.0.1.3680043.8.498.11896130652745272425519139150620781429,44,3.5,1,True
1.2.826.0.1.3680043.8.498.99881620336512626242732899010111041290,pf_centre,-74.412,-60.784,-8.375,0.06,1.012,1.2.826.0.1.3680043.8.498.28749327090880354585823465051063842999,38,3.6,1,True
1.2.826.0.1.3680043.8.498.99926624968240681772735102303531613209,pf_centre,-86.825,-44.109,16.03,0.1125,1.324,1.2.826.0.1.3680043.8.498.72368507579017597862126524135905800463,30,3.3,1,True
1.2.826.0.1.3680043.8.498.99939100657291954890286900729983287973,pf_centre,19.407,-17.303,-23.096,0.0696,1.16,1.2.826.0.1.3680043.8.498.73237121125256452563264987887442750681,30,4.4,1,True
1.2.826.0.1.3680043.8.498.99957611207313098696146908027229590966,pf_centre,81.936,-71.573,21.951,0.0393,7.645,1.2.826.0.1.3680043.8.498.95722278506316542017897506192254108185,25,6.335,1,True
