study,point,x_mm,y_mm,z_mm,confidence,spread_mm,series,n_slices,spacing_mm,stride,ordered
1.2.826.0.1.3680043.8.498.10004873229099053869093324292195817260,lat_centre,-132.384,-56.844,9.434,0.1016,0.977,1.2.826.0.1.3680043.8.498.75714899997203615784077798038670363546,22,4.635,1,True
1.2.826.0.1.3680043.8.498.10004945927472656027199792075652399585,lat_centre,-112.7,-5.089,-73.06,0.0951,1.96,1.2.826.0.1.3680043.8.498.27845969797953115400959653384511165237,34,3.0,1,True
1.2.826.0.1.3680043.8.498.10009278692606631573540062909909132231,lat_centre,108.921,-13.086,-19.109,0.1033,1.874,1.2.826.0.1.3680043.8.498.93288538765996574291399549037773479273,38,3.0,1,True
1.2.826.0.1.3680043.8.498.10009639203170750274174707434356622764,lat_centre,107.29,-0.991,-33.806,0.093,0.712,1.2.826.0.1.3680043.8.498.18313433830014722992362938871973097711,29,3.6,1,True
1.2.826.0.1.3680043.8.498.10013663742400736029415768216599146542,lat_centre,-116.76,-15.962,-38.703,0.087,2.111,1.2.826.0.1.3680043.8.498.17496901872433262274477070632489305322,35,3.3,1,True
1.2.826.0.1.3680043.8.498.10018552945042470316597008531304016339,lat_centre,108.568,-6.122,-8.16,0.0875,0.598,1.2.826.0.1.3680043.8.498.13316012614172613981502777804567639106,41,2.2,1,True
1.2.826.0.1.3680043.8.498.10018749256316287542884435387067561101,lat_centre,104.755,4.933,-37.657,0.1276,1.241,1.2.826.0.1.3680043.8.498.42759405933119955877969739566391261556,22,4.4,1,True
1.2.826.0.1.3680043.8.498.10021179701366615563817491713738306606,lat_centre,-146.204,-31.654,-15.422,0.0848,0.96,1.2.826.0.1.3680043.8.498.36575741184530379556865901754021617448,35,3.3,1,True
1.2.826.0.1.3680043.8.498.10021288557171866794624317186288618513,lat_centre,156.725,-55.831,-0.491,0.0862,0.73,1.2.826.0.1.3680043.8.498.31741811035194354173478691569737355732,20,4.0,1,True
1.2.826.0.1.3680043.8.498.10025765742726180988537955593315007559,lat_centre,100.628,5.666,-2.444,0.1334,1.864,1.2.826.0.1.3680043.8.498.47103829651127852726285439804808053437,26,3.9,1,True
1.2.826.0.1.3680043.8.498.10026410865298348818136520318965356394,lat_centre,111.251,-11.857,-17.99,0.1097,0.835,1.2.826.0.1.3680043.8.498.22350941940168581233659964138249514718,32,3.3,1,True
1.2.826.0.1.3680043.8.498.10029168398037940681915299760479434938,lat_centre,-92.394,-10.439,-12.55,0.0839,0.459,1.2.826.0.1.3680043.8.498.87400072663116536448673623612489172444,32,3.0,1,True
1.2.826.0.1.3680043.8.498.10029520033957968044048068502185417806,lat_centre,92.795,-19.915,-11.834,0.1038,1.111,1.2.826.0.1.3680043.8.498.12283902861056341541201338138068066294,26,3.6,1,True
1.2.826.0.1.3680043.8.498.10039686090738454718354181337513293981,lat_centre,92.698,-47.335,-51.076,0.14,0.815,1.2.826.0.1.3680043.8.498.75650187531194852023871501055652723295,19,5.2,1,True
1.2.826.0.1.3680043.8.498.10048842414095994814596043262132965018,lat_centre,-52.232,8.247,-27.954,0.1287,1.35,1.2.826.0.1.3680043.8.498.33316216096749283413269516635969265980,19,5.0,1,True
1.2.826.0.1.3680043.8.498.10058298717414171145622092128156266866,lat_centre,109.438,-40.686,12.438,0.1144,1.281,1.2.826.0.1.3680043.8.498.80126107048478277295386095863259178495,30,3.3,1,True
1.2.826.0.1.3680043.8.498.10059200627175320481920009076697103801,lat_centre,-149.599,-82.672,3.033,0.1254,1.119,1.2.826.0.1.3680043.8.498.99708703036078965966876737788881385029,22,4.834,1,True
1.2.826.0.1.3680043.8.498.10061120822929703004201627784850458401,lat_centre,144.173,-28.624,-6.797,0.0798,0.727,1.2.826.0.1.3680043.8.498.52617317497828611151327175969188939183,30,3.5,1,True
1.2.826.0.1.3680043.8.498.10064642360075735959136394136507408269,lat_centre,-44.932,0.565,-37.944,0.097,0.902,1.2.826.0.1.3680043.8.498.12167816600846465625393732895688146085,15,6.0,1,True
1.2.826.0.1.3680043.8.498.10066945398485042741116657288959323922,lat_centre,102.758,-13.205,-3.507,0.0889,1.116,1.2.826.0.1.3680043.8.498.12523349523523873701974348776140572598,31,3.6,1,True
1.2.826.0.1.3680043.8.498.10077497528995409346950814927366582736,lat_centre,90.445,-1.781,-19.624,0.1103,0.879,1.2.826.0.1.3680043.8.498.11179656284155940848820194004757335696,25,4.0,1,True
1.2.826.0.1.3680043.8.498.10077803906105306230229342168184970097,lat_centre,100.249,-72.43,-47.405,0.0864,1.437,1.2.826.0.1.3680043.8.498.25907331750467633841871804423069889144,19,4.4,1,True
1.2.826.0.1.3680043.8.498.10081117556977868957150377234052259018,lat_centre,-102.653,-17.865,-2.631,0.0946,2.03,1.2.826.0.1.3680043.8.498.18034687025255390862101903338402067103,29,3.6,1,True
1.2.826.0.1.3680043.8.498.10085187975213640798228717119613397941,lat_centre,137.578,-50.296,-15.717,0.0849,1.624,1.2.826.0.1.3680043.8.498.30612781365806999657709742696576857451,40,0.4,8,True
1.2.826.0.1.3680043.8.498.10087350795575215080051569638065974347,lat_centre,128.344,-18.704,-29.461,0.0739,0.851,1.2.826.0.1.3680043.8.498.96012886433868321293915735968338210998,35,3.3,1,True
1.2.826.0.1.3680043.8.498.10088120558600684332737135714636269365,lat_centre,97.518,-24.421,-24.657,0.0826,2.267,1.2.826.0.1.3680043.8.498.13605188741364134669495059149257360500,26,3.6,1,True
1.2.826.0.1.3680043.8.498.10088707526476055079083082931629995449,lat_centre,-129.805,-28.951,-35.277,0.0778,0.49,1.2.826.0.1.3680043.8.498.35491444433021315625274489410742816825,33,3.9,1,True
1.2.826.0.1.3680043.8.498.10090136633727522725960302994815319097,lat_centre,-101.811,12.061,-15.069,0.1235,0.758,1.2.826.0.1.3680043.8.498.12352377770249024977650111343773350963,29,4.0,1,True
1.2.826.0.1.3680043.8.498.10090631811016939819371208464230332678,lat_centre,-122.557,-18.337,-17.279,0.0872,0.597,1.2.826.0.1.3680043.8.498.23891847611040842624347800325099754983,35,3.3,1,True
1.2.826.0.1.3680043.8.498.10095687747295410396510538520594649149,lat_centre,-137.259,-48.545,11.48,0.1026,1.172,1.2.826.0.1.3680043.8.498.37372672584387115708078590109474719429,36,2.875,1,True
1.2.826.0.1.3680043.8.498.10096063158753121251217031021181036863,lat_centre,117.0,-23.823,11.264,0.0988,1.306,1.2.826.0.1.3680043.8.498.19044804477575843608870817035071407274,28,3.7,1,True
1.2.826.0.1.3680043.8.498.10096216489317602387766193675918767557,lat_centre,-122.241,-34.105,-29.309,0.0749,0.585,1.2.826.0.1.3680043.8.498.64289610867914819375057220852133471247,33,3.9,1,True
1.2.826.0.1.3680043.8.498.10096919689272424388113819845481617364,lat_centre,89.997,11.075,-23.503,0.114,0.429,1.2.826.0.1.3680043.8.498.61868030571167897231542039755015811539,30,3.3,1,True
1.2.826.0.1.3680043.8.498.10100718559177860518999368876392117659,lat_centre,98.857,12.723,-34.026,0.0865,0.973,1.2.826.0.1.3680043.8.498.48773532541265941245766532225595532276,27,4.5,1,True
1.2.826.0.1.3680043.8.498.10112440805412493412191181061985753636,lat_centre,-96.376,12.761,-21.761,0.0913,1.133,1.2.826.0.1.3680043.8.498.68554945431541040670709200116747901472,34,3.0,1,True
1.2.826.0.1.3680043.8.498.10118623027360228027776975311765133100,lat_centre,-104.143,20.566,-6.707,0.1387,1.862,1.2.826.0.1.3680043.8.498.10117727651562277245418454493160349995,24,4.0,1,True
1.2.826.0.1.3680043.8.498.10120841513315425967980213160839994882,lat_centre,-130.437,-48.255,-21.02,0.11,1.619,1.2.826.0.1.3680043.8.498.38478068839340197314332463139684733946,33,3.3,1,True
1.2.826.0.1.3680043.8.498.10121558854084271154265851933273260339,lat_centre,-80.019,-23.416,-15.375,0.1274,0.956,1.2.826.0.1.3680043.8.498.63693852990818045309124115231693705598,20,4.9,1,True
1.2.826.0.1.3680043.8.498.10123751739767586025744123799948754343,lat_centre,164.61,-58.786,-4.136,0.1038,0.686,1.2.826.0.1.3680043.8.498.84860064951952228682190971339972115484,22,4.5,1,True
1.2.826.0.1.3680043.8.498.10124063607403942330156450768015985834,lat_centre,-123.778,-39.855,-32.917,0.0729,0.751,1.2.826.0.1.3680043.8.498.11809311849299898951648714317269528811,33,3.9,1,True
1.2.826.0.1.3680043.8.498.10124701778993602117271554854098856833,lat_centre,-110.649,-5.769,-32.209,0.0857,0.473,1.2.826.0.1.3680043.8.498.12707661854492179457840246929406874820,37,3.3,1,True
1.2.826.0.1.3680043.8.498.10128954897472795975323353442305671586,lat_centre,145.609,-49.683,-13.817,0.1035,0.425,1.2.826.0.1.3680043.8.498.19404052662797148007645917722916874242,30,3.5,1,True
1.2.826.0.1.3680043.8.498.10129462959695121379466274688956171166,lat_centre,144.597,-23.852,-11.897,0.0744,1.053,1.2.826.0.1.3680043.8.498.13405009385902643892114787851848890052,30,3.5,1,True
1.2.826.0.1.3680043.8.498.10132169498032330070492330913783717864,lat_centre,140.261,24.978,-10.632,0.0789,0.893,1.2.826.0.1.3680043.8.498.69214460339246844021907171343113321393,24,4.5,1,True
1.2.826.0.1.3680043.8.498.10133843191898064967257276100779798471,lat_centre,-134.563,-59.352,-4.725,0.0946,0.922,1.2.826.0.1.3680043.8.498.39937387430982382677410262100791824950,24,3.874,1,True
1.2.826.0.1.3680043.8.498.10135587809070718435691939321937314104,lat_centre,-95.813,-0.463,-22.464,0.1028,1.203,1.2.826.0.1.3680043.8.498.10431242443728663712272201424026785351,40,2.2,1,True
1.2.826.0.1.3680043.8.498.10136486417446492428821313562961937182,lat_centre,-99.656,-7.679,-15.56,0.0825,0.547,1.2.826.0.1.3680043.8.498.47899976202009359616397788505051078112,28,3.3,1,True
1.2.826.0.1.3680043.8.498.10143536655047216390592811329604738314,lat_centre,-100.85,-8.279,-26.591,0.0961,1.198,1.2.826.0.1.3680043.8.498.11409940927618962354373278521471165954,29,3.6,1,True
1.2.826.0.1.3680043.8.498.10144735099702632881322032871591573824,lat_centre,109.98,0.297,-29.79,0.0916,1.8,1.2.826.0.1.3680043.8.498.71635123504520367676841601899689926352,36,0.89,4,True
1.2.826.0.1.3680043.8.498.10147180484860577398303524379319212586,lat_centre,101.455,-11.6,-8.615,0.1054,0.678,1.2.826.0.1.3680043.8.498.12149034712277549328364635898708556662,25,3.6,1,True
1.2.826.0.1.3680043.8.498.10147717839726734017869499799005084725,lat_centre,114.346,-49.43,6.575,0.0955,1.284,1.2.826.0.1.3680043.8.498.11660423496805057440817786799305499257,30,3.3,1,True
1.2.826.0.1.3680043.8.498.10148037169326559689992758180208780221,lat_centre,-132.328,-28.237,-41.398,0.1108,1.162,1.2.826.0.1.3680043.8.498.12465559238103774374376204069568213378,30,3.3,1,True
1.2.826.0.1.3680043.8.498.10148517526101576084961355066637531019,lat_centre,139.095,-38.172,-14.877,0.096,1.352,1.2.826.0.1.3680043.8.498.61178174888593430207613886253463045477,33,3.3,1,True
1.2.826.0.1.3680043.8.498.10149967031679082348901055550415519790,lat_centre,-135.3,-33.691,6.822,0.0804,0.84,1.2.826.0.1.3680043.8.498.26551486547969393077464620776076183298,40,2.75,1,True
1.2.826.0.1.3680043.8.498.10150914432481980534086434136814789205,lat_centre,-126.129,-45.156,-18.762,0.1219,0.722,1.2.826.0.1.3680043.8.498.12635219996711974925045224418830382646,29,3.3,1,True
1.2.826.0.1.3680043.8.498.10155611590208164695256621422536643320,lat_centre,-136.835,-59.553,-33.644,0.094,0.682,1.2.826.0.1.3680043.8.498.62105522526870664598541365122145700647,32,3.3,1,True
1.2.826.0.1.3680043.8.498.10157549662917062273945150928668828930,lat_centre,-126.979,-49.529,-6.338,0.0832,0.69,1.2.826.0.1.3680043.8.498.67915755116255755725663948554272613542,40,0.4,8,True
1.2.826.0.1.3680043.8.498.10158178668962379857908493434842864484,lat_centre,-25.932,11.538,-23.908,0.087,1.231,1.2.826.0.1.3680043.8.498.95898842538702235230424113830041599584,26,4.0,1,True
1.2.826.0.1.3680043.8.498.10159551371305936155888341171022480536,lat_centre,-123.11,-22.58,-54.191,0.0984,0.851,1.2.826.0.1.3680043.8.498.47839151788822445873595847505907475718,30,3.3,1,True
1.2.826.0.1.3680043.8.498.10161011217774350674534600439166319161,lat_centre,139.658,-27.753,-24.537,0.0948,0.616,1.2.826.0.1.3680043.8.498.10027425647703671514725436833633629899,32,3.3,1,True
1.2.826.0.1.3680043.8.498.10162168547770229150261479353227398478,lat_centre,129.418,-7.804,4.965,0.0998,1.023,1.2.826.0.1.3680043.8.498.22411188800278791134115325107812945132,48,2.2,1,True
1.2.826.0.1.3680043.8.498.10162720374291180196973998234794414415,lat_centre,-138.12,-38.778,16.712,0.1229,0.786,1.2.826.0.1.3680043.8.498.13304763566771283298203682646565039471,24,3.5,1,True
1.2.826.0.1.3680043.8.498.10165669527316708372190215034240922433,lat_centre,-133.55,-25.868,-49.804,0.0988,1.374,1.2.826.0.1.3680043.8.498.24990044651008310291984602797988397580,26,3.3,1,True
1.2.826.0.1.3680043.8.498.10170898615867673028696505248839028269,lat_centre,-121.451,-62.281,-15.578,0.0885,0.51,1.2.826.0.1.3680043.8.498.55642842745139279565158267708282328638,29,3.3,1,True
1.2.826.0.1.3680043.8.498.10181119664728335020976262955776463973,lat_centre,61.648,36.27,-6.513,0.0678,1.352,1.2.826.0.1.3680043.8.498.12198739706602489282892432162777111999,25,4.5,1,True
1.2.826.0.1.3680043.8.498.10181291283712008544475048457589664787,lat_centre,127.232,-40.959,3.088,0.0751,0.535,1.2.826.0.1.3680043.8.498.20901820955413693658696381284317208013,27,3.3,1,True
1.2.826.0.1.3680043.8.498.10182565688010898600749222617373997197,lat_centre,-108.356,-6.869,-42.939,0.1138,1.595,1.2.826.0.1.3680043.8.498.98532718918289001119806201719594950072,28,3.6,1,True
1.2.826.0.1.3680043.8.498.10183939841890895037058579455663880292,lat_centre,91.021,-64.554,-14.633,0.0712,1.75,1.2.826.0.1.3680043.8.498.11051138355881136273281600148427208911,21,4.6,1,True
1.2.826.0.1.3680043.8.498.10189392162056736163704940747328177364,lat_centre,98.275,2.712,-20.328,0.1047,0.587,1.2.826.0.1.3680043.8.498.35320024245044005696259306061920440242,33,3.0,1,True
1.2.826.0.1.3680043.8.498.10190506315646895064803936408630113507,lat_centre,-137.37,-42.095,-15.955,0.07,0.429,1.2.826.0.1.3680043.8.498.34427190224868641481448042778680420478,40,0.4,8,True
1.2.826.0.1.3680043.8.498.10197515493414564227930855210542221039,lat_centre,-146.117,-36.56,-26.628,0.0861,0.605,1.2.826.0.1.3680043.8.498.93874544465317613358066683026399395267,40,0.4,8,True
1.2.826.0.1.3680043.8.498.10197565004992937722841731691775578390,lat_centre,-128.068,-37.529,-37.346,0.0844,2.4,1.2.826.0.1.3680043.8.498.21106535235400255075543946011126589672,26,4.156,1,True
1.2.826.0.1.3680043.8.498.10199522802568420589167284753473646773,lat_centre,138.944,-26.759,-25.781,0.0867,0.799,1.2.826.0.1.3680043.8.498.32008633693425842340822037558562279727,21,3.8,1,True
1.2.826.0.1.3680043.8.498.10201197020583611347810070328854760801,lat_centre,-107.324,-55.692,2.177,0.0902,3.214,1.2.826.0.1.3680043.8.498.69801199489032763877908268931609114736,19,4.4,1,True
1.2.826.0.1.3680043.8.498.10201660732108909756259359440298787775,lat_centre,109.218,-12.298,28.281,0.1049,2.302,1.2.826.0.1.3680043.8.498.10967877394372926199437908171011016345,34,3.375,1,True
1.2.826.0.1.3680043.8.498.10205592316907266136938526795826751183,lat_centre,-118.626,-24.081,-22.785,0.0862,1.402,1.2.826.0.1.3680043.8.498.95536512734425776602520192097860235501,36,3.3,1,True
1.2.826.0.1.3680043.8.498.10207134048598925821261298801127950516,lat_centre,107.04,-7.699,-5.189,0.0838,0.518,1.2.826.0.1.3680043.8.498.69357085928739043872700418618329301964,37,3.3,1,True
1.2.826.0.1.3680043.8.498.10209387047693448282446870911381660585,lat_centre,-123.538,-65.56,-62.805,0.1068,2.141,1.2.826.0.1.3680043.8.498.74051993175716365349762044490292995240,20,5.2,1,True
1.2.826.0.1.3680043.8.498.10211034309703220222647821582770542129,lat_centre,122.528,-34.803,-28.687,0.0925,1.171,1.2.826.0.1.3680043.8.498.51934953425071556161724602339753760908,30,4.5,1,True
1.2.826.0.1.3680043.8.498.10211815027850731240126403602239595062,lat_centre,-114.03,-52.056,-2.149,0.0908,0.996,1.2.826.0.1.3680043.8.498.44076700519249293923232310445902812533,22,4.409,1,True
1.2.826.0.1.3680043.8.498.10218285921271312931891912812808052375,lat_centre,147.054,-53.659,1.55,0.1019,1.048,1.2.826.0.1.3680043.8.498.10278488061269623205313792244369792044,22,4.5,1,True
1.2.826.0.1.3680043.8.498.10218458664774126578027318307405130821,lat_centre,-131.605,-42.531,-4.258,0.0761,0.623,1.2.826.0.1.3680043.8.498.13161168622492716861049904953357523966,33,3.9,1,True
1.2.826.0.1.3680043.8.498.10229223546412441924801428332647762115,lat_centre,-126.598,-60.588,28.485,0.0759,0.751,1.2.826.0.1.3680043.8.498.52963952898255685734972499283574700146,30,3.3,1,True
1.2.826.0.1.3680043.8.498.10239418182819270860819533058081041576,lat_centre,-125.543,6.135,-31.001,0.1072,1.701,1.2.826.0.1.3680043.8.498.22903464588641532341502679189979795734,20,4.876,1,True
1.2.826.0.1.3680043.8.498.10240166440044087554182120832488098189,lat_centre,115.889,-33.369,-21.555,0.0858,1.515,1.2.826.0.1.3680043.8.498.83812899145092855711745333206516412902,36,3.45,1,True
1.2.826.0.1.3680043.8.498.10240237086492917349933491458808329326,lat_centre,-137.896,-41.486,-7.962,0.1011,1.321,1.2.826.0.1.3680043.8.498.12807815284855746799876002867743236501,33,3.3,1,True
1.2.826.0.1.3680043.8.498.10241639721703882165429374175491428414,lat_centre,71.141,-37.388,-37.806,0.0752,1.348,1.2.826.0.1.3680043.8.498.25973814213635179857730551720976417311,30,4.0,1,True
1.2.826.0.1.3680043.8.498.10243300429607935614655219482457289307,lat_centre,-96.411,-56.959,-30.496,0.0912,0.688,1.2.826.0.1.3680043.8.498.73782959974044202287034378839154139690,32,3.3,1,True
1.2.826.0.1.3680043.8.498.10247930792182001003497189021027466833,lat_centre,-68.127,38.435,-10.929,0.1105,1.326,1.2.826.0.1.3680043.8.498.11211335876233026549969879030404416523,22,4.8,1,True
1.2.826.0.1.3680043.8.498.10252121617380434672930525780360219531,lat_centre,-104.919,-35.121,-3.574,0.0869,0.466,1.2.826.0.1.3680043.8.498.75428157881409400944774696067759243830,36,2.875,1,True
1.2.826.0.1.3680043.8.498.10252163031705285141538200795896549203,lat_centre,-94.243,0.181,-15.461,0.0923,0.719,1.2.826.0.1.3680043.8.498.50274783247595581317710304976396918185,43,2.2,1,True
1.2.826.0.1.3680043.8.498.10254828365033984708960944586564394286,lat_centre,122.077,-0.48,-37.697,0.0981,0.527,1.2.826.0.1.3680043.8.498.49484085833686491610764462854617013287,22,5.0,1,True
1.2.826.0.1.3680043.8.498.10255067212695306715722782826234429766,lat_centre,-146.516,-44.913,-10.699,0.0844,1.767,1.2.826.0.1.3680043.8.498.66598498551591365503860420402652490336,30,4.0,1,True
1.2.826.0.1.3680043.8.498.10256441455107860474283716992657597873,lat_centre,130.672,-26.769,-19.179,0.1156,0.72,1.2.826.0.1.3680043.8.498.12499657103871085829545258876350072528,20,4.5,1,True
1.2.826.0.1.3680043.8.498.10261794102024899290234062909324134903,lat_centre,109.452,-45.57,-42.743,0.1012,0.59,1.2.826.0.1.3680043.8.498.39247763432095298492907510497938662680,34,3.3,1,True
1.2.826.0.1.3680043.8.498.10262024906324456863812446480254600405,lat_centre,124.139,-4.097,-15.306,0.1136,0.688,1.2.826.0.1.3680043.8.498.12332641417665454933497953533696263340,30,3.3,1,True
1.2.826.0.1.3680043.8.498.10262784969531507133353458615303007839,lat_centre,-87.286,13.802,-15.129,0.1372,2.091,1.2.826.0.1.3680043.8.498.48193431230330932750274558739173002099,24,4.0,1,True
1.2.826.0.1.3680043.8.498.10271567891603078238024189515805908561,lat_centre,26.447,-0.358,-39.42,0.116,1.657,1.2.826.0.1.3680043.8.498.15940085543420426570069535792310785642,24,3.9,1,True
1.2.826.0.1.3680043.8.498.10273861326753707436672556008991334542,lat_centre,101.924,8.662,-18.003,0.1088,0.585,1.2.826.0.1.3680043.8.498.24984490234070663176361715753402777480,30,3.0,1,True
1.2.826.0.1.3680043.8.498.10274314637471308855247991547659839029,lat_centre,-124.861,-53.229,-19.957,0.0829,0.707,1.2.826.0.1.3680043.8.498.77766976116670551979942629232553368416,29,3.6,1,True
1.2.826.0.1.3680043.8.498.10274956886032850418742861294277331382,lat_centre,20.374,18.818,-21.231,0.0925,1.605,1.2.826.0.1.3680043.8.498.10281359408836745211721920919607939009,26,4.0,1,True
1.2.826.0.1.3680043.8.498.10275265831651276229168539541982478639,lat_centre,132.07,-50.355,-10.809,0.0946,0.839,1.2.826.0.1.3680043.8.498.10041760136461200074573002514440747427,37,2.75,1,True
1.2.826.0.1.3680043.8.498.10284263494252700630857173843779724077,lat_centre,-91.592,-5.004,-25.443,0.1059,2.15,1.2.826.0.1.3680043.8.498.18248817344830129435677242346152910065,24,4.5,1,True
1.2.826.0.1.3680043.8.498.10284446538566255572004044331831825072,lat_centre,113.228,-30.121,-7.38,0.0812,0.995,1.2.826.0.1.3680043.8.498.32830202036193166375244104661509838562,32,3.3,1,True
1.2.826.0.1.3680043.8.498.10287488031206457680758379452936914669,lat_centre,-93.325,-11.086,-60.186,0.0988,1.932,1.2.826.0.1.3680043.8.498.54137868922970612269408471390702543246,34,3.0,1,True
1.2.826.0.1.3680043.8.498.10299396087685174806129850512856451005,lat_centre,65.712,-39.414,-32.452,0.0899,0.777,1.2.826.0.1.3680043.8.498.12339467709092886825167275537349267228,36,2.875,1,True
1.2.826.0.1.3680043.8.498.10299618611626190927173051117228647808,lat_centre,-130.692,-47.005,-16.598,0.108,0.557,1.2.826.0.1.3680043.8.498.89596859812892749464024763130346035215,26,3.553,1,True
1.2.826.0.1.3680043.8.498.10301089872627496769249366231947887097,lat_centre,138.897,-34.883,-15.676,0.0831,0.841,1.2.826.0.1.3680043.8.498.93495652587822368992224521369968101882,29,3.3,1,True
1.2.826.0.1.3680043.8.498.10304242666970626179776896768140580106,lat_centre,66.577,61.173,-9.202,0.0726,0.904,1.2.826.0.1.3680043.8.498.10716836225584421877601423730579557959,26,4.5,1,True
1.2.826.0.1.3680043.8.498.10306159113324811538703788080836752052,lat_centre,-164.079,4.329,46.741,0.15,1.925,1.2.826.0.1.3680043.8.498.55427564251500418323672579441288025575,24,4.5,1,True
1.2.826.0.1.3680043.8.498.10309477218703786877612946261946268132,lat_centre,-116.831,-51.45,0.958,0.1222,1.762,1.2.826.0.1.3680043.8.498.81600454544688871687618238934829093311,19,4.5,1,True
1.2.826.0.1.3680043.8.498.10310831394568337664174691281092566272,lat_centre,-131.435,-27.723,-21.699,0.0846,1.034,1.2.826.0.1.3680043.8.498.65258925798656967203843242611950695729,29,3.3,1,True
1.2.826.0.1.3680043.8.498.10312350714164739081126996907250465738,lat_centre,105.909,11.074,-11.132,0.123,1.064,1.2.826.0.1.3680043.8.498.10045399788540407838166435840006493073,26,3.3,1,True
1.2.826.0.1.3680043.8.498.10314240078685804110739316196999571466,lat_centre,-103.147,-11.618,-9.605,0.0962,1.43,1.2.826.0.1.3680043.8.498.63747656240463144163860613478456312396,34,3.3,1,True
1.2.826.0.1.3680043.8.498.10318366890716843554246682186865048846,lat_centre,-119.027,-46.948,-9.312,0.0968,1.448,1.2.826.0.1.3680043.8.498.62900515279367641290195588302084547379,30,3.3,1,True
1.2.826.0.1.3680043.8.498.10321461243762453573005633063753741725,lat_centre,-84.286,17.024,-38.552,0.1019,0.754,1.2.826.0.1.3680043.8.498.77210428091457580811449886040415971239,30,3.3,1,True
1.2.826.0.1.3680043.8.498.10321556388278642027434955207617064548,lat_centre,-100.661,-14.229,-33.318,0.081,2.013,1.2.826.0.1.3680043.8.498.47423712242731636401261637350602861900,40,3.3,1,True
1.2.826.0.1.3680043.8.498.10321702681363532511953946967334431952,lat_centre,-140.622,-40.421,-32.291,0.1233,1.007,1.2.826.0.1.3680043.8.498.40605939406486221410792371410610189705,29,3.3,1,True
1.2.826.0.1.3680043.8.498.10322724865012212544754724404226583315,lat_centre,108.422,-1.828,-19.28,0.1115,1.457,1.2.826.0.1.3680043.8.498.38301154405113720756877683395927348934,33,3.3,1,True
1.2.826.0.1.3680043.8.498.10322853084122920408377349136830993432,lat_centre,133.468,43.113,-73.159,0.0776,0.596,1.2.826.0.1.3680043.8.498.87635309377134812942442578333088392167,26,4.0,1,True
1.2.826.0.1.3680043.8.498.10326352669696598934883805147731461341,lat_centre,137.649,-34.285,0.847,0.0936,0.951,1.2.826.0.1.3680043.8.498.10029607251604215549686423856477964809,29,3.3,1,True
1.2.826.0.1.3680043.8.498.10327608571317884761792196888985963332,lat_centre,142.557,-1.079,10.203,0.0621,0.858,1.2.826.0.1.3680043.8.498.39506465627529543765264712561750329245,33,3.3,1,True
1.2.826.0.1.3680043.8.498.10330805760778577501878048995484987687,lat_centre,-142.251,-36.112,-23.897,0.0933,0.55,1.2.826.0.1.3680043.8.498.11868301510827889028863462311529831208,29,3.3,1,True
1.2.826.0.1.3680043.8.498.10336221220793312503236159680373829726,lat_centre,137.536,-47.586,-38.467,0.0992,0.817,1.2.826.0.1.3680043.8.498.71516195382954494276876784345617287161,29,3.3,1,True
1.2.826.0.1.3680043.8.498.10336300544286006569730381727202519821,lat_centre,87.845,-14.626,22.388,0.0957,0.847,1.2.826.0.1.3680043.8.498.62928058878742677290148933101280575226,42,3.3,1,True
1.2.826.0.1.3680043.8.498.10339654093023509742663983374586998753,lat_centre,-127.95,-63.483,-32.005,0.1249,3.103,1.2.826.0.1.3680043.8.498.12388880255344817546094433590949886135,19,4.4,1,True
1.2.826.0.1.3680043.8.498.10348611327224519953673858098392135936,lat_centre,-109.538,52.576,-25.333,0.0965,1.55,1.2.826.0.1.3680043.8.498.12965087742880830068568521510508595247,34,3.3,1,True
1.2.826.0.1.3680043.8.498.10349368332722015923160611226877741306,lat_centre,160.752,-29.124,-25.149,0.1143,0.902,1.2.826.0.1.3680043.8.498.13323518992038409474498100312023197493,20,5.201,1,True
1.2.826.0.1.3680043.8.498.10351168527688244230248760520733020605,lat_centre,80.976,19.32,-39.58,0.1063,1.402,1.2.826.0.1.3680043.8.498.50834689740235013078089980221753624079,22,4.5,1,True
1.2.826.0.1.3680043.8.498.10351460911387106879135924409514835385,lat_centre,119.337,-44.175,-11.273,0.0789,1.283,1.2.826.0.1.3680043.8.498.10005047919793760894599773106036876356,28,3.602,1,True
1.2.826.0.1.3680043.8.498.10352011938574988727803498915608467179,lat_centre,-132.867,-42.906,-10.174,0.0961,0.739,1.2.826.0.1.3680043.8.498.32006019124004338858179305710103575130,29,3.3,1,True
1.2.826.0.1.3680043.8.498.10352044313309892076985642485759368197,lat_centre,102.804,-17.296,8.886,0.1103,1.938,1.2.826.0.1.3680043.8.498.13267298163331145210366163371239959463,40,3.3,1,True
1.2.826.0.1.3680043.8.498.10354576637002647863048798607011636355,lat_centre,83.369,28.296,-36.713,0.1366,1.818,1.2.826.0.1.3680043.8.498.31190305534499887879578927967668398461,23,4.52,1,True
1.2.826.0.1.3680043.8.498.10361030765327974510262894062047216433,lat_centre,98.442,-6.719,-29.826,0.0818,0.938,1.2.826.0.1.3680043.8.498.93102660447392317964679329254875747621,41,2.2,1,True
1.2.826.0.1.3680043.8.498.10370612191212456931506340727148605247,lat_centre,31.944,12.241,-2.307,0.1144,1.206,1.2.826.0.1.3680043.8.498.81993872744318743306902832957160693563,24,3.9,1,True
1.2.826.0.1.3680043.8.498.10371162371589200772388569623043753617,lat_centre,118.952,-49.071,0.891,0.1075,1.505,1.2.826.0.1.3680043.8.498.10138399857115375887945240703124592604,32,3.3,1,True
1.2.826.0.1.3680043.8.498.10374791734880310643587680407133671218,lat_centre,114.812,-9.741,-37.844,0.0996,1.081,1.2.826.0.1.3680043.8.498.24139970067000919877444819504826219769,34,3.0,1,True
1.2.826.0.1.3680043.8.498.10378535286770237477615181844634903700,lat_centre,126.87,-37.386,0.597,0.0923,1.078,1.2.826.0.1.3680043.8.498.69029661178389771772074972317839685178,29,3.3,1,True
1.2.826.0.1.3680043.8.498.10382074558506016193900889176239337801,lat_centre,-130.231,27.542,-5.341,0.0773,0.821,1.2.826.0.1.3680043.8.498.55295113882838479155887138900637714353,24,5.0,1,True
1.2.826.0.1.3680043.8.498.10386894500329189457070808193345170500,lat_centre,-152.386,-13.099,-3.998,0.0897,1.496,1.2.826.0.1.3680043.8.498.10843417049434653564450890800518831128,30,3.3,1,True
1.2.826.0.1.3680043.8.498.10387227472110643414333498953513810066,lat_centre,-112.675,-2.837,-42.197,0.0942,1.592,1.2.826.0.1.3680043.8.498.60966757792454483156872454637373917656,36,3.3,1,True
1.2.826.0.1.3680043.8.498.10387383212921524066516723428665512341,lat_centre,116.307,-44.607,-8.179,0.084,1.081,1.2.826.0.1.3680043.8.498.67073654411933211197837776054082019978,30,3.5,1,True
1.2.826.0.1.3680043.8.498.10387876708310019345913209598612198432,lat_centre,114.138,-6.54,-34.2,0.1001,0.587,1.2.826.0.1.3680043.8.498.12947332010123481597766123950777769957,48,2.2,1,True
1.2.826.0.1.3680043.8.498.10391178814963564201551003358372148419,lat_centre,72.769,-29.944,-44.903,0.0756,0.807,1.2.826.0.1.3680043.8.498.11229257950923195079166682461014606368,28,3.7,1,True
1.2.826.0.1.3680043.8.498.10395211177230760565674811878437948933,lat_centre,113.325,2.822,-54.706,0.1161,1.449,1.2.826.0.1.3680043.8.498.20559399698413776656974357356837441906,25,3.6,1,True
1.2.826.0.1.3680043.8.498.10401813253995823397883215400000450724,lat_centre,-129.453,-34.61,-26.037,0.088,0.942,1.2.826.0.1.3680043.8.498.92654256804873139630968568458064490916,33,3.9,1,True
1.2.826.0.1.3680043.8.498.10402431429660337753694827208437698007,lat_centre,89.398,-14.448,0.32,0.0898,0.766,1.2.826.0.1.3680043.8.498.50634149790334164775892444884588459818,30,3.0,1,True
1.2.826.0.1.3680043.8.498.10405028141768633100332386157519916334,lat_centre,-118.638,-20.391,-6.462,0.1011,1.05,1.2.826.0.1.3680043.8.498.11220000050750131038029343935480763721,36,3.3,1,True
1.2.826.0.1.3680043.8.498.10407865232593182855530878478701744409,lat_centre,104.194,-70.745,-3.426,0.0905,0.976,1.2.826.0.1.3680043.8.498.45796816978981037426211882076017117096,21,5.0,1,True
1.2.826.0.1.3680043.8.498.10409870090434047408497289167124673434,lat_centre,101.827,-0.378,-7.276,0.1,2.086,1.2.826.0.1.3680043.8.498.46497786100798823729654783386518899025,29,3.6,1,True
1.2.826.0.1.3680043.8.498.10415616591430643294142401482460086713,lat_centre,-141.023,-45.997,-25.311,0.1111,0.739,1.2.826.0.1.3680043.8.498.70818756411662268985092544381160206066,29,3.3,1,True
1.2.826.0.1.3680043.8.498.10417042894702157309437002434676100667,lat_centre,-101.823,2.29,-16.221,0.078,0.769,1.2.826.0.1.3680043.8.498.94214516312503971502643459522199141119,30,3.3,1,True
1.2.826.0.1.3680043.8.498.10418888172081069709796646795446885715,lat_centre,-150.182,-39.519,-28.626,0.0668,0.99,1.2.826.0.1.3680043.8.498.60667299803054682137883632847190963197,40,0.4,8,True
1.2.826.0.1.3680043.8.498.10419958821528108176389641942168280311,lat_centre,89.672,-62.302,11.801,0.097,1.149,1.2.826.0.1.3680043.8.498.37879332041830925434341172854741834145,20,4.542,1,True
1.2.826.0.1.3680043.8.498.10419993051271996183722192755371692029,lat_centre,146.372,-39.919,-30.443,0.0692,1.242,1.2.826.0.1.3680043.8.498.73853364906760672221749677684281181144,40,0.4,8,True
1.2.826.0.1.3680043.8.498.10422130685453254363700365908336246863,lat_centre,-112.838,-7.674,-66.686,0.1108,0.568,1.2.826.0.1.3680043.8.498.31569966894343555996835020273730383643,48,2.2,1,True
1.2.826.0.1.3680043.8.498.10422536395266111565753575369125069689,lat_centre,-10.183,6.621,-20.742,0.091,0.908,1.2.826.0.1.3680043.8.498.75290556037896370144248993657476895450,26,4.0,1,True
1.2.826.0.1.3680043.8.498.10423586531262405323219596291234698626,lat_centre,-119.309,-50.037,-10.476,0.1148,1.663,1.2.826.0.1.3680043.8.498.10369515136355649398279949457442463385,36,3.3,1,True
1.2.826.0.1.3680043.8.498.10425131723456547056365404016184663035,lat_centre,111.748,-11.09,-6.034,0.0942,0.81,1.2.826.0.1.3680043.8.498.77571392570892735939256892039248691247,48,2.2,1,True
1.2.826.0.1.3680043.8.498.10427893579790102216163565692202919399,lat_centre,-148.532,-59.715,-12.497,0.0878,0.376,1.2.826.0.1.3680043.8.498.29579190378448332893530282756381391902,40,0.4,8,True
1.2.826.0.1.3680043.8.498.10429032846672074760218668873927822056,lat_centre,-111.654,-4.704,26.47,0.1016,1.834,1.2.826.0.1.3680043.8.498.58876488452529857321750587029251387390,22,3.9,1,True
1.2.826.0.1.3680043.8.498.10432568348356281020515782178064869805,lat_centre,142.771,-53.886,15.635,0.0921,0.745,1.2.826.0.1.3680043.8.498.12862771526670808608904605078864426170,29,3.3,1,True
1.2.826.0.1.3680043.8.498.10434135978927658622039675788413759069,lat_centre,-109.432,-40.324,-32.786,0.0776,1.427,1.2.826.0.1.3680043.8.498.51952136568262733406993305724610375041,35,3.3,1,True
1.2.826.0.1.3680043.8.498.10440858363080910322920496514558347561,lat_centre,145.963,-24.954,-47.076,0.0948,1.025,1.2.826.0.1.3680043.8.498.49548360622394955484230715065559446306,30,3.5,1,True
1.2.826.0.1.3680043.8.498.10442828926117258624043497279351962738,lat_centre,135.598,-44.408,-18.659,0.0876,0.563,1.2.826.0.1.3680043.8.498.77044855060417156547958783987043808193,30,3.3,1,True
1.2.826.0.1.3680043.8.498.10445893053733106322562086357169418409,lat_centre,-107.06,12.354,9.905,0.0865,0.781,1.2.826.0.1.3680043.8.498.64362202088851071176361650586336727570,25,4.52,1,True
1.2.826.0.1.3680043.8.498.10447920208680921688438738178539475509,lat_centre,-137.489,-41.73,-4.046,0.093,0.744,1.2.826.0.1.3680043.8.498.91913934045981569591104402380396683755,33,3.9,1,True
1.2.826.0.1.3680043.8.498.10454875772176439944597553400963295397,lat_centre,136.519,-23.608,-39.889,0.0801,0.542,1.2.826.0.1.3680043.8.498.88863725628634972901064023858499017410,33,3.3,1,True
1.2.826.0.1.3680043.8.498.10455589411958266725060942213473374667,lat_centre,137.636,-59.992,-7.528,0.082,1.19,1.2.826.0.1.3680043.8.498.14485812621835459000073079796834802791,40,0.4,8,True
1.2.826.0.1.3680043.8.498.10459044164648238749799867924228983674,lat_centre,107.999,-39.777,-48.061,0.0843,0.673,1.2.826.0.1.3680043.8.498.36793679469803569057579621244248368744,28,3.3,1,True
1.2.826.0.1.3680043.8.498.10459901081962705567398560859229437818,lat_centre,122.122,-51.268,32.616,0.1128,1.546,1.2.826.0.1.3680043.8.498.16404458212489235759519520359726665777,31,3.3,1,True
1.2.826.0.1.3680043.8.498.10470282959537049979906878778884086884,lat_centre,132.335,-58.154,30.219,0.0848,0.972,1.2.826.0.1.3680043.8.498.57755319057531808264138262291734850753,30,3.5,1,True
1.2.826.0.1.3680043.8.498.10472519452146922631626638652503679695,lat_centre,-31.742,23.679,-23.202,0.0929,2.113,1.2.826.0.1.3680043.8.498.55209899621551879954731886130222982852,26,4.0,1,True
1.2.826.0.1.3680043.8.498.10475397432011699698577978597417345091,lat_centre,-102.864,-7.874,-21.484,0.0709,1.307,1.2.826.0.1.3680043.8.498.64411944758384363138097958943147049343,36,0.89,4,True
1.2.826.0.1.3680043.8.498.10485026284343436524865922231113748546,lat_centre,120.215,-7.689,-3.256,0.1178,1.638,1.2.826.0.1.3680043.8.498.44474234556055905840290144794875358005,36,3.0,1,True
1.2.826.0.1.3680043.8.498.10491012711700179118010977263805828326,lat_centre,-107.248,-6.665,-32.421,0.0854,0.544,1.2.826.0.1.3680043.8.498.87422659519667366982278218932095607870,36,0.89,4,True
1.2.826.0.1.3680043.8.498.10492484093480313596330475837639172625,lat_centre,121.638,-31.216,-35.303,0.0858,0.375,1.2.826.0.1.3680043.8.498.54362742633933893689205396401535453547,35,3.3,1,True
1.2.826.0.1.3680043.8.498.10495281520660483987888839682017074584,lat_centre,-110.13,-10.429,-24.906,0.0695,1.039,1.2.826.0.1.3680043.8.498.60937579538433294438916040161180815564,30,4.52,1,True
1.2.826.0.1.3680043.8.498.10495855084258410825408867079175646590,lat_centre,124.386,-49.709,-19.49,0.0626,3.309,1.2.826.0.1.3680043.8.498.76256858144845895774350808484652066510,30,3.3,1,True
1.2.826.0.1.3680043.8.498.10499265498716562276605625682538326716,lat_centre,-104.015,-59.143,3.135,0.1021,1.367,1.2.826.0.1.3680043.8.498.66026842089078704373702143049553581391,34,3.3,1,True
1.2.826.0.1.3680043.8.498.10501068619333941198079851978532746117,lat_centre,115.732,-9.969,-1.478,0.1097,0.617,1.2.826.0.1.3680043.8.498.64646964510933624546107603900465243160,48,2.2,1,True
1.2.826.0.1.3680043.8.498.10502440129091559437492859441158882078,lat_centre,-106.581,-0.072,-39.906,0.1299,1.142,1.2.826.0.1.3680043.8.498.29363151875487127579455791733454225829,24,4.0,1,True
1.2.826.0.1.3680043.8.498.10505282086293876725410939800054491454,lat_centre,140.234,-23.891,35.324,0.0771,1.225,1.2.826.0.1.3680043.8.498.67890987531409138009444151065151011784,23,5.0,1,True
1.2.826.0.1.3680043.8.498.10511712617129216774539441890488742560,lat_centre,114.479,-47.831,-13.612,0.1004,1.189,1.2.826.0.1.3680043.8.498.20606053226335793166211893097454142913,34,3.3,1,True
1.2.826.0.1.3680043.8.498.10512466806929129734785318932315918522,lat_centre,-102.182,-6.285,-16.855,0.1039,0.953,1.2.826.0.1.3680043.8.498.87012852665369144098823533269539408929,33,3.3,1,True
1.2.826.0.1.3680043.8.498.10519480654942067141173172019311858213,lat_centre,-104.588,-2.971,-28.624,0.1043,0.579,1.2.826.0.1.3680043.8.498.90274661971014130279728236437861685259,33,3.3,1,True
1.2.826.0.1.3680043.8.498.10519566075312736546346469231439794627,lat_centre,101.177,7.26,-19.994,0.0783,0.631,1.2.826.0.1.3680043.8.498.73833957956120486166129566557088880576,32,3.3,1,True
1.2.826.0.1.3680043.8.498.10521372086358356219840179458708706015,lat_centre,116.802,-52.348,2.142,0.1128,1.96,1.2.826.0.1.3680043.8.498.10089454533689575892159684540414117845,34,3.6,1,True
1.2.826.0.1.3680043.8.498.10522585237725235866013737575867341946,lat_centre,-134.386,-28.448,-15.985,0.0872,1.439,1.2.826.0.1.3680043.8.498.73194028042445843147439446436403402180,25,4.5,1,True
1.2.826.0.1.3680043.8.498.10524164196949381411165626176732559196,lat_centre,-121.422,-60.419,10.626,0.0847,2.349,1.2.826.0.1.3680043.8.498.79037672002431161944195429269545776239,19,4.8,1,True
1.2.826.0.1.3680043.8.498.10530226787566708645477257565528473018,lat_centre,105.893,-35.149,-16.245,0.1018,0.725,1.2.826.0.1.3680043.8.498.79970781243706967595058064724816180190,32,3.3,1,True
1.2.826.0.1.3680043.8.498.10532708800468111850607752497432656694,lat_centre,-127.661,10.426,-6.58,0.0786,1.003,1.2.826.0.1.3680043.8.498.44112310880101671509001224863586298551,28,4.5,1,True
1.2.826.0.1.3680043.8.498.10533568124272062696642461303295694739,lat_centre,83.584,0.799,-6.655,0.088,0.794,1.2.826.0.1.3680043.8.498.88949277510163367479649532465753343087,37,3.0,1,True
1.2.826.0.1.3680043.8.498.10534260101860670685224894870019533364,lat_centre,125.546,-44.769,-9.684,0.0895,0.746,1.2.826.0.1.3680043.8.498.50581877347630891477845107780255805465,29,3.3,1,True
1.2.826.0.1.3680043.8.498.10536557774352716497356905292652597953,lat_centre,131.531,-30.098,17.46,0.0805,1.198,1.2.826.0.1.3680043.8.498.12634660311448442004066559013821348483,35,3.3,1,True
1.2.826.0.1.3680043.8.498.10537503354035115750949427337500909327,lat_centre,141.151,-53.97,-14.834,0.109,1.214,1.2.826.0.1.3680043.8.498.50405759671195518472512888033447959345,30,3.3,1,True
1.2.826.0.1.3680043.8.498.10538502578022388392340022120166213828,lat_centre,-132.657,-45.981,-29.172,0.0816,1.663,1.2.826.0.1.3680043.8.498.11488188191637132309135956282182919822,24,4.239,1,True
1.2.826.0.1.3680043.8.498.10540882690103231159064894952851205573,lat_centre,124.933,-33.168,-18.958,0.0745,1.762,1.2.826.0.1.3680043.8.498.71756190113907904121735845334132837824,26,4.352,1,True
1.2.826.0.1.3680043.8.498.10540980111087702906123811593906850156,lat_centre,113.177,-40.319,-31.086,0.1151,0.919,1.2.826.0.1.3680043.8.498.22581536122871440772283941981232719911,28,3.0,1,True
1.2.826.0.1.3680043.8.498.10541029960718591409318399557079055927,lat_centre,56.795,2.825,-36.657,0.1109,2.279,1.2.826.0.1.3680043.8.498.95596126576996016027364861452027736293,15,5.5,1,True
1.2.826.0.1.3680043.8.498.10541215772904358938061268226270989801,lat_centre,-136.875,-50.715,-25.074,0.098,0.653,1.2.826.0.1.3680043.8.498.67331826976507682746158193548216152388,29,3.3,1,True
1.2.826.0.1.3680043.8.498.10541227283184832783436242773084724216,lat_centre,128.077,-21.354,-18.791,0.0481,8.817,1.2.826.0.1.3680043.8.498.80701544799369946819373392154488738274,26,4.5,1,True
1.2.826.0.1.3680043.8.498.10542526906255526405613760733936070251,lat_centre,105.728,-41.53,-37.642,0.1039,0.948,1.2.826.0.1.3680043.8.498.11722565324009483640791704775511225225,28,3.3,1,True
1.2.826.0.1.3680043.8.498.10546313646515875953943156661172963953,lat_centre,-21.997,15.282,-16.183,0.106,1.39,1.2.826.0.1.3680043.8.498.81163844184126176866270673061790307369,26,4.0,1,True
1.2.826.0.1.3680043.8.498.10549360192675575195491716398555148512,lat_centre,102.072,14.389,-40.313,0.1156,0.622,1.2.826.0.1.3680043.8.498.50285978821899612901393331984140222031,24,3.9,1,True
1.2.826.0.1.3680043.8.498.10562412345413239960204081248510238736,lat_centre,126.436,-10.404,-58.081,0.1064,0.942,1.2.826.0.1.3680043.8.498.48040653850603861422474154902380990422,23,4.5,1,True
1.2.826.0.1.3680043.8.498.10563016328082326759266280856730347260,lat_centre,-129.009,-41.876,-37.145,0.1025,0.946,1.2.826.0.1.3680043.8.498.23410431414728261692500154720536915875,29,3.3,1,True
1.2.826.0.1.3680043.8.498.10574706940531650593705137704922433109,lat_centre,139.068,-66.041,-4.762,0.0969,1.147,1.2.826.0.1.3680043.8.498.35085809899550840803765051471609153495,25,3.608,1,True
1.2.826.0.1.3680043.8.498.10578013533179563448221888658506023084,lat_centre,89.844,-2.893,-12.545,0.0762,1.138,1.2.826.0.1.3680043.8.498.25888761947436322463902046472744688442,33,3.3,1,True
1.2.826.0.1.3680043.8.498.10580260109117947709069163110100632085,lat_centre,-139.434,-27.858,20.15,0.1039,0.515,1.2.826.0.1.3680043.8.498.13040886496802701812926538181866303692,30,3.3,1,True
1.2.826.0.1.3680043.8.498.10581718331223731732815674582085184169,lat_centre,92.994,-17.214,-11.563,0.0917,1.103,1.2.826.0.1.3680043.8.498.81217025910453057976632765369170319920,30,3.6,1,True
1.2.826.0.1.3680043.8.498.10587511485561679190576188107774736852,lat_centre,-105.876,10.81,-44.226,0.1289,0.91,1.2.826.0.1.3680043.8.498.63053949708065372660697125687688810301,18,5.0,1,True
1.2.826.0.1.3680043.8.498.10589889055723532336864750992142411145,lat_centre,-119.362,-55.828,-4.97,0.0964,1.034,1.2.826.0.1.3680043.8.498.19456599046232988845616700737431591582,25,4.16,1,True
1.2.826.0.1.3680043.8.498.10590148272001480024086117269799629816,lat_centre,99.97,-24.323,-27.558,0.0998,0.741,1.2.826.0.1.3680043.8.498.11375706930815039719097025687712210492,26,3.3,1,True
1.2.826.0.1.3680043.8.498.10590169032156570386146081157598789893,lat_centre,107.248,16.918,-0.193,0.0967,0.519,1.2.826.0.1.3680043.8.498.31340420050152715354523257675584186004,24,3.9,1,True
1.2.826.0.1.3680043.8.498.10591507262178959553431147886647585916,lat_centre,-101.862,-4.292,-21.892,0.104,0.682,1.2.826.0.1.3680043.8.498.93102374935569403642499850338196963769,30,3.0,1,True
1.2.826.0.1.3680043.8.498.10593694750925047629619718537436931628,lat_centre,-142.296,-62.997,-0.123,0.1212,0.849,1.2.826.0.1.3680043.8.498.26378948108703251678067277220989021967,24,4.66,1,True
1.2.826.0.1.3680043.8.498.10599128554628698518723223547497007137,lat_centre,80.255,-20.69,-21.546,0.0959,0.51,1.2.826.0.1.3680043.8.498.11673052058994855512983731889912089580,28,3.7,1,True
1.2.826.0.1.3680043.8.498.10600654987896381983520458496207741798,lat_centre,-125.167,-6.351,-34.744,0.1015,1.245,1.2.826.0.1.3680043.8.498.62764471844832305926242111146976826130,33,3.5,1,True
1.2.826.0.1.3680043.8.498.10601062881015669567737602031338578146,lat_centre,-92.679,16.632,-20.336,0.1184,0.897,1.2.826.0.1.3680043.8.498.72203358525500819065474461377894188723,28,4.0,1,True
1.2.826.0.1.3680043.8.498.10601711635138681269270505152909539290,lat_centre,-99.88,-91.006,-31.108,0.1063,0.945,1.2.826.0.1.3680043.8.498.56465902341771590564563360216157387433,19,4.4,1,True
1.2.826.0.1.3680043.8.498.10601812195848580582490508608655011196,lat_centre,-106.377,-3.732,-26.482,0.1216,1.665,1.2.826.0.1.3680043.8.498.27144880443969474425725114698732083939,29,4.0,1,True
1.2.826.0.1.3680043.8.498.10603952065748622499432940419853732241,lat_centre,102.645,-10.365,-20.451,0.1006,1.447,1.2.826.0.1.3680043.8.498.51570111973883658903465110193466174048,34,3.0,1,True
1.2.826.0.1.3680043.8.498.10614508096225944703643482200835890514,lat_centre,129.842,-35.825,-3.587,0.0904,1.247,1.2.826.0.1.3680043.8.498.90632270480377325950680478185169525482,22,4.5,1,True
1.2.826.0.1.3680043.8.498.10615816709018712955642546871639043403,lat_centre,-86.405,11.53,-23.612,0.1005,1.055,1.2.826.0.1.3680043.8.498.34086045337446070070158657434276511823,30,3.3,1,True
1.2.826.0.1.3680043.8.498.10619486897279334206912764495067756449,lat_centre,100.693,-5.491,-5.829,0.0907,1.013,1.2.826.0.1.3680043.8.498.13395310871581406766805713529946597000,40,3.0,1,True
1.2.826.0.1.3680043.8.498.10619967804774235096151367674093177430,lat_centre,-99.485,-2.134,-25.775,0.0818,1.237,1.2.826.0.1.3680043.8.498.12600048477561290624145667849571593422,30,3.3,1,True
1.2.826.0.1.3680043.8.498.10624417936475721846835761375334601839,lat_centre,135.331,-34.692,5.176,0.11,1.428,1.2.826.0.1.3680043.8.498.50344353668926430475044815731509082000,29,3.3,1,True
1.2.826.0.1.3680043.8.498.10626071553432761206594400919097854593,lat_centre,106.999,-66.289,12.423,0.0711,1.138,1.2.826.0.1.3680043.8.498.10984567513970444469127446194149946682,19,5.2,1,True
1.2.826.0.1.3680043.8.498.10626411974489938664325062396760010912,lat_centre,142.857,-38.229,-13.934,0.106,1.403,1.2.826.0.1.3680043.8.498.66386136914980875728127427361173345893,29,3.3,1,True
1.2.826.0.1.3680043.8.498.10627019153481144392726933328057818971,lat_centre,-130.824,-27.581,-3.264,0.0875,1.325,1.2.826.0.1.3680043.8.498.13065515215081880112949009003231205554,29,3.3,1,True
1.2.826.0.1.3680043.8.498.10627795990821506536342369227971125477,lat_centre,-95.314,-16.029,-27.683,0.1055,0.621,1.2.826.0.1.3680043.8.498.31101863956989536709890546027001820215,32,3.0,1,True
1.2.826.0.1.3680043.8.498.10631238417904652761254062374051500506,lat_centre,-119.171,0.158,-32.638,0.1118,1.171,1.2.826.0.1.3680043.8.498.27847204370604581618718154947869441959,33,3.3,1,True
1.2.826.0.1.3680043.8.498.10632177122947017620482277062226288392,lat_centre,112.777,-11.596,-15.573,0.0996,1.212,1.2.826.0.1.3680043.8.498.29425682987584059092317540568150723095,33,3.3,1,True
1.2.826.0.1.3680043.8.498.10642286343421893916348249679230632066,lat_centre,-120.628,-71.574,-4.466,0.093,1.742,1.2.826.0.1.3680043.8.498.13373520658463548329880708384827413001,21,4.5,1,True
1.2.826.0.1.3680043.8.498.10648346793256473462304051626410900340,lat_centre,118.351,-5.061,4.759,0.0972,1.053,1.2.826.0.1.3680043.8.498.38445362843202686905676355260114453820,48,2.2,1,True
1.2.826.0.1.3680043.8.498.10650751856837517181090589171468851374,lat_centre,113.355,-8.327,-7.422,0.0949,0.713,1.2.826.0.1.3680043.8.498.69576913252372448353694338511725368873,48,2.2,1,True
1.2.826.0.1.3680043.8.498.10652685418462611085839874321267337079,lat_centre,102.556,-6.746,-22.445,0.0905,1.545,1.2.826.0.1.3680043.8.498.79982534358896588607326098685753566714,34,3.0,1,True
1.2.826.0.1.3680043.8.498.10652764425372125015319160977894047658,lat_centre,65.589,23.478,-23.57,0.1208,0.722,1.2.826.0.1.3680043.8.498.11013503879363481829718099650262938749,23,4.52,1,True
1.2.826.0.1.3680043.8.498.10653432159060774337155662807644609967,lat_centre,-100.712,-22.977,-20.374,0.0847,0.987,1.2.826.0.1.3680043.8.498.54842403377479658884843637751388620856,30,3.0,1,True
1.2.826.0.1.3680043.8.498.10656388982978239967297620214873636996,lat_centre,-116.668,-43.368,-16.377,0.0748,1.911,1.2.826.0.1.3680043.8.498.11522355372098416946401374438025326691,29,3.3,1,True
1.2.826.0.1.3680043.8.498.10657506540109137829814058249895525831,lat_centre,-136.109,-33.454,-4.481,0.1133,0.764,1.2.826.0.1.3680043.8.498.10319775322816110943063130906326157364,29,3.3,1,True
1.2.826.0.1.3680043.8.498.10657584461509809047185519742966035356,lat_centre,137.574,-36.0,-21.883,0.093,0.581,1.2.826.0.1.3680043.8.498.12011749173321638055469427977112035959,33,3.3,1,True
1.2.826.0.1.3680043.8.498.10659781998801845781246073928620795082,lat_centre,-134.335,-39.551,-27.1,0.078,0.5,1.2.826.0.1.3680043.8.498.95609133856347371182169225001496260081,30,3.3,1,True
1.2.826.0.1.3680043.8.498.10661650555947788912511478165000737040,lat_centre,-141.341,-37.101,-20.238,0.0736,0.723,1.2.826.0.1.3680043.8.498.78218950762632185469646293642065526827,33,3.9,1,True
1.2.826.0.1.3680043.8.498.10673300644364559354643106316993112731,lat_centre,145.991,-29.401,-73.0,0.0686,1.243,1.2.826.0.1.3680043.8.498.10428193422126181383053153342738115224,33,3.3,1,True
1.2.826.0.1.3680043.8.498.10674673641872871321890995010616205087,lat_centre,-98.93,-13.438,2.844,0.107,0.852,1.2.826.0.1.3680043.8.498.23247160794046439464701551526864300130,28,3.6,1,True
1.2.826.0.1.3680043.8.498.10675139840690240606562530926349987331,lat_centre,97.871,-21.465,9.58,0.0914,1.402,1.2.826.0.1.3680043.8.498.12456610522207192007720090366538114496,29,3.6,1,True
1.2.826.0.1.3680043.8.498.10676253869668012791900504544106495589,lat_centre,-128.91,-34.022,2.584,0.0987,1.751,1.2.826.0.1.3680043.8.498.62470371377203367563768335291483540698,29,3.3,1,True
1.2.826.0.1.3680043.8.498.10684020894033412667820478260168097071,lat_centre,137.375,-33.291,-17.998,0.0917,1.106,1.2.826.0.1.3680043.8.498.20363333326596567038579935247878308902,29,3.3,1,True
1.2.826.0.1.3680043.8.498.10686407053180376367066321489809395592,lat_centre,-97.742,10.559,-69.577,0.1201,0.491,1.2.826.0.1.3680043.8.498.79818135733771720236658026557538870341,30,3.3,1,True
1.2.826.0.1.3680043.8.498.10688670034893539180306173203903350286,lat_centre,-118.149,-49.22,-14.119,0.0915,1.519,1.2.826.0.1.3680043.8.498.11087830279382205116812159981966865212,34,3.3,1,True
1.2.826.0.1.3680043.8.498.10699348333280906956391277892869999716,lat_centre,146.983,-30.295,-39.18,0.0937,0.569,1.2.826.0.1.3680043.8.498.14813518395422081896279149612896776849,32,3.3,1,True
1.2.826.0.1.3680043.8.498.10702284568670902901846767166679293654,lat_centre,-140.742,-44.635,-17.764,0.1115,1.537,1.2.826.0.1.3680043.8.498.10096488075186477560498359249801245146,29,3.3,1,True
1.2.826.0.1.3680043.8.498.10704240846075023334288326143979277080,lat_centre,141.054,-34.955,-42.86,0.0903,0.459,1.2.826.0.1.3680043.8.498.37874725816900486489273730146280036454,29,3.3,1,True
1.2.826.0.1.3680043.8.498.10713285016170190922777298047146228811,lat_centre,-95.867,1.121,-25.12,0.106,1.438,1.2.826.0.1.3680043.8.498.40318198588842957904914662885189718567,30,4.0,1,True
1.2.826.0.1.3680043.8.498.10715956446507906169485719013515169244,lat_centre,-104.342,-32.282,-17.526,0.1053,1.249,1.2.826.0.1.3680043.8.498.85022733774732591351862068627041611421,30,3.3,1,True
1.2.826.0.1.3680043.8.498.10724604223190030113012801427752979879,lat_centre,143.013,-62.818,-25.853,0.1121,0.992,1.2.826.0.1.3680043.8.498.22273540801584220403872600700256675655,20,4.0,1,True
1.2.826.0.1.3680043.8.498.10726624821670417064567481545750543282,lat_centre,-106.368,-62.13,-6.973,0.0981,1.0,1.2.826.0.1.3680043.8.498.99960262147452532931792773145775174384,40,3.3,1,True
1.2.826.0.1.3680043.8.498.10728448245470003618625208276233778895,lat_centre,146.779,-44.708,-14.608,0.1172,0.874,1.2.826.0.1.3680043.8.498.93748893051701273966508030840509082255,29,3.3,1,True
1.2.826.0.1.3680043.8.498.10729725525284633011179038668107963557,lat_centre,-27.584,9.592,-18.782,0.0906,1.503,1.2.826.0.1.3680043.8.498.17473565554134777852133323992619963115,22,3.9,1,True
1.2.826.0.1.3680043.8.498.10731612202208916303411280624156291171,lat_centre,133.744,-62.92,-29.065,0.1257,0.33,1.2.826.0.1.3680043.8.498.13152174648534196023734086893409472693,22,4.5,1,True
1.2.826.0.1.3680043.8.498.10736346409444614168571281812134757732,lat_centre,106.961,41.096,-15.449,0.1112,1.538,1.2.826.0.1.3680043.8.498.12603138509227972416136242592110244995,31,3.85,1,True
1.2.826.0.1.3680043.8.498.10738640862162795323010965765443420384,lat_centre,-109.063,-53.331,-45.328,0.1169,1.347,1.2.826.0.1.3680043.8.498.11603583478171666391988029860405578582,19,4.8,1,True
1.2.826.0.1.3680043.8.498.10739653650865735867752564520952904802,lat_centre,143.065,-43.319,3.788,0.091,0.831,1.2.826.0.1.3680043.8.498.33017584061737095643899116479395964796,29,3.3,1,True
1.2.826.0.1.3680043.8.498.10740857795874468664161171813136103519,lat_centre,-114.726,-22.78,-21.486,0.095,0.699,1.2.826.0.1.3680043.8.498.46306843332895192702235452959256241569,35,3.3,1,True
1.2.826.0.1.3680043.8.498.10748806810865802591313438958975301375,lat_centre,-113.159,-36.797,-32.389,0.0837,1.48,1.2.826.0.1.3680043.8.498.13305876833864723307690636770798652908,34,3.3,1,True
1.2.826.0.1.3680043.8.498.10750145216793948201921667945805555093,lat_centre,-102.741,1.43,-23.008,0.0885,0.876,1.2.826.0.1.3680043.8.498.11567578038495164598097361967838330631,20,4.0,1,True
1.2.826.0.1.3680043.8.498.10751346650129497348457481341700957445,lat_centre,-131.397,2.885,3.047,0.0892,0.691,1.2.826.0.1.3680043.8.498.58603108945978647167621319937811956483,28,3.5,1,True
1.2.826.0.1.3680043.8.498.10751624265599812767108610284996090628,lat_centre,109.127,-5.574,-33.581,0.1128,1.257,1.2.826.0.1.3680043.8.498.11238910502477208988271836351516439940,34,3.0,1,True
1.2.826.0.1.3680043.8.498.10756245293186761042431460535210737327,lat_centre,-115.343,-15.758,2.419,0.0962,0.581,1.2.826.0.1.3680043.8.498.67044709967015946890770657247512624561,32,3.3,1,True
1.2.826.0.1.3680043.8.498.10759288702627176691392048851622294054,lat_centre,84.661,40.208,-28.009,0.1062,1.035,1.2.826.0.1.3680043.8.498.49188254191433390924193379951777773864,20,5.0,1,True
1.2.826.0.1.3680043.8.498.10760847155803463653759690525160815826,lat_centre,141.534,-55.968,29.12,0.103,1.035,1.2.826.0.1.3680043.8.498.37194922478966602983662524585374540365,30,3.3,1,True
1.2.826.0.1.3680043.8.498.10761658878615069270304502752374858610,lat_centre,-117.525,-30.668,-38.764,0.1184,1.114,1.2.826.0.1.3680043.8.498.86100924875282251700683411967946424393,34,2.75,1,True
1.2.826.0.1.3680043.8.498.10762741411077456296656623422020928762,lat_centre,-96.307,0.562,-28.323,0.1302,0.879,1.2.826.0.1.3680043.8.498.11993452072485760706506027252082197527,24,4.0,1,True
1.2.826.0.1.3680043.8.498.10765617676329232046176300833850901740,lat_centre,145.255,-54.936,5.125,0.1029,1.216,1.2.826.0.1.3680043.8.498.70040316994257134083028919382038280463,22,4.638,1,True
1.2.826.0.1.3680043.8.498.10768305343887790230989914438483009428,lat_centre,-102.71,-1.261,-18.947,0.0882,1.206,1.2.826.0.1.3680043.8.498.13281845911861668810236972504418892573,33,3.3,1,True
1.2.826.0.1.3680043.8.498.10769126730281890056368854871900324448,lat_centre,117.651,-50.036,-30.964,0.0999,0.727,1.2.826.0.1.3680043.8.498.62898453840703005058126143528997470412,29,3.6,1,True
1.2.826.0.1.3680043.8.498.10770877369291591553624215762368014357,lat_centre,113.154,-17.561,-44.87,0.0969,0.511,1.2.826.0.1.3680043.8.498.28078018445154230067976395785693560154,30,3.3,1,True
1.2.826.0.1.3680043.8.498.10774147135673365265606645781662088745,lat_centre,150.868,-1.34,-4.707,0.0979,1.108,1.2.826.0.1.3680043.8.498.38081740384783516819325731958269123617,22,4.4,1,True
1.2.826.0.1.3680043.8.498.10777331080659372520952742261140923555,lat_centre,32.909,8.493,-5.528,0.1037,0.977,1.2.826.0.1.3680043.8.498.11493999921664082701311531600481669421,27,3.9,1,True
1.2.826.0.1.3680043.8.498.10782963448708192069959366583555573334,lat_centre,125.796,-35.526,-2.833,0.1051,1.543,1.2.826.0.1.3680043.8.498.64967567266633282681675652949828527982,29,3.3,1,True
1.2.826.0.1.3680043.8.498.10783501127779906316117667790784040770,lat_centre,-119.588,-50.666,-18.166,0.0923,1.582,1.2.826.0.1.3680043.8.498.84744523579847593352579274247888005350,25,4.156,1,True
1.2.826.0.1.3680043.8.498.10790689419760453870458170966064168002,lat_centre,-86.73,2.979,-43.915,0.0839,1.169,1.2.826.0.1.3680043.8.498.60197797046880824718375777119943982784,26,4.025,1,True
1.2.826.0.1.3680043.8.498.10802653832050736637820225444196833450,lat_centre,-108.023,78.675,0.319,0.0837,0.869,1.2.826.0.1.3680043.8.498.81397759507359771941004232135024063933,30,3.3,1,True
1.2.826.0.1.3680043.8.498.10803283287658556463524649793955055077,lat_centre,-130.574,-48.567,0.598,0.1125,0.931,1.2.826.0.1.3680043.8.498.10180735577701876375549500652833237620,29,3.3,1,True
1.2.826.0.1.3680043.8.498.10808663384878038371710260386807468588,lat_centre,-141.235,-42.639,-7.408,0.1139,1.529,1.2.826.0.1.3680043.8.498.18822579387269360700711574326558520541,29,3.3,1,True
1.2.826.0.1.3680043.8.498.10812894672739619566834776054635588406,lat_centre,-135.136,-46.548,-13.966,0.1066,1.294,1.2.826.0.1.3680043.8.498.90519725310611999715844918954073082345,24,4.695,1,True
1.2.826.0.1.3680043.8.498.10818980124981334596808438908811623528,lat_centre,-97.121,-3.146,-0.808,0.1032,0.955,1.2.826.0.1.3680043.8.498.32313617084861986764034097455265452407,34,3.0,1,True
1.2.826.0.1.3680043.8.498.10824420630965162625242888916805538597,lat_centre,-21.371,9.403,-14.655,0.1138,1.07,1.2.826.0.1.3680043.8.498.26265764259282212122888165424371516517,26,4.0,1,True
1.2.826.0.1.3680043.8.498.10829579914809383212986717269028170263,lat_centre,94.39,15.186,-7.763,0.0849,1.998,1.2.826.0.1.3680043.8.498.24206883750835725474267122972011106945,33,3.0,1,True
1.2.826.0.1.3680043.8.498.10830288389793651695251406408666084306,lat_centre,-133.735,-38.355,-9.473,0.0995,0.672,1.2.826.0.1.3680043.8.498.62929080054207437683301009401123490901,30,3.3,1,True
1.2.826.0.1.3680043.8.498.10835889400414225749339608096119636738,lat_centre,-103.863,-9.763,-21.079,0.1063,1.921,1.2.826.0.1.3680043.8.498.11700408793399036218435309108045701654,24,3.9,1,True
1.2.826.0.1.3680043.8.498.10839126901366636822676830560774505865,lat_centre,93.315,-50.72,-30.048,0.0832,0.519,1.2.826.0.1.3680043.8.498.45708598993264803573170681224796030432,19,4.0,1,True
1.2.826.0.1.3680043.8.498.10842906919708856642000130208791281263,lat_centre,-107.742,-4.416,20.823,0.0961,0.848,1.2.826.0.1.3680043.8.498.70812696834097098874616664473334967936,38,3.0,1,True
1.2.826.0.1.3680043.8.498.10843463954622076609489312662891432839,lat_centre,139.18,-42.64,-9.619,0.0742,0.532,1.2.826.0.1.3680043.8.498.12352363451108476518578557153043561806,40,0.4,8,True
1.2.826.0.1.3680043.8.498.10843917293035279597622029625809500972,lat_centre,99.457,-8.529,-9.97,0.1077,1.037,1.2.826.0.1.3680043.8.498.97962715867797440969864610648575009199,33,3.3,1,True
1.2.826.0.1.3680043.8.498.10848350333764008140459854470293737650,lat_centre,121.319,-47.459,-8.101,0.0858,0.998,1.2.826.0.1.3680043.8.498.19804498360205813332100165708113470938,23,4.445,1,True
1.2.826.0.1.3680043.8.498.10850742579000782417673172155504794301,lat_centre,-115.629,-4.214,-30.789,0.097,1.061,1.2.826.0.1.3680043.8.498.85269246959179815285767515178965737876,35,3.3,1,True
1.2.826.0.1.3680043.8.498.10851562687641986545442408470139368318,lat_centre,-95.397,-20.138,-2.98,0.0957,0.975,1.2.826.0.1.3680043.8.498.26084376788783968382054780494707921750,27,3.6,1,True
1.2.826.0.1.3680043.8.498.10852517092524464338210061305792376636,lat_centre,-67.534,-1.267,-24.525,0.1007,2.022,1.2.826.0.1.3680043.8.498.23267179899952736858953340830951413341,17,5.0,1,True
1.2.826.0.1.3680043.8.498.10854012268828835845581966634225522931,lat_centre,-117.898,-56.692,-19.293,0.0782,1.344,1.2.826.0.1.3680043.8.498.50018448175582266704642805250088437895,34,3.3,1,True
1.2.826.0.1.3680043.8.498.10854223557359336882116168394037581766,lat_centre,119.655,6.017,-37.073,0.1048,1.309,1.2.826.0.1.3680043.8.498.11062155738430646385275301535196670414,30,3.3,1,True
1.2.826.0.1.3680043.8.498.10855290714402117092990651362697310270,lat_centre,111.034,-24.127,42.427,0.1093,1.038,1.2.826.0.1.3680043.8.498.30606420633051689933395223736266513451,23,4.5,1,True
1.2.826.0.1.3680043.8.498.10857485602186206735293765836065270655,lat_centre,-127.853,-7.498,-11.135,0.1015,0.541,1.2.826.0.1.3680043.8.498.70276596036299708991890505073868853321,48,2.2,1,True
1.2.826.0.1.3680043.8.498.10857771747813858957718058322384884551,lat_centre,147.401,-32.789,-34.507,0.0989,0.919,1.2.826.0.1.3680043.8.498.27538996055361001853140012053959794921,29,3.3,1,True
1.2.826.0.1.3680043.8.498.10862481204237376580557516731952961213,lat_centre,125.086,-36.849,-10.632,0.069,0.796,1.2.826.0.1.3680043.8.498.17035273029093724180460733956975820599,35,3.3,1,True
1.2.826.0.1.3680043.8.498.10867622488467375444427908425709367385,lat_centre,-115.217,-43.434,-24.204,0.1004,0.67,1.2.826.0.1.3680043.8.498.45580399222613365402730380613056139221,24,4.0,1,True
1.2.826.0.1.3680043.8.498.10876177342063734507664188801203192617,lat_centre,-99.206,-10.802,-17.941,0.0987,1.218,1.2.826.0.1.3680043.8.498.92463453066307270178961393649259400682,34,3.0,1,True
1.2.826.0.1.3680043.8.498.10880553082640412137979450100928382021,lat_centre,100.635,-14.194,-26.687,0.1036,1.05,1.2.826.0.1.3680043.8.498.34292609091621589850422847924696053454,33,3.3,1,True
1.2.826.0.1.3680043.8.498.10884987036948550523442514147204321748,lat_centre,-90.102,-39.603,-17.672,0.0597,0.813,1.2.826.0.1.3680043.8.498.44875716030273428532384614327427462272,40,0.4,8,True
1.2.826.0.1.3680043.8.498.10886583574130697346788286647281863932,lat_centre,105.192,-9.228,17.386,0.0895,0.584,1.2.826.0.1.3680043.8.498.87654258751019577525602621436253132768,48,2.2,1,True
1.2.826.0.1.3680043.8.498.10890699078723972693302029683905114834,lat_centre,-106.981,-43.221,-28.256,0.1135,1.32,1.2.826.0.1.3680043.8.498.11835714984191741802606652870152504726,28,3.0,1,True
1.2.826.0.1.3680043.8.498.10895521387894821238259709507311341758,lat_centre,108.822,-19.818,-12.047,0.0967,1.636,1.2.826.0.1.3680043.8.498.30032732698875993911917722072464285441,32,3.3,1,True
1.2.826.0.1.3680043.8.498.10896245499713818848442117831482755673,lat_centre,90.564,36.448,-50.087,0.1206,1.37,1.2.826.0.1.3680043.8.498.10901894472460864458307552465787674694,30,3.3,1,True
1.2.826.0.1.3680043.8.498.10902166579916526176697193295886992412,lat_centre,-117.032,-16.514,-7.498,0.0983,1.299,1.2.826.0.1.3680043.8.498.49977660763019599396861418472683409743,31,3.3,1,True
1.2.826.0.1.3680043.8.498.10903003118372337016190215211789983264,lat_centre,137.489,-43.352,-34.125,0.0896,0.995,1.2.826.0.1.3680043.8.498.82796750257138652366597580704627332569,34,3.3,1,True
1.2.826.0.1.3680043.8.498.10917389623891555306584069980815338466,lat_centre,120.502,65.414,-41.504,0.0752,1.349,1.2.826.0.1.3680043.8.498.43687113574833540554614995607624067537,35,3.3,1,True
1.2.826.0.1.3680043.8.498.10917606677895195837968927716728385881,lat_centre,-105.764,-7.126,-32.153,0.0627,1.637,1.2.826.0.1.3680043.8.498.13045332286239299804742518239931048251,28,3.6,1,True
1.2.826.0.1.3680043.8.498.10918580785296934228715514366408269433,lat_centre,-93.841,-6.405,-12.346,0.1082,2.302,1.2.826.0.1.3680043.8.498.28970342926907545782381263795321818683,33,3.3,1,True
1.2.826.0.1.3680043.8.498.10919665962088003807153039302898262235,lat_centre,-138.329,-54.191,3.323,0.1063,1.406,1.2.826.0.1.3680043.8.498.67922870009354031704812995034985923566,34,3.3,1,True
1.2.826.0.1.3680043.8.498.10920269679387171659375091645187772303,lat_centre,-95.869,-1.188,-0.158,0.109,1.339,1.2.826.0.1.3680043.8.498.92455600591402675895558733986191140913,30,3.6,1,True
1.2.826.0.1.3680043.8.498.10924685588962763768106617368647678902,lat_centre,-143.42,-32.36,-1.415,0.0963,1.799,1.2.826.0.1.3680043.8.498.11055208927178096623715671958092370751,36,3.3,1,True
1.2.826.0.1.3680043.8.498.10924995713871537837233985073507509566,lat_centre,99.868,-48.49,-20.958,0.1081,1.488,1.2.826.0.1.3680043.8.498.12155107517777542142396259787060028435,32,3.3,1,True
1.2.826.0.1.3680043.8.498.10927716750119165925963563081261605359,lat_centre,102.975,1.023,-23.394,0.0877,2.289,1.2.826.0.1.3680043.8.498.95240512779611655208131014133044460635,29,3.6,1,True
1.2.826.0.1.3680043.8.498.10930374192038896613513882597332665403,lat_centre,-119.939,-14.357,-19.171,0.0985,0.592,1.2.826.0.1.3680043.8.498.14545499952035780555207771068040156095,36,0.89,4,True
1.2.826.0.1.3680043.8.498.10931111730564885182398163970692599398,lat_centre,104.965,-17.174,-0.994,0.0874,0.734,1.2.826.0.1.3680043.8.498.54381248021261957247085979282155478229,33,3.3,1,True
1.2.826.0.1.3680043.8.498.10932818400202426453525918723737011737,lat_centre,-117.766,-2.684,-31.891,0.0968,1.905,1.2.826.0.1.3680043.8.498.14199549614186636963555079754175501364,28,3.9,1,True
1.2.826.0.1.3680043.8.498.10933003998197427979325590791540457658,lat_centre,131.826,-25.793,-39.331,0.0828,0.506,1.2.826.0.1.3680043.8.498.20369117810325454002865995416195274789,35,3.3,1,True
1.2.826.0.1.3680043.8.498.10937181824204907065071760564745305722,lat_centre,103.11,7.55,-10.648,0.1259,0.476,1.2.826.0.1.3680043.8.498.91128507741435849449874297813969235670,24,3.9,1,True
1.2.826.0.1.3680043.8.498.10937504474673840994058935502377258768,lat_centre,106.205,0.683,0.724,0.086,0.892,1.2.826.0.1.3680043.8.498.58807720587344931560631850895914136571,43,2.2,1,True
1.2.826.0.1.3680043.8.498.10937585701850306334458420860276069606,lat_centre,109.363,-8.506,-4.687,0.104,0.404,1.2.826.0.1.3680043.8.498.10095455231504836138651094411629998816,33,3.3,1,True
1.2.826.0.1.3680043.8.498.10938719716535758543863717421521822626,lat_centre,-108.37,-51.511,-29.11,0.0914,0.292,1.2.826.0.1.3680043.8.498.85953770508206709993263761703626383746,26,4.0,1,True
1.2.826.0.1.3680043.8.498.10939964887585312209861601414669494409,lat_centre,128.859,-49.461,-0.716,0.0892,0.465,1.2.826.0.1.3680043.8.498.17092201598597623706892346405907008969,27,4.0,1,True
1.2.826.0.1.3680043.8.498.10951328287594724738476663200798896670,lat_centre,-151.165,-6.934,-32.24,0.0868,1.68,1.2.826.0.1.3680043.8.498.79543990040716037715501701971047575510,26,4.5,1,True
1.2.826.0.1.3680043.8.498.10959153852077371752490787490374555514,lat_centre,-96.282,15.256,0.091,0.1139,1.905,1.2.826.0.1.3680043.8.498.53214456238359105903028378441536579099,28,4.0,1,True
1.2.826.0.1.3680043.8.498.10960770430559425421609885784366918575,lat_centre,-32.376,15.067,-24.41,0.1061,0.788,1.2.826.0.1.3680043.8.498.10263657348351241577341013406449965514,26,4.0,1,True
1.2.826.0.1.3680043.8.498.10964287649604862436796341368993301245,lat_centre,-100.313,-1.716,-24.15,0.0894,0.606,1.2.826.0.1.3680043.8.498.12270167051631451660773334136521239558,29,3.6,1,True
1.2.826.0.1.3680043.8.498.10965573028231658307306828073340279415,lat_centre,-134.713,-31.443,-6.668,0.1066,0.637,1.2.826.0.1.3680043.8.498.13340397223679645014143653923900034031,34,2.75,1,True
1.2.826.0.1.3680043.8.498.10975347305662629858093628672419901528,lat_centre,105.102,-61.83,-3.271,0.1075,0.7,1.2.826.0.1.3680043.8.498.14054960894810770266047031431259338814,19,4.4,1,True
1.2.826.0.1.3680043.8.498.10979105661314213697886164132444977106,lat_centre,-112.967,-27.886,-33.591,0.095,1.091,1.2.826.0.1.3680043.8.498.36342497499103736156162214747993071015,30,3.3,1,True
1.2.826.0.1.3680043.8.498.10981062990502278795793220223076241424,lat_centre,-107.619,-8.278,-20.411,0.1141,0.633,1.2.826.0.1.3680043.8.498.77936382170028111223556489433975145227,33,3.3,1,True
1.2.826.0.1.3680043.8.498.10983416091338854252058678062116243962,lat_centre,-104.379,7.586,0.938,0.0926,1.257,1.2.826.0.1.3680043.8.498.11919315236035687516961955980068208408,33,4.0,1,True
1.2.826.0.1.3680043.8.498.10992875360571368325079907908221899699,lat_centre,-141.604,-33.964,-60.898,0.0936,0.743,1.2.826.0.1.3680043.8.498.17917547375209705407372819100665273333,30,3.3,1,True
1.2.826.0.1.3680043.8.498.10994554560803816407362754025763036100,lat_centre,108.996,-53.397,-26.623,0.0783,0.446,1.2.826.0.1.3680043.8.498.46990133807956193604390684745843398099,36,3.3,1,True
1.2.826.0.1.3680043.8.498.10994848378662155711176898659205016445,lat_centre,-127.636,-68.469,4.989,0.093,1.918,1.2.826.0.1.3680043.8.498.38840528433942468998998383863038214460,22,4.35,1,True
1.2.826.0.1.3680043.8.498.10994854354532517072359864903910225174,lat_centre,-130.102,26.682,-42.842,0.1116,1.352,1.2.826.0.1.3680043.8.498.46526577741184061371358204572365208904,21,5.0,1,True
1.2.826.0.1.3680043.8.498.10994899269366718796438389394954844979,lat_centre,-130.263,-52.774,0.957,0.1018,0.678,1.2.826.0.1.3680043.8.498.19948375643720027039216035207659162686,25,3.85,1,True
1.2.826.0.1.3680043.8.498.10995980880227536691827030731644023480,lat_centre,94.088,-13.177,-44.919,0.0814,1.424,1.2.826.0.1.3680043.8.498.27491465685211711764956561078877405918,28,3.5,1,True
1.2.826.0.1.3680043.8.498.10998144118962608870602180672090998054,lat_centre,133.904,-35.616,-10.372,0.105,1.725,1.2.826.0.1.3680043.8.498.21666925125173466868504466866097655851,22,4.5,1,True
1.2.826.0.1.3680043.8.498.10998405409474759941744305665540376339,lat_centre,-100.792,-9.935,-37.059,0.0929,0.426,1.2.826.0.1.3680043.8.498.98108336645013977100056131173594421075,34,3.0,1,True
1.2.826.0.1.3680043.8.498.11006241238894862275805535376070111510,lat_centre,-100.439,-11.311,-1.752,0.1083,1.133,1.2.826.0.1.3680043.8.498.45411429802308303868823325943673731137,31,3.3,1,True
1.2.826.0.1.3680043.8.498.11007527194601989039620198927241696256,lat_centre,95.027,-20.97,11.627,0.115,1.42,1.2.826.0.1.3680043.8.498.11595466518537225885820964711498095800,33,3.3,1,True
1.2.826.0.1.3680043.8.498.11010004366885474301784150582039137111,lat_centre,31.76,11.86,-14.671,0.0789,0.694,1.2.826.0.1.3680043.8.498.38581764120546188217187599355004256223,26,4.5,1,True
1.2.826.0.1.3680043.8.498.11011061033863592500429481719734134286,lat_centre,-101.187,-7.157,-26.455,0.0829,1.608,1.2.826.0.1.3680043.8.498.59212444311121427152789813716263135767,34,3.0,1,True
1.2.826.0.1.3680043.8.498.11014091506864318694851337553197477906,lat_centre,90.314,-1.658,-15.527,0.1297,1.087,1.2.826.0.1.3680043.8.498.52488049686659226960000320339540001064,25,3.6,1,True
1.2.826.0.1.3680043.8.498.11040296449332764126530525726037541310,lat_centre,-112.783,-42.89,-9.388,0.0945,1.359,1.2.826.0.1.3680043.8.498.26443599583584344176376757590396667877,30,3.3,1,True
1.2.826.0.1.3680043.8.498.11041694833778404465582610810664391088,lat_centre,98.072,-8.245,-19.025,0.0903,1.734,1.2.826.0.1.3680043.8.498.53249229063772796403120029744734414981,29,3.6,1,True
1.2.826.0.1.3680043.8.498.11043081829401721095803441219553837608,lat_centre,104.571,-28.497,-42.608,0.0927,2.33,1.2.826.0.1.3680043.8.498.61773350923869047257309487645987988538,30,3.3,1,True
1.2.826.0.1.3680043.8.498.11043543420859531726426521315399258528,lat_centre,-111.864,-50.234,-60.961,0.0967,0.899,1.2.826.0.1.3680043.8.498.83483003583826357781897718028453144065,30,3.3,1,True
1.2.826.0.1.3680043.8.498.11043926695471016727738735328317975282,lat_centre,109.914,-4.362,-20.403,0.1043,1.947,1.2.826.0.1.3680043.8.498.47188465852587472932120640771222759256,33,3.3,1,True
1.2.826.0.1.3680043.8.498.11045459770905584149950259201414074545,lat_centre,-121.748,0.042,-14.652,0.0992,0.726,1.2.826.0.1.3680043.8.498.33583383619311044797133141231587812638,48,2.2,1,True
1.2.826.0.1.3680043.8.498.11049882927267755769995376553330493298,lat_centre,-140.486,-62.808,-1.724,0.0741,0.971,1.2.826.0.1.3680043.8.498.10606822046928869563426838025941558340,40,0.4,8,True
1.2.826.0.1.3680043.8.498.11050604958275820465127935558416408008,lat_centre,90.628,-24.144,-59.408,0.0882,1.162,1.2.826.0.1.3680043.8.498.91723320276850550990166660357277535681,28,3.5,1,True
1.2.826.0.1.3680043.8.498.11052656375391331522834364601050945860,lat_centre,139.399,19.265,0.978,0.0799,0.946,1.2.826.0.1.3680043.8.498.12082796582322702335917928294626349997,33,3.3,1,True
1.2.826.0.1.3680043.8.498.11052720536194493057619720620119095739,lat_centre,-116.525,-13.511,-24.374,0.0954,2.103,1.2.826.0.1.3680043.8.498.70011032679948221644257986251535029294,30,3.3,1,True
1.2.826.0.1.3680043.8.498.11057883757434391643878168168845592475,lat_centre,-98.077,-41.968,-62.544,0.0791,2.924,1.2.826.0.1.3680043.8.498.31156808966407755378141371966857780534,23,3.9,1,True
1.2.826.0.1.3680043.8.498.11060834081463491262807709963877480026,lat_centre,109.094,-10.898,-23.336,0.0982,1.015,1.2.826.0.1.3680043.8.498.12751804616396515154865178948161070577,34,3.0,1,True
1.2.826.0.1.3680043.8.498.11064977170395595339882840534354229547,lat_centre,111.794,-56.633,-15.995,0.0888,0.439,1.2.826.0.1.3680043.8.498.95899025873769620503579364238048246532,34,3.6,1,True
1.2.826.0.1.3680043.8.498.11067200656721609390997819562401839124,lat_centre,-23.996,-10.218,-6.868,0.0912,2.65,1.2.826.0.1.3680043.8.498.35710470825393408313868442377361016186,24,3.9,1,True
1.2.826.0.1.3680043.8.498.11070900122260301212131296598983372089,lat_centre,-84.793,10.14,-13.664,0.1075,1.555,1.2.826.0.1.3680043.8.498.67911581961514266607819483870809797993,30,3.3,1,True
1.2.826.0.1.3680043.8.498.11077406555624926104628200252710914930,lat_centre,-112.559,-25.324,-26.043,0.0856,0.823,1.2.826.0.1.3680043.8.498.14296237954597402119768864897549965304,32,3.51,1,True
1.2.826.0.1.3680043.8.498.11079556243110299049578981210837702995,lat_centre,137.76,-30.27,-17.733,0.0723,0.583,1.2.826.0.1.3680043.8.498.10825384059994367081012332056122782237,30,3.5,1,True
1.2.826.0.1.3680043.8.498.11080651962904815250736183346281427445,lat_centre,-114.577,-0.34,-8.889,0.0836,0.845,1.2.826.0.1.3680043.8.498.10741632889324923303259748193086923516,31,3.3,1,True
1.2.826.0.1.3680043.8.498.11084010833221855396433326769153950681,lat_centre,132.712,-5.126,-55.052,0.1073,0.714,1.2.826.0.1.3680043.8.498.83992799685739199655757662129593433472,21,4.5,1,True
1.2.826.0.1.3680043.8.498.11090884548990390279582832205294943635,lat_centre,36.674,64.328,-61.258,0.0658,1.225,1.2.826.0.1.3680043.8.498.33924476870655602036880022285772217520,25,5.0,1,True
1.2.826.0.1.3680043.8.498.11091958567356981151034727948765010881,lat_centre,104.937,4.721,-57.494,0.0976,0.657,1.2.826.0.1.3680043.8.498.83793388413204882267052512549043486687,33,3.3,1,True
1.2.826.0.1.3680043.8.498.11100224438877567316062152508871079233,lat_centre,142.982,-55.816,-26.525,0.0916,1.918,1.2.826.0.1.3680043.8.498.12589660556536229138412338888549397103,30,3.3,1,True
1.2.826.0.1.3680043.8.498.11103894265181149878864749992746236768,lat_centre,117.201,7.758,-2.099,0.0616,0.931,1.2.826.0.1.3680043.8.498.12397913202248914249735968965992515016,46,2.2,1,True
1.2.826.0.1.3680043.8.498.11110575656494405149601490027444484170,lat_centre,120.989,-44.274,-43.954,0.1002,0.673,1.2.826.0.1.3680043.8.498.44120208823716066059423069825729660236,31,3.3,1,True
1.2.826.0.1.3680043.8.498.11111022632180183697497694737350901427,lat_centre,120.049,-49.525,-61.401,0.0947,0.834,1.2.826.0.1.3680043.8.498.12806007387283483960089642565569078735,22,4.368,1,True
1.2.826.0.1.3680043.8.498.11113442398569287228475456000446876768,lat_centre,96.578,-51.434,-52.96,0.107,0.497,1.2.826.0.1.3680043.8.498.11409028635806471488503520295909259503,19,4.4,1,True
1.2.826.0.1.3680043.8.498.11119324966854127911591363740049886324,lat_centre,-132.598,-42.488,-28.113,0.1112,1.354,1.2.826.0.1.3680043.8.498.12141436334054713914232539611515395634,30,3.3,1,True
1.2.826.0.1.3680043.8.498.11122485005317809892694992204053124213,lat_centre,-120.452,-45.931,-27.891,0.0919,0.862,1.2.826.0.1.3680043.8.498.80795826659493581342048955940347900186,30,3.5,1,True
1.2.826.0.1.3680043.8.498.11123446342116837882811834332727990911,lat_centre,-132.992,-45.294,-30.624,0.0659,0.599,1.2.826.0.1.3680043.8.498.10913512382904416605362249525983160244,40,3.3,1,True
1.2.826.0.1.3680043.8.498.11125718814639515292482773418372267821,lat_centre,124.891,-45.752,-27.817,0.1137,1.825,1.2.826.0.1.3680043.8.498.62895631316143783707883133619871572680,25,4.069,1,True
1.2.826.0.1.3680043.8.498.11126383719852491587081347886000714259,lat_centre,-115.484,-19.509,-18.828,0.0967,1.017,1.2.826.0.1.3680043.8.498.20005803380697261754983677821984833473,22,4.5,1,True
1.2.826.0.1.3680043.8.498.11128099896284546522122813576483001027,lat_centre,-96.278,3.1,-4.775,0.0646,0.808,1.2.826.0.1.3680043.8.498.59310271184457629925168246975075209030,23,4.6,1,True
1.2.826.0.1.3680043.8.498.11129751904857491327872353316480050290,lat_centre,107.953,-0.417,-5.275,0.0964,1.997,1.2.826.0.1.3680043.8.498.52933658544984806032332845440403330923,22,5.055,1,True
1.2.826.0.1.3680043.8.498.11131210140372132238166068091728877219,lat_centre,139.174,-55.95,-11.644,0.1151,0.816,1.2.826.0.1.3680043.8.498.36560341003628211209510302970581082980,29,3.3,1,True
1.2.826.0.1.3680043.8.498.11135115047200279264914390528987153419,lat_centre,101.255,-13.498,-1.373,0.1,1.697,1.2.826.0.1.3680043.8.498.12257340048871999392679223963495031964,29,3.6,1,True
1.2.826.0.1.3680043.8.498.11136723251983227230447257874027263286,lat_centre,119.082,-4.963,3.825,0.1053,1.565,1.2.826.0.1.3680043.8.498.70301303950014765735858554361488355539,47,2.2,1,True
1.2.826.0.1.3680043.8.498.11145632111083286399683467139301564425,lat_centre,107.705,13.822,-28.117,0.1163,2.536,1.2.826.0.1.3680043.8.498.21627738508661115912350573245413168879,26,4.52,1,True
1.2.826.0.1.3680043.8.498.11148939654362681630811787929668902046,lat_centre,-147.822,-52.432,-14.083,0.1081,0.755,1.2.826.0.1.3680043.8.498.99848626726594457093705367272619998372,25,4.16,1,True
1.2.826.0.1.3680043.8.498.11149530279799223497509928655010867960,lat_centre,-100.496,39.739,-57.574,0.0855,1.859,1.2.826.0.1.3680043.8.498.10749223286829806719253927186524623097,23,4.5,1,True
1.2.826.0.1.3680043.8.498.11150193626240150189232364321568347937,lat_centre,110.06,9.399,-35.723,0.108,0.625,1.2.826.0.1.3680043.8.498.68792888495812990470387546601507648880,28,4.0,1,True
1.2.826.0.1.3680043.8.498.11150597567791052354257165699079348456,lat_centre,10.906,9.471,-37.072,0.0701,0.67,1.2.826.0.1.3680043.8.498.12322997316383985816050208157048115259,26,4.0,1,True
1.2.826.0.1.3680043.8.498.11150751959089942633754454715290410758,lat_centre,136.292,-37.781,-6.685,0.0704,1.016,1.2.826.0.1.3680043.8.498.74873484105862584337633713948951610947,40,0.4,8,True
1.2.826.0.1.3680043.8.498.11152585968424897353533125085307104033,lat_centre,-100.407,-52.5,13.185,0.0891,1.6,1.2.826.0.1.3680043.8.498.72104031803816292138270396918463036278,19,4.4,1,True
1.2.826.0.1.3680043.8.498.11154238555579687338157479416363307605,lat_centre,-107.013,2.661,-42.583,0.0918,0.876,1.2.826.0.1.3680043.8.498.25911701945215924104687030389512496901,33,3.3,1,True
1.2.826.0.1.3680043.8.498.11156884483511690263238401598901614096,lat_centre,-143.599,-32.392,-30.142,0.0782,0.687,1.2.826.0.1.3680043.8.498.12521492305783891361169528265104161535,33,3.9,1,True
1.2.826.0.1.3680043.8.498.11159546221032123495135103648570690656,lat_centre,97.825,-9.442,-29.932,0.098,1.121,1.2.826.0.1.3680043.8.498.34601172349533904272121677406920725165,38,3.0,1,True
1.2.826.0.1.3680043.8.498.11173951743276817877673759975853741079,lat_centre,140.79,-45.463,-37.215,0.1087,1.515,1.2.826.0.1.3680043.8.498.10790734821828491963682680240813192490,34,3.3,1,True
1.2.826.0.1.3680043.8.498.11180457573346204459956051956213528997,lat_centre,135.825,-44.504,-0.271,0.1045,1.002,1.2.826.0.1.3680043.8.498.96596248587176077048646375432950457868,29,3.3,1,True
1.2.826.0.1.3680043.8.498.11183915112115196028799391678356464392,lat_centre,-103.628,-3.739,-24.734,0.0937,0.941,1.2.826.0.1.3680043.8.498.44681788168050119818348104943064542440,33,3.0,1,True
1.2.826.0.1.3680043.8.498.11184968672176462852561645279750399747,lat_centre,118.426,-13.467,7.846,0.073,1.226,1.2.826.0.1.3680043.8.498.49022340225674703108931531297813342349,26,4.52,1,True
1.2.826.0.1.3680043.8.498.11190292536746235063218740991532759863,lat_centre,113.498,-16.647,20.552,0.0943,0.713,1.2.826.0.1.3680043.8.498.69021611747964957472966802209549674377,47,2.2,1,True
1.2.826.0.1.3680043.8.498.11191015483427903713800997920940844550,lat_centre,-123.048,-1.864,-20.374,0.1057,2.531,1.2.826.0.1.3680043.8.498.30980863675935941008105037879776019329,28,4.52,1,True
1.2.826.0.1.3680043.8.498.11192287547210248515805146368662883131,lat_centre,-116.129,-28.343,-2.432,0.0943,0.55,1.2.826.0.1.3680043.8.498.10251562429521112237331486592370823212,39,3.6,1,True
1.2.826.0.1.3680043.8.498.11201589885283493748455257854104771618,lat_centre,140.927,-41.548,-33.793,0.1057,0.977,1.2.826.0.1.3680043.8.498.72434435618394605050500688091703849325,33,3.3,1,True
1.2.826.0.1.3680043.8.498.11201741528059502111642265469347871878,lat_centre,-134.779,-18.915,-4.038,0.1192,0.746,1.2.826.0.1.3680043.8.498.11356929378751632155182522890654533839,25,4.5,1,True
1.2.826.0.1.3680043.8.498.11207013225631251718312189933025529824,lat_centre,-134.751,-45.711,-6.673,0.1093,0.501,1.2.826.0.1.3680043.8.498.12972299354368510426914890245705104304,29,3.3,1,True
1.2.826.0.1.3680043.8.498.11208107516750574657838495761140109258,lat_centre,136.981,-54.502,-17.144,0.0625,0.562,1.2.826.0.1.3680043.8.498.55932695006796933644996573437261464366,33,3.3,1,True
1.2.826.0.1.3680043.8.498.11208663314213048426907645330143931419,lat_centre,150.896,-72.792,-18.485,0.1048,0.683,1.2.826.0.1.3680043.8.498.75994728789601964816909657126630474498,22,4.751,1,True
1.2.826.0.1.3680043.8.498.11210361780779474361817208167009080083,lat_centre,-5.066,-11.808,-47.393,0.1031,0.853,1.2.826.0.1.3680043.8.498.99456114034201791492540440819862333574,27,3.9,1,True
1.2.826.0.1.3680043.8.498.11211598263863419448236436640277320409,lat_centre,141.329,-28.874,-4.982,0.0873,0.758,1.2.826.0.1.3680043.8.498.38448383544287635761202280162733639824,32,3.3,1,True
1.2.826.0.1.3680043.8.498.11212667888429022863778740306223585731,lat_centre,68.416,-15.457,27.901,0.1067,0.874,1.2.826.0.1.3680043.8.498.30364471691161649690685534256178507785,34,3.3,1,True
1.2.826.0.1.3680043.8.498.11214158717183172156320144105486247892,lat_centre,126.956,19.48,-12.492,0.1066,0.648,1.2.826.0.1.3680043.8.498.11395693125165982491594775518682316155,30,3.3,1,True
1.2.826.0.1.3680043.8.498.11218351123386367961865331646414911627,lat_centre,-111.861,28.93,-37.367,0.1025,1.299,1.2.826.0.1.3680043.8.498.11047293136160100311678693778079164726,20,5.0,1,True
1.2.826.0.1.3680043.8.498.11218782547268547937641080283066300678,lat_centre,114.956,-51.523,-24.928,0.1278,0.575,1.2.826.0.1.3680043.8.498.74633703413567939026409102133697609755,19,5.2,1,True
1.2.826.0.1.3680043.8.498.11219813299300915347039206446596901205,lat_centre,163.184,-15.584,-41.197,0.0922,0.783,1.2.826.0.1.3680043.8.498.13260956925682693091443661638038367291,19,4.4,1,True
1.2.826.0.1.3680043.8.498.11221318524515817857172161854667955115,lat_centre,-99.291,4.549,-2.243,0.1021,0.603,1.2.826.0.1.3680043.8.498.46679481793737847799943060792534576696,30,3.3,1,True
1.2.826.0.1.3680043.8.498.11223691171233118900160265287691267884,lat_centre,135.251,-43.307,-6.693,0.1087,1.847,1.2.826.0.1.3680043.8.498.41071835055902686647913675839336072240,29,3.3,1,True
1.2.826.0.1.3680043.8.498.11226582925516370364253861721606580867,lat_centre,55.257,-30.569,-24.875,0.0881,1.248,1.2.826.0.1.3680043.8.498.12227109170613605905362501037987081606,30,3.5,1,True
1.2.826.0.1.3680043.8.498.11229566047228169850473554486278603754,lat_centre,-122.1,-52.175,-6.59,0.1189,1.0,1.2.826.0.1.3680043.8.498.38668406239650152765709767163368008070,27,4.0,1,True
1.2.826.0.1.3680043.8.498.11231822445970527276203191047278744341,lat_centre,-83.287,-66.816,-43.873,0.1189,1.528,1.2.826.0.1.3680043.8.498.46212942445284851072062385113352241319,19,4.4,1,True
1.2.826.0.1.3680043.8.498.11232674915186872899189440191805868376,lat_centre,138.708,-40.226,-11.75,0.1088,0.774,1.2.826.0.1.3680043.8.498.60351267758086136370083440693326875368,29,3.3,1,True
1.2.826.0.1.3680043.8.498.11244115315611630362929576340631670750,lat_centre,109.01,-42.353,8.561,0.102,1.219,1.2.826.0.1.3680043.8.498.94702337448697331337350752611637995507,35,3.3,1,True
1.2.826.0.1.3680043.8.498.11249981834802444119817546155435759007,lat_centre,120.716,1.716,-16.96,0.0927,0.609,1.2.826.0.1.3680043.8.498.23261656997277612738589315283577262170,25,3.6,1,True
1.2.826.0.1.3680043.8.498.11254890841796835340329521299102281678,lat_centre,-120.55,-22.479,-13.009,0.1152,0.678,1.2.826.0.1.3680043.8.498.52973832762643972618523269767999199272,32,3.3,1,True
1.2.826.0.1.3680043.8.498.11257168136762043265165109052826442974,lat_centre,97.134,-20.546,-26.933,0.0887,1.6,1.2.826.0.1.3680043.8.498.42720448797758257387608414933291617830,33,3.3,1,True
1.2.826.0.1.3680043.8.498.11257869433929994221899994675448655047,lat_centre,139.878,-57.819,-3.171,0.0903,0.708,1.2.826.0.1.3680043.8.498.84838559811084146139953356627934540579,29,3.3,1,True
1.2.826.0.1.3680043.8.498.11260248089108026217929330361529065683,lat_centre,136.146,-40.991,-10.485,0.1171,1.094,1.2.826.0.1.3680043.8.498.13350918879216090241304662816359514795,31,3.3,1,True
1.2.826.0.1.3680043.8.498.11262944211104069231500934582412003273,lat_centre,142.732,-20.372,-30.671,0.0941,0.969,1.2.826.0.1.3680043.8.498.12561832006870204845598651728874237766,35,3.3,1,True
1.2.826.0.1.3680043.8.498.11264140845869814478794346490273061499,lat_centre,-113.048,8.524,-2.519,0.1018,2.048,1.2.826.0.1.3680043.8.498.12526253688221742090393737934770369439,21,4.4,1,True
1.2.826.0.1.3680043.8.498.11268635423021790546063903457498005204,lat_centre,-107.676,-12.175,-27.207,0.0981,0.446,1.2.826.0.1.3680043.8.498.37831913874695318685496932943610540609,30,3.6,1,True
1.2.826.0.1.3680043.8.498.11270845320057097450047912107461684885,lat_centre,73.946,2.433,-4.01,0.1473,0.651,1.2.826.0.1.3680043.8.498.51127898654226583264344460503556456682,26,4.0,1,True
1.2.826.0.1.3680043.8.498.11275711698468745807758222802302685022,lat_centre,-138.854,-48.009,-62.878,0.086,1.098,1.2.826.0.1.3680043.8.498.11113709449952490169005248485985230710,34,3.3,1,True
1.2.826.0.1.3680043.8.498.11276674006815021828943434205349220551,lat_centre,120.136,-5.05,3.771,0.1048,1.03,1.2.826.0.1.3680043.8.498.12606790664427607668261541378558920731,48,2.2,1,True
1.2.826.0.1.3680043.8.498.11276732020240247755618413418003401291,lat_centre,104.912,-46.953,-2.844,0.0912,1.14,1.2.826.0.1.3680043.8.498.32013233467326527147343878483254663222,22,4.716,1,True
1.2.826.0.1.3680043.8.498.11277078989123345865112116288626381353,lat_centre,-111.169,-8.778,-10.76,0.1084,0.514,1.2.826.0.1.3680043.8.498.10644381080495292668789644476916293728,35,3.3,1,True
1.2.826.0.1.3680043.8.498.11277278232377185347750793496260885546,lat_centre,-111.948,-51.782,-30.722,0.0867,2.118,1.2.826.0.1.3680043.8.498.76793040700794000836585769118948148556,31,3.3,1,True
1.2.826.0.1.3680043.8.498.11282162920338602001456704018617788412,lat_centre,-105.815,-79.918,-22.362,0.1135,1.573,1.2.826.0.1.3680043.8.498.81516605884091904405567273469499069804,23,5.0,1,True
1.2.826.0.1.3680043.8.498.11282706861378379965012380644125662529,lat_centre,-98.985,-7.229,20.369,0.0962,0.778,1.2.826.0.1.3680043.8.498.13188932516677186842049309054466957679,29,3.6,1,True
1.2.826.0.1.3680043.8.498.11287173314232027941677698384842764593,lat_centre,113.127,12.125,-7.509,0.1039,1.869,1.2.826.0.1.3680043.8.498.43234649558808344671774337518407117278,35,3.0,1,True
1.2.826.0.1.3680043.8.498.11287937729196958426538087439102017580,lat_centre,99.968,31.921,-57.343,0.1567,1.23,1.2.826.0.1.3680043.8.498.93698495301744954009961652118533312307,19,4.4,1,True
1.2.826.0.1.3680043.8.498.11291875173369366854889507729635968509,lat_centre,106.959,-2.099,-25.852,0.1027,0.762,1.2.826.0.1.3680043.8.498.70930107083712374577611740637737884252,33,3.3,1,True
1.2.826.0.1.3680043.8.498.11294885816514924203337081832122619605,lat_centre,110.163,-52.094,-24.461,0.1318,1.735,1.2.826.0.1.3680043.8.498.10956577345697700185152822154174533511,19,4.4,1,True
1.2.826.0.1.3680043.8.498.11295899132697862632905938037090529644,lat_centre,-107.416,5.451,-36.637,0.1142,0.662,1.2.826.0.1.3680043.8.498.74800672226731313054975198837566895537,24,4.0,1,True
1.2.826.0.1.3680043.8.498.11296867854260286881418279496022384461,lat_centre,129.054,-39.459,4.723,0.077,0.666,1.2.826.0.1.3680043.8.498.35670558401211449970309107264580233401,30,3.6,1,True
1.2.826.0.1.3680043.8.498.11298099571581989006135838942599921393,lat_centre,-88.253,7.526,-23.701,0.1207,0.737,1.2.826.0.1.3680043.8.498.92922718912488043758467179357728272276,25,3.6,1,True
1.2.826.0.1.3680043.8.498.11302750434639976191333636496428935632,lat_centre,-100.978,-20.101,14.901,0.0757,1.067,1.2.826.0.1.3680043.8.498.63995118806949442764619500970806899424,33,3.6,1,True
1.2.826.0.1.3680043.8.498.11307870660160563329996058267938398411,lat_centre,82.316,-19.246,3.764,0.0928,0.563,1.2.826.0.1.3680043.8.498.47000828425417658135203368252638873842,20,4.527,1,True
1.2.826.0.1.3680043.8.498.11312798102268182343541500463824266929,lat_centre,-93.074,1.768,19.498,0.116,1.446,1.2.826.0.1.3680043.8.498.48643952686501039038316084532549916497,30,3.3,1,True
1.2.826.0.1.3680043.8.498.11314687816975146963598226343179928616,lat_centre,-112.458,-53.597,-34.162,0.1047,0.76,1.2.826.0.1.3680043.8.498.91190252972033305108200535355820995939,30,3.5,1,True
1.2.826.0.1.3680043.8.498.11315871586936178043350206344448851055,lat_centre,109.629,-48.748,-15.32,0.0936,0.788,1.2.826.0.1.3680043.8.498.54646240049519448387798356560719469069,32,3.3,1,True
1.2.826.0.1.3680043.8.498.11316091466685605758061778045311969672,lat_centre,104.137,-30.327,-43.275,0.0947,1.012,1.2.826.0.1.3680043.8.498.76273946509194426938485168880873571658,28,3.3,1,True
1.2.826.0.1.3680043.8.498.11331824020096159502562313322049966712,lat_centre,-94.865,-0.548,-6.555,0.0977,0.419,1.2.826.0.1.3680043.8.498.99773492392838320708543592746146103672,34,3.0,1,True
1.2.826.0.1.3680043.8.498.11334486185870324597335039163116965763,lat_centre,-127.553,-15.012,-0.736,0.0906,1.766,1.2.826.0.1.3680043.8.498.10542909974403142221156925524724670711,40,3.3,1,True
1.2.826.0.1.3680043.8.498.11334776960319816844935217444817103072,lat_centre,-94.216,4.303,-18.73,0.096,0.943,1.2.826.0.1.3680043.8.498.12809305093626463675437700560972968334,23,5.0,1,True
1.2.826.0.1.3680043.8.498.11337616353935430160375524217870968575,lat_centre,128.487,-48.167,-21.982,0.0741,0.829,1.2.826.0.1.3680043.8.498.88835535559101267374596312311000548280,40,0.4,8,True
1.2.826.0.1.3680043.8.498.11338962847958062668991874160027887372,lat_centre,-116.639,-25.766,-4.786,0.0874,0.545,1.2.826.0.1.3680043.8.498.10284219920313233626530492412896345428,29,3.3,1,True
1.2.826.0.1.3680043.8.498.11340429352365972769264064439788186260,lat_centre,-35.457,14.428,-9.304,0.0809,0.532,1.2.826.0.1.3680043.8.498.56228555291829565204943336150894348098,26,4.0,1,True
1.2.826.0.1.3680043.8.498.11345369648571407541082013397591193473,lat_centre,-147.195,-15.366,8.02,0.0785,1.622,1.2.826.0.1.3680043.8.498.10294048115798777353764436235282788705,35,3.3,1,True
1.2.826.0.1.3680043.8.498.11347466940974045182979684641300336177,lat_centre,91.28,9.623,-36.565,0.1049,0.523,1.2.826.0.1.3680043.8.498.11414330155028835782905717603447675675,24,3.9,1,True
1.2.826.0.1.3680043.8.498.11352722814008170661344291337061231555,lat_centre,-116.825,-30.295,0.745,0.0985,0.464,1.2.826.0.1.3680043.8.498.40093240067476618134189054334306410614,28,3.8,1,True
1.2.826.0.1.3680043.8.498.11353976221682532422630231842008146722,lat_centre,87.16,3.005,-16.105,0.0812,1.358,1.2.826.0.1.3680043.8.498.66603810467246182298128269687447626598,36,0.89,4,True
1.2.826.0.1.3680043.8.498.11362547519125634779422991321337283241,lat_centre,-132.527,-48.858,-20.877,0.0988,0.265,1.2.826.0.1.3680043.8.498.87467997433225444694259687594424997587,31,3.3,1,True
1.2.826.0.1.3680043.8.498.11369844885381156110080055326139875897,lat_centre,-117.407,9.9,-57.052,0.0531,1.693,1.2.826.0.1.3680043.8.498.12287374883581616734142307386828988155,30,3.3,1,True
1.2.826.0.1.3680043.8.498.11371400503360468962117579439852064607,lat_centre,-98.587,-9.253,-19.593,0.1206,1.298,1.2.826.0.1.3680043.8.498.11003185826694804750408801855308460404,19,4.4,1,True
1.2.826.0.1.3680043.8.498.11382021393803389951964005983002209238,lat_centre,97.307,-20.531,7.944,0.0987,1.647,1.2.826.0.1.3680043.8.498.91903627435354016135777336404933338336,27,3.6,1,True
1.2.826.0.1.3680043.8.498.11383056981606331444758741778014516431,lat_centre,-133.084,-2.994,-7.879,0.0721,1.51,1.2.826.0.1.3680043.8.498.85558290988861628236221044915367177846,19,4.4,1,True
1.2.826.0.1.3680043.8.498.11385845157446557781575804962818981994,lat_centre,-116.038,-60.95,-2.957,0.0872,1.312,1.2.826.0.1.3680043.8.498.40559610047244305516999488080342141387,22,4.5,1,True
1.2.826.0.1.3680043.8.498.11386074316342852649653530230563922899,lat_centre,110.218,-3.195,-47.197,0.1097,0.874,1.2.826.0.1.3680043.8.498.33480105726221184165952819814100070558,33,3.3,1,True
1.2.826.0.1.3680043.8.498.11391095418955817124325938917797687542,lat_centre,109.919,-25.814,-35.973,0.1126,0.841,1.2.826.0.1.3680043.8.498.30665664024270743540827409424611467525,32,3.3,1,True
1.2.826.0.1.3680043.8.498.11394861774586578112386386342670500749,lat_centre,105.336,4.691,-12.148,0.0982,0.841,1.2.826.0.1.3680043.8.498.22419555971642961877985115829005909222,32,3.3,1,True
1.2.826.0.1.3680043.8.498.11395349736725035422736613041202251830,lat_centre,120.226,-33.319,-33.952,0.1192,1.368,1.2.826.0.1.3680043.8.498.49314763824736526130103425634554228406,19,4.4,1,True
1.2.826.0.1.3680043.8.498.11396451979734570993257791565721573849,lat_centre,106.867,-44.97,-51.112,0.0773,0.437,1.2.826.0.1.3680043.8.498.87559177507132843964549129602664265002,34,3.3,1,True
1.2.826.0.1.3680043.8.498.11402325536521359105285323485008939602,lat_centre,101.734,-32.176,-2.697,0.0743,1.168,1.2.826.0.1.3680043.8.498.12555450896224043267473970337409194095,36,2.875,1,True
1.2.826.0.1.3680043.8.498.11406304618685790128709325242250648417,lat_centre,-98.917,-4.423,33.895,0.1021,0.876,1.2.826.0.1.3680043.8.498.65940512798093508218353096326561421222,32,3.3,1,True
1.2.826.0.1.3680043.8.498.11406381777983128446583783158882827226,lat_centre,101.114,-10.224,-19.255,0.0891,0.842,1.2.826.0.1.3680043.8.498.82658517802894400230895366622562091255,30,3.3,1,True
1.2.826.0.1.3680043.8.498.11413427362266862411525989114324631512,lat_centre,128.286,42.1,-5.791,0.0853,2.683,1.2.826.0.1.3680043.8.498.66220482246531160063008538719287136315,25,4.5,1,True
1.2.826.0.1.3680043.8.498.11414215447313658600502835138277811260,lat_centre,128.47,-30.523,-21.609,0.0932,1.562,1.2.826.0.1.3680043.8.498.66058901036727835611511752930377894532,33,3.3,1,True
1.2.826.0.1.3680043.8.498.11420670844338686032030860787688858057,lat_centre,107.521,-20.73,-4.098,0.1079,1.295,1.2.826.0.1.3680043.8.498.52018822497651119443124728003808777853,28,3.6,1,True
1.2.826.0.1.3680043.8.498.11425019165071014217290822852865654127,lat_centre,92.005,50.592,-25.417,0.0827,0.804,1.2.826.0.1.3680043.8.498.11466737744680233493064074769420938642,26,4.5,1,True
1.2.826.0.1.3680043.8.498.11425683153901568541658945026861110110,lat_centre,-98.618,-13.301,-13.936,0.0801,0.914,1.2.826.0.1.3680043.8.498.11498760768351837751129231916097023006,22,4.4,1,True
1.2.826.0.1.3680043.8.498.11428482061412578159115168314865188597,lat_centre,-141.926,-60.155,-3.284,0.0672,1.132,1.2.826.0.1.3680043.8.498.26883315735779577547806534628592599360,32,3.3,1,True
1.2.826.0.1.3680043.8.498.11432815311029789072253610823554308183,lat_centre,134.14,-3.82,-34.407,0.0736,1.936,1.2.826.0.1.3680043.8.498.45734673806766715847001643346989740014,40,3.3,1,True
1.2.826.0.1.3680043.8.498.11440214477653629899108986507154583794,lat_centre,-113.666,-17.211,-4.952,0.0979,1.059,1.2.826.0.1.3680043.8.498.11284590322198448041314910888138296478,34,3.3,1,True
1.2.826.0.1.3680043.8.498.11440217845998767853986099058965644463,lat_centre,-109.438,-15.609,-0.814,0.1082,0.601,1.2.826.0.1.3680043.8.498.61045450336422902511729872055726123132,33,3.3,1,True
1.2.826.0.1.3680043.8.498.11441489276425334980205891153179893797,lat_centre,111.159,3.879,-30.885,0.1215,0.831,1.2.826.0.1.3680043.8.498.10864644352720686730051739366125697625,30,3.3,1,True
1.2.826.0.1.3680043.8.498.11446264194433135282793848490754001623,lat_centre,-136.469,-31.258,-14.81,0.0838,0.419,1.2.826.0.1.3680043.8.498.18486014817387861248589956302243736311,33,3.9,1,True
1.2.826.0.1.3680043.8.498.11448326350892044215419380818679679579,lat_centre,96.266,3.605,-35.912,0.111,0.772,1.2.826.0.1.3680043.8.498.83611671629896300140933311161835210413,25,3.6,1,True
1.2.826.0.1.3680043.8.498.11448865770537436004548718998804636234,lat_centre,-83.358,3.779,-5.831,0.1013,0.661,1.2.826.0.1.3680043.8.498.53353293784457060235338834135563201482,20,4.4,1,True
1.2.826.0.1.3680043.8.498.11451448731901996559834481853733404099,lat_centre,-87.428,-61.255,20.257,0.1182,0.729,1.2.826.0.1.3680043.8.498.13209595503436144849689636548046859626,22,4.289,1,True
1.2.826.0.1.3680043.8.498.11451981256762378203455481812714370193,lat_centre,141.259,-31.572,-2.412,0.0967,0.965,1.2.826.0.1.3680043.8.498.10904216568631663771256931394597404918,35,2.75,1,True
1.2.826.0.1.3680043.8.498.11455388290952699607973723923118848769,lat_centre,-112.328,-55.544,-48.158,0.0916,1.428,1.2.826.0.1.3680043.8.498.13314422181886688623801814762150939118,19,4.8,1,True
1.2.826.0.1.3680043.8.498.11458488293461896930750018852127694875,lat_centre,110.787,-16.371,-19.48,0.0962,1.038,1.2.826.0.1.3680043.8.498.64402169798087333509554406556421463285,33,3.3,1,True
1.2.826.0.1.3680043.8.498.11458715255296685383451160973781612197,lat_centre,97.67,-41.642,-37.202,0.0861,1.265,1.2.826.0.1.3680043.8.498.76258345246046929099161623826799647315,30,3.3,1,True
1.2.826.0.1.3680043.8.498.11465586454035959390661499120751232686,lat_centre,127.317,-46.54,-4.967,0.1017,0.592,1.2.826.0.1.3680043.8.498.35275627587044578602950791719732295150,29,3.3,1,True
1.2.826.0.1.3680043.8.498.11467955500991327547315970867313333592,lat_centre,-90.118,-6.725,-2.714,0.1269,0.763,1.2.826.0.1.3680043.8.498.51696731126515840505976196431669730183,25,3.6,1,True
1.2.826.0.1.3680043.8.498.11468812519969607938527116557104410121,lat_centre,-148.706,-56.942,-13.431,0.0831,1.024,1.2.826.0.1.3680043.8.498.18570506313772761907578099172720027844,26,5.063,1,True
1.2.826.0.1.3680043.8.498.11471148332557464549579838595592736047,lat_centre,-106.482,-8.174,-8.719,0.0897,0.719,1.2.826.0.1.3680043.8.498.68604870128733316834640806017973955004,33,3.3,1,True
1.2.826.0.1.3680043.8.498.11472441320199233244785757534656853558,lat_centre,-111.792,-9.301,-37.042,0.0957,0.7,1.2.826.0.1.3680043.8.498.20167281363967058284632483134882706434,33,3.3,1,True
1.2.826.0.1.3680043.8.498.11477000011453869751231224714283666904,lat_centre,96.24,-31.533,31.478,0.085,0.655,1.2.826.0.1.3680043.8.498.79080307107333842850552427612247623274,34,3.3,1,True
1.2.826.0.1.3680043.8.498.11477583622065195478886525904745372063,lat_centre,-110.356,-30.181,-39.465,0.0798,1.739,1.2.826.0.1.3680043.8.498.34906314244292537613145771711831749772,36,3.45,1,True
1.2.826.0.1.3680043.8.498.11482325994550095339373157256174349858,lat_centre,116.124,-2.087,15.722,0.1053,0.537,1.2.826.0.1.3680043.8.498.37127844993226545594859252540144804098,48,2.2,1,True
1.2.826.0.1.3680043.8.498.11487799220518102363643849548556099719,lat_centre,100.471,-19.565,-34.662,0.0908,0.552,1.2.826.0.1.3680043.8.498.98923465417715022887084745967335046843,32,3.3,1,True
1.2.826.0.1.3680043.8.498.11489881286208501558797333161632486099,lat_centre,104.171,-8.571,-4.911,0.1069,1.608,1.2.826.0.1.3680043.8.498.75180777891047733416419172126891074074,33,3.3,1,True
1.2.826.0.1.3680043.8.498.11495133447993934376048707763538781434,lat_centre,-133.645,-36.99,-11.618,0.1149,2.044,1.2.826.0.1.3680043.8.498.86985551635887653095455398165431767796,29,3.3,1,True
1.2.826.0.1.3680043.8.498.11497761063752461132736045914751707046,lat_centre,127.019,-29.399,-16.764,0.0764,1.0,1.2.826.0.1.3680043.8.498.11828227454221266337124062658451875174,29,3.3,1,True
1.2.826.0.1.3680043.8.498.11498239309891927151456629915927889165,lat_centre,102.746,-13.704,-1.489,0.1062,0.832,1.2.826.0.1.3680043.8.498.12014881867631165354703273230911409710,28,3.6,1,True
1.2.826.0.1.3680043.8.498.11498505068787084440256890724559761815,lat_centre,101.776,-9.49,0.883,0.0989,0.782,1.2.826.0.1.3680043.8.498.44324206282336628104167459787400010261,48,2.2,1,True
1.2.826.0.1.3680043.8.498.11498845504486569595587386245872511981,lat_centre,-113.58,-56.301,-23.022,0.077,0.457,1.2.826.0.1.3680043.8.498.93963850774532523432917071677292116264,30,3.5,1,True
1.2.826.0.1.3680043.8.498.11501070108039994411346060488666341726,lat_centre,-139.5,-27.098,2.342,0.1143,0.657,1.2.826.0.1.3680043.8.498.10933906207790583697973185195348136622,30,3.3,1,True
1.2.826.0.1.3680043.8.498.11504079342934513987748646905909982588,lat_centre,-132.36,-10.218,-8.337,0.0943,2.14,1.2.826.0.1.3680043.8.498.83661754057304113572066158751101730432,35,3.3,1,True
1.2.826.0.1.3680043.8.498.11506642732332295874076832453198901115,lat_centre,-112.739,-31.272,-50.616,0.0772,1.042,1.2.826.0.1.3680043.8.498.23012285169187003454581778719951147121,42,3.3,1,True
1.2.826.0.1.3680043.8.498.11506856887791286395737465774061395929,lat_centre,105.863,-20.614,-10.383,0.1067,1.957,1.2.826.0.1.3680043.8.498.64986803803447779055032805486812482195,28,3.6,1,True
1.2.826.0.1.3680043.8.498.11508340006652282767645009271305921426,lat_centre,-147.079,-46.446,-8.555,0.0907,0.99,1.2.826.0.1.3680043.8.498.83325208863509227757343799387783474478,38,2.75,1,True
1.2.826.0.1.3680043.8.498.11515987024418648685676369132061127664,lat_centre,72.331,24.861,-17.756,0.1191,1.0,1.2.826.0.1.3680043.8.498.12841613654261402794761304276169172751,24,4.0,1,True
1.2.826.0.1.3680043.8.498.11516498203727058146656616413699979433,lat_centre,-126.189,6.216,-35.741,0.0886,1.17,1.2.826.0.1.3680043.8.498.40676256367536615983903698604743421040,22,5.0,1,True
1.2.826.0.1.3680043.8.498.11516842786271998149681118182571061813,lat_centre,112.37,27.475,-43.893,0.087,2.991,1.2.826.0.1.3680043.8.498.76091201572891198793136559565129502226,24,4.5,1,True
1.2.826.0.1.3680043.8.498.11520508017843738484108845144418061602,lat_centre,138.387,-31.307,-27.287,0.0913,0.883,1.2.826.0.1.3680043.8.498.26271680367217405301749651444574487411,33,3.3,1,True
1.2.826.0.1.3680043.8.498.11521971289581057766555206729274639736,lat_centre,-110.719,-16.807,-24.321,0.0847,0.465,1.2.826.0.1.3680043.8.498.87488106566895509892277674017630415040,36,3.0,1,True
1.2.826.0.1.3680043.8.498.11529405479134457001825038259936796388,lat_centre,-93.781,11.766,-36.966,0.1053,1.087,1.2.826.0.1.3680043.8.498.88668748948719835841370360529035928107,30,3.3,1,True
1.2.826.0.1.3680043.8.498.11530446425918247469882351709851883983,lat_centre,108.792,-15.269,-33.474,0.0913,0.829,1.2.826.0.1.3680043.8.498.30834998619975301005268800293577539235,32,3.3,1,True
1.2.826.0.1.3680043.8.498.11532517984322509215429681648257299355,lat_centre,107.852,-14.534,-40.678,0.0762,0.536,1.2.826.0.1.3680043.8.498.56616439686446505902493514719594694205,36,0.89,4,True
1.2.826.0.1.3680043.8.498.11533971444023236216745801026152089075,lat_centre,104.142,0.537,11.993,0.1097,0.795,1.2.826.0.1.3680043.8.498.10920382066225285062115526574002474943,24,3.9,1,True
1.2.826.0.1.3680043.8.498.11542298537902846156898976374522470463,lat_centre,-107.582,-0.554,-40.272,0.0844,1.075,1.2.826.0.1.3680043.8.498.94782647529732311416867641012294986501,33,3.3,1,True
1.2.826.0.1.3680043.8.498.11543622448213658856759993374276266341,lat_centre,111.639,3.992,-14.652,0.128,0.719,1.2.826.0.1.3680043.8.498.90336413333229917755550597150069071368,28,4.0,1,True
1.2.826.0.1.3680043.8.498.11545541207342029419461179316053148974,lat_centre,-75.316,17.478,7.506,0.1347,1.546,1.2.826.0.1.3680043.8.498.46117147783696579693594839326440759252,19,5.0,1,True
1.2.826.0.1.3680043.8.498.11546127923715190914128277599849591183,lat_centre,-94.001,-25.173,-11.14,0.0965,0.575,1.2.826.0.1.3680043.8.498.69250371603637783965268921749250319475,30,3.3,1,True
1.2.826.0.1.3680043.8.498.11547192037231064935759879673500408149,lat_centre,-35.241,2.887,-10.53,0.0997,1.918,1.2.826.0.1.3680043.8.498.14189036908692586797598832885016519412,24,3.9,1,True
1.2.826.0.1.3680043.8.498.11548045715264151632153040089882701935,lat_centre,-125.895,-47.718,0.949,0.0947,1.256,1.2.826.0.1.3680043.8.498.38603242122624552076191735510850848597,29,3.3,1,True
1.2.826.0.1.3680043.8.498.11548839502674800051973767797346682106,lat_centre,-108.28,-12.783,-17.337,0.0962,1.909,1.2.826.0.1.3680043.8.498.36372604547672946956177617144321969338,34,3.0,1,True
1.2.826.0.1.3680043.8.498.11551347885357242022697196552822735795,lat_centre,111.261,-32.417,-26.213,0.0908,1.433,1.2.826.0.1.3680043.8.498.73011146746167275493651665388503262561,32,3.3,1,True
1.2.826.0.1.3680043.8.498.11551770225828320378339882849245348148,lat_centre,-108.64,-3.194,-34.985,0.0985,0.898,1.2.826.0.1.3680043.8.498.35149329165450818522765684744298026369,28,4.4,1,True
1.2.826.0.1.3680043.8.498.11557620559191469069130827959098335840,lat_centre,-101.915,-14.843,-10.266,0.11,0.824,1.2.826.0.1.3680043.8.498.76053899657527315952853964202368500798,36,3.0,1,True
1.2.826.0.1.3680043.8.498.11561519302314146020052258325459371962,lat_centre,-92.471,-37.292,-44.569,0.0863,0.905,1.2.826.0.1.3680043.8.498.61924256142390193669938993812485050327,28,3.3,1,True
1.2.826.0.1.3680043.8.498.11569355546217846610131708883985793793,lat_centre,-138.698,-15.92,-29.994,0.1064,1.652,1.2.826.0.1.3680043.8.498.16614534580281116483739727827399534829,18,5.5,1,True
1.2.826.0.1.3680043.8.498.11569601172991867969672947467467392425,lat_centre,106.824,32.18,-3.816,0.0914,3.135,1.2.826.0.1.3680043.8.498.10013168686774212100388186060914556274,27,4.0,1,True
1.2.826.0.1.3680043.8.498.11571057273590444914079281238002921868,lat_centre,83.069,-8.092,-56.831,0.0959,0.848,1.2.826.0.1.3680043.8.498.37351076827736755592691149984558664213,24,4.5,1,True
1.2.826.0.1.3680043.8.498.11574480940878399452466699512074769686,lat_centre,-115.096,-6.771,-27.84,0.1093,0.992,1.2.826.0.1.3680043.8.498.46057677617571071401088006685039187967,33,3.3,1,True
1.2.826.0.1.3680043.8.498.11574667600340420151274680172753922967,lat_centre,-130.993,-33.63,-36.016,0.0619,0.785,1.2.826.0.1.3680043.8.498.14898846956313122843979296062194477187,30,3.3,1,True
1.2.826.0.1.3680043.8.498.11577630811395858629711985689258647804,lat_centre,133.997,-54.432,-4.623,0.1107,0.723,1.2.826.0.1.3680043.8.498.17217908849136537290448622733260703778,22,4.5,1,True
1.2.826.0.1.3680043.8.498.11579571696748051185342754881791715610,lat_centre,114.214,-14.889,-20.033,0.0799,1.085,1.2.826.0.1.3680043.8.498.11717710242065313156437228031000666046,34,3.0,1,True
1.2.826.0.1.3680043.8.498.11583098598455610459898849451117846552,lat_centre,-109.221,21.972,-12.284,0.137,0.776,1.2.826.0.1.3680043.8.498.12599934826555786383316422707329168897,24,4.0,1,True
1.2.826.0.1.3680043.8.498.11586616391541918134110642641868079265,lat_centre,113.495,-54.078,-20.003,0.0832,1.264,1.2.826.0.1.3680043.8.498.56184805590447254047835126869599803011,23,4.8,1,True
1.2.826.0.1.3680043.8.498.11587989960888698769912899464470116193,lat_centre,-109.934,35.82,-20.257,0.0957,1.114,1.2.826.0.1.3680043.8.498.67599935957622051533829293650249121345,27,4.0,1,True
1.2.826.0.1.3680043.8.498.11590096889491409910425456896187293515,lat_centre,134.886,-29.739,13.874,0.0947,1.058,1.2.826.0.1.3680043.8.498.57958159116471122325226234815888549683,24,4.5,1,True
1.2.826.0.1.3680043.8.498.11592056376890319271545710970155310824,lat_centre,-92.788,-16.255,-19.566,0.0857,1.672,1.2.826.0.1.3680043.8.498.75264314665270055165448243683093011221,22,5.0,1,True
1.2.826.0.1.3680043.8.498.11592838054859712596515534341207971997,lat_centre,-140.59,-36.595,-17.169,0.1075,0.884,1.2.826.0.1.3680043.8.498.10788714070459964231154884978901427160,29,3.3,1,True
1.2.826.0.1.3680043.8.498.11595338216297251382188195835520492789,lat_centre,-119.209,-16.41,-38.965,0.0714,0.649,1.2.826.0.1.3680043.8.498.17505962601960015648185436568973236643,28,4.52,1,True
1.2.826.0.1.3680043.8.498.11596665780617412984766822528862741584,lat_centre,143.937,-33.453,-52.324,0.0977,0.42,1.2.826.0.1.3680043.8.498.54905273408354012316096050699797114264,30,3.5,1,True
1.2.826.0.1.3680043.8.498.11596866241403598097171345671773992202,lat_centre,-78.349,8.656,4.347,0.1237,0.453,1.2.826.0.1.3680043.8.498.81717862291002129294004843036500723898,30,3.3,1,True
1.2.826.0.1.3680043.8.498.11598606533748611505510113033734692457,lat_centre,95.185,-72.846,-39.895,0.0991,1.098,1.2.826.0.1.3680043.8.498.91034093590916700316504022746533491073,19,5.0,1,True
1.2.826.0.1.3680043.8.498.11599387556469808488160280438305325860,lat_centre,115.933,-10.374,-6.847,0.0969,0.776,1.2.826.0.1.3680043.8.498.13174573027705841621612196093937470724,36,3.0,1,True
1.2.826.0.1.3680043.8.498.11604138460812393624691789275263090511,lat_centre,-114.766,-10.172,-31.991,0.1038,0.643,1.2.826.0.1.3680043.8.498.12977043085895407399669296659191222802,35,3.3,1,True
1.2.826.0.1.3680043.8.498.11604298807403466096392316117803661479,lat_centre,105.611,-13.65,-33.477,0.0988,0.631,1.2.826.0.1.3680043.8.498.59353327480788491364091219525597036743,39,3.3,1,True
1.2.826.0.1.3680043.8.498.11605266731872772432220415835172557961,lat_centre,-33.744,-30.449,2.272,0.0915,1.047,1.2.826.0.1.3680043.8.498.87522105716845998412246951815938699459,30,3.8,1,True
1.2.826.0.1.3680043.8.498.11610176134207131408691324676304640501,lat_centre,105.33,-13.672,-29.214,0.0854,0.717,1.2.826.0.1.3680043.8.498.70641613365721375716530328239526275844,33,3.3,1,True
1.2.826.0.1.3680043.8.498.11610585947047502123824835405421129552,lat_centre,-96.383,-38.079,-5.866,0.1091,1.934,1.2.826.0.1.3680043.8.498.73803295676196580072488751011250276462,19,5.2,1,True
1.2.826.0.1.3680043.8.498.11613637647831801354398273334552399874,lat_centre,97.736,-6.451,-1.83,0.0643,1.663,1.2.826.0.1.3680043.8.498.11453584867368351773197729939361077885,25,4.52,1,True
1.2.826.0.1.3680043.8.498.11619883329923252065839671636992770849,lat_centre,94.09,-32.57,4.751,0.1276,1.669,1.2.826.0.1.3680043.8.498.12436874165753986225828177253673244436,22,4.5,1,True
1.2.826.0.1.3680043.8.498.11625598825018422177242262569319579378,lat_centre,-106.524,-28.615,-2.836,0.1033,0.641,1.2.826.0.1.3680043.8.498.15549551215585645777099954566387136977,40,2.75,1,True
1.2.826.0.1.3680043.8.498.11629659616217352895144469980856259097,lat_centre,-138.275,-45.882,-33.707,0.0848,0.905,1.2.826.0.1.3680043.8.498.13234857884747203207671880676206825852,40,0.4,8,True
1.2.826.0.1.3680043.8.498.11641274367861998748475337224297076397,lat_centre,-78.729,38.937,-21.022,0.1212,1.816,1.2.826.0.1.3680043.8.498.22761904023226593518646746145132829238,22,4.8,1,True
1.2.826.0.1.3680043.8.498.11641866550826314411250696478180861612,lat_centre,-95.787,-40.601,-47.809,0.03,1.692,1.2.826.0.1.3680043.8.498.11628388114661864410736883151877130262,30,3.5,1,True
1.2.826.0.1.3680043.8.498.11642228346306175407288158335830376197,lat_centre,-129.889,0.067,-4.879,0.1002,1.206,1.2.826.0.1.3680043.8.498.10877992639099702182770139967917740923,30,3.3,1,True
1.2.826.0.1.3680043.8.498.11642678020345468499556230871411308014,lat_centre,138.673,-39.731,18.488,0.0971,0.738,1.2.826.0.1.3680043.8.498.57180692012960681862417646036764525166,29,3.3,1,True
1.2.826.0.1.3680043.8.498.11646465814751330102194657154003685957,lat_centre,94.343,5.957,-29.577,0.1212,1.488,1.2.826.0.1.3680043.8.498.10036403201418149489280934751789511093,24,3.9,1,True
1.2.826.0.1.3680043.8.498.11647595587705638372290862475518195181,lat_centre,104.432,-6.854,-21.794,0.0607,0.893,1.2.826.0.1.3680043.8.498.59907782726032629195011270876548111559,40,3.3,1,True
1.2.826.0.1.3680043.8.498.11651755040149549966484720727140190853,lat_centre,92.136,11.06,-26.864,0.0727,0.55,1.2.826.0.1.3680043.8.498.11204185280943885723862314799772090895,36,0.89,4,True
1.2.826.0.1.3680043.8.498.11652570369213315569275956969935617843,lat_centre,98.728,-10.796,-31.921,0.1004,1.544,1.2.826.0.1.3680043.8.498.87000889100561403251743606705928489251,33,3.3,1,True
1.2.826.0.1.3680043.8.498.11654064547593365398103107850228629066,lat_centre,-111.96,7.97,16.26,0.094,0.345,1.2.826.0.1.3680043.8.498.12389701015317298325878688906574867330,24,3.9,1,True
1.2.826.0.1.3680043.8.498.11655692245049710970881619360721342623,lat_centre,123.888,5.422,-22.595,0.1122,1.0,1.2.826.0.1.3680043.8.498.86523229844915557167347552043392501400,48,2.2,1,True
1.2.826.0.1.3680043.8.498.11659861228342609979638095779959188093,lat_centre,-89.015,-16.843,1.076,0.0748,0.602,1.2.826.0.1.3680043.8.498.13012952090586376177238554110051488611,32,3.3,1,True
1.2.826.0.1.3680043.8.498.11661333712307504012375232163708358493,lat_centre,127.948,-59.926,16.959,0.0883,0.637,1.2.826.0.1.3680043.8.498.17564630022789307936870766474258900278,31,3.3,1,True
1.2.826.0.1.3680043.8.498.11669120316759278775792190599036288128,lat_centre,127.216,-37.737,49.158,0.1286,1.595,1.2.826.0.1.3680043.8.498.11466574209831122744935397539920827927,19,4.5,1,True
1.2.826.0.1.3680043.8.498.11674925658184069242322832524274428408,lat_centre,-62.66,-30.71,-21.859,0.0776,1.015,1.2.826.0.1.3680043.8.498.75063918192937466796915287714962438229,28,3.6,1,True
1.2.826.0.1.3680043.8.498.11679044101697033975478370934058085847,lat_centre,-108.157,-45.896,-44.998,0.0948,0.714,1.2.826.0.1.3680043.8.498.91835485445936746474384517063389043501,30,3.5,1,True
1.2.826.0.1.3680043.8.498.11679981444785137570894759919380932611,lat_centre,-110.687,-15.676,5.545,0.0701,1.114,1.2.826.0.1.3680043.8.498.42445699325606576438675450493250967077,19,4.4,1,True
1.2.826.0.1.3680043.8.498.11682243736539231948790371952356165171,lat_centre,-111.155,2.179,-35.625,0.1013,0.449,1.2.826.0.1.3680043.8.498.40308096676713629458504126523577820868,34,3.0,1,True
1.2.826.0.1.3680043.8.498.11685904538570360040472064238371379681,lat_centre,-114.853,-18.723,-23.836,0.1029,2.927,1.2.826.0.1.3680043.8.498.54519972773665937111894855843418180872,40,3.3,1,True
1.2.826.0.1.3680043.8.498.11689820638581431730501617718741779835,lat_centre,-127.28,-37.01,-10.175,0.1031,0.62,1.2.826.0.1.3680043.8.498.30156440426404040405021093797787083907,29,3.3,1,True
1.2.826.0.1.3680043.8.498.11691245281415120685024733512803575288,lat_centre,-95.558,-11.225,-8.63,0.0709,0.996,1.2.826.0.1.3680043.8.498.66105449433257245605538649562709622572,29,3.6,1,True
1.2.826.0.1.3680043.8.498.11695097367686121784104505410611821860,lat_centre,-115.006,0.563,-5.134,0.1113,0.384,1.2.826.0.1.3680043.8.498.54727530624937855904524209414900516908,48,2.2,1,True
1.2.826.0.1.3680043.8.498.11703195077261884009442719578918319962,lat_centre,-121.469,-9.013,-4.97,0.105,0.394,1.2.826.0.1.3680043.8.498.48249390839637582581399193723118922327,33,3.3,1,True
1.2.826.0.1.3680043.8.498.11706378290185110677863653788588307917,lat_centre,128.815,-55.073,-9.307,0.0708,1.162,1.2.826.0.1.3680043.8.498.98363103289337292053305043824166173303,40,0.4,8,True
1.2.826.0.1.3680043.8.498.11709909941833245598246010905322129256,lat_centre,-143.731,-28.77,-33.367,0.095,0.542,1.2.826.0.1.3680043.8.498.13134253349637761227751389702493531643,32,3.3,1,True
1.2.826.0.1.3680043.8.498.11716605112302071535035323666308656381,lat_centre,-95.971,-47.112,-58.809,0.0879,0.881,1.2.826.0.1.3680043.8.498.35410598338450519952118463454877564309,34,3.3,1,True
1.2.826.0.1.3680043.8.498.11716730437469973434747875401501334429,lat_centre,103.345,3.795,-23.745,0.1034,1.687,1.2.826.0.1.3680043.8.498.71018884476185500602955308900896194917,33,3.3,1,True
1.2.826.0.1.3680043.8.498.11719502398697390809777045891822044637,lat_centre,105.428,-7.631,-8.837,0.0927,0.867,1.2.826.0.1.3680043.8.498.12199571219898345032499941911016057026,36,3.3,1,True
1.2.826.0.1.3680043.8.498.11720535027022778971695130536590302635,lat_centre,-110.036,-9.321,-29.837,0.1031,1.566,1.2.826.0.1.3680043.8.498.57106282374263218891723636432873656156,33,3.3,1,True
1.2.826.0.1.3680043.8.498.11720664166420613534218395854543939928,lat_centre,-93.286,5.601,-61.267,0.1287,3.359,1.2.826.0.1.3680043.8.498.11781037042568455374218112304207523884,24,4.0,1,True
1.2.826.0.1.3680043.8.498.11722185671504770687850569082348083612,lat_centre,99.312,21.714,-54.06,0.1232,0.935,1.2.826.0.1.3680043.8.498.21473688569387446452177927160000453269,30,3.3,1,True
1.2.826.0.1.3680043.8.498.11723286647024326363349453996818420374,lat_centre,102.814,-15.391,-16.531,0.094,1.439,1.2.826.0.1.3680043.8.498.46404640525097166232488759105882449606,33,3.3,1,True
1.2.826.0.1.3680043.8.498.11723945299462627737346907048285143063,lat_centre,165.424,-78.66,-84.535,0.1036,0.851,1.2.826.0.1.3680043.8.498.65650553916239046676350950537686489890,25,4.5,1,True
1.2.826.0.1.3680043.8.498.11725843001854130477287484865097535511,lat_centre,120.508,-25.437,-37.133,0.076,0.552,1.2.826.0.1.3680043.8.498.23726671064863031579749843907233415147,35,3.3,1,True
1.2.826.0.1.3680043.8.498.11726452645519338341002251323463736083,lat_centre,-108.976,-14.755,-12.457,0.1012,0.554,1.2.826.0.1.3680043.8.498.11963199713436856539956893611255293285,32,3.3,1,True
1.2.826.0.1.3680043.8.498.11738872955471637985947490962985266753,lat_centre,112.546,-8.296,-23.264,0.0933,0.735,1.2.826.0.1.3680043.8.498.72138903470992272860348348462935475920,34,3.3,1,True
1.2.826.0.1.3680043.8.498.11751697254880722008245447197446027607,lat_centre,-114.295,-70.466,17.72,0.0667,1.176,1.2.826.0.1.3680043.8.498.72934572820627323226039528008194829833,28,4.445,1,True
1.2.826.0.1.3680043.8.498.11752091432368750506312921028559788225,lat_centre,104.287,-4.595,28.32,0.0978,0.835,1.2.826.0.1.3680043.8.498.61318023461333065871877231122997027153,33,3.3,1,True
1.2.826.0.1.3680043.8.498.11753067309373104365558887398441364695,lat_centre,-107.689,-25.134,-2.952,0.0846,1.327,1.2.826.0.1.3680043.8.498.68556704078503881943701255553130842225,36,0.89,4,True
1.2.826.0.1.3680043.8.498.11762352496600661264881556836248251400,lat_centre,-118.553,-25.499,-38.289,0.1028,0.976,1.2.826.0.1.3680043.8.498.69284203293964247724732103728581889980,28,3.3,1,True
1.2.826.0.1.3680043.8.498.11762851510866726051342964961256680025,lat_centre,-32.659,-12.464,-30.121,0.1238,2.56,1.2.826.0.1.3680043.8.498.69845468382888372448776811815267798514,19,3.9,1,True
1.2.826.0.1.3680043.8.498.11770690655120964721059321709525979950,lat_centre,-168.83,-51.351,16.547,0.1004,1.317,1.2.826.0.1.3680043.8.498.61931553595536312431382776495464220628,20,4.174,1,True
1.2.826.0.1.3680043.8.498.11771393824519892797114773408583976756,lat_centre,-33.827,3.377,-16.883,0.1175,1.652,1.2.826.0.1.3680043.8.498.12611982787035055021219208925814685689,24,3.9,1,True
1.2.826.0.1.3680043.8.498.11775352515236862473778507708524782015,lat_centre,-131.81,-45.099,-1.754,0.0769,0.765,1.2.826.0.1.3680043.8.498.12064601221370534775260799570794911143,33,3.9,1,True
1.2.826.0.1.3680043.8.498.11776647434143676427722616249587614803,lat_centre,-101.983,24.8,-21.438,0.0793,1.621,1.2.826.0.1.3680043.8.498.22793554490195421179202308721676214800,26,4.5,1,True
1.2.826.0.1.3680043.8.498.11779387602988880691008088661075117406,lat_centre,124.845,3.831,-7.637,0.0892,0.722,1.2.826.0.1.3680043.8.498.29948458940367080391860243162460291540,47,2.2,1,True
1.2.826.0.1.3680043.8.498.11783597160745641720078978406968189488,lat_centre,-102.946,-14.703,6.926,0.1017,1.439,1.2.826.0.1.3680043.8.498.96151941020457615967063601119017525050,20,4.5,1,True
1.2.826.0.1.3680043.8.498.11785138333495400389510795613252286069,lat_centre,-125.514,-24.63,-5.945,0.0932,1.451,1.2.826.0.1.3680043.8.498.73920437843460669737953963005012193157,35,3.3,1,True
1.2.826.0.1.3680043.8.498.11786296135006283515679011075884245663,lat_centre,-101.497,10.492,-35.885,0.13,1.126,1.2.826.0.1.3680043.8.498.10649111812707443649174033656845687186,24,4.0,1,True
1.2.826.0.1.3680043.8.498.11786582806577871618290342375465595269,lat_centre,156.955,-27.867,-46.373,0.0938,1.354,1.2.826.0.1.3680043.8.498.10484704639753735091712441075498733847,35,3.3,1,True
1.2.826.0.1.3680043.8.498.11791028039098776993164396657149877483,lat_centre,-101.586,-54.978,-21.339,0.0939,0.465,1.2.826.0.1.3680043.8.498.13039442310675095913563712581522343891,27,4.0,1,True
1.2.826.0.1.3680043.8.498.11791567830371683660578052737702299124,lat_centre,113.461,-13.206,-30.432,0.0756,1.669,1.2.826.0.1.3680043.8.498.56995528357123612499606782528791798876,36,0.89,4,True
1.2.826.0.1.3680043.8.498.11794753699425693678056056340551238033,lat_centre,-138.824,-17.454,-15.325,0.0911,0.654,1.2.826.0.1.3680043.8.498.13981182361614786644896523781896430215,43,2.2,1,True
1.2.826.0.1.3680043.8.498.11796547950032543541071896156852778697,lat_centre,105.916,-11.47,-14.983,0.0896,1.045,1.2.826.0.1.3680043.8.498.50584947780066023803225343297716798759,28,3.8,1,True
1.2.826.0.1.3680043.8.498.11798183157109435753679723596499976762,lat_centre,-101.545,7.177,47.272,0.0976,1.244,1.2.826.0.1.3680043.8.498.11141658821914679354926570992468612604,26,4.52,1,True
1.2.826.0.1.3680043.8.498.11799272823743145498601173910069737855,lat_centre,90.438,18.86,-19.663,0.0892,1.151,1.2.826.0.1.3680043.8.498.80195989331890473290751334689397478171,34,3.3,1,True
1.2.826.0.1.3680043.8.498.11803762390999881908101130422708589537,lat_centre,-128.543,-7.233,6.904,0.0921,0.897,1.2.826.0.1.3680043.8.498.11473723819177118282426741916734147534,42,2.2,1,True
1.2.826.0.1.3680043.8.498.11804799183537166337413388415687675758,lat_centre,-118.163,-18.303,-29.755,0.1015,1.186,1.2.826.0.1.3680043.8.498.13164396606081500256192268954140462706,40,3.3,1,True
1.2.826.0.1.3680043.8.498.11805131119810457174456565128522037991,lat_centre,130.838,-47.169,-13.056,0.0986,1.279,1.2.826.0.1.3680043.8.498.39611129203054820242555374068059896185,30,3.3,1,True
1.2.826.0.1.3680043.8.498.11807494462283790976935891042637502434,lat_centre,143.879,-36.963,-33.552,0.0813,0.566,1.2.826.0.1.3680043.8.498.13849219795483123541701826097414966686,35,3.3,1,True
1.2.826.0.1.3680043.8.498.11812607848520072826145426247813670653,lat_centre,-100.504,52.761,-26.405,0.0813,1.49,1.2.826.0.1.3680043.8.498.12959227419893920309267551214050222054,35,3.3,1,True
1.2.826.0.1.3680043.8.498.11814923363609140180293604689814785969,lat_centre,-86.011,7.827,0.048,0.1134,0.905,1.2.826.0.1.3680043.8.498.13089747010640913050793290257815887034,30,3.3,1,True
1.2.826.0.1.3680043.8.498.11823120042104793954689778719229868108,lat_centre,-104.991,1.521,-30.033,0.0979,0.637,1.2.826.0.1.3680043.8.498.11158801361669284746726028757578830762,33,3.3,1,True
1.2.826.0.1.3680043.8.498.11830915612184936576804778995164042200,lat_centre,-84.943,10.295,-21.518,0.0966,1.248,1.2.826.0.1.3680043.8.498.83930584189633695372764182855574596447,30,3.3,1,True
1.2.826.0.1.3680043.8.498.11836929166973549727078374306175992474,lat_centre,-131.292,-27.477,-44.12,0.1075,0.931,1.2.826.0.1.3680043.8.498.21842516232632991865622975426602905738,32,3.3,1,True
1.2.826.0.1.3680043.8.498.11848828525319749834876185415845381479,lat_centre,-108.233,-2.257,-14.147,0.1029,0.721,1.2.826.0.1.3680043.8.498.13218610088686100205117198051027201191,33,3.3,1,True
1.2.826.0.1.3680043.8.498.11851285389689341495961233129719325417,lat_centre,-139.399,-36.173,-30.507,0.0965,0.671,1.2.826.0.1.3680043.8.498.92014766167558307381787224272820673730,29,3.3,1,True
1.2.826.0.1.3680043.8.498.11851412923016044948101698015974810604,lat_centre,-90.884,-13.957,-6.957,0.0776,1.524,1.2.826.0.1.3680043.8.498.96460311887938476084320882783854369448,34,4.52,1,True
1.2.826.0.1.3680043.8.498.11860731961337988611847638299761007498,lat_centre,100.324,-49.538,-31.404,0.0979,0.586,1.2.826.0.1.3680043.8.498.28204227330866790795211780705847522140,32,3.3,1,True
1.2.826.0.1.3680043.8.498.11863890747360341056211511874563792862,lat_centre,95.822,43.814,-3.546,0.0835,0.818,1.2.826.0.1.3680043.8.498.47241939890604341530405125019748105372,25,4.5,1,True
1.2.826.0.1.3680043.8.498.11867198902144602395671904591496233129,lat_centre,-115.231,-56.9,-9.018,0.086,1.656,1.2.826.0.1.3680043.8.498.25383346010987155758613889082531008817,34,2.75,1,True
1.2.826.0.1.3680043.8.498.11868154141292577776796381772987549697,lat_centre,131.581,-25.054,9.212,0.1085,0.86,1.2.826.0.1.3680043.8.498.20156978796379531151588778181371045944,23,4.5,1,True
1.2.826.0.1.3680043.8.498.11868389442143514705330687746274512632,lat_centre,100.305,-39.735,-11.721,0.0883,0.646,1.2.826.0.1.3680043.8.498.10966454150810748156541805003090430580,32,3.3,1,True
1.2.826.0.1.3680043.8.498.11871142388984150456249558619289234011,lat_centre,140.231,-39.238,-9.003,0.1098,0.532,1.2.826.0.1.3680043.8.498.41988546893959391510407149868806896390,29,3.3,1,True
1.2.826.0.1.3680043.8.498.11878847808072119549790690649256090471,lat_centre,-94.792,1.474,-23.405,0.1,0.797,1.2.826.0.1.3680043.8.498.14666079282551054617472153640359581994,34,3.0,1,True
1.2.826.0.1.3680043.8.498.11880385031047315524154761508473409762,lat_centre,106.734,21.912,-38.384,0.1428,0.8,1.2.826.0.1.3680043.8.498.45563911656635982272033130465388454038,30,3.3,1,True
1.2.826.0.1.3680043.8.498.11881735311125899170335963782017197184,lat_centre,-102.225,-40.807,1.325,0.0804,0.88,1.2.826.0.1.3680043.8.498.10919451611749214187843082268149725961,30,3.3,1,True
1.2.826.0.1.3680043.8.498.11887143891500181344364122992066593229,lat_centre,93.713,-3.514,-17.105,0.0947,2.416,1.2.826.0.1.3680043.8.498.10473191078479931910722256197584763155,33,3.3,1,True
1.2.826.0.1.3680043.8.498.11892908237449514945544380023820626319,lat_centre,106.935,-41.97,-61.317,0.086,2.809,1.2.826.0.1.3680043.8.498.13181819947563849545717762307293204437,28,3.0,1,True
1.2.826.0.1.3680043.8.498.11897083656099489353496670273111097794,lat_centre,80.425,35.701,-31.086,0.1227,1.658,1.2.826.0.1.3680043.8.498.11492946892066555765464590760279522708,23,4.8,1,True
1.2.826.0.1.3680043.8.498.11900355716044995266104285198121445744,lat_centre,125.626,-4.55,-44.92,0.1246,0.898,1.2.826.0.1.3680043.8.498.12603951176254405590763289351909632790,20,4.5,1,True
1.2.826.0.1.3680043.8.498.11901474252960403779405194385221103673,lat_centre,108.515,-8.602,-55.109,0.1115,1.259,1.2.826.0.1.3680043.8.498.87713280404445747051838844877603533299,34,3.0,1,True
1.2.826.0.1.3680043.8.498.11902464730418099436837163594625541861,lat_centre,-106.005,-43.916,-37.187,0.1002,1.173,1.2.826.0.1.3680043.8.498.90176560490161071301004846406840733489,30,3.3,1,True
1.2.826.0.1.3680043.8.498.11904156585987383639134967886361403369,lat_centre,-93.638,-55.353,-21.544,0.1211,0.76,1.2.826.0.1.3680043.8.498.33231897399023621668807688285779070948,34,3.3,1,True
1.2.826.0.1.3680043.8.498.11905397531490569218559534495408776672,lat_centre,117.707,-42.019,-41.016,0.0759,0.587,1.2.826.0.1.3680043.8.498.20813084676967773222372087048677780952,34,3.3,1,True
1.2.826.0.1.3680043.8.498.11906266535122698149967624908585010734,lat_centre,67.415,0.904,-9.13,0.1105,0.943,1.2.826.0.1.3680043.8.498.95842269313384347264952081734221311425,19,4.4,1,True
1.2.826.0.1.3680043.8.498.11909779134152823550896593167929611759,lat_centre,-101.371,-33.904,-36.413,0.0966,0.676,1.2.826.0.1.3680043.8.498.88717457117883928145971440082662923568,30,3.3,1,True
1.2.826.0.1.3680043.8.498.11911688823908554151914734938172012708,lat_centre,-27.775,-8.884,-20.135,0.0845,2.017,1.2.826.0.1.3680043.8.498.10022328617272481693049567273390632582,24,3.9,1,True
1.2.826.0.1.3680043.8.498.11912276256810863127132294167870461707,lat_centre,27.475,6.409,-20.46,0.0936,2.867,1.2.826.0.1.3680043.8.498.56882887225880303182999051775799892429,26,4.0,1,True
1.2.826.0.1.3680043.8.498.11912618147674655465071922267060032851,lat_centre,90.637,-27.004,-23.455,0.0879,1.265,1.2.826.0.1.3680043.8.498.43973876237487556863208472794813969162,34,3.0,1,True
1.2.826.0.1.3680043.8.498.11915933561045570822185908784072057715,lat_centre,-89.098,-36.816,15.459,0.0764,1.739,1.2.826.0.1.3680043.8.498.49073042105078695215276461004712153487,32,3.3,1,True
1.2.826.0.1.3680043.8.498.11915937982684988073644209606907169581,lat_centre,-126.375,-24.118,14.824,0.083,1.902,1.2.826.0.1.3680043.8.498.71284507741504130254010428167357512908,31,3.3,1,True
1.2.826.0.1.3680043.8.498.11919420571588879483419578078755803351,lat_centre,151.111,-67.813,-42.013,0.1331,1.7,1.2.826.0.1.3680043.8.498.39752409390341404876279845065981570798,22,4.5,1,True
1.2.826.0.1.3680043.8.498.11920026019322352546372153111621676066,lat_centre,134.444,-50.92,-19.134,0.0819,1.165,1.2.826.0.1.3680043.8.498.62437327371717523941799697041368675265,38,3.3,1,True
1.2.826.0.1.3680043.8.498.11920531053482540304184657218030242597,lat_centre,-118.819,-51.039,-10.849,0.0707,0.514,1.2.826.0.1.3680043.8.498.39184697664509095524899574617515587968,40,0.4,8,True
1.2.826.0.1.3680043.8.498.11923218013055841952315996726408812182,lat_centre,-97.017,1.118,-16.201,0.0907,1.57,1.2.826.0.1.3680043.8.498.27705902325198695933899006046225854552,33,3.3,1,True
1.2.826.0.1.3680043.8.498.11924999889245769866426422681253524920,lat_centre,-134.427,-49.846,-0.541,0.0781,0.711,1.2.826.0.1.3680043.8.498.74002872999569953084975734172590388602,33,3.9,1,True
1.2.826.0.1.3680043.8.498.11926412946593048423086380882538180028,lat_centre,104.852,44.802,-30.234,0.0984,0.852,1.2.826.0.1.3680043.8.498.64358086893036637274674116716627614756,26,4.5,1,True
1.2.826.0.1.3680043.8.498.11927352926669104658144933891780551483,lat_centre,-123.201,-49.883,-36.414,0.0976,1.565,1.2.826.0.1.3680043.8.498.33560950266970405768561849665380041719,19,4.4,1,True
1.2.826.0.1.3680043.8.498.11934483804567594363179973225449686890,lat_centre,-110.463,-10.817,-15.715,0.0877,1.054,1.2.826.0.1.3680043.8.498.65844910056588489175130375327785747918,29,3.6,1,True
1.2.826.0.1.3680043.8.498.11935116791150327546384719051023540185,lat_centre,-15.331,-12.269,18.591,0.0996,0.907,1.2.826.0.1.3680043.8.498.72942375747994514955768703031868797686,21,4.4,1,True
1.2.826.0.1.3680043.8.498.11935893582662912138522962760478513770,lat_centre,-135.784,-65.207,-4.148,0.0843,3.875,1.2.826.0.1.3680043.8.498.75422311372051861583612357438023563098,40,0.4,8,True
1.2.826.0.1.3680043.8.498.11937911933281010146897685679862930140,lat_centre,-132.976,-64.391,-52.296,0.0722,0.903,1.2.826.0.1.3680043.8.498.66233048386965600072193483400905793639,40,0.4,8,True
1.2.826.0.1.3680043.8.498.11938864543152001817866013174907274014,lat_centre,-140.563,0.368,3.062,0.1155,0.944,1.2.826.0.1.3680043.8.498.70423130716127470607524449601455088952,30,3.3,1,True
1.2.826.0.1.3680043.8.498.11944762815616453054528091721553484857,lat_centre,-66.479,-21.931,-22.85,0.0903,0.978,1.2.826.0.1.3680043.8.498.18542907427313085706948977714136507154,26,3.5,1,True
1.2.826.0.1.3680043.8.498.11954711639198972958656966617027374769,lat_centre,-61.767,-3.692,4.369,0.1315,2.452,1.2.826.0.1.3680043.8.498.92215314622040775557837429606242392786,18,4.4,1,True
1.2.826.0.1.3680043.8.498.11956771495610267604936834092317960600,lat_centre,126.548,-19.574,-42.36,0.1041,1.113,1.2.826.0.1.3680043.8.498.72558731305494109241974340458255964509,36,3.0,1,True
1.2.826.0.1.3680043.8.498.11957476321850340968244508976719889277,lat_centre,107.984,5.205,9.104,0.0975,0.863,1.2.826.0.1.3680043.8.498.11343344622343312110759493227556597110,43,2.2,1,True
1.2.826.0.1.3680043.8.498.11958117172819754862618612170999909480,lat_centre,52.14,5.434,-22.189,0.1028,0.654,1.2.826.0.1.3680043.8.498.71658491625480878931405005027556181006,19,4.4,1,True
1.2.826.0.1.3680043.8.498.11964826300307458382604479841253457304,lat_centre,-132.962,-48.224,-19.782,0.1227,0.863,1.2.826.0.1.3680043.8.498.22855982724051643919486009774830601373,29,3.3,1,True
1.2.826.0.1.3680043.8.498.11964919539297578836040550782883323317,lat_centre,104.121,-10.577,-22.317,0.1354,1.838,1.2.826.0.1.3680043.8.498.28528335861761799676754241353758693075,25,3.6,1,True
1.2.826.0.1.3680043.8.498.11977465062890611952998635094033472451,lat_centre,-139.204,52.145,-39.981,0.0729,2.261,1.2.826.0.1.3680043.8.498.45870336278727100513028970659206802131,32,3.3,1,True
1.2.826.0.1.3680043.8.498.11979034558288454336812613626594510186,lat_centre,67.031,12.942,-31.141,0.1051,0.919,1.2.826.0.1.3680043.8.498.46121485404063760205365970268416132916,19,5.0,1,True
1.2.826.0.1.3680043.8.498.11979906027101464432999416052202616662,lat_centre,112.814,78.138,-46.017,0.0796,1.493,1.2.826.0.1.3680043.8.498.94660774435601561379562813458656525061,30,3.3,1,True
1.2.826.0.1.3680043.8.498.11980187124986749407584543247586384443,lat_centre,145.463,-39.201,-5.857,0.0824,0.641,1.2.826.0.1.3680043.8.498.20283759723743985426473080224981869586,35,3.3,1,True
1.2.826.0.1.3680043.8.498.11980805687949950504930975019161587970,lat_centre,-159.32,-63.824,-10.111,0.1239,0.896,1.2.826.0.1.3680043.8.498.62820645828524135779219892485665966595,18,4.9,1,True
1.2.826.0.1.3680043.8.498.11981170645605720774509861722988500673,lat_centre,109.199,-48.503,-14.736,0.0865,0.799,1.2.826.0.1.3680043.8.498.10429487520667803295697537808501483758,34,3.3,1,True
1.2.826.0.1.3680043.8.498.11988551795896617815207749665102049499,lat_centre,106.812,-12.013,-10.039,0.0955,1.226,1.2.826.0.1.3680043.8.498.88640073391454482711021647583068353884,32,3.3,1,True
1.2.826.0.1.3680043.8.498.11991512352474459753052051071717622771,lat_centre,124.791,2.167,-77.34,0.0875,0.664,1.2.826.0.1.3680043.8.498.87376458110164264621648119429843477417,22,5.0,1,True
1.2.826.0.1.3680043.8.498.11992172807590757302730513420827032389,lat_centre,-140.904,-52.356,-29.538,0.1071,1.403,1.2.826.0.1.3680043.8.498.31445224797992729756505560973797274677,22,4.81,1,True
1.2.826.0.1.3680043.8.498.11999008448480965933785988718780864948,lat_centre,-98.398,-7.661,-10.805,0.0968,1.097,1.2.826.0.1.3680043.8.498.88527805564018949234362622005652741652,36,3.0,1,True
1.2.826.0.1.3680043.8.498.12005327370242618323737652892230673473,lat_centre,-118.518,-59.738,-41.389,0.1171,2.015,1.2.826.0.1.3680043.8.498.12192717673477248620712595756402365138,19,5.4,1,True
1.2.826.0.1.3680043.8.498.12006027138204983547873134458107233878,lat_centre,107.25,-16.001,2.542,0.0744,1.728,1.2.826.0.1.3680043.8.498.71612316952780910425989000738816231009,29,3.6,1,True
1.2.826.0.1.3680043.8.498.12007335335641704192494936946829650792,lat_centre,143.504,-58.619,40.657,0.1399,2.603,1.2.826.0.1.3680043.8.498.73966203506286629689194810394482851683,20,4.5,1,True
1.2.826.0.1.3680043.8.498.12009816058271421855131593296751372723,lat_centre,-146.303,-12.43,-7.846,0.0895,1.515,1.2.826.0.1.3680043.8.498.12803797679917596161780541170187114263,36,3.3,1,True
1.2.826.0.1.3680043.8.498.12010150865087936209475730225377000084,lat_centre,90.725,-1.589,-55.143,0.1108,1.299,1.2.826.0.1.3680043.8.498.14271391565259762819206539874788476502,23,4.5,1,True
1.2.826.0.1.3680043.8.498.12014959202771141042815134335571931814,lat_centre,-112.32,-23.974,-49.347,0.0949,0.476,1.2.826.0.1.3680043.8.498.56199137416899181727841118732266910369,33,3.3,1,True
1.2.826.0.1.3680043.8.498.12015406188790105426257083591807220760,lat_centre,101.848,12.099,-39.294,0.1194,1.373,1.2.826.0.1.3680043.8.498.54892982353539896301928105198437194101,32,3.3,1,True
1.2.826.0.1.3680043.8.498.12026457191304650188547548517205757122,lat_centre,99.197,9.205,11.839,0.0861,0.865,1.2.826.0.1.3680043.8.498.80187914885730902926858051698333500424,29,3.6,1,True
1.2.826.0.1.3680043.8.498.12031315219947933845048665397149229969,lat_centre,-138.243,-20.847,-43.165,0.0744,0.619,1.2.826.0.1.3680043.8.498.12200790263213257473780367148211033582,30,3.3,1,True
1.2.826.0.1.3680043.8.498.12034579945815402722591687609951730205,lat_centre,96.996,-1.47,20.172,0.1065,1.629,1.2.826.0.1.3680043.8.498.48569222386746885184434102922614029325,34,3.0,1,True
1.2.826.0.1.3680043.8.498.12036404333388388978317335770611404933,lat_centre,-91.927,-15.72,2.433,0.0934,0.819,1.2.826.0.1.3680043.8.498.34201137085587514875482850835896687903,31,3.0,1,True
1.2.826.0.1.3680043.8.498.12041392088066705782960819598258792338,lat_centre,99.723,-45.442,-9.634,0.0927,1.801,1.2.826.0.1.3680043.8.498.56381724755973043230161074873752613779,40,2.75,1,True
1.2.826.0.1.3680043.8.498.12041491173612341571223481616114183729,lat_centre,108.321,-30.247,-27.527,0.0973,1.043,1.2.826.0.1.3680043.8.498.10841804289140682125136716686873167708,27,4.4,1,True
1.2.826.0.1.3680043.8.498.12045300645580015230470991493790324857,lat_centre,-94.746,27.54,-33.863,0.1118,1.547,1.2.826.0.1.3680043.8.498.81063339723551157829290597982999798581,24,4.0,1,True
1.2.826.0.1.3680043.8.498.12050415099056648944934039580585859179,lat_centre,-115.988,-57.131,-3.892,0.1066,0.92,1.2.826.0.1.3680043.8.498.12211076836574088212391995778520843321,33,3.3,1,True
1.2.826.0.1.3680043.8.498.12051169109587120248372991913002670813,lat_centre,-106.046,-29.018,-74.024,0.0826,1.455,1.2.826.0.1.3680043.8.498.13207057529644015118965712412708175559,30,3.3,1,True
1.2.826.0.1.3680043.8.498.12054099347723802635102026371218576198,lat_centre,134.522,-27.228,-9.428,0.0811,0.629,1.2.826.0.1.3680043.8.498.83608977688607690993706580540041360788,30,3.5,1,True
1.2.826.0.1.3680043.8.498.12063742398421783626420335095128808816,lat_centre,120.893,-38.572,-4.125,0.0899,1.019,1.2.826.0.1.3680043.8.498.10966318154445739523966073417426318408,29,3.3,1,True
1.2.826.0.1.3680043.8.498.12064822036518837577612019712902340953,lat_centre,107.96,31.291,-20.889,0.1042,1.214,1.2.826.0.1.3680043.8.498.99077228020457212663308522930032277692,25,4.0,1,True
1.2.826.0.1.3680043.8.498.12067625141402105065337444349201280606,lat_centre,-88.974,-3.46,-15.511,0.0912,1.8,1.2.826.0.1.3680043.8.498.53199895545316702580942439651280415057,27,3.85,1,True
1.2.826.0.1.3680043.8.498.12068674252637046261029360607215822017,lat_centre,122.75,-6.845,6.182,0.0938,0.892,1.2.826.0.1.3680043.8.498.46172550716306571201941636126379196022,46,2.2,1,True
1.2.826.0.1.3680043.8.498.12071998470084955703027522152040042364,lat_centre,-133.511,17.061,-20.138,0.0859,0.825,1.2.826.0.1.3680043.8.498.47383175405691734351481093045064377382,24,4.5,1,True
1.2.826.0.1.3680043.8.498.12073401429398042797505820525732905336,lat_centre,-103.834,-1.728,-45.252,0.0817,0.44,1.2.826.0.1.3680043.8.498.33106221486778596583987511197044205525,37,3.3,1,True
1.2.826.0.1.3680043.8.498.12092744899746753313905432642371563786,lat_centre,-128.881,-25.426,-25.798,0.0862,0.576,1.2.826.0.1.3680043.8.498.10719931204546846137132821218483112309,30,3.3,1,True
1.2.826.0.1.3680043.8.498.12095779329738382018467257299597656491,lat_centre,-33.988,-3.282,-26.582,0.0994,0.483,1.2.826.0.1.3680043.8.498.99470040812842558575775467423423924279,30,3.9,1,True
1.2.826.0.1.3680043.8.498.12098718763390783455090805975786780205,lat_centre,135.518,-3.162,-8.969,0.0956,1.291,1.2.826.0.1.3680043.8.498.90316499787945841268703161068716740257,48,2.2,1,True
1.2.826.0.1.3680043.8.498.12100254887364913022980951672127944515,lat_centre,125.216,-39.758,55.207,0.0837,1.076,1.2.826.0.1.3680043.8.498.84839789536079013731735167942481940814,24,4.0,1,True
1.2.826.0.1.3680043.8.498.12104799278874963688461235330096856415,lat_centre,103.148,-32.303,-2.819,0.0688,1.112,1.2.826.0.1.3680043.8.498.44404077948663198679914776006039316295,36,3.45,1,True
1.2.826.0.1.3680043.8.498.12106775587428595108771304868101362618,lat_centre,29.827,-14.311,-36.67,0.1382,0.629,1.2.826.0.1.3680043.8.498.10229461273051471855769341718676699886,24,3.9,1,True
1.2.826.0.1.3680043.8.498.12107680313133383587522762626929218051,lat_centre,-29.735,4.449,-24.516,0.0822,1.523,1.2.826.0.1.3680043.8.498.27624758338950476960122592322842340686,26,4.3,1,True
1.2.826.0.1.3680043.8.498.12110510829608190094905588610131531103,lat_centre,92.721,-26.175,-40.788,0.0717,0.721,1.2.826.0.1.3680043.8.498.78600544684275475318510946289951878793,35,3.3,1,True
1.2.826.0.1.3680043.8.498.12117377043894182951345966247899775612,lat_centre,-104.832,-36.723,-27.495,0.0814,0.787,1.2.826.0.1.3680043.8.498.11920821684110085760040568662591852175,30,3.3,1,True
1.2.826.0.1.3680043.8.498.12130605331118953242364684736005454581,lat_centre,-94.906,-18.664,19.855,0.0942,0.867,1.2.826.0.1.3680043.8.498.47221704273177959416320662780796940655,35,3.3,1,True
1.2.826.0.1.3680043.8.498.12130868132537772155475981935868588761,lat_centre,-110.677,-43.061,4.113,0.0772,0.573,1.2.826.0.1.3680043.8.498.37556080528108124864681705742678770834,33,3.9,1,True
1.2.826.0.1.3680043.8.498.12131866860554871145836544571379633595,lat_centre,-135.899,-24.415,-46.447,0.0967,0.523,1.2.826.0.1.3680043.8.498.24105040540365292143712294544807756830,33,3.3,1,True
1.2.826.0.1.3680043.8.498.12132814192991105841939278718608095213,lat_centre,142.665,-36.19,-26.485,0.1014,0.808,1.2.826.0.1.3680043.8.498.18591266311312655683060800151704636056,30,3.3,1,True
1.2.826.0.1.3680043.8.498.12135456587022560662140325717612726990,lat_centre,92.572,-4.576,-30.818,0.1026,1.337,1.2.826.0.1.3680043.8.498.17306288816329005490547175759554574305,34,3.0,1,True
1.2.826.0.1.3680043.8.498.12137739162059836759686062882514824614,lat_centre,122.933,-40.379,8.947,0.1004,1.746,1.2.826.0.1.3680043.8.498.12420828072849503611383902941929334326,22,4.139,1,True
1.2.826.0.1.3680043.8.498.12139829070290803654867114374799823711,lat_centre,-72.722,-60.575,-47.277,0.1016,0.44,1.2.826.0.1.3680043.8.498.12272992332570007168759508856785759999,30,3.3,1,True
1.2.826.0.1.3680043.8.498.12148236440353424874546037143134438088,lat_centre,-122.896,-45.084,-86.65,0.0941,0.848,1.2.826.0.1.3680043.8.498.12933204421004454050746578357960654819,32,3.3,1,True
1.2.826.0.1.3680043.8.498.12150502202634860887314001818431257267,lat_centre,-112.287,8.233,-27.123,0.1274,0.841,1.2.826.0.1.3680043.8.498.54340531841572494196144456445107072981,24,4.0,1,True
1.2.826.0.1.3680043.8.498.12153755823296803843819361055386265595,lat_centre,126.029,-46.161,-8.059,0.1063,0.962,1.2.826.0.1.3680043.8.498.58313871254257520649846427940724728250,29,3.3,1,True
1.2.826.0.1.3680043.8.498.12154188739734505793699974626991872621,lat_centre,114.598,-51.283,-26.622,0.0986,0.425,1.2.826.0.1.3680043.8.498.74809988971135517791309813219752918243,32,3.3,1,True
1.2.826.0.1.3680043.8.498.12158630368692962312115489365152319457,lat_centre,108.976,0.723,-30.699,0.08,1.534,1.2.826.0.1.3680043.8.498.19875389692076917978053304777206678998,33,3.3,1,True
1.2.826.0.1.3680043.8.498.12160065317167766993207036411434801297,lat_centre,-107.697,-44.45,-9.595,0.0766,1.727,1.2.826.0.1.3680043.8.498.67490878230022012800529257936017364028,34,3.3,1,True
1.2.826.0.1.3680043.8.498.12165893434332227221101266719291133169,lat_centre,-128.625,-49.242,-10.749,0.1182,0.826,1.2.826.0.1.3680043.8.498.53075615107641137874529319271382048381,29,3.3,1,True
1.2.826.0.1.3680043.8.498.12166081590548185636776183599317715045,lat_centre,-107.82,-10.226,-6.821,0.098,0.979,1.2.826.0.1.3680043.8.498.75142999599986520948782029166885363253,30,3.0,1,True
1.2.826.0.1.3680043.8.498.12166235678892893545054546864889743251,lat_centre,102.259,-2.175,-46.525,0.107,1.617,1.2.826.0.1.3680043.8.498.22021519347988056551757909695530014604,34,3.0,1,True
1.2.826.0.1.3680043.8.498.12168045829469202472124733625621943469,lat_centre,-81.258,1.489,-42.198,0.1051,1.493,1.2.826.0.1.3680043.8.498.99502610602286431142112913050929041395,32,3.3,1,True
1.2.826.0.1.3680043.8.498.12170753305862973517190756418865414984,lat_centre,-131.029,-71.08,-26.391,0.1164,1.209,1.2.826.0.1.3680043.8.498.13297421528603980824267662332189709971,19,5.2,1,True
1.2.826.0.1.3680043.8.498.12171469604213841534511019872648327851,lat_centre,-127.802,-33.812,-20.919,0.1192,0.78,1.2.826.0.1.3680043.8.498.71294525554832340920614830457834794350,30,3.3,1,True
1.2.826.0.1.3680043.8.498.12171790864123519428649395041090102217,lat_centre,132.867,-43.166,22.291,0.0797,1.084,1.2.826.0.1.3680043.8.498.65335795196301010887764705007311439504,29,3.3,1,True
1.2.826.0.1.3680043.8.498.12176466551281285838907773521868954581,lat_centre,-109.666,2.441,-38.885,0.104,0.514,1.2.826.0.1.3680043.8.498.10907206058012604003586316207568117358,33,3.3,1,True
1.2.826.0.1.3680043.8.498.12176469158911896593955662590695392044,lat_centre,111.77,-11.536,1.286,0.1109,1.388,1.2.826.0.1.3680043.8.498.33836612732028809598006095320453843161,28,3.6,1,True
1.2.826.0.1.3680043.8.498.12178921459424917661210327999672203211,lat_centre,129.513,-28.849,2.715,0.1207,0.773,1.2.826.0.1.3680043.8.498.81192357764559453003810773433705406850,22,4.5,1,True
1.2.826.0.1.3680043.8.498.12181591358572249491885248089245858515,lat_centre,-96.425,-7.881,12.198,0.1034,2.051,1.2.826.0.1.3680043.8.498.46576951333789481560630987482847239643,28,4.0,1,True
1.2.826.0.1.3680043.8.498.12182309401920763498667366352681074302,lat_centre,-108.14,-56.296,-21.487,0.1044,0.941,1.2.826.0.1.3680043.8.498.95646735930361799495526781780146009946,28,3.3,1,True
1.2.826.0.1.3680043.8.498.12185615973620890770158935333033805789,lat_centre,-126.277,-11.331,-11.294,0.088,0.903,1.2.826.0.1.3680043.8.498.44963717367832755137043256222984073592,35,3.3,1,True
1.2.826.0.1.3680043.8.498.12186494601308291174548814564387764515,lat_centre,98.127,-1.887,-17.546,0.0975,0.835,1.2.826.0.1.3680043.8.498.88789014444501414128844727698405715447,32,3.0,1,True
1.2.826.0.1.3680043.8.498.12189863023888657759738596583562992408,lat_centre,40.459,4.961,1.07,0.0833,1.083,1.2.826.0.1.3680043.8.498.27630079257751312816068733933059642988,26,4.0,1,True
1.2.826.0.1.3680043.8.498.12192455583120681639582915365754780698,lat_centre,140.833,-37.959,-34.297,0.0604,1.159,1.2.826.0.1.3680043.8.498.56856428482496565447932601856143947015,35,3.3,1,True
1.2.826.0.1.3680043.8.498.12195007606427082866449558290311905939,lat_centre,-131.67,-27.85,-5.85,0.0898,0.72,1.2.826.0.1.3680043.8.498.90029090025868443971245692919092822444,27,3.943,1,True
1.2.826.0.1.3680043.8.498.12195090472992304712555822541659656360,lat_centre,119.65,-5.819,-31.518,0.092,1.064,1.2.826.0.1.3680043.8.498.66512546141864710953111961338752837226,48,2.2,1,True
1.2.826.0.1.3680043.8.498.12200672323103829956274910258854933266,lat_centre,43.692,-1.348,-10.755,0.0955,1.017,1.2.826.0.1.3680043.8.498.33021183186484472912626616263443657930,25,3.3,1,True
1.2.826.0.1.3680043.8.498.12201598444731259697380878112783653796,lat_centre,134.907,-39.717,-1.097,0.0777,1.217,1.2.826.0.1.3680043.8.498.23421249629198798688959731442507154873,30,3.5,1,True
1.2.826.0.1.3680043.8.498.12202865491511254130359509254373393681,lat_centre,-103.911,56.448,18.112,0.0963,0.745,1.2.826.0.1.3680043.8.498.49892139291353084484509842889273230696,20,5.5,1,True
1.2.826.0.1.3680043.8.498.12207279366369605175255203969558548753,lat_centre,104.182,-19.568,-19.501,0.0913,0.699,1.2.826.0.1.3680043.8.498.62361438414944499321911491745681398850,33,3.3,1,True
1.2.826.0.1.3680043.8.498.12208986088767216690584621773389997968,lat_centre,-102.286,-31.912,-21.959,0.0819,0.892,1.2.826.0.1.3680043.8.498.11379254154882764513568812284249542939,32,3.3,1,True
1.2.826.0.1.3680043.8.498.12215902620611618183321984433114460986,lat_centre,-97.976,-0.469,-11.63,0.0856,0.795,1.2.826.0.1.3680043.8.498.13292860333213472735440496459601236832,35,3.0,1,True
1.2.826.0.1.3680043.8.498.12219658385745696203053079500246399481,lat_centre,-129.266,-49.476,7.384,0.0779,1.569,1.2.826.0.1.3680043.8.498.96794451467110213405036027057321768155,29,3.3,1,True
1.2.826.0.1.3680043.8.498.12221892384948220776502422531414659289,lat_centre,101.59,-4.034,-18.241,0.0958,1.293,1.2.826.0.1.3680043.8.498.52882037988679812102173383325914666004,33,3.3,1,True
1.2.826.0.1.3680043.8.498.12225975251304101975065271521710735735,lat_centre,-129.763,-52.921,-0.026,0.0908,0.416,1.2.826.0.1.3680043.8.498.27413579634878639384873293492189166357,30,3.5,1,True
1.2.826.0.1.3680043.8.498.12229628534316014336864328244217875465,lat_centre,-97.105,-5.056,-23.402,0.1281,2.055,1.2.826.0.1.3680043.8.498.60103025621389962299745293089037123028,28,4.0,1,True
1.2.826.0.1.3680043.8.498.12232127448545053821926845887026738988,lat_centre,-94.914,-1.34,2.038,0.1003,0.6,1.2.826.0.1.3680043.8.498.10351585475805204396049393720510885444,32,3.3,1,True
1.2.826.0.1.3680043.8.498.12238753439953831519247789198174756615,lat_centre,137.476,-47.333,40.032,0.0742,0.704,1.2.826.0.1.3680043.8.498.19187409021176611810456388383623798324,34,3.3,1,True
1.2.826.0.1.3680043.8.498.12238865510201989224648662550299925120,lat_centre,-108.28,-0.09,-54.683,0.0933,0.613,1.2.826.0.1.3680043.8.498.15263926101118141564543111793059869091,33,3.3,1,True
1.2.826.0.1.3680043.8.498.12241413500128553133597113709525575494,lat_centre,-118.062,-34.89,17.015,0.0873,1.067,1.2.826.0.1.3680043.8.498.92537877606998871109135970378645056107,26,3.3,1,True
1.2.826.0.1.3680043.8.498.12242172267695588655664456078003635837,lat_centre,142.793,-58.587,-22.039,0.1102,1.847,1.2.826.0.1.3680043.8.498.71768483873778980204482305312786949840,27,4.0,1,True
1.2.826.0.1.3680043.8.498.12243764506921404196245986681613075136,lat_centre,-88.389,17.487,-32.809,0.1335,0.968,1.2.826.0.1.3680043.8.498.99985587288484035337375475542090751233,23,4.6,1,True
1.2.826.0.1.3680043.8.498.12245760386130805526409111049874664817,lat_centre,104.135,-19.538,8.851,0.1032,0.722,1.2.826.0.1.3680043.8.498.68321341487267954990162288566661276161,29,3.6,1,True
1.2.826.0.1.3680043.8.498.12246086238999179953298261549112671014,lat_centre,124.358,21.644,-44.867,0.12,0.547,1.2.826.0.1.3680043.8.498.65473676243394803983455585055500052141,30,3.3,1,True
1.2.826.0.1.3680043.8.498.12248983667596865960950671947508678392,lat_centre,102.404,5.829,-27.415,0.0886,1.193,1.2.826.0.1.3680043.8.498.65096806654023229078502591993741996805,28,3.3,1,True
1.2.826.0.1.3680043.8.498.12256365473385257798561212457071712327,lat_centre,-103.331,-3.354,11.461,0.0951,0.609,1.2.826.0.1.3680043.8.498.88573797465300343008937348974757699551,48,2.2,1,True
1.2.826.0.1.3680043.8.498.12257119852150088212071954292747252243,lat_centre,134.129,-68.768,-44.321,0.0901,0.931,1.2.826.0.1.3680043.8.498.60832845930611806171842004814726666181,22,4.5,1,True
1.2.826.0.1.3680043.8.498.12257484608743859456600273083454447341,lat_centre,-128.725,-60.655,-15.94,0.0949,1.814,1.2.826.0.1.3680043.8.498.12805997643886622954031598585855575764,29,3.3,1,True
1.2.826.0.1.3680043.8.498.12259896940707176389739553110492954399,lat_centre,-70.603,-17.241,-24.966,0.1186,1.334,1.2.826.0.1.3680043.8.498.77117588725324583307681240664908542042,19,4.4,1,True
1.2.826.0.1.3680043.8.498.12260661730837055872432103268905182876,lat_centre,90.338,-55.663,3.168,0.0723,0.539,1.2.826.0.1.3680043.8.498.78916935744063016475138246978607789802,40,0.4,8,True
1.2.826.0.1.3680043.8.498.12261175520056712414700866621816882336,lat_centre,-88.898,7.517,-29.998,0.1252,0.501,1.2.826.0.1.3680043.8.498.10883578695996141450217846712500791838,30,3.3,1,True
1.2.826.0.1.3680043.8.498.12264607993101717201407955391437731134,lat_centre,116.162,-11.81,-15.72,0.1173,1.142,1.2.826.0.1.3680043.8.498.85739239390779948779614184987386688628,48,2.2,1,True
1.2.826.0.1.3680043.8.498.12266054872802015665014176014323258615,lat_centre,103.977,-29.14,-18.2,0.0942,1.868,1.2.826.0.1.3680043.8.498.54977899565663203152167755702987654711,30,3.3,1,True
1.2.826.0.1.3680043.8.498.12266133889557145601371064833389800065,lat_centre,-144.918,-30.884,-32.056,0.1003,1.317,1.2.826.0.1.3680043.8.498.41704270097079303381219311983652426246,27,3.965,1,True
1.2.826.0.1.3680043.8.498.12266644932420958618394322959047940542,lat_centre,114.822,-22.746,-13.036,0.108,1.153,1.2.826.0.1.3680043.8.498.17557822948704586176709830886669173973,38,3.3,1,True
1.2.826.0.1.3680043.8.498.12267944258766605501055560486655358039,lat_centre,98.774,-49.24,8.613,0.0892,0.58,1.2.826.0.1.3680043.8.498.10242120377092561768083778499470457344,28,3.96,1,True
1.2.826.0.1.3680043.8.498.12271616365050313084031931009756086606,lat_centre,107.618,5.573,-4.488,0.1435,1.027,1.2.826.0.1.3680043.8.498.10203993731461281855422323151721341873,25,4.0,1,True
1.2.826.0.1.3680043.8.498.12273356591019341319494035708698721367,lat_centre,-135.163,43.206,-56.283,0.0761,1.098,1.2.826.0.1.3680043.8.498.84161660503593910931086196052556602929,34,3.3,1,True
1.2.826.0.1.3680043.8.498.12273490180961458167930039242826008249,lat_centre,-100.735,4.871,-14.239,0.1333,1.571,1.2.826.0.1.3680043.8.498.31090520506231220065996076165531278625,24,4.0,1,True
1.2.826.0.1.3680043.8.498.12274801503555668613400469130773239683,lat_centre,-121.603,-40.927,-3.143,0.098,1.62,1.2.826.0.1.3680043.8.498.37091287689764523127897264524393147100,27,3.6,1,True
1.2.826.0.1.3680043.8.498.12275265458583331749472987758046974406,lat_centre,140.867,-37.624,-19.56,0.0954,1.047,1.2.826.0.1.3680043.8.498.30938350831896438734570620832790828420,26,3.3,1,True
1.2.826.0.1.3680043.8.498.12280407492991430179266369843997653205,lat_centre,-113.197,-41.157,-31.443,0.1089,0.572,1.2.826.0.1.3680043.8.498.98677110094651192200915138994460120077,24,4.0,1,True
1.2.826.0.1.3680043.8.498.12283662652762881783845275662580546217,lat_centre,-108.054,-49.637,-33.529,0.0857,0.542,1.2.826.0.1.3680043.8.498.11841237029485294991632949700873592119,19,4.8,1,True
1.2.826.0.1.3680043.8.498.12285177271228289867211553575739205132,lat_centre,-140.226,-46.831,-29.15,0.0789,1.998,1.2.826.0.1.3680043.8.498.99356230865461580460772302188109219062,30,3.5,1,True
1.2.826.0.1.3680043.8.498.12285469859900617016859868410323043734,lat_centre,121.948,-59.13,7.02,0.0774,0.719,1.2.826.0.1.3680043.8.498.10577123123268523071425054660363343055,24,4.35,1,True
1.2.826.0.1.3680043.8.498.12286894057773964720268768529280193085,lat_centre,-58.755,-0.746,-27.614,0.1213,1.128,1.2.826.0.1.3680043.8.498.89074017828568018776360781590428176032,17,5.0,1,True
1.2.826.0.1.3680043.8.498.12294073960417956629256115458135748872,lat_centre,-118.706,-31.024,-25.238,0.0849,0.919,1.2.826.0.1.3680043.8.498.55171438806438650555359912875866817179,33,3.9,1,True
1.2.826.0.1.3680043.8.498.12295284437770380354725533247473017729,lat_centre,-119.0,-41.375,-20.354,0.1171,0.819,1.2.826.0.1.3680043.8.498.14515541340136574913773528295161206632,30,3.5,1,True
1.2.826.0.1.3680043.8.498.12295443776523723913480216844110882937,lat_centre,-111.76,-64.196,0.514,0.0879,1.04,1.2.826.0.1.3680043.8.498.29836932557194850918594546052832378679,29,3.3,1,True
1.2.826.0.1.3680043.8.498.12296624595750602443033689366743784387,lat_centre,-123.291,-43.069,-106.737,0.0826,1.737,1.2.826.0.1.3680043.8.498.88474815127210924512249333726905287290,34,3.125,1,True
1.2.826.0.1.3680043.8.498.12300749089664733313051543117302244508,lat_centre,138.336,-27.229,-56.787,0.0818,0.975,1.2.826.0.1.3680043.8.498.11188250230313040187691714505466669859,36,3.5,1,True
1.2.826.0.1.3680043.8.498.12301945990161670321760708884248055936,lat_centre,-110.783,-48.158,11.202,0.1057,1.326,1.2.826.0.1.3680043.8.498.36806949566714966033522555357592448321,34,3.3,1,True
1.2.826.0.1.3680043.8.498.12303161232396569915032951761728884199,lat_centre,32.201,10.322,-41.998,0.0908,0.763,1.2.826.0.1.3680043.8.498.89738555185818812928997374017451342360,26,4.0,1,True
1.2.826.0.1.3680043.8.498.12305281328019552390691110900015627668,lat_centre,103.425,-8.318,-21.601,0.1026,2.223,1.2.826.0.1.3680043.8.498.13034441341147837590851333927188302472,38,3.0,1,True
1.2.826.0.1.3680043.8.498.12305733049746414359748178404911549573,lat_centre,-135.187,-75.902,10.443,0.0868,1.219,1.2.826.0.1.3680043.8.498.90028489328868076838128883203849815581,40,0.4,8,True
1.2.826.0.1.3680043.8.498.12307356432736970350794033171174403632,lat_centre,107.853,-14.383,-8.253,0.0988,2.645,1.2.826.0.1.3680043.8.498.11281601290439367917286029508098881881,38,3.0,1,True
1.2.826.0.1.3680043.8.498.12308357850075929758995438211317707857,lat_centre,101.82,-72.354,-42.619,0.1088,0.858,1.2.826.0.1.3680043.8.498.91319341314520563916238289244473711191,23,4.05,1,True
1.2.826.0.1.3680043.8.498.12314729913655626716039376606973474150,lat_centre,136.842,-39.523,-15.407,0.093,1.187,1.2.826.0.1.3680043.8.498.76674081024486693428635183895604453468,29,3.3,1,True
1.2.826.0.1.3680043.8.498.12322760603170246518010233325038530097,lat_centre,-84.205,50.514,-100.361,0.0606,1.586,1.2.826.0.1.3680043.8.498.79946154697912006820532098330939309502,30,3.3,1,True
1.2.826.0.1.3680043.8.498.12326930847104022196329390608780066947,lat_centre,113.792,3.24,15.547,0.0903,0.84,1.2.826.0.1.3680043.8.498.31824203430021642015055893438101599837,28,3.6,1,True
1.2.826.0.1.3680043.8.498.12328313245396930020974053819810033945,lat_centre,97.73,-70.883,-22.43,0.0811,0.424,1.2.826.0.1.3680043.8.498.39614718012624842553957788720145561913,40,0.4,8,True
1.2.826.0.1.3680043.8.498.12331841096593105748526634055968654914,lat_centre,-100.082,-17.626,-3.33,0.0937,1.753,1.2.826.0.1.3680043.8.498.11094812347873779191332781845221199789,40,3.0,1,True
1.2.826.0.1.3680043.8.498.12332727488899501354972751168284397151,lat_centre,127.603,22.214,26.236,0.0805,2.759,1.2.826.0.1.3680043.8.498.61105542277803416653474457601259851944,35,3.3,1,True
1.2.826.0.1.3680043.8.498.12333996498811456012744466468462396081,lat_centre,-117.623,-50.442,1.869,0.0995,1.492,1.2.826.0.1.3680043.8.498.32376822456909015666885360106431481179,25,4.4,1,True
1.2.826.0.1.3680043.8.498.12335573784261147388984372283481919933,lat_centre,-139.172,-49.412,-9.147,0.1326,1.173,1.2.826.0.1.3680043.8.498.28483336484136695326549223982384249050,29,3.3,1,True
1.2.826.0.1.3680043.8.498.12345064031074704673835101507426902246,lat_centre,107.541,-42.66,8.369,0.0913,1.261,1.2.826.0.1.3680043.8.498.36697585355340131272968632490893465753,30,4.0,1,True
1.2.826.0.1.3680043.8.498.12347007036329783363431172840583325937,lat_centre,-120.172,1.644,-22.641,0.0935,0.852,1.2.826.0.1.3680043.8.498.37635441731230384082427550667264813309,44,2.2,1,True
1.2.826.0.1.3680043.8.498.12348352904452887226227118450588511578,lat_centre,-136.875,-55.548,-9.076,0.1046,0.823,1.2.826.0.1.3680043.8.498.12508878965325568514753792031117325360,30,3.3,1,True
1.2.826.0.1.3680043.8.498.12348875283993064999589090039392140219,lat_centre,127.056,-34.529,-20.054,0.0943,2.109,1.2.826.0.1.3680043.8.498.76800284715655706422140497918740198949,30,3.3,1,True
1.2.826.0.1.3680043.8.498.12348960754791091583201828167607825033,lat_centre,107.252,-56.52,-13.904,0.0919,1.298,1.2.826.0.1.3680043.8.498.90189491461842325448376265371615017969,32,3.3,1,True
1.2.826.0.1.3680043.8.498.12349656752404066719917550972333542508,lat_centre,111.942,8.518,-35.987,0.0974,0.9,1.2.826.0.1.3680043.8.498.95193839623005132269966440289165875440,34,3.0,1,True
1.2.826.0.1.3680043.8.498.12352132666379687393012255589355771387,lat_centre,-94.252,-53.066,-21.279,0.0779,0.923,1.2.826.0.1.3680043.8.498.51263166170801646980548886844842180239,34,3.3,1,True
1.2.826.0.1.3680043.8.498.12354685390005531691919754048141542648,lat_centre,-108.709,7.954,-54.571,0.0615,2.407,1.2.826.0.1.3680043.8.498.62537253039837413478561229714784634143,36,0.89,4,True
1.2.826.0.1.3680043.8.498.12355011301785011370279005103251815187,lat_centre,120.613,20.75,-53.096,0.1047,0.8,1.2.826.0.1.3680043.8.498.28184593840512391843202949140810117710,24,5.0,1,True
1.2.826.0.1.3680043.8.498.12356611369549236159671896247094661767,lat_centre,-108.493,-2.851,-38.005,0.1018,0.694,1.2.826.0.1.3680043.8.498.57190103821310215773100073637699681774,34,3.0,1,True
1.2.826.0.1.3680043.8.498.12361144153852256276011948786791830435,lat_centre,114.725,-7.92,-54.863,0.1016,0.797,1.2.826.0.1.3680043.8.498.72586029709660159260032319415222018303,34,3.3,1,True
1.2.826.0.1.3680043.8.498.12365033663152692616611548717152384269,lat_centre,101.39,-3.209,10.071,0.0789,1.185,1.2.826.0.1.3680043.8.498.82596488770010937500802219259403706113,29,3.6,1,True
1.2.826.0.1.3680043.8.498.12366238437963147962850341556508931973,lat_centre,135.21,-42.583,-37.404,0.0733,1.038,1.2.826.0.1.3680043.8.498.11799563748137755252552378062246116537,40,0.4,8,True
1.2.826.0.1.3680043.8.498.12373923338033469765189220784089350380,lat_centre,98.039,-91.599,20.822,0.0606,1.756,1.2.826.0.1.3680043.8.498.58497372860271767633229487450164612512,26,3.3,1,True
1.2.826.0.1.3680043.8.498.12374183329974116022606010915169117790,lat_centre,93.504,7.103,-30.594,0.1077,1.31,1.2.826.0.1.3680043.8.498.11983640574637245680624139699498299742,30,3.3,1,True
1.2.826.0.1.3680043.8.498.12377852033407536077897684568488365785,lat_centre,102.342,-41.813,-28.874,0.1133,0.764,1.2.826.0.1.3680043.8.498.14253193255435491519402570857556386223,28,3.3,1,True
1.2.826.0.1.3680043.8.498.12379570725733005682132316461218878636,lat_centre,106.456,4.027,-25.907,0.1045,1.809,1.2.826.0.1.3680043.8.498.98386972751180337251355880451728780753,34,3.0,1,True
1.2.826.0.1.3680043.8.498.12381325071746339154385415220972069782,lat_centre,-137.731,-36.589,-28.508,0.0929,0.914,1.2.826.0.1.3680043.8.498.20583513414042591390037801913536192331,30,3.3,1,True
1.2.826.0.1.3680043.8.498.12381909868368799280462187344958674397,lat_centre,-107.031,-12.751,25.076,0.098,0.613,1.2.826.0.1.3680043.8.498.98772572652731378653838460767644931757,36,3.3,1,True
1.2.826.0.1.3680043.8.498.12383716855639375235119728470042467411,lat_centre,121.882,9.045,-19.319,0.1152,0.826,1.2.826.0.1.3680043.8.498.60770791939028701874037845243615323685,30,3.3,1,True
1.2.826.0.1.3680043.8.498.12386255059403233724886571725482313876,lat_centre,-113.945,-21.195,-11.818,0.1008,1.022,1.2.826.0.1.3680043.8.498.66687447537271188853541138031582848332,40,3.0,1,True
1.2.826.0.1.3680043.8.498.12387075993162655781372091860026675548,lat_centre,102.074,12.577,-45.672,0.1171,1.768,1.2.826.0.1.3680043.8.498.93223307368091972718426080809500708174,25,3.6,1,True
1.2.826.0.1.3680043.8.498.12387241932914995417493041212958089910,lat_centre,108.363,-11.264,-24.484,0.0989,0.931,1.2.826.0.1.3680043.8.498.98472606956210113820090710568259786167,45,2.2,1,True
1.2.826.0.1.3680043.8.498.12387667155732116394489547491673280062,lat_centre,87.559,-20.263,10.468,0.0937,1.774,1.2.826.0.1.3680043.8.498.34986231717546741388297551179536931775,27,3.6,1,True
1.2.826.0.1.3680043.8.498.12390186846317493876612228407734068726,lat_centre,-63.675,-14.274,-1.033,0.1088,0.683,1.2.826.0.1.3680043.8.498.22073051704842220310192829301026702569,19,4.4,1,True
1.2.826.0.1.3680043.8.498.12401147012438969595202076588471168894,lat_centre,96.387,-2.363,-27.754,0.0862,0.447,1.2.826.0.1.3680043.8.498.10420678249796622582611365076781704534,33,3.3,1,True
1.2.826.0.1.3680043.8.498.12406043058701411628555010402350032739,lat_centre,103.607,-3.603,-38.939,0.0952,0.955,1.2.826.0.1.3680043.8.498.92393028266532455533765289460805789323,32,3.51,1,True
1.2.826.0.1.3680043.8.498.12408186961945791320086301369036829266,lat_centre,-141.162,-51.262,8.514,0.0804,0.596,1.2.826.0.1.3680043.8.498.26842740498654682442296387477629272441,30,3.3,1,True
1.2.826.0.1.3680043.8.498.12408314059030096510457440879771212020,lat_centre,144.526,-27.715,-31.32,0.0963,1.02,1.2.826.0.1.3680043.8.498.13008949561598715999143716754772251555,30,3.5,1,True
1.2.826.0.1.3680043.8.498.12408933790879905193765468926022393696,lat_centre,142.64,-34.887,7.378,0.1031,0.844,1.2.826.0.1.3680043.8.498.26328441626088546126013552290976921102,29,3.3,1,True
1.2.826.0.1.3680043.8.498.12408945963789246646229147558387793270,lat_centre,-118.045,-3.741,-9.991,0.1125,0.878,1.2.826.0.1.3680043.8.498.13398946876177883592322906970570308424,48,2.2,1,True
1.2.826.0.1.3680043.8.498.12411340904876460326022004747253138831,lat_centre,-102.114,-32.037,-33.868,0.0955,0.929,1.2.826.0.1.3680043.8.498.12479092981006149959962827802064941875,28,3.3,1,True
1.2.826.0.1.3680043.8.498.12411396124304166984011280826756258628,lat_centre,109.973,-7.643,-1.862,0.1076,1.15,1.2.826.0.1.3680043.8.498.28090738624279563158564136754019126673,32,3.3,1,True
1.2.826.0.1.3680043.8.498.12414869188691502885668778427120766321,lat_centre,111.799,-10.914,-58.616,0.0983,1.707,1.2.826.0.1.3680043.8.498.53808986749711442878992489049666523471,19,4.4,1,True
1.2.826.0.1.3680043.8.498.12426381920136706157912507136730458010,lat_centre,-88.666,36.579,-29.015,0.0948,1.641,1.2.826.0.1.3680043.8.498.74076122648921937894848517916369154647,27,4.5,1,True
1.2.826.0.1.3680043.8.498.12431272351851438889289190308550697909,lat_centre,-73.618,13.695,-26.328,0.0719,1.576,1.2.826.0.1.3680043.8.498.94836143808103079786770099590821226857,32,3.4,1,True
1.2.826.0.1.3680043.8.498.12432974885645948103184031984290883090,lat_centre,107.101,-21.966,3.333,0.106,1.356,1.2.826.0.1.3680043.8.498.44667901025473459103853743161401571081,38,3.3,1,True
1.2.826.0.1.3680043.8.498.12435506274406010562396858512839065232,lat_centre,99.857,-10.201,-34.575,0.0964,1.329,1.2.826.0.1.3680043.8.498.93663436249684607261391822096012982180,33,3.3,1,True
1.2.826.0.1.3680043.8.498.12437154858167700438432674983971817217,lat_centre,134.256,49.977,2.714,0.1049,0.922,1.2.826.0.1.3680043.8.498.57642104824898031654709138419453341073,19,4.5,1,True
1.2.826.0.1.3680043.8.498.12438369033802887819851319347622787876,lat_centre,139.756,-52.649,-9.498,0.1169,1.681,1.2.826.0.1.3680043.8.498.24507293469595917340226506206208074358,25,4.273,1,True
1.2.826.0.1.3680043.8.498.12438775479300781065075835270622538230,lat_centre,149.871,-28.74,8.168,0.117,0.734,1.2.826.0.1.3680043.8.498.57115378898402656841938682840785769009,20,4.527,1,True
1.2.826.0.1.3680043.8.498.12448079646359892252441208258836556945,lat_centre,-127.34,-52.423,0.915,0.0971,0.911,1.2.826.0.1.3680043.8.498.30578400972104371422156040149306494449,22,4.5,1,True
1.2.826.0.1.3680043.8.498.12450858400030959723767712312663176092,lat_centre,136.601,-16.828,-31.511,0.0723,1.4,1.2.826.0.1.3680043.8.498.10817646574412003191457281490157916784,35,3.3,1,True
1.2.826.0.1.3680043.8.498.12462498156569316578044317782899399656,lat_centre,141.763,-42.325,40.243,0.0854,1.162,1.2.826.0.1.3680043.8.498.44201953521249266558147170632355365292,33,3.3,1,True
1.2.826.0.1.3680043.8.498.12462703906850759490077163612851243080,lat_centre,111.496,-78.165,-28.583,0.1184,0.305,1.2.826.0.1.3680043.8.498.69613354161903871112117584221660122246,19,4.4,1,True
1.2.826.0.1.3680043.8.498.12471165461877621368840037945454256612,lat_centre,-75.724,-7.569,2.59,0.1043,0.977,1.2.826.0.1.3680043.8.498.10937545226452402209953788178013903669,31,3.3,1,True
1.2.826.0.1.3680043.8.498.12473533314363654795650919604551685896,lat_centre,116.549,-17.486,-12.035,0.095,0.764,1.2.826.0.1.3680043.8.498.87409194397255907005016597542809744999,40,3.0,1,True
1.2.826.0.1.3680043.8.498.12473755232610784318190599222252893949,lat_centre,-85.503,13.236,-26.628,0.1013,1.829,1.2.826.0.1.3680043.8.498.59651370198825515685097710979565648848,23,4.52,1,True
1.2.826.0.1.3680043.8.498.12481913908649439189738319460342358360,lat_centre,112.983,-7.496,-16.373,0.0939,0.523,1.2.826.0.1.3680043.8.498.92778641032167107247147544318615321923,35,3.0,1,True
1.2.826.0.1.3680043.8.498.12482482491088588051076210158062455084,lat_centre,151.392,-37.32,-20.209,0.0915,0.824,1.2.826.0.1.3680043.8.498.61211392146660088367464868284932003355,29,3.3,1,True
1.2.826.0.1.3680043.8.498.12484700311993345120015691857089576898,lat_centre,103.702,8.295,-37.132,0.0725,1.039,1.2.826.0.1.3680043.8.498.75940149982100115964289949729201591790,27,4.5,1,True
1.2.826.0.1.3680043.8.498.12487362549907644519947672428024977201,lat_centre,-132.412,-48.685,-13.978,0.1196,1.48,1.2.826.0.1.3680043.8.498.67586239120780739580560057031608309710,31,3.3,1,True
1.2.826.0.1.3680043.8.498.12489752598467506094826904655029553699,lat_centre,66.041,42.106,34.56,0.0931,1.123,1.2.826.0.1.3680043.8.498.71148584135522859547641866831806814684,34,3.6,1,True
1.2.826.0.1.3680043.8.498.12490034912643658601552092574630438642,lat_centre,142.276,-35.389,-17.706,0.1074,1.68,1.2.826.0.1.3680043.8.498.15582840249152689203027540003622274388,31,3.3,1,True
1.2.826.0.1.3680043.8.498.12491395125580387847235487841392723348,lat_centre,-98.249,0.888,-6.522,0.0722,0.618,1.2.826.0.1.3680043.8.498.34300045281836897272759695888355186075,30,3.6,1,True
1.2.826.0.1.3680043.8.498.12491747080684524905643593142141672951,lat_centre,-131.456,-50.694,34.615,0.0633,1.281,1.2.826.0.1.3680043.8.498.54071575479717319208470920965187965717,26,3.3,1,True
1.2.826.0.1.3680043.8.498.12491796764641306046176352066215240074,lat_centre,-92.258,-11.505,-27.497,0.0838,1.449,1.2.826.0.1.3680043.8.498.10347133353228423037706957824557835646,27,3.6,1,True
1.2.826.0.1.3680043.8.498.12492431885298164225672926785397151525,lat_centre,110.906,-41.56,-2.367,0.1056,0.248,1.2.826.0.1.3680043.8.498.11675738323217484850396187769017637957,33,3.3,1,True
1.2.826.0.1.3680043.8.498.12497144849433082154223897356471317072,lat_centre,-118.08,-30.603,34.629,0.0814,1.25,1.2.826.0.1.3680043.8.498.87266952665219795800797785421356279112,24,4.156,1,True
1.2.826.0.1.3680043.8.498.12499208731138180053966892599139021038,lat_centre,-134.63,-49.627,-35.987,0.0968,2.336,1.2.826.0.1.3680043.8.498.20059995939072300652312755832382885577,25,4.444,1,True
1.2.826.0.1.3680043.8.498.12501925425699863373513819814520995919,lat_centre,119.618,-41.314,13.569,0.0791,2.194,1.2.826.0.1.3680043.8.498.69609376169950886978717198177093928055,24,4.5,1,True
1.2.826.0.1.3680043.8.498.12505035424093604269515328931488770819,lat_centre,149.286,-42.341,-13.306,0.1007,0.76,1.2.826.0.1.3680043.8.498.26305590810679435830376901422393297766,20,5.297,1,True
1.2.826.0.1.3680043.8.498.12507957850103916926719601413279798696,lat_centre,96.226,-0.267,-30.17,0.0862,0.779,1.2.826.0.1.3680043.8.498.64009054822190539876510980455349282019,28,3.6,1,True
1.2.826.0.1.3680043.8.498.12509825237087140646629745447753158673,lat_centre,-109.85,-29.184,-12.671,0.103,2.851,1.2.826.0.1.3680043.8.498.88922810938770847212169376923207602009,30,3.3,1,True
1.2.826.0.1.3680043.8.498.12509944331769453135724043962410129357,lat_centre,-126.505,-40.439,6.056,0.101,1.232,1.2.826.0.1.3680043.8.498.10597586466940527494997173453931270942,29,3.3,1,True
1.2.826.0.1.3680043.8.498.12510856755988712246013743789183840748,lat_centre,130.799,-60.119,-21.895,0.0714,1.113,1.2.826.0.1.3680043.8.498.58808748381679647886717248321966308990,40,0.4,8,True
1.2.826.0.1.3680043.8.498.12514357232100339485873453417784586592,lat_centre,-115.377,-7.804,-5.059,0.1049,1.189,1.2.826.0.1.3680043.8.498.11050298643629265286087857184983253027,30,3.3,1,True
1.2.826.0.1.3680043.8.498.12515322634403509077334846234426636136,lat_centre,-104.667,-29.169,17.457,0.0968,1.125,1.2.826.0.1.3680043.8.498.11256127730205537607690552032136076344,33,3.3,1,True
1.2.826.0.1.3680043.8.498.12518297594498173981937681848554641851,lat_centre,-60.07,-16.513,-33.511,0.1307,1.009,1.2.826.0.1.3680043.8.498.13355020075079091784608048107258349076,27,3.45,1,True
1.2.826.0.1.3680043.8.498.12520203592477518476890010185037272575,lat_centre,144.524,-0.835,-36.777,0.0956,1.404,1.2.826.0.1.3680043.8.498.29962298392163346690892006137522736081,30,3.3,1,True
1.2.826.0.1.3680043.8.498.12522620957277632939731546099134770342,lat_centre,-63.511,-3.147,-18.849,0.1092,0.462,1.2.826.0.1.3680043.8.498.34891777343395877658103348757602467190,17,5.0,1,True
1.2.826.0.1.3680043.8.498.12523676732876902778577970655429060858,lat_centre,-95.742,5.602,-44.499,0.0891,1.843,1.2.826.0.1.3680043.8.498.58211784878373746752777325606501620572,34,3.0,1,True
1.2.826.0.1.3680043.8.498.12525752631743097782762806859112218620,lat_centre,-92.855,25.436,-57.065,0.0887,1.326,1.2.826.0.1.3680043.8.498.12863345146079061380810155667310010864,24,3.9,1,True
1.2.826.0.1.3680043.8.498.12526590714362529606046044104426807158,lat_centre,-131.907,-49.379,-16.426,0.0944,0.823,1.2.826.0.1.3680043.8.498.36781080721310221332541750098705039148,34,3.3,1,True
1.2.826.0.1.3680043.8.498.12526876471494728147635430816990398219,lat_centre,106.388,-2.194,-19.869,0.1033,0.415,1.2.826.0.1.3680043.8.498.65451759599757170958393929870810282074,33,3.0,1,True
1.2.826.0.1.3680043.8.498.12531442175319757740745664049001806494,lat_centre,-116.193,-43.929,-25.05,0.1042,0.736,1.2.826.0.1.3680043.8.498.68911129473791149367942332050373607252,31,3.3,1,True
1.2.826.0.1.3680043.8.498.12533105585687352326867082376911240942,lat_centre,-104.225,19.077,-46.919,0.0977,0.808,1.2.826.0.1.3680043.8.498.87770198415788255003475312986690241003,30,3.3,1,True
1.2.826.0.1.3680043.8.498.12534628800787651008876070514080610643,lat_centre,-136.821,-56.817,-5.927,0.1018,1.15,1.2.826.0.1.3680043.8.498.73502385699539153722344326572888007159,34,3.3,1,True
1.2.826.0.1.3680043.8.498.12547308734950397389859712060653254111,lat_centre,89.248,-5.607,6.537,0.1132,0.53,1.2.826.0.1.3680043.8.498.27143329261478294711755789619502082623,19,4.4,1,True
1.2.826.0.1.3680043.8.498.12548176380550230498070609559486512004,lat_centre,-87.715,5.01,-36.291,0.1212,0.65,1.2.826.0.1.3680043.8.498.19935676892610530712897117806150811121,30,3.3,1,True
1.2.826.0.1.3680043.8.498.12552701911592685137269544109687472988,lat_centre,114.68,6.709,7.861,0.1076,0.27,1.2.826.0.1.3680043.8.498.84346395914370746153530016158419230234,44,2.2,1,True
1.2.826.0.1.3680043.8.498.12553010776519233077752150342664160826,lat_centre,-136.674,-27.288,-31.743,0.0821,0.66,1.2.826.0.1.3680043.8.498.46993622175764294061913442689518216662,33,3.9,1,True
1.2.826.0.1.3680043.8.498.12553455350653672209409408595948190982,lat_centre,57.605,-2.351,25.735,0.0596,1.767,1.2.826.0.1.3680043.8.498.11555518967023812255872897926338992641,31,3.3,1,True
1.2.826.0.1.3680043.8.498.12554824497579383319980187351290254727,lat_centre,-133.413,-21.506,-16.708,0.0763,0.672,1.2.826.0.1.3680043.8.498.15805697535419860634147746088665840844,20,4.5,1,True
1.2.826.0.1.3680043.8.498.12559687473583953266143897736224215680,lat_centre,82.695,-2.35,-44.245,0.0828,0.771,1.2.826.0.1.3680043.8.498.80403581402260561238459876130882112678,34,3.0,1,True
1.2.826.0.1.3680043.8.498.12563940497360871791097093821926086616,lat_centre,108.975,-12.455,-35.563,0.0988,1.668,1.2.826.0.1.3680043.8.498.55100336585957516713967783944316571309,36,0.89,4,True
1.2.826.0.1.3680043.8.498.12568337973304376222940287737691898395,lat_centre,110.06,-15.098,-19.685,0.0749,1.723,1.2.826.0.1.3680043.8.498.43410753142192666470772871419969660991,47,3.3,1,True
1.2.826.0.1.3680043.8.498.12569762036474456642024618586300354737,lat_centre,110.763,-17.83,-94.623,0.0965,0.782,1.2.826.0.1.3680043.8.498.53273654929983228974566670201659870185,32,3.3,1,True
1.2.826.0.1.3680043.8.498.12570576337098834311171883034999327454,lat_centre,-147.312,-40.432,-19.473,0.097,0.564,1.2.826.0.1.3680043.8.498.12996239004829249660659265036361035753,28,4.0,1,True
1.2.826.0.1.3680043.8.498.12573518342767030025851169814440863785,lat_centre,108.926,-3.904,24.443,0.1366,1.605,1.2.826.0.1.3680043.8.498.12950449425329234901569600880880957465,24,4.0,1,True
1.2.826.0.1.3680043.8.498.12574270269124650675934073761741661292,lat_centre,99.964,-6.528,-29.369,0.107,1.635,1.2.826.0.1.3680043.8.498.13434230692165812727012540776257380073,34,3.0,1,True
1.2.826.0.1.3680043.8.498.12576055921678075813718486704978381993,lat_centre,-121.72,-8.997,-4.763,0.1014,1.109,1.2.826.0.1.3680043.8.498.70494600475395315445921851526039286919,47,2.2,1,True
1.2.826.0.1.3680043.8.498.12577828789206467631166875572423539298,lat_centre,41.083,-15.305,3.92,0.1356,0.936,1.2.826.0.1.3680043.8.498.29048745169190458326746294475957425229,18,5.0,1,True
1.2.826.0.1.3680043.8.498.12579738538063674380235672702328412431,lat_centre,106.479,-30.405,-33.179,0.0793,1.97,1.2.826.0.1.3680043.8.498.32888321929909832918725866186239671012,38,3.3,1,True
1.2.826.0.1.3680043.8.498.12580232188757225504172709417466515184,lat_centre,121.166,-51.95,-11.911,0.091,1.614,1.2.826.0.1.3680043.8.498.66867725389593247784367071445863334495,19,4.4,1,True
1.2.826.0.1.3680043.8.498.12583872770399266463538638801797827468,lat_centre,95.209,-52.215,3.441,0.0976,0.484,1.2.826.0.1.3680043.8.498.80950261237384147034766223330486809626,32,3.3,1,True
1.2.826.0.1.3680043.8.498.12598627296066406747921546933391681918,lat_centre,-145.041,-43.894,-15.576,0.1049,1.181,1.2.826.0.1.3680043.8.498.12542962550577487218207639148838778052,35,2.875,1,True
1.2.826.0.1.3680043.8.498.12606136253498337506682547306933254691,lat_centre,-117.504,-33.118,-18.025,0.1165,1.369,1.2.826.0.1.3680043.8.498.67478273558923484459672806371210877150,21,4.5,1,True
1.2.826.0.1.3680043.8.498.12606657226568558340797193167488111973,lat_centre,138.284,-48.001,-30.053,0.0905,0.648,1.2.826.0.1.3680043.8.498.12346063444250771269882141920568607762,29,3.3,1,True
1.2.826.0.1.3680043.8.498.12607203615180268117341271176820357242,lat_centre,95.903,25.933,-1.559,0.1254,1.695,1.2.826.0.1.3680043.8.498.13084875690073690187107322574241334371,26,4.8,1,True
1.2.826.0.1.3680043.8.498.12607659092357834912029375690348886159,lat_centre,-130.166,-31.853,-17.125,0.1151,1.924,1.2.826.0.1.3680043.8.498.75297579259988973493932554142852438862,29,3.3,1,True
1.2.826.0.1.3680043.8.498.12607959449008110729566106776800628990,lat_centre,-109.847,-5.915,-26.379,0.0925,0.857,1.2.826.0.1.3680043.8.498.36449778067942242520379608366036964932,34,3.3,1,True
1.2.826.0.1.3680043.8.498.12614097867016983076979065551985251584,lat_centre,-112.574,-51.674,-17.023,0.1336,0.764,1.2.826.0.1.3680043.8.498.10308941073922061910558687985333192395,32,2.875,1,True
1.2.826.0.1.3680043.8.498.12616376042564380071463081913949255574,lat_centre,-124.018,-36.932,-6.415,0.0827,0.987,1.2.826.0.1.3680043.8.498.10119877605610345723650124821808676412,29,3.3,1,True
1.2.826.0.1.3680043.8.498.12619895582462244920124420363095282842,lat_centre,115.365,-49.309,-2.999,0.0865,0.638,1.2.826.0.1.3680043.8.498.86084796069969034368721293669436299756,30,3.6,1,True
1.2.826.0.1.3680043.8.498.12620718517255799151283445360332799702,lat_centre,129.564,-48.763,7.424,0.1147,1.214,1.2.826.0.1.3680043.8.498.43435796116077822840655245497967980176,30,3.3,1,True
1.2.826.0.1.3680043.8.498.12625250919597111075072308824921101918,lat_centre,101.255,12.125,-22.52,0.1216,1.602,1.2.826.0.1.3680043.8.498.37081251225662173105821684392390263130,24,3.9,1,True
1.2.826.0.1.3680043.8.498.12626383124142146001532197239671686442,lat_centre,127.979,-47.219,-22.31,0.0777,1.714,1.2.826.0.1.3680043.8.498.20154565558142877706182991249784492184,30,3.3,1,True
1.2.826.0.1.3680043.8.498.12629372332421954368597330267888483345,lat_centre,133.101,-30.389,24.424,0.1373,0.713,1.2.826.0.1.3680043.8.498.15530256794376691030562863615998412608,20,4.5,1,True
1.2.826.0.1.3680043.8.498.12630423349626505319792444053874011718,lat_centre,83.918,-8.144,-19.847,0.0963,0.708,1.2.826.0.1.3680043.8.498.49990488676008356643505434437507237044,32,3.3,1,True
1.2.826.0.1.3680043.8.498.12632084649033412400763943977604348172,lat_centre,137.201,-55.851,9.531,0.106,1.262,1.2.826.0.1.3680043.8.498.28256183365247136519637095211742683797,29,3.3,1,True
1.2.826.0.1.3680043.8.498.12632129640405661298623288977632682289,lat_centre,-124.922,-41.76,-8.687,0.1115,1.248,1.2.826.0.1.3680043.8.498.10346030122694910196746254300805454660,29,3.3,1,True
1.2.826.0.1.3680043.8.498.12637591861595747322913829625646935491,lat_centre,-52.99,22.476,-29.12,0.0934,0.734,1.2.826.0.1.3680043.8.498.12768502649972655865937038853130362216,30,3.3,1,True
1.2.826.0.1.3680043.8.498.12638205949145637289277744267473965719,lat_centre,-133.493,-45.41,18.377,0.0793,0.626,1.2.826.0.1.3680043.8.498.75381115404126115427550513788295532981,34,3.3,1,True
1.2.826.0.1.3680043.8.498.12640439197386154384526090653248054582,lat_centre,138.57,-48.488,-33.997,0.0896,1.552,1.2.826.0.1.3680043.8.498.15283923119043135120488347192671967735,33,3.6,1,True
1.2.826.0.1.3680043.8.498.12642641661988102031826128876502303807,lat_centre,-86.082,6.598,-0.15,0.0771,1.528,1.2.826.0.1.3680043.8.498.10629298674095308335832916838368065296,30,3.3,1,True
1.2.826.0.1.3680043.8.498.12644400073937544865441360809610886635,lat_centre,-23.131,27.497,-23.792,0.0863,1.206,1.2.826.0.1.3680043.8.498.11045576656606769904599839922474016717,26,4.0,1,True
1.2.826.0.1.3680043.8.498.12647791319443598318497312837147189300,lat_centre,27.053,18.24,-11.926,0.0724,1.563,1.2.826.0.1.3680043.8.498.72364470218972141406865298878761568781,24,3.9,1,True
1.2.826.0.1.3680043.8.498.12653936535855858693516515692319733265,lat_centre,-118.536,-15.194,-1.812,0.1046,0.919,1.2.826.0.1.3680043.8.498.43244374337995939656775695711089539448,32,3.3,1,True
1.2.826.0.1.3680043.8.498.12655324218817524683138594937984186560,lat_centre,92.363,-17.026,6.685,0.0893,2.578,1.2.826.0.1.3680043.8.498.61145365295126053745384509063359701632,30,3.6,1,True
1.2.826.0.1.3680043.8.498.12658572494577556884626613972035441625,lat_centre,106.884,-9.401,-3.61,0.1084,1.215,1.2.826.0.1.3680043.8.498.16822721516022701451563241396532787399,33,3.3,1,True
1.2.826.0.1.3680043.8.498.12660901572462562819575002681831361427,lat_centre,87.688,12.326,-25.91,0.1121,1.698,1.2.826.0.1.3680043.8.498.89785896332575722355167901966132239653,33,3.3,1,True
1.2.826.0.1.3680043.8.498.12668708646283106269005674386248135220,lat_centre,110.288,0.407,-34.47,0.1022,0.994,1.2.826.0.1.3680043.8.498.12851998043208644738457694686855647291,33,3.3,1,True
1.2.826.0.1.3680043.8.498.12673561338227595483297605409292531492,lat_centre,61.528,11.198,-18.535,0.1247,1.825,1.2.826.0.1.3680043.8.498.15209359580289109230969803428128548192,17,5.0,1,True
1.2.826.0.1.3680043.8.498.12674069717230126880288353271062347095,lat_centre,-103.609,3.597,1.513,0.1075,1.048,1.2.826.0.1.3680043.8.498.89736994507040868045161367891105238587,30,3.3,1,True
1.2.826.0.1.3680043.8.498.12674930973831274527829261576087154644,lat_centre,136.791,-83.11,-58.633,0.1052,1.78,1.2.826.0.1.3680043.8.498.28943366985511345008209604832460519048,25,4.5,1,True
1.2.826.0.1.3680043.8.498.12676359576477452816896379524598090410,lat_centre,111.765,12.257,-3.136,0.0896,1.168,1.2.826.0.1.3680043.8.498.32070626227873150622142355930905577089,24,4.52,1,True
1.2.826.0.1.3680043.8.498.12688954493547892047021455671738310186,lat_centre,-69.326,-21.324,-15.876,0.0905,1.224,1.2.826.0.1.3680043.8.498.13908138274617088581675444354865815641,29,3.7,1,True
1.2.826.0.1.3680043.8.498.12689874339887047433232628649886917274,lat_centre,-88.629,-15.929,40.014,0.1079,2.457,1.2.826.0.1.3680043.8.498.94441691293265339160941168042901362176,20,4.4,1,True
1.2.826.0.1.3680043.8.498.12690080124553846006638565600585469969,lat_centre,-137.9,-62.854,-25.015,0.0809,1.03,1.2.826.0.1.3680043.8.498.30359662891644580678585466843823459947,40,0.4,8,True
1.2.826.0.1.3680043.8.498.12690803821768205116702487219908820630,lat_centre,134.99,-42.056,42.754,0.1213,1.017,1.2.826.0.1.3680043.8.498.76757732230791086468903498525374930471,29,3.3,1,True
1.2.826.0.1.3680043.8.498.12692579161952587215276483587686562922,lat_centre,141.184,-36.022,-9.931,0.0837,1.047,1.2.826.0.1.3680043.8.498.85090657313152141807326765094844584135,28,3.85,1,True
1.2.826.0.1.3680043.8.498.12697859103448296208701081683487338111,lat_centre,-103.848,-1.877,-8.074,0.1016,0.601,1.2.826.0.1.3680043.8.498.10162309958508484479884207711704129958,30,3.3,1,True
1.2.826.0.1.3680043.8.498.12699751030439008569144814819343161608,lat_centre,-84.64,35.516,-5.952,0.069,0.761,1.2.826.0.1.3680043.8.498.11757422602512922682814824296249946191,24,4.5,1,True
1.2.826.0.1.3680043.8.498.12700591955254168977239658917260628326,lat_centre,96.774,6.837,-44.191,0.1066,1.232,1.2.826.0.1.3680043.8.498.12259637805167211593153902175326299229,20,4.4,1,True
1.2.826.0.1.3680043.8.498.12700981063762577397919340901063297803,lat_centre,117.607,-30.424,31.985,0.1081,0.582,1.2.826.0.1.3680043.8.498.68712823976891537890413893927920279302,32,3.3,1,True
1.2.826.0.1.3680043.8.498.12701097867143790763644826659974337046,lat_centre,71.709,-14.645,13.35,0.106,1.43,1.2.826.0.1.3680043.8.498.40273546120339682103520700810993029752,19,4.4,1,True
1.2.826.0.1.3680043.8.498.12704063145595847725421427571860589471,lat_centre,36.105,0.042,6.83,0.1283,1.677,1.2.826.0.1.3680043.8.498.52192545566017964663356374523790782027,19,4.4,1,True
1.2.826.0.1.3680043.8.498.12709854414521475738435319009767427434,lat_centre,-124.255,10.731,-6.643,0.1243,0.519,1.2.826.0.1.3680043.8.498.60297001483317491362176157903237838435,30,3.3,1,True
1.2.826.0.1.3680043.8.498.12715067947657150279232238280712066972,lat_centre,135.507,-34.646,-3.409,0.1109,2.062,1.2.826.0.1.3680043.8.498.95498040600327761359769867228162340150,29,3.3,1,True
1.2.826.0.1.3680043.8.498.12715130507546263968763238702574191950,lat_centre,-117.453,-30.815,-15.477,0.109,0.779,1.2.826.0.1.3680043.8.498.93858963192714079518707396392661721607,29,3.3,1,True
1.2.826.0.1.3680043.8.498.12715402081094788880283826571710131940,lat_centre,99.945,-27.849,5.463,0.1052,0.795,1.2.826.0.1.3680043.8.498.77698072758721900503087517142148652294,20,4.098,1,True
1.2.826.0.1.3680043.8.498.12717728703860353055063551162640833849,lat_centre,103.753,-3.929,-2.268,0.0991,0.668,1.2.826.0.1.3680043.8.498.17080917528521585457629025383748081251,34,3.0,1,True
1.2.826.0.1.3680043.8.498.12718966639501121738042125605376714231,lat_centre,151.754,-52.142,-34.993,0.0758,0.997,1.2.826.0.1.3680043.8.498.58341292142232844791855133891362456476,29,3.6,1,True
1.2.826.0.1.3680043.8.498.12719397512102459853075227679498459688,lat_centre,98.904,-1.768,-31.652,0.1104,1.107,1.2.826.0.1.3680043.8.498.11478205669820518412378116290859538760,22,4.5,1,True
1.2.826.0.1.3680043.8.498.12719455674338091089495020475033082405,lat_centre,-130.134,-46.688,-27.03,0.1158,0.638,1.2.826.0.1.3680043.8.498.89154160764207938031123586597974798772,22,4.6,1,True
1.2.826.0.1.3680043.8.498.12724250000565012779853884787450109956,lat_centre,-78.323,-13.467,-16.403,0.0829,0.986,1.2.826.0.1.3680043.8.498.26153385546262102991587610924301027743,32,3.6,1,True
1.2.826.0.1.3680043.8.498.12725832336445568031849006413563892122,lat_centre,-111.419,-50.166,-6.909,0.0997,1.329,1.2.826.0.1.3680043.8.498.44474088976405934873947480937472128372,33,3.3,1,True
1.2.826.0.1.3680043.8.498.12727488524631885827798129418558343386,lat_centre,93.267,6.706,9.286,0.075,1.451,1.2.826.0.1.3680043.8.498.10936627572040502009538635675572049963,26,4.52,1,True
1.2.826.0.1.3680043.8.498.12728397615513347615111391662798012012,lat_centre,97.219,4.01,14.351,0.0834,0.76,1.2.826.0.1.3680043.8.498.38765716066934700347036610415453013010,30,3.0,1,True
1.2.826.0.1.3680043.8.498.12731497178056855493473947157407264492,lat_centre,-133.094,-13.623,-0.794,0.0931,0.429,1.2.826.0.1.3680043.8.498.69865184058804971315815142769051482779,32,3.3,1,True
1.2.826.0.1.3680043.8.498.12748840878706905309050091576449488666,lat_centre,124.672,-37.617,-17.129,0.0765,0.743,1.2.826.0.1.3680043.8.498.89783516856900095974454258996753585863,40,0.4,8,True
1.2.826.0.1.3680043.8.498.12754381146006839341912662615844567067,lat_centre,129.168,33.552,-20.142,0.0733,1.224,1.2.826.0.1.3680043.8.498.16112135157393511305118403387719043388,25,4.5,1,True
1.2.826.0.1.3680043.8.498.12759704450656741777120047828560448622,lat_centre,-100.303,5.013,-35.565,0.1117,0.626,1.2.826.0.1.3680043.8.498.61401496577651209468395755816911353777,24,4.4,1,True
1.2.826.0.1.3680043.8.498.12761906443846433581503942530016459978,lat_centre,-94.454,-47.52,-3.472,0.0876,1.151,1.2.826.0.1.3680043.8.498.83032560068042571487018844921524471473,32,3.3,1,True
1.2.826.0.1.3680043.8.498.12762076104929080571464647825161185643,lat_centre,-117.082,-40.774,-24.023,0.0868,0.869,1.2.826.0.1.3680043.8.498.71754470068528497094652603813197023143,30,3.3,1,True
1.2.826.0.1.3680043.8.498.12762900657007480138202359874575403361,lat_centre,58.673,4.242,-30.697,0.0678,1.323,1.2.826.0.1.3680043.8.498.41199897675090436072101942501555563986,26,4.5,1,True
1.2.826.0.1.3680043.8.498.12765434812409174436720333864278447770,lat_centre,104.435,-4.739,-14.624,0.106,1.757,1.2.826.0.1.3680043.8.498.11901673435198341845898956964320977795,37,3.0,1,True
1.2.826.0.1.3680043.8.498.12769221625850663248477857087347890908,lat_centre,-138.49,-31.682,37.782,0.095,0.932,1.2.826.0.1.3680043.8.498.19261027124134078986327642344057207120,35,3.3,1,True
1.2.826.0.1.3680043.8.498.12769887673556938425710414718385118283,lat_centre,-94.176,22.287,10.028,0.0968,0.404,1.2.826.0.1.3680043.8.498.11638307273095811068168585347612592288,28,4.0,1,True
1.2.826.0.1.3680043.8.498.12771448321084229688831202344007889535,lat_centre,142.806,-29.915,-60.549,0.0704,1.063,1.2.826.0.1.3680043.8.498.25302986085127885822753226806459036993,35,3.3,1,True
1.2.826.0.1.3680043.8.498.12775050278338123442507219047972133270,lat_centre,-128.882,25.064,-26.265,0.1149,0.639,1.2.826.0.1.3680043.8.498.42580531923665779341931355586643006128,30,3.3,1,True
1.2.826.0.1.3680043.8.498.12775105605170844918620305197829216665,lat_centre,92.945,-4.627,2.782,0.13,0.77,1.2.826.0.1.3680043.8.498.11649135246815831359278832664355731174,26,3.3,1,True
1.2.826.0.1.3680043.8.498.12775769262869064592411499834441472333,lat_centre,-102.422,42.632,1.533,0.0925,2.427,1.2.826.0.1.3680043.8.498.49716610474678231160428660302354280584,28,4.5,1,True
1.2.826.0.1.3680043.8.498.12778920060586364664953350981285170949,lat_centre,98.915,16.394,-19.545,0.131,0.796,1.2.826.0.1.3680043.8.498.10673733312144054809521154335603954483,24,4.0,1,True
1.2.826.0.1.3680043.8.498.12785377697188564760194569072434828180,lat_centre,-138.042,-34.805,7.93,0.1057,0.564,1.2.826.0.1.3680043.8.498.10541795141721533572218927909914464227,20,4.5,1,True
1.2.826.0.1.3680043.8.498.12785620442256422697216192462703273802,lat_centre,-84.584,-57.723,-18.758,0.0927,1.254,1.2.826.0.1.3680043.8.498.78238859714602267067933232532555582321,19,4.4,1,True
1.2.826.0.1.3680043.8.498.12785792890626338008419452097492192088,lat_centre,138.426,-45.353,-7.351,0.0779,0.727,1.2.826.0.1.3680043.8.498.12078737169515634929866484075781383568,40,0.4,8,True
1.2.826.0.1.3680043.8.498.12790542912560396272981117250277568532,lat_centre,111.887,51.022,-43.342,0.089,1.384,1.2.826.0.1.3680043.8.498.12151380225317193011096785072795607515,26,4.5,1,True
1.2.826.0.1.3680043.8.498.12792431109288033212787919118858331455,lat_centre,-137.204,-43.698,-24.561,0.117,1.452,1.2.826.0.1.3680043.8.498.25167958194013811323300056870091340752,29,3.3,1,True
1.2.826.0.1.3680043.8.498.12798419553759200632295966180228523212,lat_centre,119.609,-37.782,-10.118,0.1102,1.203,1.2.826.0.1.3680043.8.498.10896891967508619885496049345358439491,31,3.3,1,True
1.2.826.0.1.3680043.8.498.12799849540231315910448269889175806934,lat_centre,114.121,-41.05,31.307,0.1229,1.534,1.2.826.0.1.3680043.8.498.98141110304854730295772967159852752024,20,4.5,1,True
1.2.826.0.1.3680043.8.498.12800130397185143653180509040746675358,lat_centre,-145.355,-25.857,-63.364,0.0826,1.035,1.2.826.0.1.3680043.8.498.12340061439866170118186800590627959453,33,3.9,1,True
1.2.826.0.1.3680043.8.498.12801308844398614687904447633432197492,lat_centre,106.759,-73.116,-39.027,0.0955,0.56,1.2.826.0.1.3680043.8.498.51148402259712862712353546920527079297,19,4.4,1,True
1.2.826.0.1.3680043.8.498.12801643268939133682891906705186571010,lat_centre,104.064,6.861,-38.101,0.0886,1.842,1.2.826.0.1.3680043.8.498.38948437851580840845426108750128759451,28,3.6,1,True
1.2.826.0.1.3680043.8.498.12806792356922865929896103306611295151,lat_centre,134.501,-44.115,-2.774,0.0933,1.112,1.2.826.0.1.3680043.8.498.36496566596122950147384665893767254818,21,4.333,1,True
1.2.826.0.1.3680043.8.498.12810074901642984174782853829149619043,lat_centre,-111.82,-10.88,-8.575,0.1011,1.299,1.2.826.0.1.3680043.8.498.91805621513263013803427329028671197766,34,3.0,1,True
1.2.826.0.1.3680043.8.498.12814598731776085957663058326979908652,lat_centre,-130.872,-3.092,-29.443,0.1046,0.693,1.2.826.0.1.3680043.8.498.13254229739287260368977144045896256055,44,2.2,1,True
1.2.826.0.1.3680043.8.498.12815132582382825980088023336277934996,lat_centre,109.053,-53.205,-4.762,0.0926,0.447,1.2.826.0.1.3680043.8.498.55603756654002996986278102850460983021,19,4.8,1,True
1.2.826.0.1.3680043.8.498.12817753008281742621758605755308036035,lat_centre,106.874,-12.647,-28.223,0.1039,1.251,1.2.826.0.1.3680043.8.498.76754346877354586960493565304730117330,32,3.3,1,True
1.2.826.0.1.3680043.8.498.12818010040786942613541254450332754046,lat_centre,-80.447,25.261,-7.632,0.1174,1.036,1.2.826.0.1.3680043.8.498.12377743860741679018567382576593930796,21,4.8,1,True
1.2.826.0.1.3680043.8.498.12819437506700585448407291050085063174,lat_centre,134.731,-38.424,-8.59,0.0923,0.604,1.2.826.0.1.3680043.8.498.64282336084917173256555398124774600749,37,2.875,1,True
1.2.826.0.1.3680043.8.498.12820051821104182459960036809430047569,lat_centre,-101.561,-0.592,-74.899,0.0838,0.977,1.2.826.0.1.3680043.8.498.11412863545281292301039139501274452935,34,3.0,1,True
1.2.826.0.1.3680043.8.498.12824438254096860470348581093672563751,lat_centre,99.032,-3.869,-22.631,0.1175,1.678,1.2.826.0.1.3680043.8.498.22423481667587071732768233817141384558,31,3.3,1,True
1.2.826.0.1.3680043.8.498.12826828527176716109949704557150950675,lat_centre,113.095,56.859,-125.102,0.0783,0.808,1.2.826.0.1.3680043.8.498.35966200053008338101076692225426902984,35,3.3,1,True
1.2.826.0.1.3680043.8.498.12827120140904847104302376671076396695,lat_centre,-114.882,-27.934,-32.625,0.0919,0.909,1.2.826.0.1.3680043.8.498.75272269527897080793204100663163004892,28,3.3,1,True
1.2.826.0.1.3680043.8.498.12831769902826114242555323443809541052,lat_centre,-112.578,-9.309,6.752,0.1005,0.653,1.2.826.0.1.3680043.8.498.48621946716071938384247453877155194432,37,3.0,1,True
1.2.826.0.1.3680043.8.498.12836702174475748025129787471026627810,lat_centre,109.552,-42.162,-4.223,0.1017,1.172,1.2.826.0.1.3680043.8.498.20740918137165374791865004347146891949,33,3.3,1,True
1.2.826.0.1.3680043.8.498.12837030643153472711780894512565629507,lat_centre,96.513,-30.871,-5.6,0.1022,0.92,1.2.826.0.1.3680043.8.498.12170097656847802717226906986835232684,37,3.3,1,True
1.2.826.0.1.3680043.8.498.12839498544183083639548298117995964432,lat_centre,-8.62,1.469,-17.011,0.0891,0.78,1.2.826.0.1.3680043.8.498.61675475947746645267096236307560563625,26,4.0,1,True
1.2.826.0.1.3680043.8.498.12862782592303338109631225504988756108,lat_centre,78.453,-20.839,-34.54,0.0976,0.755,1.2.826.0.1.3680043.8.498.31586891647666321280994253136213123025,20,4.527,1,True
1.2.826.0.1.3680043.8.498.12864336642218457767597053831458716404,lat_centre,117.482,-55.006,-24.82,0.0884,0.544,1.2.826.0.1.3680043.8.498.13337975248392262079830617706473600663,25,3.66,1,True
1.2.826.0.1.3680043.8.498.12866937766198610064474201436305532400,lat_centre,141.391,-44.54,-6.585,0.0778,1.646,1.2.826.0.1.3680043.8.498.45820356780715088441018321407607339592,35,3.3,1,True
1.2.826.0.1.3680043.8.498.12887544771002132349592859410979448655,lat_centre,92.462,8.471,-45.395,0.1118,1.145,1.2.826.0.1.3680043.8.498.64995242626259109554220979243736010087,25,3.6,1,True
1.2.826.0.1.3680043.8.498.12896740277483734090633132494285615502,lat_centre,-137.46,-51.1,8.06,0.0976,0.912,1.2.826.0.1.3680043.8.498.40700610248737343081188984717465491366,30,3.3,1,True
1.2.826.0.1.3680043.8.498.12899995703999073968090810947564075608,lat_centre,120.272,-17.745,-24.503,0.0935,0.518,1.2.826.0.1.3680043.8.498.13072921948442217174166627157789359690,32,3.51,1,True
1.2.826.0.1.3680043.8.498.12904190317996738774518258536997285832,lat_centre,95.276,-66.47,-1.949,0.0822,1.389,1.2.826.0.1.3680043.8.498.11504586581861092781000309621637542600,20,4.504,1,True
1.2.826.0.1.3680043.8.498.12907457183137517669505067507754394039,lat_centre,130.874,-33.87,-10.882,0.0871,0.983,1.2.826.0.1.3680043.8.498.66844494028159914271256894733831386418,29,3.3,1,True
1.2.826.0.1.3680043.8.498.12912436233176216254115594260643600155,lat_centre,126.717,-40.516,-35.926,0.1017,1.693,1.2.826.0.1.3680043.8.498.24230542553013930728840079196720388355,30,3.8,1,True
1.2.826.0.1.3680043.8.498.12914677763148740041755977075799271057,lat_centre,-110.464,7.33,0.49,0.0826,0.773,1.2.826.0.1.3680043.8.498.77977085552752693336338818123352099360,48,2.2,1,True
1.2.826.0.1.3680043.8.498.12917504242141830416624247604384969664,lat_centre,-111.498,-56.008,-14.036,0.0974,0.71,1.2.826.0.1.3680043.8.498.28525190273943248451286603859501686527,26,4.0,1,True
1.2.826.0.1.3680043.8.498.12919303621342250989179219420795277559,lat_centre,134.854,-50.114,-13.692,0.0946,1.406,1.2.826.0.1.3680043.8.498.11051728213528410962644621606043711689,25,3.773,1,True
1.2.826.0.1.3680043.8.498.12929915324982999692857962099866616265,lat_centre,-105.012,-7.247,-67.827,0.1012,0.838,1.2.826.0.1.3680043.8.498.65832663854502617647033347682762036419,29,3.6,1,True
1.2.826.0.1.3680043.8.498.12936296973456045538701035923586653502,lat_centre,-129.412,-17.946,-15.102,0.0726,1.115,1.2.826.0.1.3680043.8.498.12703208737622771547955069285708912449,29,3.6,1,True
1.2.826.0.1.3680043.8.498.12938500386086171684983091332136233036,lat_centre,-16.76,7.285,-42.174,0.0589,1.193,1.2.826.0.1.3680043.8.498.13189679200479811071549834860485771476,24,3.9,1,True
1.2.826.0.1.3680043.8.498.12942677240800343332600884989364651588,lat_centre,140.945,-9.846,-37.404,0.1293,0.553,1.2.826.0.1.3680043.8.498.71750803807363960647988355499260752822,22,4.5,1,True
1.2.826.0.1.3680043.8.498.12946163460972553911280889205685745877,lat_centre,141.875,-60.881,-5.106,0.0845,0.644,1.2.826.0.1.3680043.8.498.67231058360731704826012220003158433442,40,0.4,8,True
1.2.826.0.1.3680043.8.498.12946789387115203718210904958275579544,lat_centre,-106.438,-66.073,-30.732,0.0952,0.863,1.2.826.0.1.3680043.8.498.10598257710211068187541864564536636760,19,4.4,1,True
1.2.826.0.1.3680043.8.498.12949322114105642048256996295428966924,lat_centre,108.8,0.695,-7.096,0.1043,1.159,1.2.826.0.1.3680043.8.498.65794416608323322541609288811153246311,37,3.0,1,True
1.2.826.0.1.3680043.8.498.12950639892345812884896649629409199101,lat_centre,-99.693,-18.195,-10.395,0.0788,0.908,1.2.826.0.1.3680043.8.498.81590976414734528793855904341814537604,32,3.51,1,True
1.2.826.0.1.3680043.8.498.12954163390367261226110152166469167935,lat_centre,-133.886,-29.159,-24.115,0.1207,0.93,1.2.826.0.1.3680043.8.498.56838922864992268158939592583010631805,23,3.801,1,True
1.2.826.0.1.3680043.8.498.12957252711278416684461267069498115130,lat_centre,-111.845,-51.1,-24.671,0.0997,1.173,1.2.826.0.1.3680043.8.498.91352731948469543678781833008196289406,34,3.3,1,True
1.2.826.0.1.3680043.8.498.12957752106697316015996777476239762111,lat_centre,-142.566,-37.693,-29.13,0.0809,1.167,1.2.826.0.1.3680043.8.498.89278747104166212041613309707502098766,33,3.9,1,True
1.2.826.0.1.3680043.8.498.12958999546496283565938189274771483491,lat_centre,112.499,-40.318,-24.423,0.1073,1.234,1.2.826.0.1.3680043.8.498.12506105094362119234838979672684630824,28,3.3,1,True
1.2.826.0.1.3680043.8.498.12961116776122838195555132309258963046,lat_centre,107.504,2.585,-47.875,0.0893,0.725,1.2.826.0.1.3680043.8.498.12926609058164804268497734713685153963,26,3.5,1,True
1.2.826.0.1.3680043.8.498.12965787822216495014894819598440431626,lat_centre,-128.201,-25.059,-32.572,0.1131,0.803,1.2.826.0.1.3680043.8.498.28967198394453768027381264979888648956,25,3.66,1,True
1.2.826.0.1.3680043.8.498.12968535455086298222684461157825070395,lat_centre,95.974,-2.594,-2.595,0.1296,0.807,1.2.826.0.1.3680043.8.498.25391487215524942120059159099592744674,26,3.9,1,True
1.2.826.0.1.3680043.8.498.12970315889871740202726744767179863179,lat_centre,110.248,-57.733,8.952,0.0714,0.849,1.2.826.0.1.3680043.8.498.10566025012824041262283649021269090405,35,3.3,1,True
1.2.826.0.1.3680043.8.498.12978172997053500029791786614906570285,lat_centre,-126.327,-28.389,-32.909,0.1158,0.614,1.2.826.0.1.3680043.8.498.50826385095681610975157737574232099511,29,3.3,1,True
1.2.826.0.1.3680043.8.498.12978510157202852202776899910529174803,lat_centre,-132.193,-24.936,-21.306,0.0992,1.095,1.2.826.0.1.3680043.8.498.10259924209097075418304938918872474391,33,3.3,1,True
1.2.826.0.1.3680043.8.498.12980448935316870673341494036873313299,lat_centre,112.712,-58.475,-27.294,0.1003,0.444,1.2.826.0.1.3680043.8.498.48294848332914522164878330229130464851,30,3.5,1,True
1.2.826.0.1.3680043.8.498.12981413356524881858859912294078498486,lat_centre,-133.293,-54.276,15.855,0.0944,0.691,1.2.826.0.1.3680043.8.498.97406924752879133845480177824969357200,29,3.3,1,True
1.2.826.0.1.3680043.8.498.12982826264059547618124186257414818172,lat_centre,-113.424,-43.345,5.131,0.1027,1.214,1.2.826.0.1.3680043.8.498.89467679544746244770666086086174221303,29,3.3,1,True
1.2.826.0.1.3680043.8.498.12985683732818911488433522743768046254,lat_centre,-137.497,-39.81,-26.54,0.1101,1.517,1.2.826.0.1.3680043.8.498.10197406329378895802824089362268502213,29,3.3,1,True
1.2.826.0.1.3680043.8.498.12986028147682493711912242081052787346,lat_centre,-137.245,-19.945,31.186,0.1189,1.551,1.2.826.0.1.3680043.8.498.26978411166954205531746518997831862832,22,4.5,1,True
1.2.826.0.1.3680043.8.498.12986517636774565418070546261705439006,lat_centre,-106.739,-7.331,-8.281,0.093,0.727,1.2.826.0.1.3680043.8.498.19950981742091618814520940477316637709,33,3.3,1,True
1.2.826.0.1.3680043.8.498.12987428318535758055829100395092244687,lat_centre,105.92,-28.166,14.504,0.0873,0.76,1.2.826.0.1.3680043.8.498.10719311413560785992590737290801120809,35,3.3,1,True
1.2.826.0.1.3680043.8.498.12992013816638129896738209015383985569,lat_centre,99.915,1.013,-31.842,0.0716,2.12,1.2.826.0.1.3680043.8.498.13080119819274410268227183079241344832,40,3.3,1,True
1.2.826.0.1.3680043.8.498.13003520962744192762179786723724282013,lat_centre,-113.145,-37.431,-49.406,0.0883,0.727,1.2.826.0.1.3680043.8.498.95644317828360825190641682234411774889,30,3.3,1,True
1.2.826.0.1.3680043.8.498.13004048880335015585285100185910148808,lat_centre,-48.362,-5.476,-34.175,0.1194,1.437,1.2.826.0.1.3680043.8.498.97921701295705696219149866210892362241,16,5.0,1,True
1.2.826.0.1.3680043.8.498.13009271274636013067662786774946029285,lat_centre,147.69,-43.665,-28.157,0.1162,1.194,1.2.826.0.1.3680043.8.498.63603923571849050581553056440305019414,29,3.3,1,True
1.2.826.0.1.3680043.8.498.13015502057686077045104167339480215528,lat_centre,-114.494,58.648,-35.302,0.1169,2.254,1.2.826.0.1.3680043.8.498.43084125425105237760465000827878912725,26,4.5,1,True
1.2.826.0.1.3680043.8.498.13016684730504329799460698013153308088,lat_centre,-146.653,-60.913,-31.843,0.1208,1.275,1.2.826.0.1.3680043.8.498.55116087119309805586712312179575108914,22,4.5,1,True
1.2.826.0.1.3680043.8.498.13017199074506191657941905498813292773,lat_centre,-101.246,-37.234,-30.376,0.1021,0.949,1.2.826.0.1.3680043.8.498.57484643038908797729957610070683075713,19,4.4,1,True
1.2.826.0.1.3680043.8.498.13022266764623819477228425331705640702,lat_centre,34.492,3.113,-15.287,0.126,0.704,1.2.826.0.1.3680043.8.498.41608882916883514987879979081260036270,24,3.9,1,True
1.2.826.0.1.3680043.8.498.13022585036130454941964190427558363602,lat_centre,-17.941,-26.2,-8.608,0.083,1.504,1.2.826.0.1.3680043.8.498.10223745295250224015482174590927847450,27,3.9,1,True
1.2.826.0.1.3680043.8.498.13024250150960117282590397343184827466,lat_centre,75.11,13.686,-25.252,0.0715,0.741,1.2.826.0.1.3680043.8.498.19324553511060818126216345662852719923,24,4.5,1,True
1.2.826.0.1.3680043.8.498.13024625496981667037628275235696732200,lat_centre,124.599,-23.321,-34.179,0.0611,1.147,1.2.826.0.1.3680043.8.498.73362252124384090071247843516452804866,43,3.301,1,True
1.2.826.0.1.3680043.8.498.13026024768908635083636086393662414870,lat_centre,139.196,-46.682,-37.446,0.0825,1.352,1.2.826.0.1.3680043.8.498.61992770843090304582685359043926387818,32,3.3,1,True
1.2.826.0.1.3680043.8.498.13026463185033527579856819607371375594,lat_centre,-102.703,-52.487,-42.013,0.0742,1.587,1.2.826.0.1.3680043.8.498.53167431832618090034014650791641168478,30,3.5,1,True
1.2.826.0.1.3680043.8.498.13027024577729659065187419038453181852,lat_centre,106.1,-9.089,-25.0,0.1092,0.924,1.2.826.0.1.3680043.8.498.75415304318294255985406728338868874000,29,3.6,1,True
1.2.826.0.1.3680043.8.498.13027502247317650159940595684214701589,lat_centre,27.486,-1.289,-2.807,0.1291,0.682,1.2.826.0.1.3680043.8.498.12378521210323504769562324379693048299,24,3.9,1,True
1.2.826.0.1.3680043.8.498.13028226019192925363616760332442456953,lat_centre,114.288,9.015,-52.246,0.0932,1.244,1.2.826.0.1.3680043.8.498.84810482469998088927025189897570629426,21,4.4,1,True
1.2.826.0.1.3680043.8.498.13030662056306690969977140713179461363,lat_centre,-137.113,-30.613,-17.011,0.071,0.968,1.2.826.0.1.3680043.8.498.13343335005280674432151597070745675665,33,3.9,1,True
1.2.826.0.1.3680043.8.498.13034169434311535671044673510644711229,lat_centre,-108.316,-18.178,40.903,0.088,0.957,1.2.826.0.1.3680043.8.498.37039095455359038550335603255858891998,40,3.3,1,True
1.2.826.0.1.3680043.8.498.13035632998746261521316395720102873141,lat_centre,-121.887,-39.627,-20.35,0.098,0.988,1.2.826.0.1.3680043.8.498.57690554036415847168399266572017846579,29,3.3,1,True
1.2.826.0.1.3680043.8.498.13042847643086819857036458569632034999,lat_centre,-115.314,-10.418,-42.067,0.0992,0.858,1.2.826.0.1.3680043.8.498.88024536087331137445546377833764880721,28,3.6,1,True
1.2.826.0.1.3680043.8.498.13054766954092919774634499780241210835,lat_centre,109.403,7.348,-42.34,0.0966,0.578,1.2.826.0.1.3680043.8.498.11809880785037741727076940023068911522,25,3.3,1,True
1.2.826.0.1.3680043.8.498.13062438493893996542058869514390908492,lat_centre,-101.647,4.154,-13.29,0.092,4.162,1.2.826.0.1.3680043.8.498.25484236096408888143212202840479097735,25,3.6,1,True
1.2.826.0.1.3680043.8.498.13062978180647549151946243290102173508,lat_centre,98.481,-13.383,-30.163,0.093,0.471,1.2.826.0.1.3680043.8.498.93844345228007789744992793312267142779,33,3.3,1,True
1.2.826.0.1.3680043.8.498.13065120731888368919957856813755701101,lat_centre,-141.3,-21.886,-43.195,0.0851,0.387,1.2.826.0.1.3680043.8.498.72744612351627601566979955765381949467,30,3.3,1,True
1.2.826.0.1.3680043.8.498.13068696303639759696458130704554709416,lat_centre,-106.356,1.471,-54.399,0.0849,1.601,1.2.826.0.1.3680043.8.498.35887929426892981666010445863504137695,36,3.3,1,True
1.2.826.0.1.3680043.8.498.13069081594164738319108129224400751974,lat_centre,134.134,-35.202,-17.491,0.0928,0.663,1.2.826.0.1.3680043.8.498.11678157124387490478707033370518164878,29,3.3,1,True
1.2.826.0.1.3680043.8.498.13072908567275370866813748886351904593,lat_centre,-134.966,-45.966,-6.612,0.089,0.901,1.2.826.0.1.3680043.8.498.22065518098540042153391083553310413744,34,3.3,1,True
1.2.826.0.1.3680043.8.498.13073387272228394257811861905056479438,lat_centre,-102.45,-49.02,-30.711,0.1059,2.051,1.2.826.0.1.3680043.8.498.82329733572189389756224735983332914535,19,4.4,1,True
1.2.826.0.1.3680043.8.498.13077357855769903335728068420884303993,lat_centre,-128.199,-32.524,-13.729,0.1074,0.713,1.2.826.0.1.3680043.8.498.17773658642155245126575608759427592095,22,4.5,1,True
1.2.826.0.1.3680043.8.498.13078009378379325641560321462188164769,lat_centre,-123.757,-51.104,-34.487,0.1043,1.451,1.2.826.0.1.3680043.8.498.12789425245217347863673948328873003747,19,5.0,1,True
1.2.826.0.1.3680043.8.498.13078551660783737720660607567713996703,lat_centre,-27.406,4.088,-19.554,0.0784,1.513,1.2.826.0.1.3680043.8.498.65491541387025635978670199002630265740,28,4.0,1,True
1.2.826.0.1.3680043.8.498.13078834627392793401892111941627273421,lat_centre,131.628,-61.808,-2.177,0.1055,1.557,1.2.826.0.1.3680043.8.498.57283704638178551711162894709349326824,20,4.507,1,True
1.2.826.0.1.3680043.8.498.13079170182386765602129976624023222742,lat_centre,-95.579,-8.941,-61.547,0.1355,1.434,1.2.826.0.1.3680043.8.498.56773979231367170012822012681539944439,24,4.0,1,True
1.2.826.0.1.3680043.8.498.13086260989634665810181105278930088749,lat_centre,147.699,-38.259,-10.264,0.1022,0.547,1.2.826.0.1.3680043.8.498.20409627563850415106397655462862952688,30,3.5,1,True
1.2.826.0.1.3680043.8.498.13087770868099843948960419968576882974,lat_centre,-112.996,23.458,-11.073,0.108,1.182,1.2.826.0.1.3680043.8.498.71186539001072945874100044017211175600,29,4.0,1,True
1.2.826.0.1.3680043.8.498.13088550794087945662322609097092458487,lat_centre,105.643,20.662,-41.294,0.1064,0.545,1.2.826.0.1.3680043.8.498.11074249433466093812155625661119382994,34,3.3,1,True
1.2.826.0.1.3680043.8.498.13092094949394905924922534008771583745,lat_centre,-119.278,-48.329,-12.035,0.1113,1.005,1.2.826.0.1.3680043.8.498.54167704298114634010132650292508166475,26,3.5,1,True
1.2.826.0.1.3680043.8.498.13093528938282977263747792690249036456,lat_centre,-70.169,56.166,-24.491,0.0921,1.3,1.2.826.0.1.3680043.8.498.98098538398813067689620821965125962097,24,4.5,1,True
1.2.826.0.1.3680043.8.498.13093751810869039645959119469231437894,lat_centre,-120.559,11.956,-17.347,0.1108,0.86,1.2.826.0.1.3680043.8.498.11367577998233338936433376708171166274,21,5.0,1,True
1.2.826.0.1.3680043.8.498.13096288495834275184930201615129174987,lat_centre,94.121,3.787,-22.384,0.1274,1.303,1.2.826.0.1.3680043.8.498.36655388650034640633519547569019758547,25,3.6,1,True
1.2.826.0.1.3680043.8.498.13099702881219862576749493772702888064,lat_centre,-113.302,-46.185,-9.975,0.1234,0.975,1.2.826.0.1.3680043.8.498.54922188686709564692752743599095426941,30,3.3,1,True
1.2.826.0.1.3680043.8.498.13102058401501684064017656674827527261,lat_centre,110.084,-6.195,-39.309,0.0954,1.714,1.2.826.0.1.3680043.8.498.65697421441713320485284849019117036321,32,3.3,1,True
1.2.826.0.1.3680043.8.498.13103513835731355705707295729643672786,lat_centre,-103.706,-6.6,0.24,0.0961,0.479,1.2.826.0.1.3680043.8.498.38206718081253987079114371154876589380,34,3.0,1,True
1.2.826.0.1.3680043.8.498.13108275880471592702987713766776683590,lat_centre,105.729,-30.633,-34.519,0.0951,0.853,1.2.826.0.1.3680043.8.498.80483816063106470006568229294732562806,30,3.3,1,True
1.2.826.0.1.3680043.8.498.13113623966675790946816351311283701141,lat_centre,104.632,-5.937,-28.014,0.0797,1.207,1.2.826.0.1.3680043.8.498.23005716277623560335556340362528194058,40,3.3,1,True
1.2.826.0.1.3680043.8.498.13114228294359876639109410575915394712,lat_centre,123.015,-60.212,-23.505,0.1064,0.746,1.2.826.0.1.3680043.8.498.58119635651896158459137109726762464267,19,4.4,1,True
1.2.826.0.1.3680043.8.498.13114693814781737495494700902699619138,lat_centre,-98.618,-42.59,-15.085,0.0795,1.625,1.2.826.0.1.3680043.8.498.91754552986738371359878537098765503346,23,4.234,1,True
1.2.826.0.1.3680043.8.498.13116941594523500503401720636978356127,lat_centre,145.104,-33.356,2.557,0.0851,0.497,1.2.826.0.1.3680043.8.498.11373113426818167339923900634173276732,30,3.5,1,True
1.2.826.0.1.3680043.8.498.13118325043138522704531128725514354285,lat_centre,-136.542,-28.151,-31.597,0.1188,1.904,1.2.826.0.1.3680043.8.498.11315068662087746642011982355295035395,24,3.3,1,True
1.2.826.0.1.3680043.8.498.13118532243906060645114391749986421707,lat_centre,100.321,-38.479,1.882,0.1002,0.655,1.2.826.0.1.3680043.8.498.12245541631528026565989521201533552722,22,4.5,1,True
1.2.826.0.1.3680043.8.498.13125910783461518266627225743585018143,lat_centre,108.736,57.214,-26.447,0.0697,0.494,1.2.826.0.1.3680043.8.498.91796868207380976499476756080823748183,26,4.0,1,True
1.2.826.0.1.3680043.8.498.13126070481622692281046898445918832841,lat_centre,134.76,-33.453,-36.171,0.1126,0.671,1.2.826.0.1.3680043.8.498.93434320197687159733920561893282902130,27,4.0,1,True
1.2.826.0.1.3680043.8.498.13126380916005729420163981055214890048,lat_centre,-106.854,-5.515,-23.567,0.0826,0.644,1.2.826.0.1.3680043.8.498.56962213025560925595800474549011461941,35,3.0,1,True
1.2.826.0.1.3680043.8.498.13128352910661672966143173193241171100,lat_centre,-81.055,-22.354,-6.057,0.0975,0.836,1.2.826.0.1.3680043.8.498.48022855756395172469243984776724972699,36,0.89,4,True
1.2.826.0.1.3680043.8.498.13128506994126383651503283021834372142,lat_centre,117.503,6.059,-45.705,0.1021,1.697,1.2.826.0.1.3680043.8.498.11753345365361262407552786454558778705,28,4.0,1,True
1.2.826.0.1.3680043.8.498.13129258242739880102472095242703169773,lat_centre,115.772,-49.964,-27.889,0.0892,0.736,1.2.826.0.1.3680043.8.498.11383228498664321888074044748553558319,36,3.3,1,True
1.2.826.0.1.3680043.8.498.13130534736322715018024786213131944607,lat_centre,-91.343,-24.118,0.643,0.0928,0.657,1.2.826.0.1.3680043.8.498.12248874840318611320070800123390080196,29,3.51,1,True
1.2.826.0.1.3680043.8.498.13131420451380633781538717117200087258,lat_centre,101.071,4.368,-38.577,0.1062,1.021,1.2.826.0.1.3680043.8.498.65158661839278012635546349258879632500,30,3.3,1,True
1.2.826.0.1.3680043.8.498.13133755791254469039849289186598412660,lat_centre,104.316,2.853,-3.15,0.1018,0.945,1.2.826.0.1.3680043.8.498.11762443464520253324007966364684016351,42,2.2,1,True
1.2.826.0.1.3680043.8.498.13135567399913958681613600650440761032,lat_centre,-138.949,-28.553,-40.151,0.0893,0.876,1.2.826.0.1.3680043.8.498.48081422183613566932764217548690553164,31,3.3,1,True
1.2.826.0.1.3680043.8.498.13136367866260644484250529322937554927,lat_centre,-40.118,-15.928,-5.578,0.0835,0.757,1.2.826.0.1.3680043.8.498.86006021082632021053245639916099996960,29,3.3,1,True
1.2.826.0.1.3680043.8.498.13136392756016978765204420377500607545,lat_centre,121.801,-57.614,-4.097,0.0949,0.86,1.2.826.0.1.3680043.8.498.11750428867198073970737667410261445943,34,3.3,1,True
1.2.826.0.1.3680043.8.498.13137510961466386836387239510287919268,lat_centre,92.367,-19.162,24.242,0.1028,1.098,1.2.826.0.1.3680043.8.498.79882422605024227890116617957076049421,29,3.6,1,True
1.2.826.0.1.3680043.8.498.13137549927896953291645459480590055925,lat_centre,-109.196,-48.16,-27.295,0.0827,0.667,1.2.826.0.1.3680043.8.498.73285583644971341314608763147408941283,36,3.3,1,True
1.2.826.0.1.3680043.8.498.13139684164906828131777150061532685584,lat_centre,105.525,-8.361,-38.381,0.0995,0.773,1.2.826.0.1.3680043.8.498.45854374062190321253711107722619119619,22,4.4,1,True
1.2.826.0.1.3680043.8.498.13143446880514535170343243531129864116,lat_centre,136.264,-26.528,-37.189,0.1063,0.992,1.2.826.0.1.3680043.8.498.84353279974316429119992159640494723672,19,4.5,1,True
1.2.826.0.1.3680043.8.498.13146466304138609448483938844487385775,lat_centre,-119.478,-13.362,-19.352,0.1051,0.643,1.2.826.0.1.3680043.8.498.13169802369827229886442222507917800226,44,2.2,1,True
1.2.826.0.1.3680043.8.498.13147249459968468500804358644901642270,lat_centre,97.043,16.088,-12.911,0.1224,0.539,1.2.826.0.1.3680043.8.498.94741095442586031849541899235316742065,24,4.0,1,True
1.2.826.0.1.3680043.8.498.13148805278538458401210722493048566510,lat_centre,85.111,-11.934,7.431,0.0957,0.607,1.2.826.0.1.3680043.8.498.10423664825586402680118020498387884844,36,3.3,1,True
1.2.826.0.1.3680043.8.498.13150780733560495803861509587935093776,lat_centre,141.813,-42.71,-29.188,0.0825,0.665,1.2.826.0.1.3680043.8.498.12070474938344455445717480273428513108,35,3.3,1,True
1.2.826.0.1.3680043.8.498.13150794288945922409613136250303663502,lat_centre,121.553,-56.473,-7.06,0.0989,1.245,1.2.826.0.1.3680043.8.498.12230536477872701916852281189275395581,22,4.309,1,True
1.2.826.0.1.3680043.8.498.13151845892175420505816340845155354956,lat_centre,119.392,-51.922,-27.579,0.1005,1.166,1.2.826.0.1.3680043.8.498.82021453544799579721293714933489234699,24,4.609,1,True
1.2.826.0.1.3680043.8.498.13152690996267297597178587721720788387,lat_centre,-90.048,-14.006,-23.717,0.0951,1.908,1.2.826.0.1.3680043.8.498.96848715909021649366741051950789045479,29,3.6,1,True
1.2.826.0.1.3680043.8.498.13155572156594271049520969168607160312,lat_centre,120.797,-46.452,-74.112,0.0721,1.873,1.2.826.0.1.3680043.8.498.66086838551650010905732920293582256963,46,3.3,1,True
1.2.826.0.1.3680043.8.498.13157776420553094741176082047621957775,lat_centre,98.298,5.914,-19.429,0.1153,1.943,1.2.826.0.1.3680043.8.498.74739965214954546010394491439709965098,25,3.6,1,True
1.2.826.0.1.3680043.8.498.13158227087287104386790063637592969032,lat_centre,-102.689,-42.697,-29.332,0.1039,0.562,1.2.826.0.1.3680043.8.498.10959748074703653226587682023999169285,30,3.5,1,True
1.2.826.0.1.3680043.8.498.13158644154518335426512578922874968296,lat_centre,-86.217,-2.087,-62.402,0.1359,0.881,1.2.826.0.1.3680043.8.498.27223266024872406246712862946845613465,19,4.4,1,True
1.2.826.0.1.3680043.8.498.13162284470388627411596358366248494046,lat_centre,-108.173,-19.022,2.417,0.1003,1.049,1.2.826.0.1.3680043.8.498.38370237718563398520922427664639398704,45,2.2,1,True
1.2.826.0.1.3680043.8.498.13162479706670045075896993021883562680,lat_centre,-103.603,-8.85,-26.738,0.1049,1.026,1.2.826.0.1.3680043.8.498.86007236177648109485962183258951081408,24,4.0,1,True
1.2.826.0.1.3680043.8.498.13163727085668231782866823012535268245,lat_centre,-99.408,0.296,-26.298,0.0855,1.435,1.2.826.0.1.3680043.8.498.24552923032000777861042382851132800747,33,3.3,1,True
1.2.826.0.1.3680043.8.498.13165770394160595162984722917452661205,lat_centre,113.43,-31.551,-69.901,0.0857,0.913,1.2.826.0.1.3680043.8.498.74859576396672934422831358770525181708,35,3.3,1,True
1.2.826.0.1.3680043.8.498.13167727300538353052482338786183678684,lat_centre,102.291,-12.656,-7.127,0.0906,0.969,1.2.826.0.1.3680043.8.498.34271655265798169250066220343283406660,29,4.52,1,True
1.2.826.0.1.3680043.8.498.13172295193446466338347273836250944090,lat_centre,94.102,-2.163,24.489,0.08,1.522,1.2.826.0.1.3680043.8.498.11349304102117647036731531173344315180,34,3.0,1,True
1.2.826.0.1.3680043.8.498.13173050135651736408720687361834045815,lat_centre,99.724,-17.6,-22.311,0.1111,0.761,1.2.826.0.1.3680043.8.498.26888972423610830962426547991122357124,36,3.0,1,True
1.2.826.0.1.3680043.8.498.13173781757294564816839795307893228067,lat_centre,-95.366,-63.998,-31.346,0.0969,1.054,1.2.826.0.1.3680043.8.498.65563053393901444843058867147571803538,19,4.4,1,True
1.2.826.0.1.3680043.8.498.13173926977743814814616127342102020710,lat_centre,86.992,23.537,-34.487,0.0953,1.103,1.2.826.0.1.3680043.8.498.25363878782585743698864140115059170793,30,3.3,1,True
1.2.826.0.1.3680043.8.498.13176146790594027813190776550419533937,lat_centre,-100.693,11.42,-25.698,0.0948,1.079,1.2.826.0.1.3680043.8.498.15762526958004536018423594455958591370,36,0.89,4,True
1.2.826.0.1.3680043.8.498.13179169600887013946657470830682778717,lat_centre,108.319,-10.506,-49.256,0.1002,0.54,1.2.826.0.1.3680043.8.498.62911169175387949149488794950056235587,33,3.3,1,True
1.2.826.0.1.3680043.8.498.13179829911816163852815103052496326166,lat_centre,-108.437,-53.808,-1.502,0.0833,0.825,1.2.826.0.1.3680043.8.498.88106538093004054076589217504512105002,28,3.3,1,True
1.2.826.0.1.3680043.8.498.13197409499722328227876152940338160369,lat_centre,106.014,-12.34,-39.195,0.0829,1.081,1.2.826.0.1.3680043.8.498.24904224864321258842610845591392208184,36,0.89,4,True
1.2.826.0.1.3680043.8.498.13199635020145400856987271814458645896,lat_centre,-122.514,58.222,-46.345,0.071,0.645,1.2.826.0.1.3680043.8.498.26268885107186369796927948794125077670,36,3.3,1,True
1.2.826.0.1.3680043.8.498.13200225436827306542001129042739578441,lat_centre,-105.233,-51.506,-27.381,0.0972,0.996,1.2.826.0.1.3680043.8.498.67178758847369958866404222955109202971,31,3.3,1,True
1.2.826.0.1.3680043.8.498.13203246712933982189680087013566455075,lat_centre,-120.378,-60.097,-16.91,0.1029,0.937,1.2.826.0.1.3680043.8.498.82648523868407028008224797011260570771,22,4.35,1,True
1.2.826.0.1.3680043.8.498.13207489724395276840990928372610055495,lat_centre,121.484,6.63,-33.631,0.0942,0.991,1.2.826.0.1.3680043.8.498.44224441873122068267896000657789592068,29,4.52,1,True
1.2.826.0.1.3680043.8.498.13210084125872700841685814144002495145,lat_centre,-143.484,-35.763,-24.144,0.1053,1.007,1.2.826.0.1.3680043.8.498.96341698057613649514276891423679995276,29,3.3,1,True
1.2.826.0.1.3680043.8.498.13211838518836535713919214396985811434,lat_centre,-103.296,-6.403,9.0,0.0779,0.912,1.2.826.0.1.3680043.8.498.12140588861074331992756277420071897463,29,3.6,1,True
1.2.826.0.1.3680043.8.498.13212280182729018182073794487313115605,lat_centre,-113.532,-7.5,-36.536,0.0917,0.954,1.2.826.0.1.3680043.8.498.48055971343977755627246191020208083887,33,3.3,1,True
1.2.826.0.1.3680043.8.498.13214267416673058581197714011913363750,lat_centre,130.436,-48.535,-20.839,0.078,1.33,1.2.826.0.1.3680043.8.498.90481900496778587123354074405427736038,25,4.5,1,True
1.2.826.0.1.3680043.8.498.13222515831888962408632292783773537312,lat_centre,-138.979,-29.376,-22.286,0.0662,0.453,1.2.826.0.1.3680043.8.498.51377335925963605057132726153132292834,33,4.37,1,True
1.2.826.0.1.3680043.8.498.13224933005220329091792052916905776921,lat_centre,-85.869,-55.083,-24.911,0.0986,1.37,1.2.826.0.1.3680043.8.498.48964027318184812227106213156423685095,23,4.672,1,True
1.2.826.0.1.3680043.8.498.13226961394403558608712498872213808226,lat_centre,-110.316,-22.032,-30.576,0.0945,0.638,1.2.826.0.1.3680043.8.498.49445657524276570361404797785820067639,29,3.6,1,True
1.2.826.0.1.3680043.8.498.13229563888378977350299319159748823477,lat_centre,-126.854,-23.985,-36.103,0.0732,0.531,1.2.826.0.1.3680043.8.498.11682716608289085723738469147651351041,33,3.9,1,True
1.2.826.0.1.3680043.8.498.13232501202175905676335982676386953813,lat_centre,-114.694,-1.482,-8.435,0.0648,1.101,1.2.826.0.1.3680043.8.498.11613676766489417256977430554190698003,28,3.3,1,True
1.2.826.0.1.3680043.8.498.13234278816788324761159326624155958655,lat_centre,-105.566,5.354,-16.235,0.1184,2.172,1.2.826.0.1.3680043.8.498.92477232019285337163922097827797052612,28,4.0,1,True
1.2.826.0.1.3680043.8.498.13240749152416621711688053465035013133,lat_centre,138.986,-29.2,-25.233,0.0928,0.416,1.2.826.0.1.3680043.8.498.44500152077279558352537801097941270374,25,3.773,1,True
1.2.826.0.1.3680043.8.498.13242536312535334908597493894251783308,lat_centre,147.233,-50.429,-22.79,0.0962,0.571,1.2.826.0.1.3680043.8.498.11362645941562353234152333408026635306,25,4.4,1,True
1.2.826.0.1.3680043.8.498.13245409855393847268063261203253424169,lat_centre,-107.369,-53.421,-8.776,0.0637,0.793,1.2.826.0.1.3680043.8.498.55386825172965871367730634899314792122,32,3.3,1,True
1.2.826.0.1.3680043.8.498.13246496699722524712272293738359002501,lat_centre,-128.028,-16.217,-15.016,0.0927,0.378,1.2.826.0.1.3680043.8.498.61916284251743357884889923431099768277,29,3.3,1,True
1.2.826.0.1.3680043.8.498.13256173302993031630968402868348974108,lat_centre,-103.21,-13.148,-9.514,0.1073,0.49,1.2.826.0.1.3680043.8.498.27542780335780816809566194979374210913,32,3.3,1,True
1.2.826.0.1.3680043.8.498.13261595972961358158990410740461308054,lat_centre,127.017,-66.196,-27.918,0.1628,1.419,1.2.826.0.1.3680043.8.498.11258082983363144680367706368050427309,19,4.4,1,True
1.2.826.0.1.3680043.8.498.13262053361139017457941697384315610025,lat_centre,-119.852,-61.643,11.083,0.0931,1.733,1.2.826.0.1.3680043.8.498.21082499439875857466670337482188300852,27,4.0,1,True
1.2.826.0.1.3680043.8.498.13262473718294425031790270527413368245,lat_centre,149.876,-37.516,-19.33,0.0736,0.873,1.2.826.0.1.3680043.8.498.13307704177961220165775762642033054737,20,4.0,1,True
1.2.826.0.1.3680043.8.498.13262583253812134425581922368942846684,lat_centre,-116.753,-10.097,-28.131,0.0863,2.534,1.2.826.0.1.3680043.8.498.21593656634491434991163420175753315672,33,3.3,1,True
1.2.826.0.1.3680043.8.498.13263128568157735797391439005687112733,lat_centre,136.732,-43.826,-13.888,0.0972,1.62,1.2.826.0.1.3680043.8.498.97027152166685982651733802471903266334,20,4.671,1,True
1.2.826.0.1.3680043.8.498.13267708980958529833316446819156908381,lat_centre,-123.759,-44.269,-13.494,0.0905,1.815,1.2.826.0.1.3680043.8.498.71323486266715406194934606082279216058,19,4.8,1,True
1.2.826.0.1.3680043.8.498.13267780356245120052411517053322874891,lat_centre,79.189,3.133,21.81,0.0756,3.083,1.2.826.0.1.3680043.8.498.18633001863723640513168082564046004038,19,5.0,1,True
1.2.826.0.1.3680043.8.498.13269841239774089690227054060975903636,lat_centre,-113.37,9.572,-25.553,0.0906,0.883,1.2.826.0.1.3680043.8.498.81078816884385454543719892685118527297,24,4.4,1,True
1.2.826.0.1.3680043.8.498.13273890409523605456488117581706115075,lat_centre,-105.665,3.409,-16.589,0.1015,1.125,1.2.826.0.1.3680043.8.498.10485776130942455433348897737615079963,30,3.3,1,True
1.2.826.0.1.3680043.8.498.13280017707177438711374726939683941320,lat_centre,143.281,-34.881,6.475,0.0885,0.92,1.2.826.0.1.3680043.8.498.92195222450971502838522384180211190505,29,3.3,1,True
1.2.826.0.1.3680043.8.498.13283411144589724334502427926341646116,lat_centre,-147.158,-28.921,12.41,0.0916,1.016,1.2.826.0.1.3680043.8.498.22528665468538717486315623484744421866,35,3.3,1,True
1.2.826.0.1.3680043.8.498.13284123714012951608998434802430211634,lat_centre,-71.34,-8.897,-28.028,0.1085,1.08,1.2.826.0.1.3680043.8.498.84128890877451813539688079549197577597,30,3.3,1,True
1.2.826.0.1.3680043.8.498.13286048014183811835847662577023535662,lat_centre,-102.0,-3.742,-19.055,0.098,1.183,1.2.826.0.1.3680043.8.498.66400697942022808831101126789783120447,34,3.0,1,True
1.2.826.0.1.3680043.8.498.13288244567806030859347115222642155186,lat_centre,-90.972,-47.836,-56.802,0.0582,1.789,1.2.826.0.1.3680043.8.498.50661677208857696998003933729132647273,19,5.4,1,True
1.2.826.0.1.3680043.8.498.13290698873574296175460151724606672982,lat_centre,-95.375,-6.579,-16.242,0.0839,0.626,1.2.826.0.1.3680043.8.498.85362005024981664188663179251405254774,32,3.6,1,True
1.2.826.0.1.3680043.8.498.13291943370279119939499960846843879156,lat_centre,-126.387,-38.203,-18.88,0.0944,0.99,1.2.826.0.1.3680043.8.498.83776996148807632006922840711856772397,29,3.3,1,True
1.2.826.0.1.3680043.8.498.13295231176137292542631413614945667314,lat_centre,-105.815,-7.487,11.645,0.0967,0.741,1.2.826.0.1.3680043.8.498.26462954853422926669750092454094458604,29,3.6,1,True
1.2.826.0.1.3680043.8.498.13295633458001436592005068637719195786,lat_centre,99.664,72.799,-125.286,0.075,0.691,1.2.826.0.1.3680043.8.498.12080497948424033713300354197200039785,30,3.3,1,True
1.2.826.0.1.3680043.8.498.13297973188397662905314777604089528518,lat_centre,59.363,-35.558,-4.37,0.0789,1.069,1.2.826.0.1.3680043.8.498.13331094176343254570245797216437999966,30,3.7,1,True
1.2.826.0.1.3680043.8.498.13309299049346932814529962458932580753,lat_centre,-115.069,10.604,-13.526,0.0938,1.53,1.2.826.0.1.3680043.8.498.37729644608112630166079234970607063477,24,3.9,1,True
1.2.826.0.1.3680043.8.498.13312139694018789912028129989483016875,lat_centre,-100.723,12.393,-19.498,0.1323,0.676,1.2.826.0.1.3680043.8.498.20101400503182664594192174876979379111,28,4.0,1,True
1.2.826.0.1.3680043.8.498.13314276151860609710431717811242659651,lat_centre,-155.105,-69.114,-5.895,0.1168,1.115,1.2.826.0.1.3680043.8.498.55825492374169297448181192331354103440,22,4.975,1,True
1.2.826.0.1.3680043.8.498.13319886927127591971322856062062654146,lat_centre,141.932,-70.904,-16.043,0.0729,0.909,1.2.826.0.1.3680043.8.498.89746318685803843829578890262973792821,40,0.4,8,True
1.2.826.0.1.3680043.8.498.13321746459276191365724686301267421531,lat_centre,-93.731,-4.167,-45.923,0.0677,0.371,1.2.826.0.1.3680043.8.498.52397066863307979830101576668347477401,36,0.89,4,True
1.2.826.0.1.3680043.8.498.13323187196249612936800308722675884644,lat_centre,-85.641,-12.389,-19.429,0.1496,0.358,1.2.826.0.1.3680043.8.498.64397338097883625601199272668956878017,22,3.3,1,True
1.2.826.0.1.3680043.8.498.13328029743559327467301971917273397645,lat_centre,-117.198,-50.028,-3.28,0.0996,1.248,1.2.826.0.1.3680043.8.498.30300733304618293199468674541144393263,29,3.3,1,True
1.2.826.0.1.3680043.8.498.13330694332190836651711643932953274573,lat_centre,-127.257,13.378,-29.275,0.0958,0.6,1.2.826.0.1.3680043.8.498.68006432551884096599533371997862976039,34,3.3,1,True
1.2.826.0.1.3680043.8.498.13332521365069604440230185026865466121,lat_centre,-114.541,16.06,-19.006,0.0867,1.075,1.2.826.0.1.3680043.8.498.12055367955612629516072456427213720380,29,4.52,1,True
1.2.826.0.1.3680043.8.498.13335129881737731410081002627729200903,lat_centre,-102.169,-19.36,-25.619,0.0649,1.623,1.2.826.0.1.3680043.8.498.32243142107334417600044875429817861685,34,3.0,1,True
1.2.826.0.1.3680043.8.498.13335786652653204791740906118815827207,lat_centre,137.0,-33.236,18.436,0.0833,0.985,1.2.826.0.1.3680043.8.498.18570878536523898215744519073510451173,29,3.3,1,True
1.2.826.0.1.3680043.8.498.13341507176140340924941654608476073030,lat_centre,-131.783,-36.492,-23.998,0.124,1.108,1.2.826.0.1.3680043.8.498.52571108109766329747936233936395753931,29,3.3,1,True
1.2.826.0.1.3680043.8.498.13353249891620291438488727876474802879,lat_centre,133.2,-45.587,0.148,0.0788,0.799,1.2.826.0.1.3680043.8.498.57788344109796400009097996455510220328,25,4.5,1,True
1.2.826.0.1.3680043.8.498.13353409340862821090624127486679097099,lat_centre,136.529,-44.64,-23.974,0.0977,0.544,1.2.826.0.1.3680043.8.498.96432067833669175866385142045415223186,30,3.5,1,True
1.2.826.0.1.3680043.8.498.13353966209257569249620562863006006441,lat_centre,-87.507,-2.113,-4.978,0.1015,0.983,1.2.826.0.1.3680043.8.498.10328923782798955675033399348654701390,22,4.4,1,True
1.2.826.0.1.3680043.8.498.13357923062946813820390731946535198170,lat_centre,113.001,0.796,-36.936,0.088,1.127,1.2.826.0.1.3680043.8.498.80693156793332779257194702956819986151,33,3.3,1,True
1.2.826.0.1.3680043.8.498.13358702230966891064267033765095124604,lat_centre,145.385,-26.5,-5.272,0.0793,1.303,1.2.826.0.1.3680043.8.498.49906054911215250054815883889478324340,27,4.5,1,True
1.2.826.0.1.3680043.8.498.13361877959630120404875545203408927433,lat_centre,93.416,-15.326,-20.319,0.0977,1.492,1.2.826.0.1.3680043.8.498.13068826285388310116789644808220557893,31,3.3,1,True
1.2.826.0.1.3680043.8.498.13363562142644508091380459785810556567,lat_centre,-96.543,-28.165,-22.083,0.0782,1.975,1.2.826.0.1.3680043.8.498.78347974062067730359073852928732885389,30,3.3,1,True
1.2.826.0.1.3680043.8.498.13363856251607349805111249441972460575,lat_centre,149.645,-27.658,-34.905,0.0791,0.864,1.2.826.0.1.3680043.8.498.88486939780950516884676034520442725620,30,3.5,1,True
1.2.826.0.1.3680043.8.498.13367691581890020433564928882602648123,lat_centre,-137.971,-48.03,-12.914,0.1045,1.245,1.2.826.0.1.3680043.8.498.57895204327994107937752461267726725563,34,3.3,1,True
1.2.826.0.1.3680043.8.498.13367740087756379568826046059252678700,lat_centre,-66.678,-17.679,-23.412,0.1215,1.465,1.2.826.0.1.3680043.8.498.27347397041468929252748292967675215109,21,4.5,1,True
1.2.826.0.1.3680043.8.498.13368881691140330168876825436602977388,lat_centre,-14.262,12.961,-23.438,0.0821,1.683,1.2.826.0.1.3680043.8.498.83124362455493568704826636328992665321,26,4.0,1,True
1.2.826.0.1.3680043.8.498.13369443704765101449274062863864122737,lat_centre,102.734,23.637,-38.75,0.147,1.688,1.2.826.0.1.3680043.8.498.55433222188467286107818097612740721157,20,3.9,1,True
1.2.826.0.1.3680043.8.498.13371001997511542011416510364359588752,lat_centre,-128.917,-58.721,10.074,0.0987,1.382,1.2.826.0.1.3680043.8.498.11583333594100531919260369520101232171,22,4.315,1,True
1.2.826.0.1.3680043.8.498.13377426362348493372112241208607685717,lat_centre,-135.481,-49.826,-34.786,0.108,0.952,1.2.826.0.1.3680043.8.498.88860180237439208895130394035327119754,26,4.0,1,True
1.2.826.0.1.3680043.8.498.13380735447520796902327272696579348141,lat_centre,-108.48,-2.031,-31.712,0.1072,1.443,1.2.826.0.1.3680043.8.498.55100700320946793207658200124466943944,34,3.0,1,True
1.2.826.0.1.3680043.8.498.13383972749798909973472489456126521194,lat_centre,100.884,-11.854,9.536,0.1016,0.76,1.2.826.0.1.3680043.8.498.60328296226389817294471639962834556197,33,3.0,1,True
1.2.826.0.1.3680043.8.498.13390551515761269433524925969561757962,lat_centre,64.459,-39.423,2.847,0.0772,1.214,1.2.826.0.1.3680043.8.498.70126182730816868154466618271622564667,28,3.7,1,True
1.2.826.0.1.3680043.8.498.13391735462825209934041441767886593395,lat_centre,140.663,84.213,-14.05,0.0865,1.33,1.2.826.0.1.3680043.8.498.89777955969898815239332321340508076335,25,5.0,1,True
1.2.826.0.1.3680043.8.498.13393268272072264469105890769640363680,lat_centre,127.412,-44.831,-4.566,0.0943,1.708,1.2.826.0.1.3680043.8.498.11490964504074457321683350279046368133,29,3.3,1,True
1.2.826.0.1.3680043.8.498.13399254446600380420635633478666850540,lat_centre,29.343,5.054,-9.967,0.1283,0.733,1.2.826.0.1.3680043.8.498.52122119435277709075106821102410953522,24,3.9,1,True
1.2.826.0.1.3680043.8.498.13400273795954308944359576841942016981,lat_centre,132.705,-52.723,-17.566,0.0712,0.834,1.2.826.0.1.3680043.8.498.73444258677281233003893935195578871849,35,3.3,1,True
1.2.826.0.1.3680043.8.498.13405120554981098042415743645998258385,lat_centre,136.455,-45.289,-5.144,0.0998,0.923,1.2.826.0.1.3680043.8.498.46387973383400859113454385778279386915,31,3.5,1,True
1.2.826.0.1.3680043.8.498.13430522388784978790587514142693914965,lat_centre,-110.921,-18.483,-22.305,0.0985,0.427,1.2.826.0.1.3680043.8.498.45838848959134989918378936198554335000,33,3.3,1,True
1.2.826.0.1.3680043.8.498.13440909104569690641314836192184434461,lat_centre,-110.748,-51.014,-28.405,0.0977,0.834,1.2.826.0.1.3680043.8.498.67444882683650722867470959861998262399,30,3.3,1,True
1.2.826.0.1.3680043.8.498.13455212888114594010716499984611216646,lat_centre,-127.313,-22.435,-57.917,0.0992,0.615,1.2.826.0.1.3680043.8.498.29576281506294092651716782439766742893,30,3.3,1,True
1.2.826.0.1.3680043.8.498.13459473184684263663596121399737033933,lat_centre,117.215,-38.871,5.011,0.0935,2.065,1.2.826.0.1.3680043.8.498.10038965291494057560598082657384946898,29,3.3,1,True
1.2.826.0.1.3680043.8.498.13460078631594032326006554321483799928,lat_centre,120.09,-37.691,-13.747,0.0986,1.755,1.2.826.0.1.3680043.8.498.10218141502823588443302657361190660596,22,4.5,1,True
1.2.826.0.1.3680043.8.498.13460268079835549295338279322112693785,lat_centre,105.977,2.339,-8.749,0.1268,0.832,1.2.826.0.1.3680043.8.498.64097085960416918228305920834693079589,24,4.0,1,True
1.2.826.0.1.3680043.8.498.13461073016327661159616957998589287085,lat_centre,-137.252,-37.007,-3.344,0.0746,1.559,1.2.826.0.1.3680043.8.498.11797638894657482652184434877162113247,33,3.9,1,True
1.2.826.0.1.3680043.8.498.13463672277039459152171414002273376185,lat_centre,126.839,-9.1,-28.318,0.0699,0.762,1.2.826.0.1.3680043.8.498.16023888630574555554946417102233270325,34,3.5,1,True
1.2.826.0.1.3680043.8.498.13505671694940677161128783863912245059,lat_centre,137.343,-20.749,-33.079,0.0969,0.68,1.2.826.0.1.3680043.8.498.48922537210804069660197409162028962422,35,3.3,1,True
1.2.826.0.1.3680043.8.498.13575953449958751965232580597585303226,lat_centre,-154.962,-53.588,-13.256,0.1022,1.243,1.2.826.0.1.3680043.8.498.10072118276867498117556502528770891174,27,4.473,1,True
1.2.826.0.1.3680043.8.498.13597463452741791628023738080583139636,lat_centre,-130.251,-50.606,24.687,0.0824,1.188,1.2.826.0.1.3680043.8.498.12591062095248720552765137708795655428,29,3.3,1,True
1.2.826.0.1.3680043.8.498.13616982533395291590655841043722813973,lat_centre,-131.679,-35.116,-19.559,0.0984,1.001,1.2.826.0.1.3680043.8.498.11777157303005168483947648715317310210,29,3.3,1,True
1.2.826.0.1.3680043.8.498.13660439785395658826946769630921591235,lat_centre,72.88,8.629,-37.437,0.0637,1.089,1.2.826.0.1.3680043.8.498.12433806266505776793883928774389850982,30,3.3,1,True
1.2.826.0.1.3680043.8.498.13695989890112408005495264068064110179,lat_centre,-120.457,12.39,-19.132,0.0871,1.569,1.2.826.0.1.3680043.8.498.74054904766766646021456028951089876610,24,4.5,1,True
1.2.826.0.1.3680043.8.498.13737588520456064856233576393747389054,lat_centre,-76.649,71.279,-9.537,0.0848,1.48,1.2.826.0.1.3680043.8.498.86419664226394341912550063578150639520,26,4.5,1,True
1.2.826.0.1.3680043.8.498.13762716088334302039143651507177887969,lat_centre,-118.45,-68.548,-3.037,0.0822,1.169,1.2.826.0.1.3680043.8.498.54059918329460660895236762513494833829,25,3.85,1,True
1.2.826.0.1.3680043.8.498.13829111847660458141056077151781118782,lat_centre,-98.33,-46.359,-35.799,0.1073,1.229,1.2.826.0.1.3680043.8.498.25383265326186218979354058367514502303,32,3.3,1,True
1.2.826.0.1.3680043.8.498.13843368750899904654034226115826130084,lat_centre,-140.226,-24.865,3.234,0.1017,0.988,1.2.826.0.1.3680043.8.498.12614850377142758604071901250350499010,32,3.3,1,True
1.2.826.0.1.3680043.8.498.13879163301346984697246311226647565712,lat_centre,143.371,-54.864,-29.988,0.0829,0.581,1.2.826.0.1.3680043.8.498.95373142064669926980550385627701697273,40,0.4,8,True
1.2.826.0.1.3680043.8.498.13915367834258386094001181500560177470,lat_centre,-141.889,-43.036,11.055,0.1079,0.607,1.2.826.0.1.3680043.8.498.20093052872219105135653739256134746748,35,2.75,1,True
1.2.826.0.1.3680043.8.498.13958765761660666865188384031150827763,lat_centre,-112.339,-20.237,-25.649,0.0923,0.692,1.2.826.0.1.3680043.8.498.59451979103120069117486689991032925796,33,3.3,1,True
1.2.826.0.1.3680043.8.498.13972325309264527611989585341636140156,lat_centre,86.023,-12.698,-22.27,0.0635,1.111,1.2.826.0.1.3680043.8.498.75999781237210438124680424100422361264,32,4.5,1,True
1.2.826.0.1.3680043.8.498.13975027824128345697756313869165838055,lat_centre,128.2,-37.054,-30.361,0.0792,1.468,1.2.826.0.1.3680043.8.498.34358821941374001943403745300162089888,33,3.3,1,True
1.2.826.0.1.3680043.8.498.14024129019390041106306062001538710978,lat_centre,145.53,-31.699,-23.227,0.1311,0.625,1.2.826.0.1.3680043.8.498.10963685398489849462918423926682272480,28,3.3,1,True
1.2.826.0.1.3680043.8.498.14032903253348079919799627243690484791,lat_centre,-94.811,-8.593,-46.921,0.0741,1.05,1.2.826.0.1.3680043.8.498.97203556897154121487050140229763360139,33,3.3,1,True
1.2.826.0.1.3680043.8.498.14061227335828384505403558788548348446,lat_centre,92.343,28.498,-41.314,0.103,1.704,1.2.826.0.1.3680043.8.498.49802424352484133244312423826903268244,30,3.85,1,True
1.2.826.0.1.3680043.8.498.14066537811671722419109228137841995847,lat_centre,-131.584,-47.838,-15.364,0.1289,1.285,1.2.826.0.1.3680043.8.498.44159891704423100591470970731322657710,29,3.3,1,True
1.2.826.0.1.3680043.8.498.14117402902169664329719927863268363596,lat_centre,-115.858,-14.721,-13.994,0.086,1.554,1.2.826.0.1.3680043.8.498.11449458565026710704146920510416786457,30,4.5,1,True
1.2.826.0.1.3680043.8.498.14137431039800236510749401303688858447,lat_centre,-117.579,-45.133,-2.909,0.0755,0.953,1.2.826.0.1.3680043.8.498.72211981036528367939653311881383961372,27,4.0,1,True
1.2.826.0.1.3680043.8.498.14188540532926067083914263496492255704,lat_centre,108.819,30.977,-61.601,0.107,0.529,1.2.826.0.1.3680043.8.498.26165725286684835006529288399895636661,30,3.3,1,True
1.2.826.0.1.3680043.8.498.14218113768651197803980865495163189825,lat_centre,-118.304,2.398,-26.575,0.1201,0.56,1.2.826.0.1.3680043.8.498.49737644805042436746831903236691868368,30,3.3,1,True
1.2.826.0.1.3680043.8.498.14229598279617168024212382336641104878,lat_centre,-102.024,-1.714,-23.488,0.0851,0.951,1.2.826.0.1.3680043.8.498.65398367761464042224711101871711676497,38,3.0,1,True
1.2.826.0.1.3680043.8.498.14236519693915284584208989450687591759,lat_centre,-89.672,39.084,8.382,0.0865,1.438,1.2.826.0.1.3680043.8.498.12744329721348118012531615448809784040,32,4.5,1,True
1.2.826.0.1.3680043.8.498.14300107110014472682373589824643789093,lat_centre,123.398,-43.195,-19.554,0.1109,1.587,1.2.826.0.1.3680043.8.498.10338385710790860548561110088160690528,29,3.3,1,True
1.2.826.0.1.3680043.8.498.14325424371811230497993759959862738838,lat_centre,-107.212,-6.261,20.02,0.1031,0.836,1.2.826.0.1.3680043.8.498.77575566010160706556329046683513958251,34,3.0,1,True
1.2.826.0.1.3680043.8.498.14347036698014475959973071477777915575,lat_centre,94.699,-48.051,-25.584,0.0979,1.659,1.2.826.0.1.3680043.8.498.10627679953367517598327319559383704808,21,5.0,1,True
1.2.826.0.1.3680043.8.498.14377917653321813299237274871837695586,lat_centre,131.852,-34.386,-16.507,0.0839,0.644,1.2.826.0.1.3680043.8.498.75735256442094425540185771451704878848,35,3.3,1,True
1.2.826.0.1.3680043.8.498.14400292895187181989838122627394761532,lat_centre,110.998,2.255,-9.902,0.0931,0.74,1.2.826.0.1.3680043.8.498.46967710711022785675275717891927292104,32,3.0,1,True
1.2.826.0.1.3680043.8.498.14453847272947043746856632410254555895,lat_centre,68.275,55.483,-23.41,0.0967,1.098,1.2.826.0.1.3680043.8.498.47201246267967477995804848774346376436,24,4.5,1,True
1.2.826.0.1.3680043.8.498.14472261871417480346162193127520918127,lat_centre,134.047,-38.924,-63.61,0.0985,0.507,1.2.826.0.1.3680043.8.498.47697965570206304531998487382497838733,30,3.3,1,True
1.2.826.0.1.3680043.8.498.14477978091360159774052709992034078166,lat_centre,117.81,-33.307,-33.572,0.0932,0.989,1.2.826.0.1.3680043.8.498.80081590466073981437934769266961308293,32,3.3,1,True
1.2.826.0.1.3680043.8.498.14479913217228604289584726096114526268,lat_centre,111.455,-50.576,-26.277,0.0951,0.947,1.2.826.0.1.3680043.8.498.12901226097432700042740819606965614119,19,4.8,1,True
1.2.826.0.1.3680043.8.498.14490539215064287912254286565666891557,lat_centre,109.292,-74.312,-45.166,0.0829,0.906,1.2.826.0.1.3680043.8.498.50065443576755616988034731165180619296,19,5.2,1,True
1.2.826.0.1.3680043.8.498.14495028403937132710814780922642512791,lat_centre,-142.186,-49.411,-21.741,0.1034,0.738,1.2.826.0.1.3680043.8.498.83275455567709575666572829166603170335,29,3.3,1,True
1.2.826.0.1.3680043.8.498.14511862461248267537051973802039959211,lat_centre,-130.937,5.039,3.819,0.0838,0.939,1.2.826.0.1.3680043.8.498.10100773453049450747398125062254974591,24,4.5,1,True
1.2.826.0.1.3680043.8.498.14558486491688263090686005096911018438,lat_centre,104.009,53.828,-9.233,0.0691,0.882,1.2.826.0.1.3680043.8.498.12663407850658002522049775289371245633,35,3.3,1,True
1.2.826.0.1.3680043.8.498.14679140388328648617386311272361396555,lat_centre,-113.381,9.01,6.879,0.0764,2.154,1.2.826.0.1.3680043.8.498.51834226559068471500245103788911169978,34,3.3,1,True
1.2.826.0.1.3680043.8.498.14728068688166107022558957899468489735,lat_centre,120.381,-61.713,-35.39,0.1204,0.488,1.2.826.0.1.3680043.8.498.37905703085781592606814129248579095690,20,4.8,1,True
1.2.826.0.1.3680043.8.498.14744714658078107007743063095375646143,lat_centre,-129.609,-37.839,-22.428,0.0961,1.182,1.2.826.0.1.3680043.8.498.70168202783191847789761127287427273606,32,3.3,1,True
1.2.826.0.1.3680043.8.498.14770617961376953596780345652892307570,lat_centre,98.386,-14.639,-8.715,0.0958,0.837,1.2.826.0.1.3680043.8.498.16022199894736210710440883453196631893,33,3.3,1,True
1.2.826.0.1.3680043.8.498.14776241668061173271058268311868302014,lat_centre,123.454,-18.316,-56.346,0.0923,1.105,1.2.826.0.1.3680043.8.498.63352856598458293305538903587628746920,24,4.5,1,True
1.2.826.0.1.3680043.8.498.14806659119591146961784818305031900863,lat_centre,-95.704,-18.14,-0.96,0.0929,0.879,1.2.826.0.1.3680043.8.498.26475201645582023239060565361381437664,33,3.3,1,True
1.2.826.0.1.3680043.8.498.14845527334849156639306067473358712770,lat_centre,127.567,0.505,-10.201,0.0909,0.675,1.2.826.0.1.3680043.8.498.87448218915720500511051856302051076848,47,2.2,1,True
1.2.826.0.1.3680043.8.498.14850534390650184292244380816212794996,lat_centre,108.396,-44.756,-21.157,0.0774,0.549,1.2.826.0.1.3680043.8.498.88817187996972272488499883573416767335,33,3.3,1,True
1.2.826.0.1.3680043.8.498.14958560978176121375035839707004667832,lat_centre,-109.753,4.615,4.639,0.0894,0.909,1.2.826.0.1.3680043.8.498.84641347381095464366264671891414034427,45,2.2,1,True
1.2.826.0.1.3680043.8.498.14959561028578335448289993045623217861,lat_centre,-35.035,-15.4,-11.642,0.1156,1.172,1.2.826.0.1.3680043.8.498.12584829957386474662805353837712778160,24,3.9,1,True
1.2.826.0.1.3680043.8.498.14959732862523218997149041503831001633,lat_centre,151.281,-32.105,-22.391,0.1029,0.957,1.2.826.0.1.3680043.8.498.54697637073890454026544381413618422579,30,3.5,1,True
1.2.826.0.1.3680043.8.498.14963472809950919852176661973255059069,lat_centre,27.648,16.91,-18.145,0.1042,1.477,1.2.826.0.1.3680043.8.498.12218370167225090088219312257519288525,26,4.0,1,True
1.2.826.0.1.3680043.8.498.15024602758408626305833210011882949904,lat_centre,-26.305,44.374,-85.603,0.0774,1.627,1.2.826.0.1.3680043.8.498.41640913449995578444734468136396516720,24,4.6,1,True
1.2.826.0.1.3680043.8.498.15025957400098336605043184930980421418,lat_centre,-98.344,24.196,-8.495,0.1224,0.993,1.2.826.0.1.3680043.8.498.13780380596893879617020167387975526804,24,4.0,1,True
1.2.826.0.1.3680043.8.498.15065556607080211420503043544482923211,lat_centre,-101.526,-36.811,-65.943,0.1017,2.266,1.2.826.0.1.3680043.8.498.71738527975707524459525867058092936730,19,5.0,1,True
1.2.826.0.1.3680043.8.498.15090991392324602559982474708414427621,lat_centre,132.887,-39.07,-35.909,0.1067,1.004,1.2.826.0.1.3680043.8.498.70154063977187292401100334347539112807,25,4.66,1,True
1.2.826.0.1.3680043.8.498.15103255966832759925770334719703425755,lat_centre,114.391,-47.023,24.948,0.0831,1.567,1.2.826.0.1.3680043.8.498.12751064915534281337406787378571174922,30,3.3,1,True
1.2.826.0.1.3680043.8.498.15133818248365103660456294775831248835,lat_centre,-97.421,-12.808,-20.474,0.0994,1.254,1.2.826.0.1.3680043.8.498.11956737332045131535346761143920883710,34,3.0,1,True
1.2.826.0.1.3680043.8.498.15219410096632334470101257478715035071,lat_centre,-86.361,-50.149,8.455,0.094,1.808,1.2.826.0.1.3680043.8.498.70736644965187936782877063779653141131,19,4.4,1,True
1.2.826.0.1.3680043.8.498.15219824433491621460467738389345697247,lat_centre,105.702,-14.967,-12.888,0.1204,1.404,1.2.826.0.1.3680043.8.498.10129859915363358662742584467713887935,38,3.0,1,True
1.2.826.0.1.3680043.8.498.15297444019822621504849851092382560980,lat_centre,107.431,-8.085,-28.525,0.105,0.967,1.2.826.0.1.3680043.8.498.79128882588017263807200318335646818226,34,3.3,1,True
1.2.826.0.1.3680043.8.498.15326951535563258414956521742264374802,lat_centre,-104.27,-52.188,-14.605,0.0845,1.296,1.2.826.0.1.3680043.8.498.11067243536734581253215476721829286862,30,3.3,1,True
1.2.826.0.1.3680043.8.498.15337067581747365729183643142512558411,lat_centre,102.869,7.699,-47.369,0.0951,1.108,1.2.826.0.1.3680043.8.498.10519981490359920507573190826392793941,34,3.0,1,True
1.2.826.0.1.3680043.8.498.15360150088598749206650025637914821738,lat_centre,105.247,-6.168,-5.017,0.1222,2.794,1.2.826.0.1.3680043.8.498.21169512811955856819485321636523342821,33,3.3,1,True
1.2.826.0.1.3680043.8.498.15376535778246978844757121776560020722,lat_centre,128.167,-41.872,-19.844,0.0815,0.566,1.2.826.0.1.3680043.8.498.99828733803849138453939669988780121445,30,3.3,1,True
1.2.826.0.1.3680043.8.498.15399233309269178192583032682669258885,lat_centre,144.149,-31.329,-6.137,0.0907,0.826,1.2.826.0.1.3680043.8.498.69110703196177779434140057045207572323,29,3.3,1,True
1.2.826.0.1.3680043.8.498.15428051518761311558410606976607852351,lat_centre,-150.747,-45.819,-21.505,0.0866,0.741,1.2.826.0.1.3680043.8.498.11127204938666287203625571430310150518,30,3.5,1,True
1.2.826.0.1.3680043.8.498.15444316810805746453392291780593934328,lat_centre,-24.882,5.895,-0.648,0.0973,0.912,1.2.826.0.1.3680043.8.498.80319866330175800687139619195657049372,19,4.4,1,True
1.2.826.0.1.3680043.8.498.15468179600399954478612037548577772269,lat_centre,-112.794,-71.107,-37.543,0.1143,1.451,1.2.826.0.1.3680043.8.498.98082164848963566143944943698136087918,20,4.05,1,True
1.2.826.0.1.3680043.8.498.15486463042236628073590077209793828847,lat_centre,-106.59,-4.196,-16.155,0.0926,1.081,1.2.826.0.1.3680043.8.498.97273992356717292477917173293903588110,33,3.3,1,True
1.2.826.0.1.3680043.8.498.15522600887743817464976568872439594397,lat_centre,-93.397,10.518,-13.602,0.0954,1.347,1.2.826.0.1.3680043.8.498.53902919065122512906120077458438676448,30,4.0,1,True
1.2.826.0.1.3680043.8.498.15539098084847502447238233198010208924,lat_centre,-102.811,-51.075,-1.89,0.0974,1.557,1.2.826.0.1.3680043.8.498.44223710530672370877586503253968818618,30,3.3,1,True
1.2.826.0.1.3680043.8.498.15593638897292057356864060466120253309,lat_centre,118.155,-10.63,35.771,0.0853,0.977,1.2.826.0.1.3680043.8.498.55399266565350183802077573346939446216,46,2.2,1,True
1.2.826.0.1.3680043.8.498.15595595490910196952568459534537629865,lat_centre,-132.55,-38.096,-27.486,0.083,1.68,1.2.826.0.1.3680043.8.498.10555392099828549633905944339837148770,29,3.3,1,True
1.2.826.0.1.3680043.8.498.15599161312748548709240395406977042093,lat_centre,-101.699,-0.511,-8.687,0.0691,1.791,1.2.826.0.1.3680043.8.498.12763577002809043465286302208785360429,24,4.5,1,True
1.2.826.0.1.3680043.8.498.15630146025588580188363070220779173742,lat_centre,-92.249,2.418,-33.53,0.0952,1.906,1.2.826.0.1.3680043.8.498.87952262721016936036376345530006899422,35,3.3,1,True
1.2.826.0.1.3680043.8.498.15709232000390534671340322807442769184,lat_centre,106.077,-26.397,-27.818,0.0528,1.881,1.2.826.0.1.3680043.8.498.99983505777663770150961778920287449750,36,3.3,1,True
1.2.826.0.1.3680043.8.498.15744573360087157139672078937679122840,lat_centre,-109.666,-43.085,-12.369,0.0814,0.3,1.2.826.0.1.3680043.8.498.76182665159350749354843871769685251589,28,4.0,1,True
1.2.826.0.1.3680043.8.498.15851463019383290210760064201595021029,lat_centre,114.342,-8.847,-33.124,0.0958,1.375,1.2.826.0.1.3680043.8.498.19046773885152622092177871045455595661,36,0.89,4,True
1.2.826.0.1.3680043.8.498.15863325224755490561125835019647303556,lat_centre,-123.995,-20.013,-14.77,0.0818,1.479,1.2.826.0.1.3680043.8.498.11444028267275645733208144447071593915,22,4.368,1,True
1.2.826.0.1.3680043.8.498.15969838281154273030237391394632849764,lat_centre,-90.213,-44.269,-29.062,0.0961,1.09,1.2.826.0.1.3680043.8.498.48358295993244154099904080822884748651,28,3.3,1,True
1.2.826.0.1.3680043.8.498.16046164723877343553376490423345098256,lat_centre,-112.385,-14.569,-60.288,0.0917,1.225,1.2.826.0.1.3680043.8.498.39114355630313663203476036726817791727,32,3.3,1,True
1.2.826.0.1.3680043.8.498.16051798246004436152597344963060310360,lat_centre,83.606,-14.422,-14.779,0.1102,0.728,1.2.826.0.1.3680043.8.498.76853477556290826152278184679523288181,25,4.5,1,True
1.2.826.0.1.3680043.8.498.16060119389060497136231217718921482192,lat_centre,-119.664,-49.265,-32.69,0.0905,4.875,1.2.826.0.1.3680043.8.498.10114318007378072154267323023488130369,32,3.5,1,True
1.2.826.0.1.3680043.8.498.16101435445990180482665354366724730305,lat_centre,107.929,-42.823,-49.686,0.1119,0.6,1.2.826.0.1.3680043.8.498.12575604424311392165203539158640038588,34,3.3,1,True
1.2.826.0.1.3680043.8.498.16158812105029662172517682642229718094,lat_centre,135.263,-58.854,10.213,0.0677,0.817,1.2.826.0.1.3680043.8.498.76937743191974291516102207534993445968,40,0.4,8,True
1.2.826.0.1.3680043.8.498.16164261456077269604929662134371603081,lat_centre,-104.058,-14.069,-8.632,0.0741,0.529,1.2.826.0.1.3680043.8.498.45478483414904893207897805994444151293,29,3.6,1,True
1.2.826.0.1.3680043.8.498.16189833935983604051983090678102023832,lat_centre,144.781,-50.067,-40.698,0.1031,0.78,1.2.826.0.1.3680043.8.498.14490902795096723892308052655753771015,23,4.5,1,True
1.2.826.0.1.3680043.8.498.16200518336931321995379999168737787921,lat_centre,105.177,-30.244,-17.123,0.0971,0.988,1.2.826.0.1.3680043.8.498.15584982064278417309946996204089363433,33,3.3,1,True
1.2.826.0.1.3680043.8.498.16225091905018667993201414191711776943,lat_centre,-115.222,4.322,-18.128,0.1024,1.679,1.2.826.0.1.3680043.8.498.90421699729090558849276843644545694148,30,4.0,1,True
1.2.826.0.1.3680043.8.498.16258190393569006141285550986533848849,lat_centre,-97.917,-38.96,-20.602,0.1026,1.293,1.2.826.0.1.3680043.8.498.49731967092965627318938643709273330633,27,3.8,1,True
1.2.826.0.1.3680043.8.498.16318078762749420171833135145622117452,lat_centre,-98.483,-2.489,-27.255,0.0919,2.289,1.2.826.0.1.3680043.8.498.15463925852646849368283621634317691104,33,3.0,1,True
1.2.826.0.1.3680043.8.498.16338296537380784459604897543069625390,lat_centre,119.598,-11.504,-8.845,0.1013,0.942,1.2.826.0.1.3680043.8.498.95021525995965015382128943121265708074,44,2.2,1,True
1.2.826.0.1.3680043.8.498.16364873390453802195568603605191835957,lat_centre,108.49,-11.589,-34.425,0.0891,1.428,1.2.826.0.1.3680043.8.498.24054545577548250366170951634210271915,36,0.89,4,True
1.2.826.0.1.3680043.8.498.16370303687278282143772106415664171358,lat_centre,-104.641,-32.98,-41.504,0.0885,1.909,1.2.826.0.1.3680043.8.498.61492108349917368927478535739902020721,28,3.3,1,True
1.2.826.0.1.3680043.8.498.16397020531009156965821242117417547331,lat_centre,100.456,71.389,35.69,0.0661,1.34,1.2.826.0.1.3680043.8.498.10540984475026191413807822617799041591,26,4.0,1,True
1.2.826.0.1.3680043.8.498.16469256144078887607437578587242258846,lat_centre,-130.696,11.751,-30.456,0.0911,0.798,1.2.826.0.1.3680043.8.498.19460431447325008038979709834301417546,34,3.3,1,True
1.2.826.0.1.3680043.8.498.16483470188406187000599644150600279596,lat_centre,-96.485,0.091,-6.755,0.0558,1.324,1.2.826.0.1.3680043.8.498.22897286622904227722680581663007665880,34,3.0,1,True
1.2.826.0.1.3680043.8.498.16527747624688737126118546487228060848,lat_centre,108.376,-25.563,-50.899,0.097,0.836,1.2.826.0.1.3680043.8.498.94330576832637566966204208690209617417,28,3.5,1,True
1.2.826.0.1.3680043.8.498.16534078612126477228267765508485297367,lat_centre,134.111,-56.103,-19.339,0.062,1.57,1.2.826.0.1.3680043.8.498.13108592396007647454605469511623650142,30,3.3,1,True
1.2.826.0.1.3680043.8.498.16538738179840493095338324009830673843,lat_centre,112.909,-35.251,-28.721,0.1065,0.899,1.2.826.0.1.3680043.8.498.12774720085357708695885978115998806722,28,3.3,1,True
1.2.826.0.1.3680043.8.498.16550793987525699514242241133391355835,lat_centre,139.293,-38.249,-4.08,0.0904,0.304,1.2.826.0.1.3680043.8.498.13346108579354439619027160644500005040,30,3.5,1,True
1.2.826.0.1.3680043.8.498.16581426215518472805200227992550139190,lat_centre,104.757,-2.378,-20.119,0.0967,1.274,1.2.826.0.1.3680043.8.498.10671381805957692968234212715895062125,32,3.51,1,True
1.2.826.0.1.3680043.8.498.16589468854653713035210251187012168350,lat_centre,153.139,-60.269,-14.374,0.0903,0.698,1.2.826.0.1.3680043.8.498.12020283710610650290858943789978589013,40,0.4,8,True
1.2.826.0.1.3680043.8.498.16657553974040122719239506008948241297,lat_centre,-106.2,18.061,25.013,0.1102,1.555,1.2.826.0.1.3680043.8.498.34631374001630778839906704758202523204,26,3.52,1,True
1.2.826.0.1.3680043.8.498.16666020201961191623151386398626511849,lat_centre,144.209,-37.453,-38.576,0.1119,0.972,1.2.826.0.1.3680043.8.498.78908142632251992260651644141150959253,29,3.3,1,True
1.2.826.0.1.3680043.8.498.16674237773422474998796191258459643061,lat_centre,-122.809,53.854,20.276,0.0817,1.947,1.2.826.0.1.3680043.8.498.59414769682066749223732363306105632353,26,4.0,1,True
1.2.826.0.1.3680043.8.498.16691383858003633107641297162554868325,lat_centre,-115.232,-8.137,-26.583,0.0787,1.483,1.2.826.0.1.3680043.8.498.11531453819896281474836527253003452352,36,0.89,4,True
1.2.826.0.1.3680043.8.498.16709565360569239280032743619008187278,lat_centre,112.064,74.564,-66.416,0.0769,1.447,1.2.826.0.1.3680043.8.498.10578186373622208964955220152320493041,35,3.3,1,True
1.2.826.0.1.3680043.8.498.16709696133689803501344038926512501779,lat_centre,101.252,52.275,-15.498,0.0841,1.131,1.2.826.0.1.3680043.8.498.45183914324618822777911577223854321279,25,4.0,1,True
1.2.826.0.1.3680043.8.498.16718788321951483456195507236392554704,lat_centre,-117.775,-14.245,-3.65,0.1119,2.547,1.2.826.0.1.3680043.8.498.28419133188262548966924081904831990215,28,3.6,1,True
1.2.826.0.1.3680043.8.498.16724013341359693140331158148551346369,lat_centre,108.276,-42.398,-46.01,0.0996,0.724,1.2.826.0.1.3680043.8.498.63938771315697626384754495434617898681,28,3.3,1,True
1.2.826.0.1.3680043.8.498.16774450022563283092653506225603012645,lat_centre,115.347,-40.759,-50.277,0.0841,0.997,1.2.826.0.1.3680043.8.498.13303452646024343132482746924191985209,30,3.3,1,True
1.2.826.0.1.3680043.8.498.16812524557513419866531695739014681414,lat_centre,141.507,8.601,-30.915,0.0882,1.528,1.2.826.0.1.3680043.8.498.10417646439814072027709005102414828140,45,2.2,1,True
1.2.826.0.1.3680043.8.498.16843381581429596234606436682284624187,lat_centre,129.854,-30.408,-9.431,0.0864,1.675,1.2.826.0.1.3680043.8.498.62492943397164906836122513214368401183,35,3.3,1,True
1.2.826.0.1.3680043.8.498.16845451648760595922758166878121325861,lat_centre,-135.322,-17.371,-87.113,0.1047,2.07,1.2.826.0.1.3680043.8.498.46297175789577846950046172944705142424,22,4.1,1,True
1.2.826.0.1.3680043.8.498.16862596867845295946732698348903803700,lat_centre,-119.53,-59.935,-25.757,0.1098,0.856,1.2.826.0.1.3680043.8.498.71776143853323275859989197170542524830,19,4.4,1,True
1.2.826.0.1.3680043.8.498.16864649493021092944977766326505053153,lat_centre,98.651,-32.96,2.881,0.0891,0.757,1.2.826.0.1.3680043.8.498.46009481044085013041282559978143302696,30,3.5,1,True
1.2.826.0.1.3680043.8.498.16886658450293145802897654768506439494,lat_centre,-28.033,15.112,0.027,0.0802,0.781,1.2.826.0.1.3680043.8.498.33793722160540353649132319091907544080,27,3.9,1,True
1.2.826.0.1.3680043.8.498.17049315826418217889213226790962592213,lat_centre,107.239,-23.927,-14.129,0.0991,0.854,1.2.826.0.1.3680043.8.498.49657157859351261251465754014883152289,35,3.3,1,True
1.2.826.0.1.3680043.8.498.17056997047488992455301411194938263817,lat_centre,134.376,-38.565,-4.192,0.0894,0.872,1.2.826.0.1.3680043.8.498.11310054808480957081341510016335965959,24,3.3,1,True
1.2.826.0.1.3680043.8.498.17070139245390396445395414066427036835,lat_centre,-116.376,-77.064,-45.67,0.0987,0.971,1.2.826.0.1.3680043.8.498.14465993184755334109002726611443329352,19,5.2,1,True
1.2.826.0.1.3680043.8.498.17074746747536999918446136673966046653,lat_centre,87.944,19.836,-45.608,0.1176,1.257,1.2.826.0.1.3680043.8.498.12782492156955693763142132385282167761,25,3.6,1,True
1.2.826.0.1.3680043.8.498.17092147498062993594620309531155267119,lat_centre,-108.529,-50.729,-24.505,0.0782,1.576,1.2.826.0.1.3680043.8.498.28972023509151586485866274586078184322,30,3.5,1,True
1.2.826.0.1.3680043.8.498.17093025979426350838724553020541643719,lat_centre,134.391,-44.057,-1.448,0.0638,1.357,1.2.826.0.1.3680043.8.498.48366079084529002895662270025734795321,40,3.3,1,True
1.2.826.0.1.3680043.8.498.17107696939614797679012793547913769707,lat_centre,100.883,2.563,-13.044,0.1082,1.304,1.2.826.0.1.3680043.8.498.10547267834933929410782514723294988622,33,3.3,1,True
1.2.826.0.1.3680043.8.498.17123244662958741977525806700986256210,lat_centre,123.652,63.67,-116.931,0.0746,3.063,1.2.826.0.1.3680043.8.498.54879101269827880780943651579300513124,28,4.0,1,True
1.2.826.0.1.3680043.8.498.17146868851921828837871671912815843012,lat_centre,-139.234,-45.403,0.182,0.1147,0.601,1.2.826.0.1.3680043.8.498.11410237385070458262265431295039584639,32,3.3,1,True
1.2.826.0.1.3680043.8.498.17160610480070701553118850947260201608,lat_centre,-147.288,-69.227,10.925,0.1317,1.184,1.2.826.0.1.3680043.8.498.51892990661212985818484235887327769830,22,4.75,1,True
1.2.826.0.1.3680043.8.498.17241550277273207658303011467222594165,lat_centre,113.855,-20.171,0.956,0.0973,2.241,1.2.826.0.1.3680043.8.498.75667024486298027921898728421030312215,29,3.6,1,True
1.2.826.0.1.3680043.8.498.17265093113586420061761042467476063876,lat_centre,162.127,-53.081,-9.345,0.0981,0.514,1.2.826.0.1.3680043.8.498.34429381565245359369969302555969879610,20,4.5,1,True
1.2.826.0.1.3680043.8.498.17274490471295558668613733667390457509,lat_centre,-118.245,-52.906,-6.403,0.0971,3.033,1.2.826.0.1.3680043.8.498.12609078075269011824818248791559464493,19,5.6,1,True
1.2.826.0.1.3680043.8.498.17336223563862025807066700226971845206,lat_centre,-90.547,-13.989,-19.804,0.0777,1.605,1.2.826.0.1.3680043.8.498.11156648555358624664909376565866843224,27,5.0,1,True
1.2.826.0.1.3680043.8.498.17389120886685633448235711042721669823,lat_centre,92.698,-16.765,-3.401,0.0747,1.753,1.2.826.0.1.3680043.8.498.10327837334716075578292438576117163289,30,4.5,1,True
1.2.826.0.1.3680043.8.498.17415936504684075438800895036740822145,lat_centre,-127.177,-8.969,-13.62,0.1022,1.279,1.2.826.0.1.3680043.8.498.12815519309382967222114002806673992161,48,2.2,1,True
1.2.826.0.1.3680043.8.498.17420673628956367425739018933968443620,lat_centre,114.753,-45.678,-9.763,0.0935,0.8,1.2.826.0.1.3680043.8.498.33889556206150312412177860023321679691,31,3.3,1,True
1.2.826.0.1.3680043.8.498.17427902052389033416295416299697276519,lat_centre,-93.044,-40.336,-12.972,0.0828,0.751,1.2.826.0.1.3680043.8.498.98985497207454879255104706797323713893,30,3.3,1,True
1.2.826.0.1.3680043.8.498.17517950899674150719043097786728121608,lat_centre,-136.997,-62.452,-32.535,0.0827,1.228,1.2.826.0.1.3680043.8.498.10318025045146320773196757695566786442,25,4.66,1,True
1.2.826.0.1.3680043.8.498.17547781127981007962008163248942714330,lat_centre,114.388,54.007,-18.223,0.0968,0.803,1.2.826.0.1.3680043.8.498.11777344048327463289186253547865378798,28,4.5,1,True
1.2.826.0.1.3680043.8.498.17596657287050550465463272509976106854,lat_centre,-105.977,-45.116,-29.62,0.0897,0.768,1.2.826.0.1.3680043.8.498.51269758557856502958616579858316847371,32,3.3,1,True
1.2.826.0.1.3680043.8.498.17618734998753079190687719289815512319,lat_centre,-100.958,-4.328,-9.644,0.0758,1.528,1.2.826.0.1.3680043.8.498.58758972976214847618286048735415843285,32,3.0,1,True
1.2.826.0.1.3680043.8.498.17662880041629379035049367252086125592,lat_centre,84.903,-46.779,-42.356,0.1066,0.909,1.2.826.0.1.3680043.8.498.86719482378523514047542359609870528803,19,5.2,1,True
1.2.826.0.1.3680043.8.498.17663005209256897892831319144686413853,lat_centre,105.949,-56.751,-9.611,0.1231,0.31,1.2.826.0.1.3680043.8.498.12162127607634972851898381243145573191,19,4.4,1,True
1.2.826.0.1.3680043.8.498.17691941055331862184525411493110144433,lat_centre,-127.717,-0.2,-20.302,0.0971,1.03,1.2.826.0.1.3680043.8.498.96858718945465959561625853152537364727,47,2.2,1,True
1.2.826.0.1.3680043.8.498.17741907690913585163443565102293192244,lat_centre,-104.776,4.932,-38.005,0.082,0.61,1.2.826.0.1.3680043.8.498.45811295000749768865545347680575845698,33,3.3,1,True
1.2.826.0.1.3680043.8.498.17768582402712001917772688462080201650,lat_centre,102.864,22.4,-18.259,0.1107,1.436,1.2.826.0.1.3680043.8.498.13430805535024900189027762239634229333,25,4.0,1,True
1.2.826.0.1.3680043.8.498.17769942698581399165275319502954100325,lat_centre,-147.547,-18.891,-61.095,0.1061,1.148,1.2.826.0.1.3680043.8.498.86524909468217504800966262505430683747,30,3.3,1,True
1.2.826.0.1.3680043.8.498.17813878802252660525798053577039470087,lat_centre,111.111,-3.535,-63.428,0.1127,1.637,1.2.826.0.1.3680043.8.498.11951249737703568493939239564249023050,25,3.9,1,True
1.2.826.0.1.3680043.8.498.17836815413824722543229791044312174885,lat_centre,-130.937,-69.027,0.861,0.1054,0.535,1.2.826.0.1.3680043.8.498.88272503889536046439528715136485625313,27,3.7,1,True
1.2.826.0.1.3680043.8.498.17844546765907321649997094867791102711,lat_centre,-98.135,-5.17,-30.692,0.1057,1.064,1.2.826.0.1.3680043.8.498.91788561458986377357724485302758393770,28,4.0,1,True
1.2.826.0.1.3680043.8.498.17856297841306582866782295284505406916,lat_centre,-118.401,-28.309,-85.843,0.0684,3.103,1.2.826.0.1.3680043.8.498.60968447237385063834900406878517503018,24,5.0,1,True
1.2.826.0.1.3680043.8.498.17865613300681542407687000381594067366,lat_centre,122.768,3.109,-15.053,0.0933,0.483,1.2.826.0.1.3680043.8.498.12030011115950915848840541515467610842,46,2.2,1,True
1.2.826.0.1.3680043.8.498.17909590711893200514107254988453660857,lat_centre,83.361,-15.858,5.05,0.0442,19.803,1.2.826.0.1.3680043.8.498.92606188761186666203060071387377340566,11,2.875,1,True
1.2.826.0.1.3680043.8.498.17931021655186901394796168474942485728,lat_centre,144.605,-41.541,-13.304,0.1008,0.389,1.2.826.0.1.3680043.8.498.37265227959941421921979555442966989419,33,3.3,1,True
1.2.826.0.1.3680043.8.498.17967978373588651520812399064902037467,lat_centre,-81.462,19.083,-29.391,0.0978,0.502,1.2.826.0.1.3680043.8.498.24570916710215008507038924693385711643,32,3.3,1,True
1.2.826.0.1.3680043.8.498.17985756708438762670829959560049370730,lat_centre,76.469,-18.355,-15.769,0.1138,0.544,1.2.826.0.1.3680043.8.498.62292043347838916875348180780504842041,20,4.9,1,True
1.2.826.0.1.3680043.8.498.18080511167840608448833484000937072258,lat_centre,-119.712,7.822,-3.424,0.099,2.775,1.2.826.0.1.3680043.8.498.38757500622263249015471910698706862691,24,4.4,1,True
1.2.826.0.1.3680043.8.498.18090147030578547920423840630147682826,lat_centre,-108.824,-12.099,-23.979,0.1016,0.878,1.2.826.0.1.3680043.8.498.95098166546472630859998119688657891250,30,3.0,1,True
1.2.826.0.1.3680043.8.498.18092766733837308394607532608319746043,lat_centre,-133.023,-24.016,0.503,0.1022,0.659,1.2.826.0.1.3680043.8.498.12634367675822811374273849655485884755,32,3.51,1,True
1.2.826.0.1.3680043.8.498.18113123512696698441392990570166201548,lat_centre,86.172,2.74,-8.888,0.1338,0.826,1.2.826.0.1.3680043.8.498.39790740478557049063210261109078803465,30,3.3,1,True
1.2.826.0.1.3680043.8.498.18114567737638963627123562895002602285,lat_centre,104.713,3.751,-20.151,0.086,0.562,1.2.826.0.1.3680043.8.498.13219451752877722866851602538066394919,34,3.0,1,True
1.2.826.0.1.3680043.8.498.18175450083338316799857698898702333009,lat_centre,104.811,-47.222,12.456,0.0902,0.498,1.2.826.0.1.3680043.8.498.61789785747378194262221905090501252454,32,3.3,1,True
1.2.826.0.1.3680043.8.498.18176586296602067352845573876750324761,lat_centre,-116.163,11.508,-27.044,0.1225,1.018,1.2.826.0.1.3680043.8.498.23609442128442653511576110789373968865,30,3.3,1,True
1.2.826.0.1.3680043.8.498.18199465156572252531439880765733639584,lat_centre,-108.185,-5.688,-26.343,0.1096,0.698,1.2.826.0.1.3680043.8.498.12522158029905874683173518005671831997,29,3.6,1,True
1.2.826.0.1.3680043.8.498.18230847745299902998425838090653825745,lat_centre,87.518,54.643,-15.924,0.107,1.596,1.2.826.0.1.3680043.8.498.60733372717579061395537203941467678670,25,4.5,1,True
1.2.826.0.1.3680043.8.498.18245500498843512203508664874652003124,lat_centre,-110.875,-40.169,1.513,0.0641,0.766,1.2.826.0.1.3680043.8.498.75951439275446786765775802382362283913,24,4.5,1,True
1.2.826.0.1.3680043.8.498.18315708641533862849721595991941979080,lat_centre,25.114,-1.246,-5.351,0.1135,2.1,1.2.826.0.1.3680043.8.498.12427687198117894644342826723421670255,24,3.9,1,True
1.2.826.0.1.3680043.8.498.18344563362014614046776037921812502569,lat_centre,116.4,-13.435,-25.108,0.1093,1.122,1.2.826.0.1.3680043.8.498.81052757011658416365412087413360887136,33,3.3,1,True
1.2.826.0.1.3680043.8.498.18350185433331570523543207086298834067,lat_centre,137.947,-36.386,4.338,0.1017,0.71,1.2.826.0.1.3680043.8.498.54217611392100165970381736916901886853,29,3.3,1,True
1.2.826.0.1.3680043.8.498.18389676218363070462526838642303976332,lat_centre,107.302,-5.083,-6.011,0.1087,1.163,1.2.826.0.1.3680043.8.498.11534431000967639894324482743361512739,36,3.3,1,True
1.2.826.0.1.3680043.8.498.18392509497170616983977319528036573378,lat_centre,97.534,5.251,-5.46,0.119,1.772,1.2.826.0.1.3680043.8.498.54971859142466406163844002076964794013,30,3.3,1,True
1.2.826.0.1.3680043.8.498.18403627643718880914843209837672242908,lat_centre,-113.859,-3.949,-17.992,0.0857,0.916,1.2.826.0.1.3680043.8.498.12573706170051663423554751398671449272,30,3.5,1,True
1.2.826.0.1.3680043.8.498.18509793799833391995987656714798904411,lat_centre,127.722,-37.066,-19.847,0.0989,0.89,1.2.826.0.1.3680043.8.498.88281243551285912863067863925152743339,28,3.3,1,True
1.2.826.0.1.3680043.8.498.18518393141873346710197645305647124682,lat_centre,103.124,-6.642,34.951,0.0899,0.765,1.2.826.0.1.3680043.8.498.68410686088458089786488118354041073133,32,3.3,1,True
1.2.826.0.1.3680043.8.498.18529656610752887218162968403101035390,lat_centre,-93.112,23.91,-33.169,0.12,1.508,1.2.826.0.1.3680043.8.498.12392379700713041907981440598656053155,24,4.0,1,True
1.2.826.0.1.3680043.8.498.18592535981451766048952107991674227570,lat_centre,-108.966,13.344,-23.042,0.106,0.638,1.2.826.0.1.3680043.8.498.51798411213634147240927433815919904753,30,3.3,1,True
1.2.826.0.1.3680043.8.498.18614704377104425868545800677445972261,lat_centre,-91.215,-12.207,-49.173,0.0588,0.968,1.2.826.0.1.3680043.8.498.81106614348542406824720893749903658326,36,3.5,1,True
1.2.826.0.1.3680043.8.498.18625377919309205857120774497713011583,lat_centre,100.061,-2.376,-42.031,0.0841,1.005,1.2.826.0.1.3680043.8.498.17366376924666875379094348849946707324,19,5.0,1,True
1.2.826.0.1.3680043.8.498.18653838887148864162027930218548124748,lat_centre,-97.349,-0.739,6.448,0.0926,0.912,1.2.826.0.1.3680043.8.498.55517151751945900799081799392275330033,29,3.6,1,True
1.2.826.0.1.3680043.8.498.18671006890719350655167441375718348829,lat_centre,-85.464,-69.069,-26.917,0.1386,2.29,1.2.826.0.1.3680043.8.498.13000269371805384187421716147182481053,19,4.8,1,True
1.2.826.0.1.3680043.8.498.18680059761479598675335345641208680006,lat_centre,-111.675,11.834,-15.062,0.1219,1.41,1.2.826.0.1.3680043.8.498.54398966811683622808940154491468694802,26,4.0,1,True
1.2.826.0.1.3680043.8.498.18695727379446620258431748063749176639,lat_centre,-107.439,-41.235,-19.725,0.1046,0.673,1.2.826.0.1.3680043.8.498.61225035056450823345903426141309961899,36,3.3,1,True
1.2.826.0.1.3680043.8.498.18721466442792788108431096912844719622,lat_centre,105.817,-17.817,-9.777,0.1034,1.224,1.2.826.0.1.3680043.8.498.11114628041009876515045780532195647240,29,3.6,1,True
1.2.826.0.1.3680043.8.498.18758199166360428760124471581842191566,lat_centre,-87.084,33.825,-4.64,0.1258,1.306,1.2.826.0.1.3680043.8.498.75103383895801352736726531448271814063,23,4.8,1,True
1.2.826.0.1.3680043.8.498.18792568294433896490648198192877693850,lat_centre,-110.665,-11.679,-31.811,0.0957,0.792,1.2.826.0.1.3680043.8.498.98102326384022384988135161740715554081,26,4.52,1,True
1.2.826.0.1.3680043.8.498.18807952338149288346040972005636698334,lat_centre,-132.32,-29.559,-7.393,0.0923,1.015,1.2.826.0.1.3680043.8.498.93330971076275081719785851308495021450,29,3.3,1,True
1.2.826.0.1.3680043.8.498.18825393854436144614202928260751418496,lat_centre,-86.845,-5.218,22.848,0.0981,1.065,1.2.826.0.1.3680043.8.498.92590983861801896230209602015487303902,46,2.2,1,True
1.2.826.0.1.3680043.8.498.18848481788456572234982139368351538716,lat_centre,96.949,29.099,-24.943,0.1227,0.864,1.2.826.0.1.3680043.8.498.53615371198251410196893186804193697476,30,3.3,1,True
1.2.826.0.1.3680043.8.498.18879049235810379709186936621085221483,lat_centre,-103.056,66.744,18.682,0.0933,1.274,1.2.826.0.1.3680043.8.498.29889516794565834540618821317591594207,30,3.3,1,True
1.2.826.0.1.3680043.8.498.18899625751876258520147203904985857313,lat_centre,126.905,-11.421,-60.984,0.12,0.901,1.2.826.0.1.3680043.8.498.77554137681259588309068077151234844439,19,4.4,1,True
1.2.826.0.1.3680043.8.498.18931107448953327254073392032141677797,lat_centre,-116.871,-16.566,-23.812,0.1003,0.508,1.2.826.0.1.3680043.8.498.64818543578864967222301785886581197546,35,3.3,1,True
1.2.826.0.1.3680043.8.498.18968967345606818331567480514437075646,lat_centre,-127.475,13.221,-9.395,0.0708,2.158,1.2.826.0.1.3680043.8.498.91384534925783484286679704452825769657,28,4.5,1,True
1.2.826.0.1.3680043.8.498.18993960105596277135383396226525760874,lat_centre,-111.476,-42.459,-38.256,0.0774,1.38,1.2.826.0.1.3680043.8.498.18683419085290373052270639539738225491,24,4.0,1,True
1.2.826.0.1.3680043.8.498.19034825848229751701363461935217290295,lat_centre,-20.185,1.733,-17.725,0.0917,1.46,1.2.826.0.1.3680043.8.498.31901516135481743474499985441072501291,26,4.0,1,True
1.2.826.0.1.3680043.8.498.19104350033985745058396432133828748480,lat_centre,104.013,-41.1,-24.547,0.1048,0.719,1.2.826.0.1.3680043.8.498.19829385089418190516726031526133020018,19,4.4,1,True
1.2.826.0.1.3680043.8.498.19124879088354547836118593585646705198,lat_centre,-97.328,-9.15,-23.496,0.1009,0.798,1.2.826.0.1.3680043.8.498.10929190237748516864924559465797531629,34,3.0,1,True
1.2.826.0.1.3680043.8.498.19178214677492694135853596920291058397,lat_centre,-140.586,-23.722,-37.567,0.0742,0.788,1.2.826.0.1.3680043.8.498.11699190701474131419644117844472408321,38,3.5,1,True
1.2.826.0.1.3680043.8.498.19183011851352129901149443549646899548,lat_centre,111.26,-46.65,-41.785,0.0958,1.519,1.2.826.0.1.3680043.8.498.37063655450541533957480528191284896024,35,3.3,1,True
1.2.826.0.1.3680043.8.498.19194090255958016414082788444327981898,lat_centre,134.117,-35.828,-26.492,0.108,0.917,1.2.826.0.1.3680043.8.498.12332460558988325312138365273620171370,30,3.3,1,True
1.2.826.0.1.3680043.8.498.19197037365998103318720742154440921358,lat_centre,-64.737,-7.371,-23.523,0.076,3.001,1.2.826.0.1.3680043.8.498.54619743366900864821089219777681777241,32,3.3,1,True
1.2.826.0.1.3680043.8.498.19198152070740205434848422424805073748,lat_centre,-140.68,-58.245,-28.261,0.1365,2.11,1.2.826.0.1.3680043.8.498.36846584531948926903360253109571691160,19,4.4,1,True
1.2.826.0.1.3680043.8.498.19291375342005405073321673638971145777,lat_centre,-111.936,-73.749,27.53,0.1176,1.069,1.2.826.0.1.3680043.8.498.13074572341579792326032583749320722989,19,5.0,1,True
1.2.826.0.1.3680043.8.498.19342628541833173544083802327412975225,lat_centre,113.769,-46.988,19.017,0.0781,1.166,1.2.826.0.1.3680043.8.498.71122938408935491473363353873667310205,29,3.3,1,True
1.2.826.0.1.3680043.8.498.19374331384306309057311171252852774841,lat_centre,-97.245,-63.09,-7.028,0.0943,2.956,1.2.826.0.1.3680043.8.498.11607048687495379082336247912983463775,19,4.6,1,True
1.2.826.0.1.3680043.8.498.19419878169415950073207624537163068568,lat_centre,-49.888,-30.472,-43.297,0.0964,0.528,1.2.826.0.1.3680043.8.498.12793733262118172862846611445762143588,24,3.9,1,True
1.2.826.0.1.3680043.8.498.19439950168933299231685815631786334293,lat_centre,-85.698,-21.363,-27.415,0.1004,0.666,1.2.826.0.1.3680043.8.498.69780733583753360000196348257462939838,30,3.3,1,True
1.2.826.0.1.3680043.8.498.19486520578867272329833751210055639515,lat_centre,102.262,-25.194,-31.464,0.0854,0.548,1.2.826.0.1.3680043.8.498.55556918162081522878381246711154691288,32,3.3,1,True
1.2.826.0.1.3680043.8.498.19489875090732464985703624680756212359,lat_centre,96.78,8.365,-4.073,0.0898,1.275,1.2.826.0.1.3680043.8.498.11311174013024521174649019057988130091,31,3.0,1,True
1.2.826.0.1.3680043.8.498.19512754570664577075249836633718382506,lat_centre,-129.355,-46.993,3.217,0.104,1.013,1.2.826.0.1.3680043.8.498.13102475076252897167624194737035541646,35,3.3,1,True
1.2.826.0.1.3680043.8.498.19516545000256238042886469152307943182,lat_centre,-113.958,-58.338,-48.398,0.0963,2.378,1.2.826.0.1.3680043.8.498.30510322146426203101201864422791710235,19,4.6,1,True
1.2.826.0.1.3680043.8.498.19573195389434178432956976770560221462,lat_centre,136.353,-34.776,8.651,0.0884,1.017,1.2.826.0.1.3680043.8.498.84777295564595939149219048771120995161,27,3.957,1,True
1.2.826.0.1.3680043.8.498.19592989024994864431870593504844309885,lat_centre,73.711,-38.644,-12.703,0.083,1.079,1.2.826.0.1.3680043.8.498.10999243104292802162073528803301708691,32,3.3,1,True
1.2.826.0.1.3680043.8.498.19601428113073026637547887698342670296,lat_centre,-121.409,-32.599,-18.906,0.086,1.036,1.2.826.0.1.3680043.8.498.69602439266530826431206442120752978810,23,4.56,1,True
1.2.826.0.1.3680043.8.498.19624674714110931897302481276137067638,lat_centre,-108.157,-42.755,-49.18,0.093,1.124,1.2.826.0.1.3680043.8.498.10298390427610871153535291351381832892,19,4.8,1,True
1.2.826.0.1.3680043.8.498.19706775737718777290660344285046025310,lat_centre,-105.031,-81.108,-23.935,0.1051,0.688,1.2.826.0.1.3680043.8.498.97002864023829673915009609427160287839,19,4.4,1,True
1.2.826.0.1.3680043.8.498.19722687746450343001601428638894755031,lat_centre,-99.933,7.498,-18.14,0.0925,0.53,1.2.826.0.1.3680043.8.498.40343874840444687228101563005549690874,39,3.5,1,True
1.2.826.0.1.3680043.8.498.19788612491138642031531719942303619648,lat_centre,-149.473,-51.671,-28.189,0.0793,0.709,1.2.826.0.1.3680043.8.498.11125896809962409070177601440001450709,40,0.4,8,True
1.2.826.0.1.3680043.8.498.19813267030974842239752491935957206955,lat_centre,-104.361,-58.818,-20.844,0.0981,1.114,1.2.826.0.1.3680043.8.498.30708990125082903095593367333538973019,19,4.4,1,True
1.2.826.0.1.3680043.8.498.19821498229702528191367700655079805824,lat_centre,-139.18,-45.613,-12.578,0.1186,1.316,1.2.826.0.1.3680043.8.498.11863647166406143175140124991383502785,29,3.3,1,True
1.2.826.0.1.3680043.8.498.19830663206351645385520268848711462246,lat_centre,-95.939,-23.12,-67.767,0.0789,0.636,1.2.826.0.1.3680043.8.498.10093187984474868500349331230606019194,36,2.875,1,True
1.2.826.0.1.3680043.8.498.19832308119617081676615236082965891208,lat_centre,-103.9,-34.62,-19.554,0.0769,0.737,1.2.826.0.1.3680043.8.498.43900428940670302294366505113320708945,33,3.3,1,True
1.2.826.0.1.3680043.8.498.19845711038895023426012115550237130530,lat_centre,-74.645,-4.492,17.949,0.1006,1.404,1.2.826.0.1.3680043.8.498.88578417860866309097862590677041794147,30,3.3,1,True
1.2.826.0.1.3680043.8.498.19871496221665809577186118817075295760,lat_centre,-84.767,-8.046,-11.402,0.091,1.587,1.2.826.0.1.3680043.8.498.61358459936414246387457682094924330891,28,3.6,1,True
1.2.826.0.1.3680043.8.498.19887850741193535685529812263489892001,lat_centre,-138.851,-56.247,2.537,0.0975,3.658,1.2.826.0.1.3680043.8.498.12783106801578304547479848140459380670,30,3.3,1,True
1.2.826.0.1.3680043.8.498.19895710326297085463251295629948896948,lat_centre,109.172,0.528,-59.038,0.0885,0.475,1.2.826.0.1.3680043.8.498.12374570687407247855221117424345872696,33,3.3,1,True
1.2.826.0.1.3680043.8.498.19925337578871911327225897926650188274,lat_centre,-101.745,-13.426,-22.349,0.0809,1.064,1.2.826.0.1.3680043.8.498.48160277096113644370934238934486402829,33,3.3,1,True
1.2.826.0.1.3680043.8.498.19965044457637713843792494926652048462,lat_centre,133.413,24.539,-28.216,0.0984,1.098,1.2.826.0.1.3680043.8.498.90586230071070700171633293127472610003,24,4.5,1,True
1.2.826.0.1.3680043.8.498.19977273190231806393528180968361858122,lat_centre,-118.612,-27.69,-35.876,0.0975,0.694,1.2.826.0.1.3680043.8.498.12708522205026444072919978992505744269,30,3.3,1,True
1.2.826.0.1.3680043.8.498.20023559426196341254845485444587607391,lat_centre,123.279,-32.388,11.035,0.1022,1.122,1.2.826.0.1.3680043.8.498.37241997076364900439820638362928047328,22,4.5,1,True
1.2.826.0.1.3680043.8.498.20063306448698185569553477478719533390,lat_centre,98.431,-24.444,-22.55,0.0752,1.096,1.2.826.0.1.3680043.8.498.67688831152973306672465372239485233979,33,3.3,1,True
1.2.826.0.1.3680043.8.498.20123813962665544845986028832159432587,lat_centre,150.783,21.285,-64.798,0.067,0.395,1.2.826.0.1.3680043.8.498.96808042190949595896542232647623224479,35,3.3,1,True
1.2.826.0.1.3680043.8.498.20134168618929769962391688049013971830,lat_centre,109.376,-12.452,-27.812,0.0861,0.718,1.2.826.0.1.3680043.8.498.70004411465192148499865921586061458323,34,3.0,1,True
1.2.826.0.1.3680043.8.498.20156361590688072955579948030116579099,lat_centre,39.711,15.471,-2.288,0.0994,0.691,1.2.826.0.1.3680043.8.498.12496022905207651570302081331321487053,21,4.4,1,True
1.2.826.0.1.3680043.8.498.20184541870535223885310764061146422870,lat_centre,-111.709,-11.404,-15.522,0.1093,0.966,1.2.826.0.1.3680043.8.498.70521700752910770270351352831225078813,35,3.3,1,True
1.2.826.0.1.3680043.8.498.20192024727432864451309151144591371229,lat_centre,-122.339,12.045,-11.71,0.0891,1.076,1.2.826.0.1.3680043.8.498.30805291642060106124242691031472812791,26,4.52,1,True
1.2.826.0.1.3680043.8.498.20196165276643741937915346646793735100,lat_centre,-102.573,-24.724,6.05,0.0996,0.639,1.2.826.0.1.3680043.8.498.33058179361288258855688941684882199643,36,3.0,1,True
1.2.826.0.1.3680043.8.498.20204907530808218314127264658715054041,lat_centre,46.489,3.539,-28.693,0.0947,0.472,1.2.826.0.1.3680043.8.498.71582789112069255276248231278643755020,26,4.0,1,True
1.2.826.0.1.3680043.8.498.20232953944759707220316171133595554284,lat_centre,-87.086,0.937,-3.5,0.0784,1.133,1.2.826.0.1.3680043.8.498.30010517423214921969566790288116711174,44,2.2,1,True
1.2.826.0.1.3680043.8.498.20266523169651039493799975212435349766,lat_centre,108.089,-3.748,-34.302,0.0966,1.327,1.2.826.0.1.3680043.8.498.80456535139889483603517687328453906405,36,0.89,4,True
1.2.826.0.1.3680043.8.498.20269296702024202621734017056347194499,lat_centre,109.204,-12.304,-4.286,0.0908,1.37,1.2.826.0.1.3680043.8.498.94284416663605591206297395908976513563,36,3.3,1,True
1.2.826.0.1.3680043.8.498.20301796413163444642416918108994411350,lat_centre,-131.297,-30.602,-19.332,0.1062,0.689,1.2.826.0.1.3680043.8.498.12853806077834777655014647458101588132,20,4.5,1,True
1.2.826.0.1.3680043.8.498.20375739629244657719385962474248679850,lat_centre,106.807,-3.043,3.433,0.0942,1.97,1.2.826.0.1.3680043.8.498.10742380850219837245211460396921572708,22,5.0,1,True
1.2.826.0.1.3680043.8.498.20411068889491114730824265411248922690,lat_centre,-108.463,-42.742,-8.615,0.1084,0.649,1.2.826.0.1.3680043.8.498.53374829398831722505513358794002082554,36,3.3,1,True
1.2.826.0.1.3680043.8.498.20427402498958253193571475926580142499,lat_centre,20.867,-0.211,-72.464,0.0988,0.82,1.2.826.0.1.3680043.8.498.25841643765386206511272578071513530961,24,3.9,1,True
1.2.826.0.1.3680043.8.498.20472525526345683475357475395677168372,lat_centre,-127.382,-48.063,-23.179,0.0872,0.362,1.2.826.0.1.3680043.8.498.56823044477545550460862438499834577304,36,3.5,1,True
1.2.826.0.1.3680043.8.498.20488337421252584047930242186072775007,lat_centre,-134.78,-54.609,-31.881,0.1017,1.486,1.2.826.0.1.3680043.8.498.52504327050979558401346566753733502381,32,3.3,1,True
1.2.826.0.1.3680043.8.498.20509336519532058090925280050885010886,lat_centre,-111.979,-39.455,-29.598,0.101,1.481,1.2.826.0.1.3680043.8.498.44764317581588028150942867633280611354,30,3.5,1,True
1.2.826.0.1.3680043.8.498.20521417572710861366819886462837836465,lat_centre,-107.467,-3.517,2.232,0.1065,1.089,1.2.826.0.1.3680043.8.498.11452430246317841725938599513849052358,24,4.0,1,True
1.2.826.0.1.3680043.8.498.20522330861615570894210641293344468905,lat_centre,-114.709,-46.294,32.621,0.0881,1.237,1.2.826.0.1.3680043.8.498.35891815386087851729579765833722570550,29,3.3,1,True
1.2.826.0.1.3680043.8.498.20587514285427671071934631922521946816,lat_centre,-106.822,3.857,-16.45,0.0996,0.723,1.2.826.0.1.3680043.8.498.10773297602172132707917389634873645178,32,3.0,1,True
1.2.826.0.1.3680043.8.498.20600318722531772866761132262772105640,lat_centre,-108.215,-26.64,-23.112,0.0975,1.665,1.2.826.0.1.3680043.8.498.12371571603295181150767319850480651367,33,3.3,1,True
1.2.826.0.1.3680043.8.498.20640858366001462094044810443654811785,lat_centre,-105.031,-20.655,-4.639,0.1083,0.89,1.2.826.0.1.3680043.8.498.42424897503694901917876578829512225714,30,3.3,1,True
1.2.826.0.1.3680043.8.498.20690227395174139480327772367312879333,lat_centre,69.382,8.68,-31.786,0.1066,0.788,1.2.826.0.1.3680043.8.498.70971876897803377447635194670262846563,25,4.4,1,True
1.2.826.0.1.3680043.8.498.20733151481921261415295204209910573639,lat_centre,-84.642,53.146,-15.123,0.095,1.563,1.2.826.0.1.3680043.8.498.26118892537419085557301539679548395641,26,4.5,1,True
1.2.826.0.1.3680043.8.498.20781255814255169306555078952156148784,lat_centre,142.682,-31.571,-53.458,0.1017,1.209,1.2.826.0.1.3680043.8.498.10749787484808383131258619247430599358,31,3.3,1,True
1.2.826.0.1.3680043.8.498.20801986011906346655458394198951999413,lat_centre,-130.187,-11.479,2.739,0.0935,0.938,1.2.826.0.1.3680043.8.498.60781071029914948720427832398640319702,48,2.2,1,True
1.2.826.0.1.3680043.8.498.20850785960533583051456342090773230767,lat_centre,-137.18,-36.9,-37.265,0.1223,1.406,1.2.826.0.1.3680043.8.498.10059771288496613521644569510237655897,29,3.3,1,True
1.2.826.0.1.3680043.8.498.20852351697358589606507109300359572624,lat_centre,-157.596,10.792,-42.044,0.1083,0.589,1.2.826.0.1.3680043.8.498.16457575526252172518464981547230881582,34,3.4,1,True
1.2.826.0.1.3680043.8.498.20859518005209632163032213488405671537,lat_centre,142.24,-23.971,-34.199,0.095,0.501,1.2.826.0.1.3680043.8.498.19736299254652800512021750149964811616,35,3.3,1,True
1.2.826.0.1.3680043.8.498.20933151653103548000061448393771614270,lat_centre,-98.292,-13.36,-54.667,0.0779,1.119,1.2.826.0.1.3680043.8.498.56844460485952340556089632287467034173,34,4.52,1,True
1.2.826.0.1.3680043.8.498.20947841686457891570351579406919873254,lat_centre,103.532,-34.421,-26.971,0.1001,0.643,1.2.826.0.1.3680043.8.498.12847593812411325801137858123014009171,28,3.3,1,True
1.2.826.0.1.3680043.8.498.20953536352252551462901259297974956430,lat_centre,-102.732,44.27,-4.172,0.0961,0.874,1.2.826.0.1.3680043.8.498.83171250629713292101967120126611100629,26,4.5,1,True
1.2.826.0.1.3680043.8.498.20969353615978236040448556356026349615,lat_centre,78.94,50.855,-0.138,0.1084,1.085,1.2.826.0.1.3680043.8.498.47176825864135895710686224061910027541,31,3.3,1,True
1.2.826.0.1.3680043.8.498.21012635480218712816069264326295410954,lat_centre,-118.054,-19.495,9.768,0.1093,0.357,1.2.826.0.1.3680043.8.498.11252550908122112963048082445356671932,48,2.2,1,True
1.2.826.0.1.3680043.8.498.21024377993947321291280779867493407199,lat_centre,122.138,-37.511,-14.109,0.0926,0.824,1.2.826.0.1.3680043.8.498.99756865494595141142824145518281660651,22,4.208,1,True
1.2.826.0.1.3680043.8.498.21060274255072711241653174133146945101,lat_centre,-127.298,-42.651,-54.659,0.0786,0.646,1.2.826.0.1.3680043.8.498.77773499413028298158971716956176861116,40,0.4,8,True
1.2.826.0.1.3680043.8.498.21116046804798247223618072736212944615,lat_centre,-98.795,4.651,-32.343,0.1084,1.348,1.2.826.0.1.3680043.8.498.53368308984301699972971631608070411300,30,3.3,1,True
1.2.826.0.1.3680043.8.498.21135201439483157418374033420156525658,lat_centre,115.589,-48.596,-11.683,0.1082,1.193,1.2.826.0.1.3680043.8.498.10145114822375225288718996935566071440,34,3.3,1,True
1.2.826.0.1.3680043.8.498.21142867813782396036287673290033987859,lat_centre,-134.957,-45.103,-15.22,0.0804,0.999,1.2.826.0.1.3680043.8.498.84699721584779289756021600343576802417,40,0.4,8,True
1.2.826.0.1.3680043.8.498.21239630702461934662855021164119114203,lat_centre,-137.504,-44.778,-23.596,0.1201,1.588,1.2.826.0.1.3680043.8.498.87505716596937779484047808618604555708,29,3.3,1,True
1.2.826.0.1.3680043.8.498.21294732642571417618432023007693943849,lat_centre,129.248,-49.698,-17.165,0.0872,0.942,1.2.826.0.1.3680043.8.498.36770832831974811584929274500014313557,29,3.3,1,True
1.2.826.0.1.3680043.8.498.21312254534068992054745674608909722454,lat_centre,107.258,10.877,-3.276,0.1217,0.93,1.2.826.0.1.3680043.8.498.70519981279366287029477659588116463346,30,3.3,1,True
1.2.826.0.1.3680043.8.498.21322638458116180116030396109651929596,lat_centre,102.203,-11.019,-6.561,0.0781,1.014,1.2.826.0.1.3680043.8.498.11789656762228591310153584082881387402,29,3.6,1,True
1.2.826.0.1.3680043.8.498.21389336408905524316915532623385847283,lat_centre,-102.151,-62.335,-9.267,0.0731,1.028,1.2.826.0.1.3680043.8.498.12309473356029514104187086447050128449,19,4.8,1,True
1.2.826.0.1.3680043.8.498.21403015320378798778538823075316902483,lat_centre,-104.189,3.047,-43.71,0.0878,0.873,1.2.826.0.1.3680043.8.498.95809182289631106242388773019224657783,33,3.3,1,True
1.2.826.0.1.3680043.8.498.21413285047211074156709106352750752275,lat_centre,-144.586,-11.617,-35.789,0.1051,0.699,1.2.826.0.1.3680043.8.498.11652508826162764717405568023693331243,32,3.51,1,True
1.2.826.0.1.3680043.8.498.21449012857520712901884874638467532958,lat_centre,-127.794,-51.777,-16.375,0.0896,0.684,1.2.826.0.1.3680043.8.498.78454970986687302386434760922475204291,40,0.4,8,True
1.2.826.0.1.3680043.8.498.21478660341431677113136859217606773871,lat_centre,-136.6,-59.322,40.237,0.0948,1.016,1.2.826.0.1.3680043.8.498.13445834469893531210728016842258975634,30,3.3,1,True
1.2.826.0.1.3680043.8.498.21520719119040558609068952147312604007,lat_centre,30.917,10.815,-27.618,0.1257,0.586,1.2.826.0.1.3680043.8.498.71714413609740607548349783223735681050,24,3.9,1,True
1.2.826.0.1.3680043.8.498.21556073772857867149576001337847113661,lat_centre,-130.489,-71.838,-6.729,0.0626,0.344,1.2.826.0.1.3680043.8.498.10180717253495908374501154988671263113,40,0.4,8,True
1.2.826.0.1.3680043.8.498.21558570608416990974711670673431746511,lat_centre,87.669,47.906,-44.783,0.0937,1.076,1.2.826.0.1.3680043.8.498.10815450037110808084777982360739835955,22,5.0,1,True
1.2.826.0.1.3680043.8.498.21584859831565112159503971937497384030,lat_centre,-92.106,-62.224,-59.232,0.1055,1.373,1.2.826.0.1.3680043.8.498.10611814951360956088900540202383004575,30,3.0,1,True
1.2.826.0.1.3680043.8.498.21605506484276750075895228202564072044,lat_centre,-113.571,-11.409,-14.61,0.1028,0.846,1.2.826.0.1.3680043.8.498.86503892096219946924816229366996913379,36,0.89,4,True
1.2.826.0.1.3680043.8.498.21606196343708804451390109412118036330,lat_centre,-136.902,15.782,4.081,0.079,1.459,1.2.826.0.1.3680043.8.498.69758444945480502033227478842724221746,22,5.0,1,True
1.2.826.0.1.3680043.8.498.21634792491972658759276025394685307053,lat_centre,-32.684,23.646,-63.676,0.0733,0.518,1.2.826.0.1.3680043.8.498.86471309283202983932030505791954142461,30,4.0,1,True
1.2.826.0.1.3680043.8.498.21636337451527049130190928852193267826,lat_centre,-133.704,-22.475,-6.003,0.0798,2.413,1.2.826.0.1.3680043.8.498.13136174690973501243358804569306831705,40,3.3,1,True
1.2.826.0.1.3680043.8.498.21726746202429506433532477857404854137,lat_centre,-102.991,-56.932,-21.858,0.0871,1.308,1.2.826.0.1.3680043.8.498.50016497694788387918127169515047434638,19,4.8,1,True
1.2.826.0.1.3680043.8.498.21769352980698937182060933429354012104,lat_centre,98.821,4.275,-5.183,0.0976,0.524,1.2.826.0.1.3680043.8.498.22299243413996752386293441971692524927,32,3.3,1,True
1.2.826.0.1.3680043.8.498.21798342483930597563659425189400765869,lat_centre,147.019,-8.345,-10.414,0.0965,0.561,1.2.826.0.1.3680043.8.498.54868458400605913813368631943667283403,22,4.5,1,True
1.2.826.0.1.3680043.8.498.21862609534273524003153225756948913437,lat_centre,173.239,3.617,-38.975,0.0871,0.59,1.2.826.0.1.3680043.8.498.97423979213378037024610108638471347728,25,4.5,1,True
1.2.826.0.1.3680043.8.498.21868734450232158209414868901539475548,lat_centre,-134.07,-17.745,-22.884,0.1032,1.018,1.2.826.0.1.3680043.8.498.53719300505946698075151357454327376426,33,3.3,1,True
1.2.826.0.1.3680043.8.498.21874562538764236819894456417694074673,lat_centre,-122.748,-2.874,-9.591,0.1071,1.029,1.2.826.0.1.3680043.8.498.11349875172238633124990852670323266349,42,2.2,1,True
1.2.826.0.1.3680043.8.498.21904421326144238681996713485932410596,lat_centre,101.137,1.776,-36.803,0.1098,0.744,1.2.826.0.1.3680043.8.498.10926920291479903576333878541630954858,33,3.3,1,True
1.2.826.0.1.3680043.8.498.21937000442536121262190458446148124910,lat_centre,-93.793,-19.589,-20.609,0.0801,1.403,1.2.826.0.1.3680043.8.498.38410944257644235186573918242080114073,29,3.6,1,True
1.2.826.0.1.3680043.8.498.21954482915702797371609582020715955762,lat_centre,-95.002,-7.19,-11.482,0.1056,1.585,1.2.826.0.1.3680043.8.498.13342761481170638701155471613070779961,34,3.0,1,True
1.2.826.0.1.3680043.8.498.21991252201684723900045301917670383228,lat_centre,127.848,-5.924,-18.177,0.1015,0.899,1.2.826.0.1.3680043.8.498.33314721472125828628933925942101242960,48,2.2,1,True
1.2.826.0.1.3680043.8.498.22007253197523827371600763959266047295,lat_centre,-139.819,-43.263,-0.9,0.0945,1.061,1.2.826.0.1.3680043.8.498.54398150421721668346501735388684104661,33,3.9,1,True
1.2.826.0.1.3680043.8.498.22025729757015485203756049440674914537,lat_centre,138.143,-9.296,0.875,0.1091,0.796,1.2.826.0.1.3680043.8.498.32021150219773952021041742066644123061,23,4.5,1,True
1.2.826.0.1.3680043.8.498.22027914323057444746912555313058666950,lat_centre,109.834,11.944,-29.459,0.1245,0.659,1.2.826.0.1.3680043.8.498.43050587631222553896410266203385800075,26,4.0,1,True
1.2.826.0.1.3680043.8.498.22053727963380087706894183799325067544,lat_centre,93.677,-10.662,-4.749,0.091,1.201,1.2.826.0.1.3680043.8.498.12435949525592914447965909941729928072,32,3.3,1,True
1.2.826.0.1.3680043.8.498.22057596860528658818833903685827585805,lat_centre,-114.138,-8.236,-13.779,0.1125,0.785,1.2.826.0.1.3680043.8.498.44940057266941549625663772742466711244,34,3.0,1,True
1.2.826.0.1.3680043.8.498.22088734384869383587217556574382319654,lat_centre,96.177,-36.278,-11.75,0.0774,0.913,1.2.826.0.1.3680043.8.498.21079636721568781952508236209729887214,33,3.3,1,True
1.2.826.0.1.3680043.8.498.22109739962224309418874538994436903404,lat_centre,107.844,-49.871,3.548,0.1134,2.747,1.2.826.0.1.3680043.8.498.52627968695314286677230767737762639225,34,3.96,1,True
1.2.826.0.1.3680043.8.498.22119720417177816110156744770171496965,lat_centre,-123.77,-58.328,15.103,0.0817,3.195,1.2.826.0.1.3680043.8.498.64829786486536630948464935450584335543,29,3.3,1,True
1.2.826.0.1.3680043.8.498.22126824950877890715014783370071292997,lat_centre,142.297,-43.336,20.52,0.0847,1.965,1.2.826.0.1.3680043.8.498.13370981123290044053927844686603836919,29,3.3,1,True
1.2.826.0.1.3680043.8.498.22135282054716841452811687331325271982,lat_centre,40.04,-1.293,-22.436,0.0935,1.627,1.2.826.0.1.3680043.8.498.91050020860918448038372800976651514831,17,5.0,1,True
1.2.826.0.1.3680043.8.498.22137222939487357840166329770642627189,lat_centre,105.948,-20.492,-21.242,0.1044,2.125,1.2.826.0.1.3680043.8.498.76156143298318526227716317404703912949,32,3.3,1,True
1.2.826.0.1.3680043.8.498.22249763791584161324425922920269052844,lat_centre,96.615,10.417,-32.68,0.1,1.163,1.2.826.0.1.3680043.8.498.11358071312845175980582430904719432038,33,3.3,1,True
1.2.826.0.1.3680043.8.498.22263857526032448247006468310072414129,lat_centre,122.175,-37.084,19.178,0.0812,0.564,1.2.826.0.1.3680043.8.498.13243160805922545284769276591868445553,30,3.3,1,True
1.2.826.0.1.3680043.8.498.22275537949387641831010030150398063643,lat_centre,-104.105,-7.476,-23.282,0.1026,0.66,1.2.826.0.1.3680043.8.498.11568485591159278024419822096638847130,46,2.2,1,True
1.2.826.0.1.3680043.8.498.22338400095583099753286935111647807038,lat_centre,109.121,-40.921,-52.566,0.0859,0.537,1.2.826.0.1.3680043.8.498.11025208530692205410497984115791792992,34,3.3,1,True
1.2.826.0.1.3680043.8.498.22357754074308826479280023393343731000,lat_centre,148.958,58.864,-84.095,0.0749,1.071,1.2.826.0.1.3680043.8.498.64509351439204561124205676003142261196,35,3.3,1,True
1.2.826.0.1.3680043.8.498.22394208178597637441149549895512290013,lat_centre,94.117,-24.007,2.119,0.107,0.974,1.2.826.0.1.3680043.8.498.73164823067389043495794059636850558720,33,3.3,1,True
1.2.826.0.1.3680043.8.498.22398041676780235097751294563297953841,lat_centre,-136.268,-41.648,-4.332,0.0815,0.922,1.2.826.0.1.3680043.8.498.28555013540980325243536064689265729922,40,0.4,8,True
1.2.826.0.1.3680043.8.498.22398731807962276404889164827238996005,lat_centre,-130.802,-19.382,17.483,0.1224,1.913,1.2.826.0.1.3680043.8.498.36499890710517785688285285712738238471,23,4.5,1,True
1.2.826.0.1.3680043.8.498.22407175411826914385667795929161924645,lat_centre,136.69,-42.874,10.238,0.0997,1.72,1.2.826.0.1.3680043.8.498.74368606250009360116849917558220814456,23,4.4,1,True
1.2.826.0.1.3680043.8.498.22426390571898968732573184721547490379,lat_centre,103.084,-68.55,-32.717,0.0811,0.604,1.2.826.0.1.3680043.8.498.16960014699163769841341040534701919683,19,5.0,1,True
1.2.826.0.1.3680043.8.498.22456525904575663955604077506103354060,lat_centre,-129.37,-37.313,-5.274,0.1207,0.858,1.2.826.0.1.3680043.8.498.86677045942694059277557242033992930194,31,3.3,1,True
1.2.826.0.1.3680043.8.498.22480218016816209183384996714060953859,lat_centre,-112.276,15.638,-34.67,0.1043,2.684,1.2.826.0.1.3680043.8.498.22345907772229366812094546073558707653,28,4.0,1,True
1.2.826.0.1.3680043.8.498.22508124641661887430614105328316053644,lat_centre,-133.229,-25.093,-32.313,0.0931,0.938,1.2.826.0.1.3680043.8.498.34491328021323724703034269313224125087,35,3.3,1,True
1.2.826.0.1.3680043.8.498.22583985355672251619550173090948161714,lat_centre,134.071,-22.8,13.235,0.1049,1.767,1.2.826.0.1.3680043.8.498.91758844599580325032197314958890734576,32,3.51,1,True
1.2.826.0.1.3680043.8.498.22594249996322566888700984133307337128,lat_centre,-106.438,-13.384,-27.672,0.1158,2.164,1.2.826.0.1.3680043.8.498.62502654870614525659224600863152472360,33,3.3,1,True
1.2.826.0.1.3680043.8.498.22594742481654038247097269358877852869,lat_centre,-23.842,-17.717,-19.124,0.1161,1.402,1.2.826.0.1.3680043.8.498.75857146539247903458468642693847562640,24,3.9,1,True
1.2.826.0.1.3680043.8.498.22596004572382994883130705870731193046,lat_centre,98.803,-64.296,-0.097,0.0938,0.989,1.2.826.0.1.3680043.8.498.31300341764300243020446210713998179153,19,4.4,1,True
1.2.826.0.1.3680043.8.498.22617494262793136174349268379191631799,lat_centre,-130.354,-30.756,-22.728,0.0959,0.682,1.2.826.0.1.3680043.8.498.95549952506945202658164742141451282944,29,3.3,1,True
1.2.826.0.1.3680043.8.498.22632919018724241015271844108954804020,lat_centre,-107.364,-13.555,-24.814,0.0813,0.928,1.2.826.0.1.3680043.8.498.96616229739541250813793219899224903046,33,3.6,1,True
1.2.826.0.1.3680043.8.498.22656222254273662937226093008714426490,lat_centre,-99.394,0.101,-22.674,0.0921,0.868,1.2.826.0.1.3680043.8.498.33563144347046850616229494586496407515,35,3.3,1,True
1.2.826.0.1.3680043.8.498.22678957404909201599340396039237525550,lat_centre,91.162,29.937,-20.927,0.109,0.755,1.2.826.0.1.3680043.8.498.52306955606281620616666095177360439658,23,4.8,1,True
1.2.826.0.1.3680043.8.498.22684505799921376181913295621462268931,lat_centre,133.106,-23.229,-34.638,0.088,0.733,1.2.826.0.1.3680043.8.498.65779926973290374224666070254938037320,32,3.3,1,True
1.2.826.0.1.3680043.8.498.22803020644232321685575897661362804423,lat_centre,90.449,-21.187,-7.367,0.0978,0.826,1.2.826.0.1.3680043.8.498.34502479403640662135460931269393539081,22,4.5,1,True
1.2.826.0.1.3680043.8.498.22867776500261605752195206933939172136,lat_centre,109.952,-33.968,-16.361,0.0947,0.503,1.2.826.0.1.3680043.8.498.39227238541207898441282647022853694775,28,3.5,1,True
1.2.826.0.1.3680043.8.498.22886251629508830700774506697670139848,lat_centre,-120.342,-49.992,-23.098,0.103,1.466,1.2.826.0.1.3680043.8.498.92548634661520652237930619732014106768,32,3.3,1,True
1.2.826.0.1.3680043.8.498.22938598188283919466040132624303635817,lat_centre,112.456,-48.717,-48.417,0.0905,1.196,1.2.826.0.1.3680043.8.498.16651850833727309298887418483586312089,19,4.4,1,True
1.2.826.0.1.3680043.8.498.22985467719058223198642920273233975053,lat_centre,-112.009,-45.771,-5.566,0.1011,1.259,1.2.826.0.1.3680043.8.498.22560237078700754547342296052836183965,34,3.3,1,True
1.2.826.0.1.3680043.8.498.22990786875064680564672188701015740170,lat_centre,-130.676,-66.256,-13.387,0.1099,1.65,1.2.826.0.1.3680043.8.498.45428601233787588940719158936408241733,28,4.3,1,True
1.2.826.0.1.3680043.8.498.23043120269252616884307662769766701449,lat_centre,135.844,-38.925,-6.396,0.0873,0.599,1.2.826.0.1.3680043.8.498.86012814429464121056174275143820312401,36,2.75,1,True
1.2.826.0.1.3680043.8.498.23046618786812839762801821364158313134,lat_centre,-37.434,13.802,-20.549,0.0929,1.116,1.2.826.0.1.3680043.8.498.61253592500888755458885642191150711706,26,4.0,1,True
1.2.826.0.1.3680043.8.498.23063675880057833741455102729816364091,lat_centre,-60.812,-58.384,-22.814,0.0941,1.46,1.2.826.0.1.3680043.8.498.26395964187297215523020077545855554069,19,4.4,1,True
1.2.826.0.1.3680043.8.498.23065868481290440008286663193810913414,lat_centre,-107.177,-28.959,-19.789,0.103,1.221,1.2.826.0.1.3680043.8.498.51901380210954715354659293085619315787,35,3.3,1,True
1.2.826.0.1.3680043.8.498.23073694267101759922738121732233014980,lat_centre,-95.193,-10.281,0.965,0.0786,0.931,1.2.826.0.1.3680043.8.498.15040432130556352301352594899163457524,33,3.3,1,True
1.2.826.0.1.3680043.8.498.23081294963277525274551516232134221416,lat_centre,106.827,8.384,-33.034,0.1409,1.445,1.2.826.0.1.3680043.8.498.21891212526485976031213782553438030940,21,3.9,1,True
1.2.826.0.1.3680043.8.498.23094733099955217022059584418468076048,lat_centre,-138.25,-34.761,-5.42,0.1021,0.939,1.2.826.0.1.3680043.8.498.36296029079957551969013423439568103249,28,3.753,1,True
1.2.826.0.1.3680043.8.498.23107903961514228607587963030481481744,lat_centre,-113.574,-18.37,-6.765,0.0897,0.896,1.2.826.0.1.3680043.8.498.10875220221313346496926201774349889539,35,3.3,1,True
1.2.826.0.1.3680043.8.498.23166300530486600338569917595744444657,lat_centre,-110.801,-57.429,-17.094,0.0685,0.799,1.2.826.0.1.3680043.8.498.25780033149976406243381754337682422031,40,0.4,8,True
1.2.826.0.1.3680043.8.498.23182005205627494484490011351673355568,lat_centre,-102.717,0.126,-7.803,0.0909,1.39,1.2.826.0.1.3680043.8.498.94858703494067451594142450362968933451,34,3.0,1,True
1.2.826.0.1.3680043.8.498.23378338408981699466914366379590099738,lat_centre,99.148,30.602,7.073,0.1,0.614,1.2.826.0.1.3680043.8.498.12814814131876601312700547145155475094,24,3.9,1,True
1.2.826.0.1.3680043.8.498.23394601328148358087542766577727876635,lat_centre,-100.772,-32.178,-19.231,0.0904,0.963,1.2.826.0.1.3680043.8.498.92217369825700019958747342412669410442,30,3.3,1,True
1.2.826.0.1.3680043.8.498.23409201792139701921731647470152180932,lat_centre,-102.089,4.905,-19.928,0.0967,0.75,1.2.826.0.1.3680043.8.498.84912665976672177232557111341390799402,30,3.3,1,True
1.2.826.0.1.3680043.8.498.23422918444346962998731376196027420200,lat_centre,-117.452,-41.35,-20.69,0.0975,1.45,1.2.826.0.1.3680043.8.498.10598348235067725994506140798807934807,23,3.85,1,True
1.2.826.0.1.3680043.8.498.23427198594727947883953289189443006288,lat_centre,15.718,12.289,-26.98,0.068,0.701,1.2.826.0.1.3680043.8.498.24763327400751927294064161675407464320,26,3.7,1,True
1.2.826.0.1.3680043.8.498.23518857399095666263158269685495375084,lat_centre,102.628,-6.875,13.576,0.1155,0.821,1.2.826.0.1.3680043.8.498.10996999805101794740908623332295404856,32,3.3,1,True
1.2.826.0.1.3680043.8.498.23523176367321534630723586470190430254,lat_centre,-89.574,59.754,-46.609,0.0967,2.483,1.2.826.0.1.3680043.8.498.86651125750476640600458564882684251082,24,4.5,1,True
1.2.826.0.1.3680043.8.498.23677916081296740815989149501889343663,lat_centre,-133.824,-34.588,-19.649,0.0868,1.257,1.2.826.0.1.3680043.8.498.10884505545404627900694775598577945784,33,3.9,1,True
1.2.826.0.1.3680043.8.498.23686732555936573712275826587678502899,lat_centre,-104.693,5.521,-20.621,0.1206,1.675,1.2.826.0.1.3680043.8.498.12753711859665227330448716520505256174,30,3.3,1,True
1.2.826.0.1.3680043.8.498.23703817737293327679300330167234268929,lat_centre,-71.377,15.203,34.059,0.0835,1.464,1.2.826.0.1.3680043.8.498.72244206582468511055201973555490859607,36,3.3,1,True
1.2.826.0.1.3680043.8.498.23713320796530316370039202981138376061,lat_centre,-26.648,0.888,4.116,0.1441,2.016,1.2.826.0.1.3680043.8.498.69316538671700586797863994429414069013,19,4.4,1,True
1.2.826.0.1.3680043.8.498.23719982492392272262684855675016475265,lat_centre,-103.078,-9.169,-9.22,0.103,1.351,1.2.826.0.1.3680043.8.498.66451332882238713279048443464918006364,34,3.0,1,True
1.2.826.0.1.3680043.8.498.23733147518259581649562651915997449088,lat_centre,-100.704,-24.494,-14.569,0.1011,1.261,1.2.826.0.1.3680043.8.498.10226041413486864691002886667352603128,33,3.3,1,True
1.2.826.0.1.3680043.8.498.23757007145576852496599816072431075057,lat_centre,100.511,-21.202,8.033,0.0946,0.486,1.2.826.0.1.3680043.8.498.65085044117120766461723701836628859834,32,3.3,1,True
1.2.826.0.1.3680043.8.498.23822313132245448173452915228147497501,lat_centre,137.879,0.141,-14.319,0.0963,2.979,1.2.826.0.1.3680043.8.498.65400486778296548060136164010591707423,48,2.2,1,True
1.2.826.0.1.3680043.8.498.23833933822461809237193998300076847210,lat_centre,-104.668,-53.947,-25.384,0.1041,0.436,1.2.826.0.1.3680043.8.498.58831835034125080065323823604480138601,32,3.3,1,True
1.2.826.0.1.3680043.8.498.23849672490426589132734390202638283865,lat_centre,-104.861,42.563,-4.033,0.0701,1.563,1.2.826.0.1.3680043.8.498.77874791346378819343113775945914406827,26,4.5,1,True
1.2.826.0.1.3680043.8.498.23911658810234305013984976739924353704,lat_centre,-128.473,-56.005,-35.548,0.069,0.605,1.2.826.0.1.3680043.8.498.91222498624167450283311349753037909282,40,0.4,8,True
1.2.826.0.1.3680043.8.498.23939313916974849526459717576344063277,lat_centre,-147.073,-39.784,-34.782,0.1029,0.686,1.2.826.0.1.3680043.8.498.64377746410115163216126275635225648263,25,3.85,1,True
1.2.826.0.1.3680043.8.498.23956169649865635269920565218680494366,lat_centre,115.136,-49.159,-42.746,0.0961,0.787,1.2.826.0.1.3680043.8.498.72449199995920253342372245914209719760,34,3.3,1,True
1.2.826.0.1.3680043.8.498.23986051274386630509877205174270047762,lat_centre,99.506,-16.671,-14.172,0.0851,1.032,1.2.826.0.1.3680043.8.498.45486179012549663929458966088626205723,36,0.89,4,True
1.2.826.0.1.3680043.8.498.24012076387083114283116476459425015413,lat_centre,-100.558,3.646,-14.423,0.12,1.905,1.2.826.0.1.3680043.8.498.52243868753797707438770161219910910780,27,4.0,1,True
1.2.826.0.1.3680043.8.498.24068239310155798723127213793623172530,lat_centre,-105.939,-16.391,-9.354,0.0952,2.266,1.2.826.0.1.3680043.8.498.72941123101002664068518800480353912052,28,4.0,1,True
1.2.826.0.1.3680043.8.498.24101792822866991033671006059283560916,lat_centre,127.639,-36.294,-29.5,0.0953,0.823,1.2.826.0.1.3680043.8.498.11046858953591803686991180687662050663,24,4.5,1,True
1.2.826.0.1.3680043.8.498.24126422042626612740219325272793737656,lat_centre,39.553,-9.741,-22.062,0.1096,1.62,1.2.826.0.1.3680043.8.498.93871529465593931752755195378956373487,27,4.025,1,True
1.2.826.0.1.3680043.8.498.24209643225939781032698894992032106781,lat_centre,139.245,-35.264,-8.33,0.0967,0.54,1.2.826.0.1.3680043.8.498.13379198197879294076130413877134950088,30,3.3,1,True
1.2.826.0.1.3680043.8.498.24219103446788192052503003052696523200,lat_centre,113.924,-47.293,-36.601,0.1021,1.325,1.2.826.0.1.3680043.8.498.46997994626264052333012734908948888662,30,3.3,1,True
1.2.826.0.1.3680043.8.498.24220732394554303343522053195582322788,lat_centre,96.095,14.104,-27.463,0.1161,0.692,1.2.826.0.1.3680043.8.498.61824577127603484626516134513610383409,24,4.0,1,True
1.2.826.0.1.3680043.8.498.24267153760943721146187182369810590631,lat_centre,129.564,-34.028,-25.763,0.0862,0.466,1.2.826.0.1.3680043.8.498.12338193034184948509244073689011265947,33,3.3,1,True
1.2.826.0.1.3680043.8.498.24283484945988825507450239904606754405,lat_centre,-131.015,-56.501,-20.05,0.0994,1.474,1.2.826.0.1.3680043.8.498.27423679132125243988246560269212833511,25,3.85,1,True
1.2.826.0.1.3680043.8.498.24291465113360632954006568021942978765,lat_centre,-110.814,-36.099,-38.947,0.0841,3.327,1.2.826.0.1.3680043.8.498.60824386064264777694144543143335563617,30,3.3,1,True
1.2.826.0.1.3680043.8.498.24302889622350917085868032747474929504,lat_centre,-96.722,-19.846,29.898,0.0992,0.567,1.2.826.0.1.3680043.8.498.42180356057013388711051777559705857853,29,3.6,1,True
1.2.826.0.1.3680043.8.498.24313647347273496316728514161733307557,lat_centre,145.023,-49.751,-15.385,0.0918,1.198,1.2.826.0.1.3680043.8.498.67954101476322784463095191846767762397,28,4.0,1,True
1.2.826.0.1.3680043.8.498.24369332907731805266450307536793220148,lat_centre,113.236,-48.874,-3.68,0.0862,0.813,1.2.826.0.1.3680043.8.498.62640311124283986072962619363965269491,34,3.3,1,True
1.2.826.0.1.3680043.8.498.24432243084670627958434695475653885175,lat_centre,-93.809,-9.362,-34.713,0.1065,0.677,1.2.826.0.1.3680043.8.498.29876621372733732833737754137781827351,32,3.3,1,True
1.2.826.0.1.3680043.8.498.24478195415117310702720951368429189290,lat_centre,109.367,-14.716,-2.196,0.1063,0.904,1.2.826.0.1.3680043.8.498.67993818049945495892107988968613297580,34,3.0,1,True
1.2.826.0.1.3680043.8.498.24502332819381293694020055836255028614,lat_centre,-136.684,-46.523,-8.439,0.122,1.567,1.2.826.0.1.3680043.8.498.71121256822437936986967711178028788097,29,3.3,1,True
1.2.826.0.1.3680043.8.498.24529300482982370922479679056174585978,lat_centre,-127.761,-61.597,-7.43,0.0935,1.474,1.2.826.0.1.3680043.8.498.10097114342487245269502915278041526907,27,4.0,1,True
1.2.826.0.1.3680043.8.498.24555528844026121007453886375651403314,lat_centre,113.71,-34.054,-54.374,0.0946,2.033,1.2.826.0.1.3680043.8.498.11236109009719282400843886712346073372,30,3.3,1,True
1.2.826.0.1.3680043.8.498.24563801799946310644914912532825629118,lat_centre,113.29,-40.96,-14.812,0.1007,1.153,1.2.826.0.1.3680043.8.498.12093509788867022895407332393883429219,30,3.3,1,True
1.2.826.0.1.3680043.8.498.24588524807799377432185260702152371503,lat_centre,-139.238,-43.729,-8.217,0.115,1.022,1.2.826.0.1.3680043.8.498.83725936957424306595093730826762381061,29,3.3,1,True
1.2.826.0.1.3680043.8.498.24635589616467409099788838058892886889,lat_centre,119.208,-32.783,-38.028,0.0799,1.835,1.2.826.0.1.3680043.8.498.82832946964243335523346004176138233026,28,3.3,1,True
1.2.826.0.1.3680043.8.498.24661137747502154216858169258339731263,lat_centre,-106.003,-30.433,-1.127,0.101,1.506,1.2.826.0.1.3680043.8.498.30387733980097788001939393367316662687,32,2.875,1,True
1.2.826.0.1.3680043.8.498.24679905857546029995247839380830345841,lat_centre,-85.515,1.127,-18.689,0.0964,0.561,1.2.826.0.1.3680043.8.498.12467323665997321939143587665965898403,27,3.5,1,True
1.2.826.0.1.3680043.8.498.24680736086205072406257935876858402593,lat_centre,117.117,-40.742,-51.957,0.071,0.838,1.2.826.0.1.3680043.8.498.38364812503246712555475749606643273490,19,5.0,1,True
1.2.826.0.1.3680043.8.498.24714029982431301486050388345836960910,lat_centre,64.33,-1.562,-41.793,0.0993,1.258,1.2.826.0.1.3680043.8.498.58449158590310364975654341773897923681,19,4.4,1,True
1.2.826.0.1.3680043.8.498.24758830794084473905762034032291806038,lat_centre,102.581,25.613,-52.913,0.1093,0.965,1.2.826.0.1.3680043.8.498.62567467962696976219606184786180772374,27,3.74,1,True
1.2.826.0.1.3680043.8.498.24808246532191535554375304081795021306,lat_centre,-102.228,-2.804,-8.791,0.0881,0.864,1.2.826.0.1.3680043.8.498.12420583606473846676808224597548290232,37,3.0,1,True
1.2.826.0.1.3680043.8.498.24826041178550854190310664677274404684,lat_centre,110.102,-15.036,-41.329,0.0818,1.153,1.2.826.0.1.3680043.8.498.49065522942671354058167017519077767045,30,3.3,1,True
1.2.826.0.1.3680043.8.498.24866943620580666216571030343221534720,lat_centre,-134.329,-75.944,-3.664,0.121,2.163,1.2.826.0.1.3680043.8.498.41778198489689697090185735136597299205,22,5.063,1,True
1.2.826.0.1.3680043.8.498.24872746733270791851241663716306993824,lat_centre,-109.843,-14.197,-30.269,0.1202,0.899,1.2.826.0.1.3680043.8.498.15498865849582731888087178853948367038,32,3.3,1,True
1.2.826.0.1.3680043.8.498.24875052319550288230112434151792125187,lat_centre,-95.108,9.71,2.455,0.0971,0.761,1.2.826.0.1.3680043.8.498.11791116892739648845869424239781280321,30,3.3,1,True
1.2.826.0.1.3680043.8.498.24940437326555494150792221007907527983,lat_centre,113.734,11.382,-20.393,0.111,1.703,1.2.826.0.1.3680043.8.498.11143087642344383135739279387194930503,28,4.0,1,True
1.2.826.0.1.3680043.8.498.25006652485159423287561656594171884310,lat_centre,94.072,-5.465,9.499,0.1007,0.682,1.2.826.0.1.3680043.8.498.10325477107615557050655272451438345040,31,3.3,1,True
1.2.826.0.1.3680043.8.498.25010661650105533302140829168731585935,lat_centre,106.119,5.279,1.475,0.1106,0.612,1.2.826.0.1.3680043.8.498.87154385204476335111426394877421566801,30,3.0,1,True
1.2.826.0.1.3680043.8.498.25088333117273619121936521384053709674,lat_centre,114.918,-21.422,-27.455,0.0806,1.31,1.2.826.0.1.3680043.8.498.53194596668238469056465229767116215176,26,3.3,1,True
1.2.826.0.1.3680043.8.498.25103708168569906591706406794385334861,lat_centre,119.605,-72.706,3.234,0.105,1.333,1.2.826.0.1.3680043.8.498.28955709553769053548550365043985518133,23,4.698,1,True
1.2.826.0.1.3680043.8.498.25107837907285885353845034555062540189,lat_centre,-137.344,-33.343,-9.854,0.1105,1.165,1.2.826.0.1.3680043.8.498.52266696985006802553995766778684779890,29,3.3,1,True
1.2.826.0.1.3680043.8.498.25145588904873072866960435474159832047,lat_centre,106.872,10.168,-20.321,0.0962,1.86,1.2.826.0.1.3680043.8.498.12354753594609904252041979450256296318,24,4.52,1,True
1.2.826.0.1.3680043.8.498.25156207169523051276979595262558652072,lat_centre,118.161,-4.78,-37.337,0.1037,0.98,1.2.826.0.1.3680043.8.498.85208634253484501451611946990309061448,31,3.6,1,True
1.2.826.0.1.3680043.8.498.25167060436407065195851060078175404789,lat_centre,-125.892,-32.834,-9.587,0.0986,1.331,1.2.826.0.1.3680043.8.498.67565739549117807840277548171128667731,30,3.3,1,True
1.2.826.0.1.3680043.8.498.25188196199869378521949969245728443004,lat_centre,-103.939,-36.367,-2.379,0.0505,2.64,1.2.826.0.1.3680043.8.498.12926504545497180431190861446888046125,33,3.3,1,True
1.2.826.0.1.3680043.8.498.25196393144875332073285250936506555534,lat_centre,96.295,-51.73,-13.781,0.0874,1.241,1.2.826.0.1.3680043.8.498.44676149709194790995141411638418336107,19,4.4,1,True
1.2.826.0.1.3680043.8.498.25206096958520407302630747466352252249,lat_centre,-102.174,-48.469,-29.729,0.1034,1.339,1.2.826.0.1.3680043.8.498.12373669675578100726022512449116424255,19,4.6,1,True
1.2.826.0.1.3680043.8.498.25252553477605568387898480443616118724,lat_centre,123.59,-40.732,6.684,0.1004,0.858,1.2.826.0.1.3680043.8.498.40514037118971314915376302267096888431,19,4.4,1,True
1.2.826.0.1.3680043.8.498.25259588756496584739814764896903786709,lat_centre,-108.133,-34.614,-35.871,0.0875,1.1,1.2.826.0.1.3680043.8.498.72052120412487288839992595177574039087,20,4.876,1,True
1.2.826.0.1.3680043.8.498.25266231062774974303723359806535863810,lat_centre,93.803,-34.102,-1.585,0.0954,0.787,1.2.826.0.1.3680043.8.498.11301436726729180709633752945537122135,22,4.5,1,True
1.2.826.0.1.3680043.8.498.25292715244575997322139502072242615319,lat_centre,125.26,-24.81,-40.519,0.0879,0.742,1.2.826.0.1.3680043.8.498.28604567593800120083068093490375531431,25,3.85,1,True
1.2.826.0.1.3680043.8.498.25359770839263995354733835365510047109,lat_centre,86.673,-50.569,-32.37,0.0985,1.247,1.2.826.0.1.3680043.8.498.12196060816487505855282810661300363466,19,4.4,1,True
1.2.826.0.1.3680043.8.498.25394815405242666778213609728680620077,lat_centre,-147.689,-29.419,-52.506,0.0817,0.603,1.2.826.0.1.3680043.8.498.14158828945766738205714675379544128181,32,3.3,1,True
1.2.826.0.1.3680043.8.498.25431207706481141354761246438973384670,lat_centre,-133.642,-1.385,-44.675,0.0879,0.664,1.2.826.0.1.3680043.8.498.38423561194587620389648233010067607742,21,5.0,1,True
1.2.826.0.1.3680043.8.498.25440342930186170531037102906687829898,lat_centre,-132.553,-25.044,-25.133,0.116,1.583,1.2.826.0.1.3680043.8.498.39584235693199270766929604824455073858,20,4.5,1,True
1.2.826.0.1.3680043.8.498.25480883220477368504575353972328124891,lat_centre,-137.171,-43.657,-50.351,0.094,0.311,1.2.826.0.1.3680043.8.498.12903775263713024598533452557821515657,30,3.5,1,True
1.2.826.0.1.3680043.8.498.25487225187305802150215261512092051199,lat_centre,-114.323,-3.884,-17.233,0.0691,0.715,1.2.826.0.1.3680043.8.498.30546827103810831612846325783766654087,32,3.3,1,True
1.2.826.0.1.3680043.8.498.25505153402978560400776672230220616863,lat_centre,109.333,-3.285,-10.084,0.1081,1.107,1.2.826.0.1.3680043.8.498.44921373983462834706134769006158985681,36,3.3,1,True
1.2.826.0.1.3680043.8.498.25512240159357553134500245590935010104,lat_centre,132.592,-4.41,-28.558,0.0785,1.072,1.2.826.0.1.3680043.8.498.17190650102239792654884542291579727845,48,2.2,1,True
1.2.826.0.1.3680043.8.498.25549974159486441938843396591725289882,lat_centre,-108.948,3.54,-18.409,0.0852,1.323,1.2.826.0.1.3680043.8.498.63234699200695444824333214718517187912,21,4.0,1,True
1.2.826.0.1.3680043.8.498.25550871519416839807700061317524004550,lat_centre,128.157,-43.891,-1.379,0.1102,0.918,1.2.826.0.1.3680043.8.498.30019299491787236201995632205319629551,33,3.3,1,True
1.2.826.0.1.3680043.8.498.25558526735614916746398919603493693652,lat_centre,105.736,-26.667,-2.565,0.0969,1.14,1.2.826.0.1.3680043.8.498.35782351866367011994814907245015720951,38,3.3,1,True
1.2.826.0.1.3680043.8.498.25604547074218147115077644853162295379,lat_centre,77.223,8.288,-48.938,0.1052,0.561,1.2.826.0.1.3680043.8.498.23076657557607529973309424638785804456,30,3.3,1,True
1.2.826.0.1.3680043.8.498.25616615589791001678067099907823838797,lat_centre,-83.672,-8.167,-24.496,0.0699,1.6,1.2.826.0.1.3680043.8.498.10657402676101673907531694644501526819,33,3.3,1,True
1.2.826.0.1.3680043.8.498.25635522141852534580088120697977308505,lat_centre,-80.181,-42.048,-43.24,0.0923,0.91,1.2.826.0.1.3680043.8.498.94750949776873978043441025135794892658,27,4.0,1,True
1.2.826.0.1.3680043.8.498.25643897330283020467388814112594686690,lat_centre,-114.958,-25.336,-14.077,0.0955,0.629,1.2.826.0.1.3680043.8.498.22736720099797735751171045228181921759,32,3.3,1,True
1.2.826.0.1.3680043.8.498.25650384476012633612528314070894186451,lat_centre,96.378,47.213,-38.832,0.0984,1.594,1.2.826.0.1.3680043.8.498.82292036842485743512254943575824291656,21,5.0,1,True
1.2.826.0.1.3680043.8.498.25663557443141366332431300959089922567,lat_centre,-109.959,-6.333,-9.861,0.1031,0.628,1.2.826.0.1.3680043.8.498.35611592781124849086770360793700534578,33,3.3,1,True
1.2.826.0.1.3680043.8.498.25663827732039068221184137540713755716,lat_centre,139.301,-34.175,-10.539,0.0882,1.15,1.2.826.0.1.3680043.8.498.20302883874262945466541880307983057917,34,3.3,1,True
1.2.826.0.1.3680043.8.498.25679930222284447338484621953345520487,lat_centre,-128.61,-33.777,-25.028,0.0998,0.93,1.2.826.0.1.3680043.8.498.87387218531179553606352111537731184811,29,3.3,1,True
1.2.826.0.1.3680043.8.498.25695966186129395049687747156570466645,lat_centre,-105.778,-63.868,-11.318,0.121,0.78,1.2.826.0.1.3680043.8.498.96414939296600703610899289700780546771,19,5.0,1,True
1.2.826.0.1.3680043.8.498.25697539332996211770844878649053316629,lat_centre,-143.284,-28.136,-32.232,0.0948,1.245,1.2.826.0.1.3680043.8.498.82368703707891418350906120412087770429,29,3.3,1,True
1.2.826.0.1.3680043.8.498.25758766525934930593672922246867704103,lat_centre,-91.596,12.012,-7.483,0.1023,1.154,1.2.826.0.1.3680043.8.498.14327237519733606948867615466135788314,29,3.3,1,True
1.2.826.0.1.3680043.8.498.25765711614507755527825654507920391096,lat_centre,-125.138,-30.359,-10.258,0.0754,0.46,1.2.826.0.1.3680043.8.498.44199369362169513517131858265063627759,33,3.9,1,True
1.2.826.0.1.3680043.8.498.25766387275525303860953321689718246405,lat_centre,113.366,-63.621,-14.581,0.0774,0.894,1.2.826.0.1.3680043.8.498.70930463164067681093740814539475625731,25,4.66,1,True
1.2.826.0.1.3680043.8.498.25766673238950703352855821505938941878,lat_centre,111.181,-43.809,-42.857,0.0824,2.047,1.2.826.0.1.3680043.8.498.49313136217818031568849467094110837120,32,3.6,1,True
1.2.826.0.1.3680043.8.498.25792216289349936450377008453709520260,lat_centre,-72.126,57.163,-9.729,0.0973,1.866,1.2.826.0.1.3680043.8.498.31251813169780083862165389672529938222,21,5.0,1,True
1.2.826.0.1.3680043.8.498.25815857653380672532983223088817283976,lat_centre,-98.549,45.164,-17.505,0.0897,1.516,1.2.826.0.1.3680043.8.498.23964233906613968970767373741405791297,26,4.5,1,True
1.2.826.0.1.3680043.8.498.25818541516137783435601858274495597736,lat_centre,-157.401,-7.296,-52.604,0.0866,0.69,1.2.826.0.1.3680043.8.498.12693717000757170588275113770103841223,26,4.0,1,True
1.2.826.0.1.3680043.8.498.25856396695552621816673203639618612020,lat_centre,96.704,-31.343,-34.213,0.1061,0.769,1.2.826.0.1.3680043.8.498.11135541186441423239918899175928804232,30,3.6,1,True
1.2.826.0.1.3680043.8.498.25899681172115698926926115441929702502,lat_centre,-115.085,-12.675,-56.943,0.09,0.917,1.2.826.0.1.3680043.8.498.61600727380714416906011466113231847164,33,3.3,1,True
1.2.826.0.1.3680043.8.498.25904473139226718487560978103077541725,lat_centre,-98.765,0.739,-3.99,0.0879,0.973,1.2.826.0.1.3680043.8.498.45740250117147783530378791195234328020,33,3.3,1,True
1.2.826.0.1.3680043.8.498.25909078145370189195643713208718315003,lat_centre,133.343,0.174,-60.002,0.1308,1.261,1.2.826.0.1.3680043.8.498.98977869946336710764691621518854879243,19,4.4,1,True
1.2.826.0.1.3680043.8.498.25928779639851562853500186715690156268,lat_centre,107.07,-14.191,-13.646,0.1004,1.006,1.2.826.0.1.3680043.8.498.11302628180815446635176647524733487500,33,3.3,1,True
1.2.826.0.1.3680043.8.498.25953117039631879376428439063599611036,lat_centre,-121.274,-62.851,3.323,0.1133,0.895,1.2.826.0.1.3680043.8.498.46586703046781701722914118074283038723,21,4.5,1,True
1.2.826.0.1.3680043.8.498.25977532612504997807641730439567378227,lat_centre,89.453,71.731,-22.275,0.0775,2.093,1.2.826.0.1.3680043.8.498.82159736662506622201456314598753020859,27,4.5,1,True
1.2.826.0.1.3680043.8.498.26002972602557466222471260313257965551,lat_centre,-110.251,-34.394,-51.037,0.0794,0.763,1.2.826.0.1.3680043.8.498.58103506318909758994944271084813649618,39,3.3,1,True
1.2.826.0.1.3680043.8.498.26004572902429209855865822977387283547,lat_centre,113.731,-2.925,-34.832,0.0916,3.568,1.2.826.0.1.3680043.8.498.12012915444740647304244179341773572841,40,3.3,1,True
1.2.826.0.1.3680043.8.498.26006372873438224908989402529530833528,lat_centre,137.482,-35.414,-10.092,0.1184,1.262,1.2.826.0.1.3680043.8.498.11098294144429090729873382324403176159,30,3.3,1,True
1.2.826.0.1.3680043.8.498.26023120405608635089544039694812003604,lat_centre,-75.735,1.231,6.889,0.1004,0.686,1.2.826.0.1.3680043.8.498.37787725727928759720580165934090952463,25,3.6,1,True
1.2.826.0.1.3680043.8.498.26066524302907849854339129271283426208,lat_centre,-60.874,9.646,-9.925,0.0917,1.454,1.2.826.0.1.3680043.8.498.20220336975639321569905280919097143901,18,5.0,1,True
1.2.826.0.1.3680043.8.498.26072622476167889001255150030772906081,lat_centre,120.638,-41.162,-2.688,0.0954,1.413,1.2.826.0.1.3680043.8.498.80178119670542339882399667981171343759,20,4.408,1,True
1.2.826.0.1.3680043.8.498.26150637525321126007832687915610995568,lat_centre,-144.803,-57.761,-11.423,0.1124,1.092,1.2.826.0.1.3680043.8.498.12746956410710418596157813720434191049,25,4.5,1,True
1.2.826.0.1.3680043.8.498.26201626427712146573573952548179938304,lat_centre,103.07,-47.957,-31.973,0.1155,0.947,1.2.826.0.1.3680043.8.498.55796917345850624099792955399925416609,32,3.3,1,True
1.2.826.0.1.3680043.8.498.26257425287121280175418060407044075705,lat_centre,150.443,-30.821,-20.034,0.0898,1.022,1.2.826.0.1.3680043.8.498.12048493378264083008228385733631475830,30,3.5,1,True
1.2.826.0.1.3680043.8.498.26266119962108543565575361589492142091,lat_centre,138.524,-43.597,8.537,0.0882,1.165,1.2.826.0.1.3680043.8.498.97119625337611924221319332487674610625,34,3.3,1,True
1.2.826.0.1.3680043.8.498.26325951519908477683595799515094966069,lat_centre,110.918,12.843,-81.791,0.1243,0.744,1.2.826.0.1.3680043.8.498.35455366870581331476227614183932879941,30,3.3,1,True
1.2.826.0.1.3680043.8.498.26333849754345698117396119042432557445,lat_centre,144.136,-28.717,-51.102,0.0896,0.72,1.2.826.0.1.3680043.8.498.11867404950725377644847039044722635315,30,3.3,1,True
1.2.826.0.1.3680043.8.498.26351577824204863242390892891061594387,lat_centre,107.671,-43.18,-10.083,0.0986,1.909,1.2.826.0.1.3680043.8.498.96674860996504773679186944112298381801,32,3.45,1,True
1.2.826.0.1.3680043.8.498.26373657290121957625263322898744712730,lat_centre,-99.017,-39.469,-13.776,0.0852,0.359,1.2.826.0.1.3680043.8.498.68075325317212163269347009866376511139,34,3.3,1,True
1.2.826.0.1.3680043.8.498.26408081008482310696738068933718440200,lat_centre,90.339,-1.697,-41.798,0.095,1.729,1.2.826.0.1.3680043.8.498.28804963976976801431120493613433863172,27,4.4,1,True
1.2.826.0.1.3680043.8.498.26431974442245797095978351976773354669,lat_centre,106.012,-18.118,21.878,0.0744,0.406,1.2.826.0.1.3680043.8.498.12926086015756624628977299572344280594,29,3.6,1,True
1.2.826.0.1.3680043.8.498.26474456265903975319674669470473661691,lat_centre,126.228,24.17,-35.781,0.1187,1.42,1.2.826.0.1.3680043.8.498.25311091424978583393486009541823685719,30,3.3,1,True
1.2.826.0.1.3680043.8.498.26485916396240515006042297316506505324,lat_centre,112.731,-41.963,-61.236,0.1236,1.824,1.2.826.0.1.3680043.8.498.33615379855489151200300099148161552531,22,4.5,1,True
1.2.826.0.1.3680043.8.498.26512333939158074470511885252122191522,lat_centre,111.416,0.304,13.25,0.0802,2.137,1.2.826.0.1.3680043.8.498.88538147950035454399677717489089021523,23,5.0,1,True
1.2.826.0.1.3680043.8.498.26536992666456596813876340849399448897,lat_centre,138.958,21.188,-17.42,0.0867,0.784,1.2.826.0.1.3680043.8.498.95316512663931345042478038972442465824,30,4.55,1,True
1.2.826.0.1.3680043.8.498.26542435427465415008860869796504112727,lat_centre,-122.269,-26.21,2.805,0.0889,1.451,1.2.826.0.1.3680043.8.498.57928617754493153356603211876634113625,38,3.3,1,True
1.2.826.0.1.3680043.8.498.26619973716086136503589916868066348957,lat_centre,112.351,-23.264,-46.209,0.1074,1.197,1.2.826.0.1.3680043.8.498.10453415806397984113277370622414174033,33,3.3,1,True
1.2.826.0.1.3680043.8.498.26651323353208729423825552073457972796,lat_centre,101.707,-39.027,-3.154,0.109,1.473,1.2.826.0.1.3680043.8.498.60042047024686021726599810656731244911,35,3.3,1,True
1.2.826.0.1.3680043.8.498.26698126402727061400851465377574886112,lat_centre,-72.204,-17.679,-18.331,0.1098,0.694,1.2.826.0.1.3680043.8.498.10950221556960455523216653570654366777,25,4.5,1,True
1.2.826.0.1.3680043.8.498.26725172078893286313351418435377708028,lat_centre,-98.085,3.411,-18.772,0.0904,0.542,1.2.826.0.1.3680043.8.498.92362309030834346387983710479629041405,36,0.89,4,True
1.2.826.0.1.3680043.8.498.26790702379506190936834447203448882465,lat_centre,-100.93,-24.54,-23.864,0.0954,0.87,1.2.826.0.1.3680043.8.498.94882074570038908340209357507037939938,28,3.3,1,True
1.2.826.0.1.3680043.8.498.26792665054823243997838322477587733719,lat_centre,-32.723,-0.877,-21.872,0.0929,1.052,1.2.826.0.1.3680043.8.498.80829957813212320462746728176099956817,26,3.9,1,True
1.2.826.0.1.3680043.8.498.26842258746390750314059176647398369242,lat_centre,-97.192,-8.54,-41.309,0.0876,0.58,1.2.826.0.1.3680043.8.498.39917519099406468277592063172316002154,33,3.3,1,True
1.2.826.0.1.3680043.8.498.26843088620128166809417361066548447201,lat_centre,143.437,-37.188,-18.376,0.0971,1.342,1.2.826.0.1.3680043.8.498.23429532435923317882737919863393787881,29,3.3,1,True
1.2.826.0.1.3680043.8.498.26848412380762311150802301982233072694,lat_centre,-74.304,29.561,-3.196,0.1174,2.008,1.2.826.0.1.3680043.8.498.70521424925419104507233916431321910314,30,3.85,1,True
1.2.826.0.1.3680043.8.498.26875920364303755911342338961252130512,lat_centre,-110.792,-14.597,-33.122,0.1032,0.653,1.2.826.0.1.3680043.8.498.13094293164413464880160296144221204028,33,3.3,1,True
1.2.826.0.1.3680043.8.498.26880562799522930458745136318439622601,lat_centre,-29.153,13.684,-12.241,0.0838,1.226,1.2.826.0.1.3680043.8.498.12020564254050860308544150473835820895,26,4.1,1,True
1.2.826.0.1.3680043.8.498.26946980494141305258556994153410856428,lat_centre,102.303,10.126,-26.572,0.0937,0.967,1.2.826.0.1.3680043.8.498.70798213524657789953178224242011639472,24,5.0,1,True
1.2.826.0.1.3680043.8.498.26978027400525885904983020900996228004,lat_centre,-101.658,-16.812,-27.246,0.112,0.697,1.2.826.0.1.3680043.8.498.11744911536645495385787524557440429934,34,3.0,1,True
1.2.826.0.1.3680043.8.498.26989584479346775218799121753035575730,lat_centre,124.429,-25.415,-35.901,0.0723,0.825,1.2.826.0.1.3680043.8.498.71819545196343061055809728635685291643,35,3.3,1,True
1.2.826.0.1.3680043.8.498.27020884753639915245324093232218617967,lat_centre,-102.748,-11.05,-6.032,0.1004,0.884,1.2.826.0.1.3680043.8.498.74471871311507335558389202765989845182,22,4.4,1,True
1.2.826.0.1.3680043.8.498.27023892731021470476500135946317920771,lat_centre,138.642,22.669,6.84,0.1118,1.789,1.2.826.0.1.3680043.8.498.68108438889209672140388037345716913754,20,5.0,1,True
1.2.826.0.1.3680043.8.498.27025989808002468335294585261291982661,lat_centre,-102.239,-52.287,-27.498,0.0808,0.849,1.2.826.0.1.3680043.8.498.63060356447163260689527522763070958275,25,3.66,1,True
1.2.826.0.1.3680043.8.498.27034189091164693165076510006436405194,lat_centre,42.038,8.086,-25.343,0.0834,1.868,1.2.826.0.1.3680043.8.498.11709067061959921301709118093893621555,30,4.0,1,True
1.2.826.0.1.3680043.8.498.27059975738703546675398620281849285863,lat_centre,137.365,-51.639,-6.94,0.0935,0.493,1.2.826.0.1.3680043.8.498.18996178763867662189603156012044440652,35,3.3,1,True
1.2.826.0.1.3680043.8.498.27157074709305277871045901905120405881,lat_centre,118.96,-60.311,13.374,0.0906,1.458,1.2.826.0.1.3680043.8.498.10833549821158743626476303944850789691,19,4.8,1,True
1.2.826.0.1.3680043.8.498.27161418589407291713644384596541786246,lat_centre,91.745,22.571,-20.269,0.1069,0.836,1.2.826.0.1.3680043.8.498.42011930152970972092180536632543772383,24,4.0,1,True
1.2.826.0.1.3680043.8.498.27184343589256623289925252380526385858,lat_centre,95.102,15.668,-45.869,0.1176,0.822,1.2.826.0.1.3680043.8.498.70188212361538589785223436171200278071,30,3.3,1,True
1.2.826.0.1.3680043.8.498.27186001621007168581611489439038285508,lat_centre,109.024,-19.168,-14.124,0.1155,1.038,1.2.826.0.1.3680043.8.498.79696589746719738671704061214442246966,32,3.3,1,True
1.2.826.0.1.3680043.8.498.27191574009501966309382307682020135126,lat_centre,96.344,6.241,-47.388,0.081,0.86,1.2.826.0.1.3680043.8.498.91252692688496201762029447258096791364,33,3.3,1,True
1.2.826.0.1.3680043.8.498.27192678730060203972082511503480566620,lat_centre,-97.744,-18.162,-3.614,0.0817,0.536,1.2.826.0.1.3680043.8.498.51963608169017739831002476115332352627,29,3.6,1,True
1.2.826.0.1.3680043.8.498.27197413293500684424735285039923168926,lat_centre,132.486,-34.686,-16.19,0.0865,0.753,1.2.826.0.1.3680043.8.498.15087640197308100328996978849653102345,29,3.3,1,True
1.2.826.0.1.3680043.8.498.27224327142578332905227939015479767285,lat_centre,122.266,-37.35,-7.367,0.0883,0.792,1.2.826.0.1.3680043.8.498.76573446116214789927616649930540052400,29,3.3,1,True
1.2.826.0.1.3680043.8.498.27245171350765293537022546751529180545,lat_centre,-121.849,-55.253,-40.559,0.1042,1.257,1.2.826.0.1.3680043.8.498.36441448256424947430857262001666579880,34,3.5,1,True
1.2.826.0.1.3680043.8.498.27306039618857661522863167157208122018,lat_centre,-45.584,-6.203,-31.23,0.1362,1.079,1.2.826.0.1.3680043.8.498.21904666347070783942500202043032429313,15,5.5,1,True
1.2.826.0.1.3680043.8.498.27311413427137994435573903541974122355,lat_centre,20.226,5.651,4.265,0.1229,0.865,1.2.826.0.1.3680043.8.498.81112467299784277653797181928861487247,24,3.9,1,True
1.2.826.0.1.3680043.8.498.27319908980978184820438244981035567211,lat_centre,-110.129,33.94,-28.841,0.0829,0.519,1.2.826.0.1.3680043.8.498.90276339389404321306902775106620683722,34,3.3,1,True
1.2.826.0.1.3680043.8.498.27324284859290040148888098857880927353,lat_centre,-139.89,-23.216,-4.382,0.0865,0.697,1.2.826.0.1.3680043.8.498.63971202124729391516261039039782889861,28,3.3,1,True
1.2.826.0.1.3680043.8.498.27339999385861467858422021400023533486,lat_centre,112.562,-4.064,-15.416,0.0965,0.484,1.2.826.0.1.3680043.8.498.81738172669006613631898779829157801237,19,5.0,1,True
1.2.826.0.1.3680043.8.498.27398034409980350921804398626171135707,lat_centre,-117.821,-55.328,-8.438,0.065,1.246,1.2.826.0.1.3680043.8.498.25357042132366402472325014889220089271,30,3.3,1,True
1.2.826.0.1.3680043.8.498.27422742748182689233651649793019570511,lat_centre,-30.404,8.024,-6.316,0.0977,0.698,1.2.826.0.1.3680043.8.498.21685972052112960545303784989832159767,21,4.4,1,True
1.2.826.0.1.3680043.8.498.27437263843446879932281897446100134924,lat_centre,-98.468,11.683,-39.719,0.1157,0.856,1.2.826.0.1.3680043.8.498.57952016660464582538662197640603722688,26,4.0,1,True
1.2.826.0.1.3680043.8.498.27456622705361831116491505615162380604,lat_centre,-109.915,-2.641,-32.324,0.0844,2.085,1.2.826.0.1.3680043.8.498.93661741281795489071056220918963321561,33,3.3,1,True
1.2.826.0.1.3680043.8.498.27460982183399364904497832933739191826,lat_centre,135.383,-53.491,-21.668,0.1045,0.793,1.2.826.0.1.3680043.8.498.65283862457973884606747711262385892706,22,4.5,1,True
1.2.826.0.1.3680043.8.498.27474440682441854303485403899867525864,lat_centre,-99.251,-4.321,-8.71,0.0967,0.426,1.2.826.0.1.3680043.8.498.40168019612595937304846984998559349020,48,2.2,1,True
1.2.826.0.1.3680043.8.498.27593710915588175306316595263625481601,lat_centre,145.799,-30.787,-54.753,0.082,1.563,1.2.826.0.1.3680043.8.498.50382064728635257400036947348364638691,31,3.3,1,True
1.2.826.0.1.3680043.8.498.27627190971637735537007595480396264063,lat_centre,-96.622,-9.839,-50.064,0.081,1.371,1.2.826.0.1.3680043.8.498.11423795381631475167935075394289680738,34,3.0,1,True
1.2.826.0.1.3680043.8.498.27644321991318957631114727895883331622,lat_centre,-104.603,17.574,-32.498,0.087,1.267,1.2.826.0.1.3680043.8.498.52271027499773005902476328956986428597,30,4.52,1,True
1.2.826.0.1.3680043.8.498.27653320597564308144389724321115208375,lat_centre,114.438,6.41,-40.431,0.1157,1.189,1.2.826.0.1.3680043.8.498.66952253931204303253255656525523972866,30,3.3,1,True
1.2.826.0.1.3680043.8.498.27655410895168998898506695863000928400,lat_centre,-99.581,-71.034,11.527,0.0811,1.457,1.2.826.0.1.3680043.8.498.31256818205528869346739936832622381201,19,5.4,1,True
1.2.826.0.1.3680043.8.498.27656830051511853680197276412365020780,lat_centre,126.289,9.626,-99.482,0.0857,1.101,1.2.826.0.1.3680043.8.498.23711895519764225069822163214978457199,26,4.5,1,True
1.2.826.0.1.3680043.8.498.27671779587445983390840223475173360482,lat_centre,45.134,-10.471,-29.923,0.1072,1.373,1.2.826.0.1.3680043.8.498.43559075250980184117750543810492368440,19,4.4,1,True
1.2.826.0.1.3680043.8.498.27681651277422558344520227187021583924,lat_centre,-121.31,-14.95,-1.228,0.105,0.517,1.2.826.0.1.3680043.8.498.34091113027771103856841199771963152946,48,2.2,1,True
1.2.826.0.1.3680043.8.498.27710718386318170070605046744941324421,lat_centre,149.27,-42.274,-27.473,0.076,0.605,1.2.826.0.1.3680043.8.498.60417625005518380458632332257992959408,40,0.4,8,True
1.2.826.0.1.3680043.8.498.27723413941379681806317930349613970721,lat_centre,-98.478,-3.246,-7.784,0.0955,0.603,1.2.826.0.1.3680043.8.498.56274873907983167341221101557298977463,32,3.0,1,True
1.2.826.0.1.3680043.8.498.27723573213501259053792522608339812759,lat_centre,-100.614,-11.774,-15.766,0.0968,0.665,1.2.826.0.1.3680043.8.498.45996460900675566833881045861517869435,33,3.3,1,True
1.2.826.0.1.3680043.8.498.27737101979486411869208236811885597351,lat_centre,-103.171,-7.679,6.678,0.0883,1.446,1.2.826.0.1.3680043.8.498.10517009190595642577653292741718010192,29,3.6,1,True
1.2.826.0.1.3680043.8.498.27793455627426963285485957211105588905,lat_centre,-130.295,-63.831,-22.554,0.1043,0.586,1.2.826.0.1.3680043.8.498.10321695621273619843125273514236162637,17,5.4,1,True
1.2.826.0.1.3680043.8.498.27796604203156439069742212039368371002,lat_centre,-100.272,12.721,-21.56,0.1111,1.333,1.2.826.0.1.3680043.8.498.30520697695445514238394213496537055392,25,4.8,1,True
1.2.826.0.1.3680043.8.498.27883371281368994280894952749865160316,lat_centre,-96.608,-17.185,-32.711,0.1261,0.9,1.2.826.0.1.3680043.8.498.47150649534984289795015335595839631846,21,4.5,1,True
1.2.826.0.1.3680043.8.498.27890860883826681731748268459485259935,lat_centre,-121.607,-3.151,-37.55,0.1079,2.619,1.2.826.0.1.3680043.8.498.45972846249153383456968422639063567238,22,5.0,1,True
1.2.826.0.1.3680043.8.498.27921111050680927418542588425335218896,lat_centre,104.496,-53.516,-26.067,0.1093,0.551,1.2.826.0.1.3680043.8.498.68283840078189246910438189795697027671,19,4.4,1,True
1.2.826.0.1.3680043.8.498.27925145307825795804342879375835424449,lat_centre,93.39,21.073,-45.885,0.11,2.193,1.2.826.0.1.3680043.8.498.63889474798356709732628924099666752129,30,3.3,1,True
1.2.826.0.1.3680043.8.498.27934397251575987048967084987994202973,lat_centre,86.256,-68.584,-37.522,0.0934,0.81,1.2.826.0.1.3680043.8.498.10260477367898963520934426741424389901,19,4.4,1,True
1.2.826.0.1.3680043.8.498.27946605663086243142356841956045514227,lat_centre,-136.845,-33.238,-11.629,0.1125,0.593,1.2.826.0.1.3680043.8.498.10865787499123358201070338768720097973,29,3.3,1,True
1.2.826.0.1.3680043.8.498.27990965288663885936880638302158503894,lat_centre,-105.195,-64.567,-30.807,0.0917,0.586,1.2.826.0.1.3680043.8.498.41253946212521027276401070663408023771,31,3.3,1,True
1.2.826.0.1.3680043.8.498.28011057282528460306257420499560926354,lat_centre,-125.58,-34.747,-16.383,0.0932,0.919,1.2.826.0.1.3680043.8.498.15767148471223425241708395850301477365,29,3.3,1,True
1.2.826.0.1.3680043.8.498.28023795363827851445172311810918021563,lat_centre,-102.01,-4.384,-11.15,0.1008,0.711,1.2.826.0.1.3680043.8.498.50154928259094237184643501141403378500,33,3.3,1,True
1.2.826.0.1.3680043.8.498.28028890493668487238845659163252231337,lat_centre,89.942,-8.592,-21.039,0.1285,1.024,1.2.826.0.1.3680043.8.498.83048100003037194053562647871226964341,15,6.0,1,True
1.2.826.0.1.3680043.8.498.28040645186226259590182363324146810031,lat_centre,125.81,-15.391,-45.554,0.1047,0.629,1.2.826.0.1.3680043.8.498.10567661965201124818512395204112961401,22,4.5,1,True
1.2.826.0.1.3680043.8.498.28045606887691550130031344985830975325,lat_centre,-136.329,-59.405,-6.017,0.1188,1.146,1.2.826.0.1.3680043.8.498.11064109764685084786946639764892086098,22,5.039,1,True
1.2.826.0.1.3680043.8.498.28132506470634542229651932141193521661,lat_centre,-105.106,0.966,-32.816,0.088,0.542,1.2.826.0.1.3680043.8.498.12763002423889392233693174901251215954,36,0.89,4,True
1.2.826.0.1.3680043.8.498.28134711422142706763867845558971485241,lat_centre,-133.404,-36.73,-20.07,0.0757,1.464,1.2.826.0.1.3680043.8.498.12514937975779209595478943363175137438,33,3.9,1,True
1.2.826.0.1.3680043.8.498.28153286315438977482271934270979508349,lat_centre,-81.318,-12.874,-9.858,0.1014,0.689,1.2.826.0.1.3680043.8.498.12536246306364926963986136924873768713,30,3.3,1,True
1.2.826.0.1.3680043.8.498.28218476802410349760103243990109474475,lat_centre,-84.629,16.147,-52.71,0.1292,0.674,1.2.826.0.1.3680043.8.498.97176503500258314528233926290311254563,19,5.0,1,True
1.2.826.0.1.3680043.8.498.28220626968612492259133318770141901567,lat_centre,141.945,-37.78,-7.089,0.0884,1.322,1.2.826.0.1.3680043.8.498.11278115490204474936344055493671216797,30,3.5,1,True
1.2.826.0.1.3680043.8.498.28237068093947300427040925444622840795,lat_centre,-99.476,12.799,-12.427,0.1225,0.756,1.2.826.0.1.3680043.8.498.32033187650285484285843363692269589066,24,4.0,1,True
1.2.826.0.1.3680043.8.498.28269350392124251309834584420564806882,lat_centre,106.145,0.22,-3.464,0.0948,1.441,1.2.826.0.1.3680043.8.498.91131071940395273886103000603490483178,34,3.0,1,True
1.2.826.0.1.3680043.8.498.28289838818003822677994912735532050038,lat_centre,146.181,-51.224,-5.431,0.09,1.079,1.2.826.0.1.3680043.8.498.66468758562523185533468123248213455817,25,4.5,1,True
1.2.826.0.1.3680043.8.498.28295265939946677460838974253299313798,lat_centre,-98.068,33.268,8.404,0.0467,1.797,1.2.826.0.1.3680043.8.498.94294256263114900425077341125986216904,38,4.4,1,True
1.2.826.0.1.3680043.8.498.28309626953500461628112343997868050028,lat_centre,107.917,1.148,3.842,0.1,1.502,1.2.826.0.1.3680043.8.498.42357714135772810925548409157367468649,34,3.0,1,True
1.2.826.0.1.3680043.8.498.28333127304382930639614800697959296306,lat_centre,113.327,12.778,-23.714,0.0928,0.987,1.2.826.0.1.3680043.8.498.38471933637474677643830289671962713573,48,2.2,1,True
1.2.826.0.1.3680043.8.498.28351884945918062351436698411322252525,lat_centre,104.596,16.28,-35.91,0.0724,0.972,1.2.826.0.1.3680043.8.498.61375876835664325480148275674555062840,26,4.5,1,True
1.2.826.0.1.3680043.8.498.28360174615866226538417948042981668998,lat_centre,-113.457,66.309,-101.322,0.1012,0.902,1.2.826.0.1.3680043.8.498.10375589571692726534629929584234582678,32,3.3,1,True
1.2.826.0.1.3680043.8.498.28425280718252632810092859612928047098,lat_centre,-95.513,2.038,0.095,0.0919,0.732,1.2.826.0.1.3680043.8.498.10996320913706997581656197411371765557,34,3.0,1,True
1.2.826.0.1.3680043.8.498.28481442608487320644829189127206806471,lat_centre,117.604,-54.477,-6.109,0.0997,0.975,1.2.826.0.1.3680043.8.498.54087459096440000675947298622850936363,29,3.3,1,True
1.2.826.0.1.3680043.8.498.28488216314048990109149780234417422948,lat_centre,-130.25,-52.981,-41.086,0.1059,0.913,1.2.826.0.1.3680043.8.498.13082869568041483457214571001992275753,26,4.0,1,True
1.2.826.0.1.3680043.8.498.28490861391717560759667589681288427737,lat_centre,102.547,6.296,-18.969,0.1071,1.198,1.2.826.0.1.3680043.8.498.94518730904457344044531076477394022905,34,2.75,1,True
1.2.826.0.1.3680043.8.498.28539130184243787339297053654373783542,lat_centre,-98.436,-58.209,-19.885,0.0866,0.626,1.2.826.0.1.3680043.8.498.10772351819617631644032859553774294363,32,3.3,1,True
1.2.826.0.1.3680043.8.498.28579372595938810820078670002733005121,lat_centre,-130.287,-68.76,-12.983,0.1196,0.928,1.2.826.0.1.3680043.8.498.27461687043074380148263549706995950957,22,4.687,1,True
1.2.826.0.1.3680043.8.498.28595729988867300278425411189173775382,lat_centre,-123.745,-25.757,-6.816,0.0392,45.321,1.2.826.0.1.3680043.8.498.45762806670293118643294465887256498725,27,4.0,1,True
1.2.826.0.1.3680043.8.498.28626044336302232656987963623687293705,lat_centre,-90.349,-41.399,-33.202,0.0922,0.706,1.2.826.0.1.3680043.8.498.72834092173477918786931438541704678040,19,4.6,1,True
1.2.826.0.1.3680043.8.498.28628472249424790112957421215774036156,lat_centre,-91.079,-4.915,-1.37,0.0833,0.745,1.2.826.0.1.3680043.8.498.10239460498983441748308716464988238612,34,3.0,1,True
1.2.826.0.1.3680043.8.498.28634248756653012357434232845788268719,lat_centre,129.451,-32.457,-18.687,0.092,1.666,1.2.826.0.1.3680043.8.498.11951256066396367612526583542678222651,27,3.4,1,True
1.2.826.0.1.3680043.8.498.28638490997780173004029312240334483157,lat_centre,106.873,-9.741,-52.008,0.1203,0.952,1.2.826.0.1.3680043.8.498.97264523884261393571466097336765023863,28,3.6,1,True
1.2.826.0.1.3680043.8.498.28646304373057947277669139986982208473,lat_centre,-72.099,-57.154,7.229,0.0981,1.293,1.2.826.0.1.3680043.8.498.93877510376348256209922440270441185037,30,3.5,1,True
1.2.826.0.1.3680043.8.498.28655385212214986812679045835025619123,lat_centre,92.67,-8.472,-25.858,0.1066,1.221,1.2.826.0.1.3680043.8.498.12995130116474419590855350996889897078,32,3.3,1,True
1.2.826.0.1.3680043.8.498.28670999234453413675502551916979760344,lat_centre,47.312,-29.988,-8.111,0.0805,1.39,1.2.826.0.1.3680043.8.498.72862405916704089451844522314450786777,30,3.7,1,True
1.2.826.0.1.3680043.8.498.28686498221359515429184385385077600687,lat_centre,102.214,-43.723,-24.965,0.0861,1.447,1.2.826.0.1.3680043.8.498.31118817986070899822975521351771519650,28,3.3,1,True
1.2.826.0.1.3680043.8.498.28697216332632397717077153882513537456,lat_centre,-141.513,-18.952,7.311,0.0965,0.6,1.2.826.0.1.3680043.8.498.10619932062477675260987333564142777219,30,3.3,1,True
1.2.826.0.1.3680043.8.498.28746954364434312909368235768936980607,lat_centre,-136.685,-5.958,-59.89,0.0873,1.184,1.2.826.0.1.3680043.8.498.89523396837267177733301013420638728396,25,4.5,1,True
1.2.826.0.1.3680043.8.498.28770594655815108010532953376271504596,lat_centre,-62.998,26.738,-13.57,0.1029,0.538,1.2.826.0.1.3680043.8.498.12645003300366951046711539390975019146,30,3.3,1,True
1.2.826.0.1.3680043.8.498.28779021651975021236045277212517629154,lat_centre,-86.78,28.388,-37.634,0.1248,1.089,1.2.826.0.1.3680043.8.498.10118611894766940897517672723885257772,23,4.52,1,True
1.2.826.0.1.3680043.8.498.28848511016500781798837621261660844237,lat_centre,99.088,-8.095,-22.227,0.0933,0.835,1.2.826.0.1.3680043.8.498.21601749190552401886881557292694725043,19,4.4,1,True
1.2.826.0.1.3680043.8.498.28873180831637763124652074775631752918,lat_centre,109.369,-23.214,-21.186,0.1024,1.051,1.2.826.0.1.3680043.8.498.12865622144228605745220336814070760602,33,3.3,1,True
1.2.826.0.1.3680043.8.498.28888941572409703700315590339486528256,lat_centre,98.077,-16.521,-10.086,0.0913,1.337,1.2.826.0.1.3680043.8.498.50372843936846591946463949251143137060,34,3.0,1,True
1.2.826.0.1.3680043.8.498.28925345859498351203477642741908452608,lat_centre,-136.739,6.401,-14.541,0.0999,1.858,1.2.826.0.1.3680043.8.498.75206601760489455412268202126310236834,30,3.3,1,True
1.2.826.0.1.3680043.8.498.28944156754203202831026290463520445489,lat_centre,-137.801,-59.108,8.849,0.1338,0.815,1.2.826.0.1.3680043.8.498.13222580064867972960615237533635561703,25,3.773,1,True
1.2.826.0.1.3680043.8.498.28946722216615442736212359468410891872,lat_centre,99.076,-26.811,-12.874,0.0793,1.148,1.2.826.0.1.3680043.8.498.11940174894976771009036785310575293105,30,3.3,1,True
1.2.826.0.1.3680043.8.498.28951331578236330522646806432827370713,lat_centre,-111.573,-10.235,-18.537,0.1136,1.199,1.2.826.0.1.3680043.8.498.11718583737593330815178219841712753350,32,3.3,1,True
1.2.826.0.1.3680043.8.498.28954361146470748868500417103935640742,lat_centre,106.071,-8.076,-57.969,0.1033,2.046,1.2.826.0.1.3680043.8.498.20653982341147774399009386107897501573,34,3.0,1,True
1.2.826.0.1.3680043.8.498.29039872266866623711060910233238440882,lat_centre,-92.364,-91.79,-25.182,0.1101,0.581,1.2.826.0.1.3680043.8.498.10421687213507572060100968971627151837,20,5.2,1,True
1.2.826.0.1.3680043.8.498.29055892482211392922525222851162308510,lat_centre,-70.635,-50.443,6.006,0.1023,0.727,1.2.826.0.1.3680043.8.498.58372833678050232516045086371005323580,26,4.0,1,True
1.2.826.0.1.3680043.8.498.29090158364700006304493717187346344597,lat_centre,95.469,-1.229,-43.132,0.11,1.428,1.2.826.0.1.3680043.8.498.12065886853379919198667511759378467059,34,3.0,1,True
1.2.826.0.1.3680043.8.498.29227028592609694700827329867343028944,lat_centre,-112.832,-5.682,0.73,0.0866,1.325,1.2.826.0.1.3680043.8.498.21961129052341161744858557346720709384,33,3.3,1,True
1.2.826.0.1.3680043.8.498.29280448517432444306374036429824425668,lat_centre,83.862,-13.09,-28.771,0.0798,1.194,1.2.826.0.1.3680043.8.498.91949805242690199102037469908532939344,36,3.3,1,True
1.2.826.0.1.3680043.8.498.29292398668403593100514493322849770181,lat_centre,39.595,-2.519,-35.706,0.1291,1.038,1.2.826.0.1.3680043.8.498.10950984403724175752275731316112182856,17,5.0,1,True
1.2.826.0.1.3680043.8.498.29294899952044311440141172596030689586,lat_centre,146.018,-9.494,-19.314,0.0919,1.544,1.2.826.0.1.3680043.8.498.58523674359834850755287860305828291536,32,3.627,1,True
1.2.826.0.1.3680043.8.498.29343735048224321966824641432873034291,lat_centre,114.882,-13.007,-71.749,0.0659,1.611,1.2.826.0.1.3680043.8.498.52393553336092980508648499654518994678,36,0.89,4,True
1.2.826.0.1.3680043.8.498.29354469534263517460113311852821643665,lat_centre,-104.098,-48.061,-6.185,0.1074,2.235,1.2.826.0.1.3680043.8.498.11387144052728381268733197772531059805,32,3.3,1,True
1.2.826.0.1.3680043.8.498.29364640434226980751405780979697632001,lat_centre,112.807,4.942,-22.981,0.0947,1.11,1.2.826.0.1.3680043.8.498.10816717024424779126205004461200183570,29,3.6,1,True
1.2.826.0.1.3680043.8.498.29371692234061436334815897970798625595,lat_centre,96.422,-51.231,4.255,0.0943,1.491,1.2.826.0.1.3680043.8.498.10523138176118007028926703179748649379,17,5.2,1,True
1.2.826.0.1.3680043.8.498.29375052467745327893128894062568944496,lat_centre,98.962,-15.681,10.747,0.0862,1.114,1.2.826.0.1.3680043.8.498.11357685110038459588832422394512913882,29,3.6,1,True
1.2.826.0.1.3680043.8.498.29384016102624554484300773136383156153,lat_centre,-138.873,-14.324,-24.159,0.1058,2.05,1.2.826.0.1.3680043.8.498.46419368822169352673062925700448075522,26,4.5,1,True
1.2.826.0.1.3680043.8.498.29418130858182890216867847991592582370,lat_centre,82.997,56.195,-32.831,0.0962,0.902,1.2.826.0.1.3680043.8.498.12966533137847532533432901189975987189,28,4.5,1,True
1.2.826.0.1.3680043.8.498.29443692810539372078922146461173545451,lat_centre,135.561,18.877,-11.293,0.0881,0.418,1.2.826.0.1.3680043.8.498.20911740890089978744532658202920664789,33,3.3,1,True
1.2.826.0.1.3680043.8.498.29473278891551292295080887778714088878,lat_centre,-118.67,-17.982,-11.596,0.1012,0.893,1.2.826.0.1.3680043.8.498.12172716706688803307920696109196387240,20,4.876,1,True
1.2.826.0.1.3680043.8.498.29509443439138257275071354031180789464,lat_centre,-134.305,-27.598,-10.395,0.1085,1.014,1.2.826.0.1.3680043.8.498.88927943785682965446231241679175901900,20,4.5,1,True
1.2.826.0.1.3680043.8.498.29579560656789178333629609998252952856,lat_centre,136.122,-44.677,-32.377,0.1135,0.876,1.2.826.0.1.3680043.8.498.11463466628492424245314612665650892748,29,3.3,1,True
1.2.826.0.1.3680043.8.498.29735852958813434703969490187047665950,lat_centre,133.158,-58.694,14.045,0.1117,1.03,1.2.826.0.1.3680043.8.498.12369249782618340960313829620695924030,29,3.3,1,True
1.2.826.0.1.3680043.8.498.29739171278960083313048266628194182569,lat_centre,98.288,-13.912,-22.045,0.0923,1.479,1.2.826.0.1.3680043.8.498.46474378292524299529210685011971323081,34,3.0,1,True
1.2.826.0.1.3680043.8.498.29741673719687535294395668150749894623,lat_centre,135.622,-34.1,-7.943,0.0706,0.572,1.2.826.0.1.3680043.8.498.26373789448072121027210910064542709128,35,3.3,1,True
1.2.826.0.1.3680043.8.498.29758331841591711520514486913006094054,lat_centre,-118.424,-36.344,-47.875,0.0808,2.317,1.2.826.0.1.3680043.8.498.30684611705269449263210719764419969292,25,4.5,1,True
1.2.826.0.1.3680043.8.498.29764868091238287072166823522853419550,lat_centre,97.011,-27.434,-5.109,0.0793,0.598,1.2.826.0.1.3680043.8.498.10554209211078193916454348670841484936,35,3.3,1,True
1.2.826.0.1.3680043.8.498.29794301133358685635777478470865282350,lat_centre,-123.207,-14.54,11.487,0.0908,0.507,1.2.826.0.1.3680043.8.498.33987394228379700697524529666589259318,48,2.2,1,True
1.2.826.0.1.3680043.8.498.29826129803278661744835136993610646069,lat_centre,-104.143,-4.431,-3.622,0.1079,1.302,1.2.826.0.1.3680043.8.498.13396198600112053025168340718511185332,33,3.3,1,True
1.2.826.0.1.3680043.8.498.29866827083314645739444078187995496049,lat_centre,144.059,-43.332,-15.11,0.1165,2.127,1.2.826.0.1.3680043.8.498.54972033214920802299712022344975725315,29,3.3,1,True
1.2.826.0.1.3680043.8.498.29943089198208468441240036404506927883,lat_centre,148.29,-59.618,-21.194,0.0792,0.739,1.2.826.0.1.3680043.8.498.67410693668420098421471491978402779353,40,0.4,8,True
1.2.826.0.1.3680043.8.498.29971686675947075024168289004002445393,lat_centre,-90.413,-9.975,-16.824,0.0998,1.291,1.2.826.0.1.3680043.8.498.33445751949407509140511659599531727523,31,3.3,1,True
1.2.826.0.1.3680043.8.498.29976611818313906970687136815346573471,lat_centre,129.687,-35.867,-26.09,0.0974,1.112,1.2.826.0.1.3680043.8.498.13615381895605791518810220403491483883,23,3.8,1,True
1.2.826.0.1.3680043.8.498.30058585660043363937345050478072453854,lat_centre,116.111,14.013,33.683,0.0835,0.927,1.2.826.0.1.3680043.8.498.12189596919922151548090023723010578251,33,3.3,1,True
1.2.826.0.1.3680043.8.498.30066410959464367576375502522994033142,lat_centre,135.189,-46.003,4.646,0.0897,1.093,1.2.826.0.1.3680043.8.498.46767896249477842741073392851465641332,34,3.3,1,True
1.2.826.0.1.3680043.8.498.30104491808697888642424160917715722238,lat_centre,-107.639,-11.927,-30.009,0.09,0.702,1.2.826.0.1.3680043.8.498.95712399420348071358493046311796261230,32,3.3,1,True
1.2.826.0.1.3680043.8.498.30131339052241668380936148362472245259,lat_centre,108.656,3.278,-27.294,0.1033,0.958,1.2.826.0.1.3680043.8.498.11148197586733810570169329983125148966,36,3.0,1,True
1.2.826.0.1.3680043.8.498.30150613585152527569197215147135001922,lat_centre,-135.0,-52.826,25.482,0.089,0.619,1.2.826.0.1.3680043.8.498.12647237832789555919977538034340362021,30,3.3,1,True
1.2.826.0.1.3680043.8.498.30167179890902431464942556467698238073,lat_centre,-146.216,-48.824,-46.113,0.0915,1.024,1.2.826.0.1.3680043.8.498.51369083477946186717363345853794706904,34,3.3,1,True
1.2.826.0.1.3680043.8.498.30174064884443577177838026250637902388,lat_centre,123.834,-85.55,15.531,0.0809,1.632,1.2.826.0.1.3680043.8.498.12347884530934128322317182103429875762,19,5.0,1,True
1.2.826.0.1.3680043.8.498.30206987686375669521451035370290737934,lat_centre,139.721,-30.505,-31.557,0.0877,1.322,1.2.826.0.1.3680043.8.498.69154249726148014191398208833520033252,30,3.3,1,True
1.2.826.0.1.3680043.8.498.30222189977108980260768952691472020722,lat_centre,-141.032,-26.455,-40.444,0.1161,1.542,1.2.826.0.1.3680043.8.498.57236684229830574624882876889524710315,28,3.3,1,True
1.2.826.0.1.3680043.8.498.30233578499383083757206211752001832047,lat_centre,-106.646,-0.583,-33.723,0.1009,0.678,1.2.826.0.1.3680043.8.498.11362221487467389265394928109609442563,33,3.3,1,True
1.2.826.0.1.3680043.8.498.30246079718471552972130572444383079911,lat_centre,-21.592,-28.521,-6.34,0.1144,0.922,1.2.826.0.1.3680043.8.498.73098240504448530683336388041967650671,20,4.5,1,True
1.2.826.0.1.3680043.8.498.30248682294786626375369374249874501600,lat_centre,128.159,-47.753,-21.234,0.0915,0.746,1.2.826.0.1.3680043.8.498.33951773710885948227873329754709076586,29,3.3,1,True
1.2.826.0.1.3680043.8.498.30252501257451878373370333329266264057,lat_centre,123.521,9.01,-20.012,0.1054,0.509,1.2.826.0.1.3680043.8.498.93546349072926677615139520230076503158,28,3.5,1,True
1.2.826.0.1.3680043.8.498.30264599677934095429161619981918944098,lat_centre,104.011,43.855,-26.614,0.0775,1.495,1.2.826.0.1.3680043.8.498.12839721100603688347292415876204546549,24,4.5,1,True
1.2.826.0.1.3680043.8.498.30282025087399390929963075109487390046,lat_centre,-143.42,-42.965,2.006,0.0732,0.401,1.2.826.0.1.3680043.8.498.59659092325297263589132339602569923236,40,0.4,8,True
1.2.826.0.1.3680043.8.498.30330001893437233719772129404417384472,lat_centre,114.919,-11.182,19.42,0.1058,2.077,1.2.826.0.1.3680043.8.498.12229653712279685358116641420124270953,22,5.0,1,True
1.2.826.0.1.3680043.8.498.30381005430261460472880465705496199540,lat_centre,101.785,-5.051,-7.426,0.1071,0.575,1.2.826.0.1.3680043.8.498.89542830563963918842879258706563866046,25,3.6,1,True
1.2.826.0.1.3680043.8.498.30420245540489522189154634720778032533,lat_centre,-108.009,2.448,-48.893,0.0876,1.817,1.2.826.0.1.3680043.8.498.88011546352112288419080736262407727224,34,3.0,1,True
1.2.826.0.1.3680043.8.498.30423643741419627789701272644909134762,lat_centre,103.894,-25.461,-59.815,0.1117,0.852,1.2.826.0.1.3680043.8.498.35463376383565139019496109663226506341,35,3.6,1,True
1.2.826.0.1.3680043.8.498.30435446905709054197096833427672604260,lat_centre,-97.621,-15.393,-10.014,0.0901,1.034,1.2.826.0.1.3680043.8.498.39892734147632637847828913297440377200,33,3.3,1,True
1.2.826.0.1.3680043.8.498.30490857770169699336468319880130884989,lat_centre,-101.018,0.283,-4.63,0.0714,1.191,1.2.826.0.1.3680043.8.498.99726227959669579853087903848318649145,35,3.6,1,True
1.2.826.0.1.3680043.8.498.30517381653283520211188050362394799510,lat_centre,113.589,-3.404,-53.472,0.1243,0.473,1.2.826.0.1.3680043.8.498.56325702795961498548895006218010843968,21,4.5,1,True
1.2.826.0.1.3680043.8.498.30520444048368652235940346583890702451,lat_centre,106.129,-31.327,-10.114,0.1128,1.448,1.2.826.0.1.3680043.8.498.94827831760687985007886743554256974191,30,3.5,1,True
1.2.826.0.1.3680043.8.498.30537361712821464927469618193893850465,lat_centre,-101.818,-52.093,-17.819,0.0936,0.61,1.2.826.0.1.3680043.8.498.59727843792726360436617186359498583521,29,3.51,1,True
1.2.826.0.1.3680043.8.498.30557810085867943803354292590079995622,lat_centre,-127.504,3.84,21.208,0.0812,2.51,1.2.826.0.1.3680043.8.498.24077785817362409098999952415943378232,26,4.5,1,True
1.2.826.0.1.3680043.8.498.30613528335797277620843542280889823612,lat_centre,-111.775,-10.342,2.293,0.1042,1.145,1.2.826.0.1.3680043.8.498.25401436056144677958958705238338517817,33,3.3,1,True
1.2.826.0.1.3680043.8.498.30662407196303880392459287553277761223,lat_centre,-113.339,-9.454,-16.879,0.1054,1.543,1.2.826.0.1.3680043.8.498.17194688454077802266068129889245124026,33,3.3,1,True
1.2.826.0.1.3680043.8.498.30672390215843894382866701432377109444,lat_centre,-110.408,-13.401,-10.463,0.1005,0.462,1.2.826.0.1.3680043.8.498.11920911535587736088357677838878254777,34,3.0,1,True
1.2.826.0.1.3680043.8.498.30673411238679998084995204090753297949,lat_centre,85.438,14.736,-38.359,0.0903,0.805,1.2.826.0.1.3680043.8.498.51654300188850639816273100429703067225,30,3.3,1,True
1.2.826.0.1.3680043.8.498.30690232747840004203140392776057147177,lat_centre,-100.506,-45.338,-21.321,0.0931,1.643,1.2.826.0.1.3680043.8.498.70169279312215156510623742863570110586,34,3.3,1,True
1.2.826.0.1.3680043.8.498.30746167840159843733412534591988948270,lat_centre,105.907,22.704,-42.145,0.1169,1.434,1.2.826.0.1.3680043.8.498.13074289174541842976053004241046095101,30,3.3,1,True
1.2.826.0.1.3680043.8.498.30756534269149851281518502475458067520,lat_centre,105.121,-6.57,8.292,0.0823,1.493,1.2.826.0.1.3680043.8.498.28098799133144585231074342846707679467,29,3.6,1,True
1.2.826.0.1.3680043.8.498.30763696628968291934469221453461209579,lat_centre,128.205,-33.482,-10.699,0.0617,0.86,1.2.826.0.1.3680043.8.498.11530309532651880934013402992495542632,28,3.3,1,True
1.2.826.0.1.3680043.8.498.30800677497901063887487934675082066316,lat_centre,90.602,5.25,-18.408,0.1046,0.707,1.2.826.0.1.3680043.8.498.76205631020323430594776876120165024832,28,3.6,1,True
1.2.826.0.1.3680043.8.498.30832771419882354941430609179589560374,lat_centre,100.966,-24.782,11.852,0.0877,0.643,1.2.826.0.1.3680043.8.498.45474944400886137645359521764276575706,30,3.5,1,True
1.2.826.0.1.3680043.8.498.30836611607735372299752226690388090391,lat_centre,-98.335,-18.268,-16.391,0.0926,1.025,1.2.826.0.1.3680043.8.498.10531970426479709567203116056393045560,40,3.3,1,True
1.2.826.0.1.3680043.8.498.30838586189496669675465778955893367497,lat_centre,-160.32,-85.156,-2.878,0.1258,0.638,1.2.826.0.1.3680043.8.498.60563416048554524688879034214696497656,20,4.5,1,True
1.2.826.0.1.3680043.8.498.30842406081180392627544336691360658070,lat_centre,-69.974,0.413,-13.031,0.1088,1.18,1.2.826.0.1.3680043.8.498.72946333670808443322247786283164536672,30,3.3,1,True
1.2.826.0.1.3680043.8.498.30888379005655662168586864728687777425,lat_centre,-110.732,-46.645,-12.66,0.0924,1.885,1.2.826.0.1.3680043.8.498.13490601221503212083052892377283439192,30,3.3,1,True
1.2.826.0.1.3680043.8.498.30942874102560162331831960649006411381,lat_centre,137.191,-26.084,-22.511,0.1033,1.771,1.2.826.0.1.3680043.8.498.27403545604174100563751898738434969237,29,3.3,1,True
1.2.826.0.1.3680043.8.498.30947630416867960170317316514422933066,lat_centre,-22.021,9.398,-7.197,0.0887,0.503,1.2.826.0.1.3680043.8.498.13311951226618325487018283300306283640,28,4.0,1,True
1.2.826.0.1.3680043.8.498.30978547345367837000803077743620171961,lat_centre,82.386,10.447,-12.554,0.1109,1.394,1.2.826.0.1.3680043.8.498.12491632838498934440260518256766263595,17,5.0,1,True
1.2.826.0.1.3680043.8.498.30998941785989496591079894962766360976,lat_centre,-116.76,-9.68,-39.3,0.1008,0.698,1.2.826.0.1.3680043.8.498.82243138369740738065994678160516742433,28,3.5,1,True
1.2.826.0.1.3680043.8.498.31079821574648958955911441626193848961,lat_centre,-118.62,-43.912,15.213,0.0941,1.324,1.2.826.0.1.3680043.8.498.82126102532677755823490900413636356752,29,3.3,1,True
1.2.826.0.1.3680043.8.498.31080452089421812812019413302222437434,lat_centre,81.405,11.452,-14.727,0.1236,1.887,1.2.826.0.1.3680043.8.498.18657547827515406204383520751565437583,23,4.8,1,True
1.2.826.0.1.3680043.8.498.31082592133742929889611857821843859701,lat_centre,-117.719,6.712,25.125,0.0974,0.513,1.2.826.0.1.3680043.8.498.12840294273863237810221963068776394646,48,2.2,1,True
1.2.826.0.1.3680043.8.498.31099878224304681441631176766255029271,lat_centre,127.23,-55.887,8.347,0.0823,0.501,1.2.826.0.1.3680043.8.498.24718845335586396638422314959291258939,29,3.3,1,True
1.2.826.0.1.3680043.8.498.31137162827930164367134811210741362416,lat_centre,-127.425,-24.652,-19.272,0.0884,0.52,1.2.826.0.1.3680043.8.498.70132964232752334489155609436430729059,33,3.3,1,True
1.2.826.0.1.3680043.8.498.31145453746697192222724674918300432873,lat_centre,113.02,-31.883,-33.35,0.0943,0.929,1.2.826.0.1.3680043.8.498.40034177952254269904405984256527303405,35,3.3,1,True
1.2.826.0.1.3680043.8.498.31171050331393253655760166990008263793,lat_centre,-104.03,1.015,-28.184,0.1199,0.635,1.2.826.0.1.3680043.8.498.11774137672139032701185196359964557366,30,3.3,1,True
1.2.826.0.1.3680043.8.498.31175171249406459042393597291141275669,lat_centre,-90.97,4.811,-4.711,0.0904,0.891,1.2.826.0.1.3680043.8.498.78195115667874515127174762793539729784,30,3.0,1,True
1.2.826.0.1.3680043.8.498.31175617350083221245857813741060042777,lat_centre,-104.287,-0.023,-16.741,0.1138,0.817,1.2.826.0.1.3680043.8.498.14757712296921149160337433946177087889,30,3.0,1,True
1.2.826.0.1.3680043.8.498.31193772347652083986607183406944630716,lat_centre,87.972,17.624,-45.211,0.0899,0.769,1.2.826.0.1.3680043.8.498.11349013956405810062164261077153536624,34,3.3,1,True
1.2.826.0.1.3680043.8.498.31218039240665208717816408042644491715,lat_centre,-138.661,-25.979,-40.044,0.0937,0.744,1.2.826.0.1.3680043.8.498.25733242799583205904269231227313576556,30,3.3,1,True
1.2.826.0.1.3680043.8.498.31220970065722563280311764269386457090,lat_centre,-103.709,21.296,-37.275,0.1191,0.912,1.2.826.0.1.3680043.8.498.44229325504236472149695083754122629863,28,4.0,1,True
1.2.826.0.1.3680043.8.498.31257542772176806182696506252925365119,lat_centre,108.859,-4.76,-27.929,0.1031,1.572,1.2.826.0.1.3680043.8.498.64583368098504208095570023763159350667,34,3.0,1,True
1.2.826.0.1.3680043.8.498.31280487369922340170695453174997912050,lat_centre,108.837,-11.339,-39.123,0.108,1.272,1.2.826.0.1.3680043.8.498.81163820988791481070485299282671925588,31,3.6,1,True
1.2.826.0.1.3680043.8.498.31282366761674650660824706600044115805,lat_centre,-128.854,-50.0,-14.33,0.1405,1.293,1.2.826.0.1.3680043.8.498.10337595320674826209301041882506482147,29,3.3,1,True
1.2.826.0.1.3680043.8.498.31284572943302383501947308874558551301,lat_centre,108.807,-29.128,-34.43,0.0957,1.622,1.2.826.0.1.3680043.8.498.79793527566785174170836526259218219126,21,4.4,1,True
1.2.826.0.1.3680043.8.498.31352187408311685267245948214616940728,lat_centre,124.507,-52.402,-1.096,0.1092,1.65,1.2.826.0.1.3680043.8.498.10856569820141167252208977902501907943,37,2.875,1,True
1.2.826.0.1.3680043.8.498.31373064397225665483187291274194812486,lat_centre,-138.37,-35.373,-3.22,0.1117,0.936,1.2.826.0.1.3680043.8.498.91864279543487653306998349429019164879,29,3.3,1,True
1.2.826.0.1.3680043.8.498.31421989235441217674752676866539112529,lat_centre,110.655,-45.028,-7.575,0.1023,0.852,1.2.826.0.1.3680043.8.498.15744409802258555883211217663137150167,33,3.3,1,True
1.2.826.0.1.3680043.8.498.31461240229123701082444627629841504099,lat_centre,-108.25,17.059,3.266,0.0956,1.687,1.2.826.0.1.3680043.8.498.66978950770926960778429982361093715398,20,4.0,1,True
1.2.826.0.1.3680043.8.498.31482725509752510642857072190147133461,lat_centre,115.874,-22.545,15.306,0.0876,0.553,1.2.826.0.1.3680043.8.498.45564313869439111113290360368037245527,36,3.3,1,True
1.2.826.0.1.3680043.8.498.31555333355990829772911515362502000209,lat_centre,-104.652,-35.272,5.185,0.0873,1.032,1.2.826.0.1.3680043.8.498.12973743903688380069717102255179887041,34,3.3,1,True
1.2.826.0.1.3680043.8.498.31565705236407722278921437231164204914,lat_centre,141.608,-47.589,-79.174,0.0855,1.203,1.2.826.0.1.3680043.8.498.70625281670585984092064709508126634020,22,4.5,1,True
1.2.826.0.1.3680043.8.498.31610133883321894510649078615659708431,lat_centre,-101.522,-23.134,-23.4,0.1032,1.758,1.2.826.0.1.3680043.8.498.70232897578699202788218895629154247993,35,3.3,1,True
1.2.826.0.1.3680043.8.498.31640159014711750808214354395404624815,lat_centre,24.614,22.399,-25.216,0.0894,0.82,1.2.826.0.1.3680043.8.498.13241259743717542076295590925847429014,26,4.0,1,True
1.2.826.0.1.3680043.8.498.31745644522310786426860265012373331979,lat_centre,95.629,-37.127,-8.349,0.1019,1.057,1.2.826.0.1.3680043.8.498.12548594251388596898054752478266769796,23,4.288,1,True
1.2.826.0.1.3680043.8.498.31790457319528233269194462675995569260,lat_centre,111.958,3.69,-9.532,0.1078,1.216,1.2.826.0.1.3680043.8.498.86875507256574526935213629808527280756,24,3.9,1,True
1.2.826.0.1.3680043.8.498.31792234576444017394182974951507838927,lat_centre,62.556,2.722,-34.969,0.11,1.3,1.2.826.0.1.3680043.8.498.60345571081763895487355818610172879547,16,5.0,1,True
1.2.826.0.1.3680043.8.498.31806829168516955528191705338336428721,lat_centre,-111.348,8.863,-10.745,0.0955,0.952,1.2.826.0.1.3680043.8.498.12341954066102220468470357350392830019,33,3.3,1,True
1.2.826.0.1.3680043.8.498.31827987476038668074615045841102711882,lat_centre,-116.268,-6.344,2.595,0.1104,0.912,1.2.826.0.1.3680043.8.498.91587614899914924277508114922047791057,33,3.3,1,True
1.2.826.0.1.3680043.8.498.31842732064173292828619477783097732181,lat_centre,-140.677,-61.073,-20.924,0.0858,1.054,1.2.826.0.1.3680043.8.498.59238630819367838885162493854580332614,30,3.3,1,True
1.2.826.0.1.3680043.8.498.31851627014639252866084081561126592250,lat_centre,-121.817,-9.589,-20.345,0.1125,1.495,1.2.826.0.1.3680043.8.498.90237417102021565588101808178515051433,18,4.5,1,True
1.2.826.0.1.3680043.8.498.31898017986762601111404430885432769100,lat_centre,-120.064,-56.876,-14.883,0.1063,0.943,1.2.826.0.1.3680043.8.498.29318742488604696364602292998063280253,30,3.3,1,True
1.2.826.0.1.3680043.8.498.31899121807187535405063131351086765296,lat_centre,109.464,-2.116,-53.206,0.0942,1.417,1.2.826.0.1.3680043.8.498.60842651076064986690489009739987259383,34,3.0,1,True
1.2.826.0.1.3680043.8.498.31949224274318638796196151105617844024,lat_centre,146.061,-37.118,-7.621,0.0891,0.808,1.2.826.0.1.3680043.8.498.10736332493680344931557301470838927959,29,3.3,1,True
1.2.826.0.1.3680043.8.498.32043012602421532910420313983803503778,lat_centre,-86.598,22.923,-33.228,0.1358,2.632,1.2.826.0.1.3680043.8.498.65582622051030114319388100877996526361,26,4.8,1,True
1.2.826.0.1.3680043.8.498.32078592787308498852570411454111970699,lat_centre,99.936,-45.479,-11.396,0.0963,1.428,1.2.826.0.1.3680043.8.498.40610304075575110116890290437520437987,34,3.3,1,True
1.2.826.0.1.3680043.8.498.32109377199577933060124357239881959602,lat_centre,100.542,-36.565,6.685,0.0861,0.351,1.2.826.0.1.3680043.8.498.62665295568889577240908291213976166319,31,3.3,1,True
1.2.826.0.1.3680043.8.498.32138869097959653224534642965199855627,lat_centre,104.574,-33.58,3.09,0.1115,1.75,1.2.826.0.1.3680043.8.498.92383844023094748669988788430433347345,37,2.75,1,True
1.2.826.0.1.3680043.8.498.32172672595181417103935593872811182816,lat_centre,-149.346,-77.19,-49.697,0.0824,0.529,1.2.826.0.1.3680043.8.498.10061753038850571612100729907998252038,26,4.5,1,True
1.2.826.0.1.3680043.8.498.32179217289301203414651193280580594771,lat_centre,-109.174,-8.533,-11.331,0.1212,0.744,1.2.826.0.1.3680043.8.498.11826685990591578685188899303032453814,32,3.3,1,True
1.2.826.0.1.3680043.8.498.32226253011052584155674401943276961907,lat_centre,-107.878,-71.142,8.459,0.1225,0.925,1.2.826.0.1.3680043.8.498.50253959585692500999605462999378120072,22,4.5,1,True
1.2.826.0.1.3680043.8.498.32241219263926672894433308808653719495,lat_centre,142.476,-22.664,12.029,0.0923,1.65,1.2.826.0.1.3680043.8.498.11682084239313734801224245144741486579,31,3.3,1,True
1.2.826.0.1.3680043.8.498.32265622493980668732317541941196894795,lat_centre,133.345,-48.048,-3.583,0.099,1.16,1.2.826.0.1.3680043.8.498.33301963288916587176468030754122994608,29,3.3,1,True
1.2.826.0.1.3680043.8.498.32299120582647333604770626110392750631,lat_centre,-133.365,-36.331,-13.439,0.1022,0.594,1.2.826.0.1.3680043.8.498.96397702796886305814608193260923346766,32,3.3,1,True
1.2.826.0.1.3680043.8.498.32321830776739689645700555055955725945,lat_centre,-96.029,-33.837,-5.533,0.1005,1.006,1.2.826.0.1.3680043.8.498.11606608801399746595082769699005627633,19,4.8,1,True
1.2.826.0.1.3680043.8.498.32328699307307661181881949763360098439,lat_centre,-131.302,-29.356,-41.21,0.0611,0.603,1.2.826.0.1.3680043.8.498.12406484342649922839077506433283914861,33,3.9,1,True
1.2.826.0.1.3680043.8.498.32329374180424300100441619205766536205,lat_centre,97.601,-7.425,-32.934,0.1048,1.622,1.2.826.0.1.3680043.8.498.11395584000470322418630609127980249496,33,3.3,1,True
1.2.826.0.1.3680043.8.498.32413534416513678586709935453506443461,lat_centre,25.773,11.194,-23.191,0.101,1.054,1.2.826.0.1.3680043.8.498.22725163833998912255899261647148764332,26,4.0,1,True
1.2.826.0.1.3680043.8.498.32417506901165787885027994386927321654,lat_centre,71.309,-30.684,-29.103,0.0789,0.546,1.2.826.0.1.3680043.8.498.73831874020039912407832174370162002191,28,3.5,1,True
1.2.826.0.1.3680043.8.498.32479930837336533083798155873656743007,lat_centre,106.26,-12.26,29.919,0.0921,0.501,1.2.826.0.1.3680043.8.498.66423004654255857358154432391393650149,28,3.5,1,True
1.2.826.0.1.3680043.8.498.32488933488399304214586978746578986823,lat_centre,-171.597,29.223,-11.769,0.1087,0.822,1.2.826.0.1.3680043.8.498.10499908214625101255895855623056139758,20,5.0,1,True
1.2.826.0.1.3680043.8.498.32501049887140121289143479773995481982,lat_centre,155.715,-59.049,-0.251,0.0948,0.842,1.2.826.0.1.3680043.8.498.36822350193653135956500787567492932249,27,3.6,1,True
1.2.826.0.1.3680043.8.498.32504785212530110880087745488871181111,lat_centre,110.601,-54.66,-35.962,0.0975,0.516,1.2.826.0.1.3680043.8.498.56789355613584332423216192400516933593,34,3.3,1,True
1.2.826.0.1.3680043.8.498.32513010438338970418994141548516096399,lat_centre,-128.835,-18.594,-22.93,0.0915,0.911,1.2.826.0.1.3680043.8.498.31382637975243715938162059899579264566,21,4.5,1,True
1.2.826.0.1.3680043.8.498.32521102053110469817073126425955562934,lat_centre,148.395,-48.174,10.044,0.0813,1.114,1.2.826.0.1.3680043.8.498.58001758657405538973591147852159399834,27,4.0,1,True
1.2.826.0.1.3680043.8.498.32571577475600416042179474541176580933,lat_centre,-134.327,-28.549,-11.702,0.0878,2.75,1.2.826.0.1.3680043.8.498.20187026050171240531040218538180218239,24,4.5,1,True
1.2.826.0.1.3680043.8.498.32593583441236180433075435541777683664,lat_centre,-101.704,-82.796,-11.345,0.0976,2.657,1.2.826.0.1.3680043.8.498.10613155904209636655846066222528011126,19,4.8,1,True
1.2.826.0.1.3680043.8.498.32611545463217490575457831874695918229,lat_centre,-130.351,-25.174,-12.026,0.1127,1.114,1.2.826.0.1.3680043.8.498.10596229335495443676336286046534935122,22,4.5,1,True
1.2.826.0.1.3680043.8.498.32624291809937483520460431326945616461,lat_centre,130.295,-42.491,-25.44,0.0834,0.847,1.2.826.0.1.3680043.8.498.63855982887548435576774220003313557092,29,3.3,1,True
1.2.826.0.1.3680043.8.498.32680606387445562892045224227371304764,lat_centre,-102.03,-1.218,-8.128,0.0864,1.872,1.2.826.0.1.3680043.8.498.10475152455923361677875212105011323328,24,3.9,1,True
1.2.826.0.1.3680043.8.498.32704159300269838731722725240928883385,lat_centre,-110.49,8.022,-19.136,0.0727,0.731,1.2.826.0.1.3680043.8.498.19410523687045198998847435653347510007,30,3.3,1,True
1.2.826.0.1.3680043.8.498.32723296226443325838892542529446214677,lat_centre,105.289,-13.38,-11.822,0.0924,0.58,1.2.826.0.1.3680043.8.498.25144829856352106700921373016405884709,27,3.6,1,True
1.2.826.0.1.3680043.8.498.32742383730417896527915284404039812924,lat_centre,141.864,-36.241,-22.491,0.1018,0.716,1.2.826.0.1.3680043.8.498.95714239873391484723702217973034487501,35,3.3,1,True
1.2.826.0.1.3680043.8.498.32784816158214124982843838883515640569,lat_centre,-103.007,18.63,-28.602,0.122,1.509,1.2.826.0.1.3680043.8.498.10357336449290369278466460087243174466,26,4.0,1,True
1.2.826.0.1.3680043.8.498.32835080036019877751472792740274297358,lat_centre,-125.255,-42.336,-11.989,0.0775,0.642,1.2.826.0.1.3680043.8.498.54978249115538840627135584646804040273,33,3.9,1,True
1.2.826.0.1.3680043.8.498.32862727544234948830522036721585095753,lat_centre,-138.439,-22.473,-17.93,0.0876,0.719,1.2.826.0.1.3680043.8.498.11323273634523485717366014592768730871,32,3.51,1,True
1.2.826.0.1.3680043.8.498.32910372391370203605482772577821971133,lat_centre,-109.749,42.495,-30.344,0.0819,1.096,1.2.826.0.1.3680043.8.498.57909346675359730537882668252691021892,20,5.0,1,True
1.2.826.0.1.3680043.8.498.32916544979513354644075485240094539251,lat_centre,119.947,-23.255,-47.279,0.0812,0.284,1.2.826.0.1.3680043.8.498.96090528657202608689704159438865162168,40,3.5,1,True
1.2.826.0.1.3680043.8.498.32996271790302034744448837505729856569,lat_centre,-97.499,-56.813,-38.865,0.109,0.656,1.2.826.0.1.3680043.8.498.69232396493218547991107699939319200492,19,4.4,1,True
1.2.826.0.1.3680043.8.498.33045687849853291066101186962073873042,lat_centre,143.217,-42.084,-22.913,0.1091,1.201,1.2.826.0.1.3680043.8.498.92246696273993776490824084188909160807,32,3.3,1,True
1.2.826.0.1.3680043.8.498.33085434860684110795966817803985794300,lat_centre,-99.664,-3.121,-37.626,0.0966,0.77,1.2.826.0.1.3680043.8.498.11386754924702077983545139334128409495,33,3.3,1,True
1.2.826.0.1.3680043.8.498.33114390259375873203134285352951765534,lat_centre,-133.96,-40.337,41.527,0.0848,0.68,1.2.826.0.1.3680043.8.498.31823481230813266800899333872823382636,25,4.5,1,True
1.2.826.0.1.3680043.8.498.33215387283623093392227819856970670071,lat_centre,135.047,-43.879,-30.383,0.0848,0.704,1.2.826.0.1.3680043.8.498.22055759302623008432187044533870433667,29,3.3,1,True
1.2.826.0.1.3680043.8.498.33247377165700300890880607485836825807,lat_centre,-92.967,0.467,-38.325,0.1077,1.521,1.2.826.0.1.3680043.8.498.11025924593973564590292021403800979272,24,4.5,1,True
1.2.826.0.1.3680043.8.498.33273874534046658504935877940537027702,lat_centre,-93.38,-54.827,-30.538,0.0931,1.268,1.2.826.0.1.3680043.8.498.44685250227671431030403471147543658278,30,3.3,1,True
1.2.826.0.1.3680043.8.498.33284228284209148349668722931307588402,lat_centre,-123.317,-30.691,-34.188,0.0953,0.83,1.2.826.0.1.3680043.8.498.30524188308264203322580692033168114254,30,3.3,1,True
1.2.826.0.1.3680043.8.498.33324606756355240783076971858231422510,lat_centre,-96.821,-0.936,-12.067,0.0659,0.92,1.2.826.0.1.3680043.8.498.30052742770198151105579735827306043150,29,3.6,1,True
1.2.826.0.1.3680043.8.498.33324670630108603340869986205298694836,lat_centre,-114.375,-48.724,-29.043,0.1161,1.18,1.2.826.0.1.3680043.8.498.94123677686662859198706037554484654215,30,3.6,1,True
1.2.826.0.1.3680043.8.498.33339945632086976351786752793064764443,lat_centre,108.885,-71.303,5.938,0.1218,1.952,1.2.826.0.1.3680043.8.498.11819169239048940562521527736325192554,23,4.698,1,True
1.2.826.0.1.3680043.8.498.33387430823462011959198830568803117633,lat_centre,-104.652,1.461,4.971,0.0685,0.555,1.2.826.0.1.3680043.8.498.12706985314218579395874813071667893909,32,3.3,1,True
1.2.826.0.1.3680043.8.498.33393833442961030521286257650328223086,lat_centre,-129.328,-41.12,-19.609,0.0819,1.061,1.2.826.0.1.3680043.8.498.11922712187427140270615515885066348147,29,3.3,1,True
1.2.826.0.1.3680043.8.498.33419086668421177906530808458004386826,lat_centre,126.392,-16.227,-8.692,0.0899,0.753,1.2.826.0.1.3680043.8.498.35837537606794520458599874516110400150,35,3.3,1,True
1.2.826.0.1.3680043.8.498.33427080769740419588952225424281396684,lat_centre,-121.571,-41.886,-4.558,0.1051,1.188,1.2.826.0.1.3680043.8.498.43117321499465894031122734355618282581,29,3.3,1,True
1.2.826.0.1.3680043.8.498.33432461096351771607862098991677662209,lat_centre,-97.981,51.97,-3.195,0.102,0.588,1.2.826.0.1.3680043.8.498.81252121123024234447551254460758383511,24,4.5,1,True
1.2.826.0.1.3680043.8.498.33479806419966566464727310013949313521,lat_centre,119.357,-6.125,-3.297,0.0985,1.497,1.2.826.0.1.3680043.8.498.77107254815354533085668213715912329531,45,2.2,1,True
1.2.826.0.1.3680043.8.498.33584205642521728950676369503690551550,lat_centre,-102.158,-53.36,-35.776,0.089,1.266,1.2.826.0.1.3680043.8.498.13179370062885025597270127942540111582,28,3.3,1,True
1.2.826.0.1.3680043.8.498.33614319611050071354692274770073371314,lat_centre,-102.306,-49.224,-31.732,0.0727,1.56,1.2.826.0.1.3680043.8.498.50452139963269377522213191615474672612,36,3.3,1,True
1.2.826.0.1.3680043.8.498.33620268340279901383196638228030589893,lat_centre,-131.499,-40.143,7.886,0.0757,2.278,1.2.826.0.1.3680043.8.498.13162125548596943515250247237101075217,29,3.3,1,True
1.2.826.0.1.3680043.8.498.33657688895130083119886800524324572941,lat_centre,105.818,-39.303,-38.918,0.1074,1.213,1.2.826.0.1.3680043.8.498.68708144477766775267455260274454875295,28,3.5,1,True
1.2.826.0.1.3680043.8.498.33707148112045883958228656491167647755,lat_centre,102.54,4.8,-10.732,0.0881,1.204,1.2.826.0.1.3680043.8.498.10911706226640540019759775693048311898,32,3.0,1,True
1.2.826.0.1.3680043.8.498.33709759248055631658322056320849494088,lat_centre,-108.456,2.301,-25.163,0.1044,0.895,1.2.826.0.1.3680043.8.498.77269786049211763934643141515950935289,34,3.0,1,True
1.2.826.0.1.3680043.8.498.33734536545775442043827840341408174347,lat_centre,131.807,-46.35,-35.103,0.0856,1.573,1.2.826.0.1.3680043.8.498.94583889234704652941693354133280972013,40,0.4,8,True
1.2.826.0.1.3680043.8.498.33834227140201599591317512187502720859,lat_centre,108.87,-3.439,-30.08,0.1023,0.512,1.2.826.0.1.3680043.8.498.47732851680653675640939192911836625490,33,3.3,1,True
1.2.826.0.1.3680043.8.498.33841907095190352493353075864604147687,lat_centre,-29.081,4.855,-7.956,0.0981,0.419,1.2.826.0.1.3680043.8.498.54645985957108670241234374786624060032,26,3.9,1,True
1.2.826.0.1.3680043.8.498.33880013318702285028756482543453984598,lat_centre,138.421,-38.223,-13.137,0.0788,1.163,1.2.826.0.1.3680043.8.498.68633105141236050965957455528612424146,29,3.6,1,True
1.2.826.0.1.3680043.8.498.33885566709305241744786004177260915650,lat_centre,-105.036,-28.34,6.718,0.0885,0.755,1.2.826.0.1.3680043.8.498.21440775758835404232367041511193086904,29,3.3,1,True
1.2.826.0.1.3680043.8.498.33899056854391617633929258302459140830,lat_centre,105.937,20.336,-31.042,0.081,1.975,1.2.826.0.1.3680043.8.498.68839805364998796277344976842497193957,25,4.52,1,True
1.2.826.0.1.3680043.8.498.33947148016115721563601115463364787679,lat_centre,96.854,79.552,-68.495,0.0853,1.95,1.2.826.0.1.3680043.8.498.39865574089232925854148660407242172937,26,4.0,1,True
1.2.826.0.1.3680043.8.498.33957165685646407808982253731894148028,lat_centre,139.048,-42.643,-12.742,0.082,1.619,1.2.826.0.1.3680043.8.498.95798182876179338941802715006334442225,34,3.3,1,True
1.2.826.0.1.3680043.8.498.33990091057243328830745904178686745167,lat_centre,-111.295,11.781,-0.267,0.0897,1.06,1.2.826.0.1.3680043.8.498.53005435698743405854541465746923070736,26,3.9,1,True
1.2.826.0.1.3680043.8.498.33997019840409023169542161093833920630,lat_centre,-136.924,-20.094,-54.435,0.0868,1.015,1.2.826.0.1.3680043.8.498.30041006491989554869486102465136266883,32,3.3,1,True
1.2.826.0.1.3680043.8.498.34002185870196144582348922158474418674,lat_centre,-110.461,-27.683,-44.783,0.0768,0.713,1.2.826.0.1.3680043.8.498.96115457493169218874851746122453049564,36,2.875,1,True
1.2.826.0.1.3680043.8.498.34040631818813472592501398076075999835,lat_centre,-94.739,-21.212,8.329,0.1087,0.41,1.2.826.0.1.3680043.8.498.87060411000176903943510506333112249165,31,3.3,1,True
1.2.826.0.1.3680043.8.498.34058295828142876023659425586740832405,lat_centre,-133.375,-29.663,-4.195,0.0975,0.692,1.2.826.0.1.3680043.8.498.15159088667870563356727108520764569388,33,3.3,1,True
1.2.826.0.1.3680043.8.498.34076627216941578548083498328399240999,lat_centre,-116.023,-39.197,-46.033,0.0732,0.431,1.2.826.0.1.3680043.8.498.86398155169574326696974092366869024821,35,3.5,1,True
1.2.826.0.1.3680043.8.498.34096149829586714035779314398766243514,lat_centre,-138.408,-35.909,-4.477,0.1043,1.671,1.2.826.0.1.3680043.8.498.31790951453913355194276007245431416082,25,4.156,1,True
1.2.826.0.1.3680043.8.498.34109091435857467600499949506940613037,lat_centre,-108.639,-58.028,-22.455,0.1004,1.075,1.2.826.0.1.3680043.8.498.91471938683224611334540859548975264650,32,3.3,1,True
1.2.826.0.1.3680043.8.498.34126843286927697018624309801437341727,lat_centre,96.467,-2.313,6.625,0.1026,0.653,1.2.826.0.1.3680043.8.498.12524672905606729087169483239588086577,32,3.0,1,True
1.2.826.0.1.3680043.8.498.34206043272866138622475050809785944941,lat_centre,131.268,3.855,-31.901,0.1078,1.276,1.2.826.0.1.3680043.8.498.29448313663492694744412304610626305465,25,3.6,1,True
1.2.826.0.1.3680043.8.498.34262242337778924864334788374037992215,lat_centre,81.962,-9.83,-16.025,0.0934,1.247,1.2.826.0.1.3680043.8.498.66540723904905158700493932699844728066,33,3.3,1,True
1.2.826.0.1.3680043.8.498.34294522885703132478119231619149118745,lat_centre,-53.083,38.796,-22.086,0.1064,1.215,1.2.826.0.1.3680043.8.498.64418367554756344022703749575767442868,23,4.8,1,True
1.2.826.0.1.3680043.8.498.34360298211002490108642003575962873984,lat_centre,143.687,-54.272,-31.318,0.1041,1.036,1.2.826.0.1.3680043.8.498.41612297579497557519573918923959703532,29,3.3,1,True
1.2.826.0.1.3680043.8.498.34379812274299658721362253287768041613,lat_centre,-100.57,-27.067,-33.155,0.0829,1.594,1.2.826.0.1.3680043.8.498.65916170782720851133927522759538829743,39,3.3,1,True
1.2.826.0.1.3680043.8.498.34404554752241524210538769325381023947,lat_centre,-108.533,-6.559,18.182,0.101,0.89,1.2.826.0.1.3680043.8.498.10432337670053391914454588315957073058,28,3.6,1,True
1.2.826.0.1.3680043.8.498.34433343440016591348979084714300062954,lat_centre,-105.655,-8.34,-44.198,0.0811,1.037,1.2.826.0.1.3680043.8.498.10517520196509105745861272651855351136,30,4.5,1,True
1.2.826.0.1.3680043.8.498.34441662343660776323013762699640240389,lat_centre,126.833,-35.359,-28.434,0.1149,1.001,1.2.826.0.1.3680043.8.498.77206578329610267872654775588532677048,22,4.5,1,True
1.2.826.0.1.3680043.8.498.34461302710296907289543656738174044465,lat_centre,-107.829,-5.952,8.363,0.0911,0.671,1.2.826.0.1.3680043.8.498.75566242946501075881866672573889471661,32,3.6,1,True
1.2.826.0.1.3680043.8.498.34501976934829436985900782482912019868,lat_centre,-103.659,-2.652,-8.944,0.0855,1.562,1.2.826.0.1.3680043.8.498.13498457062164065828459513441231714057,27,3.6,1,True
1.2.826.0.1.3680043.8.498.34546106114963066554367298449299214677,lat_centre,-143.599,-35.325,-24.19,0.1105,1.546,1.2.826.0.1.3680043.8.498.37764118424218311727028289598391093245,29,3.3,1,True
1.2.826.0.1.3680043.8.498.34572444983416782410188788741787280444,lat_centre,81.039,15.392,-20.011,0.0797,3.094,1.2.826.0.1.3680043.8.498.40949071238003618458399787504799716130,23,5.0,1,True
1.2.826.0.1.3680043.8.498.34574046861696910828478657346725687542,lat_centre,-106.912,-51.118,-25.651,0.095,1.107,1.2.826.0.1.3680043.8.498.88946215769764532169116155583921767365,30,3.3,1,True
1.2.826.0.1.3680043.8.498.34636178772986348716257313987840123906,lat_centre,97.075,-8.631,-7.162,0.0861,1.48,1.2.826.0.1.3680043.8.498.92293494075897916800652855123416612445,34,3.0,1,True
1.2.826.0.1.3680043.8.498.34654275504962399799861007974465776328,lat_centre,-101.134,2.8,13.197,0.0739,0.981,1.2.826.0.1.3680043.8.498.34343404304026846052002086753787945631,29,3.6,1,True
1.2.826.0.1.3680043.8.498.34685905030370793639196564723935583035,lat_centre,-116.423,-13.963,-34.665,0.0853,1.197,1.2.826.0.1.3680043.8.498.10354958299917644989297776650748117510,37,3.0,1,True
1.2.826.0.1.3680043.8.498.34690162612328981644511154212357885455,lat_centre,-83.024,-5.575,17.689,0.1165,0.721,1.2.826.0.1.3680043.8.498.12238881696427826362708222722664133518,24,3.3,1,True
1.2.826.0.1.3680043.8.498.34717974828302316666446325243570202245,lat_centre,-103.746,4.227,-34.96,0.1033,1.114,1.2.826.0.1.3680043.8.498.49941599534334616434639962035593279336,22,4.1,1,True
1.2.826.0.1.3680043.8.498.34740783941206992242367609204835771599,lat_centre,-104.528,-54.964,-20.888,0.1153,0.639,1.2.826.0.1.3680043.8.498.12820157211823903304859099255684594529,19,4.4,1,True
1.2.826.0.1.3680043.8.498.34753112960188810416088070814158959510,lat_centre,-100.852,3.369,-13.923,0.1031,1.74,1.2.826.0.1.3680043.8.498.32814777107386143740762712424645328874,24,4.5,1,True
1.2.826.0.1.3680043.8.498.34791780913322886484171421115861604853,lat_centre,131.479,-51.56,-45.024,0.0827,0.808,1.2.826.0.1.3680043.8.498.10723475473617500711100552856308904588,30,3.3,1,True
1.2.826.0.1.3680043.8.498.34795373994453585401035013232069587413,lat_centre,113.213,-17.198,-15.573,0.0967,0.682,1.2.826.0.1.3680043.8.498.55721916322046811874905970492313398688,24,4.5,1,True
1.2.826.0.1.3680043.8.498.34826100703045042103752460066224521343,lat_centre,-89.738,-70.989,-19.927,0.1085,0.749,1.2.826.0.1.3680043.8.498.64025193206719723130269571617108298647,19,5.4,1,True
1.2.826.0.1.3680043.8.498.34858782760614383566891001610985452165,lat_centre,-99.63,3.805,5.042,0.14,0.516,1.2.826.0.1.3680043.8.498.42658705260411384206549387768449340256,26,3.3,1,True
1.2.826.0.1.3680043.8.498.34861721301001052975626513770908147451,lat_centre,-106.822,-7.819,-2.143,0.0902,1.358,1.2.826.0.1.3680043.8.498.43897738235626779920657399502788626559,32,3.51,1,True
1.2.826.0.1.3680043.8.498.34895742092137516664772577251243433579,lat_centre,142.902,-36.813,-24.543,0.0881,0.928,1.2.826.0.1.3680043.8.498.38560643987634716513969999960851520429,29,3.3,1,True
1.2.826.0.1.3680043.8.498.35015675197378142698488944856288804597,lat_centre,93.46,56.827,-57.483,0.0861,1.38,1.2.826.0.1.3680043.8.498.20709005223603652707666184595718325348,31,3.3,1,True
1.2.826.0.1.3680043.8.498.35017973257585430544005763350601015208,lat_centre,106.639,-8.592,5.675,0.0969,2.652,1.2.826.0.1.3680043.8.498.85204189124294605748145663888423494802,29,3.85,1,True
1.2.826.0.1.3680043.8.498.35026052487843947230089350615730580521,lat_centre,103.011,-13.433,4.043,0.0914,0.618,1.2.826.0.1.3680043.8.498.85423861496971511398342912631293374949,29,3.6,1,True
1.2.826.0.1.3680043.8.498.35027750475162395113025853006474122989,lat_centre,148.426,-25.637,-50.522,0.0894,1.296,1.2.826.0.1.3680043.8.498.63789494474050056283332363910790047594,33,3.3,1,True
1.2.826.0.1.3680043.8.498.35064504053970754752690367203246822139,lat_centre,120.644,-3.165,-1.647,0.0992,0.876,1.2.826.0.1.3680043.8.498.85656718433794968801546551464904770145,48,2.2,1,True
1.2.826.0.1.3680043.8.498.35090276406828326770336478753776261776,lat_centre,134.638,-33.505,-6.474,0.0819,0.755,1.2.826.0.1.3680043.8.498.11345800697217949544705383096950521888,30,3.5,1,True
1.2.826.0.1.3680043.8.498.35121262802959257590413582180924083425,lat_centre,99.907,0.081,-44.578,0.0914,2.056,1.2.826.0.1.3680043.8.498.11644757024158116383086845674659343352,24,4.52,1,True
1.2.826.0.1.3680043.8.498.35127678462764233938878060108411012978,lat_centre,-105.784,-10.945,7.045,0.091,1.556,1.2.826.0.1.3680043.8.498.59134626400853887492353190321283309780,29,3.6,1,True
1.2.826.0.1.3680043.8.498.35210451107308788915675910467662426761,lat_centre,-99.944,-2.751,-18.448,0.0959,0.661,1.2.826.0.1.3680043.8.498.12951707088915265923314717373520033854,33,3.3,1,True
1.2.826.0.1.3680043.8.498.35230417208602644083092414161817929841,lat_centre,-86.625,-3.064,-4.865,0.1038,0.586,1.2.826.0.1.3680043.8.498.21666215260507227983794650282470461750,31,3.0,1,True
1.2.826.0.1.3680043.8.498.35257158249961136373696255071228322165,lat_centre,-96.859,-2.572,-29.227,0.0853,1.856,1.2.826.0.1.3680043.8.498.66228769815319852831952139546881298208,40,3.3,1,True
1.2.826.0.1.3680043.8.498.35273590880523815297008790288567354883,lat_centre,-129.27,-32.899,34.714,0.0924,1.855,1.2.826.0.1.3680043.8.498.42019772063033694778110117748528938334,21,3.8,1,True
1.2.826.0.1.3680043.8.498.35330802038595377723999341992570259909,lat_centre,-124.447,-28.039,-27.212,0.0997,0.535,1.2.826.0.1.3680043.8.498.90728587017606964942869606881463154670,29,3.3,1,True
1.2.826.0.1.3680043.8.498.35338198410583984337908932327787063577,lat_centre,-138.88,-33.248,-8.494,0.0823,1.775,1.2.826.0.1.3680043.8.498.16953619970177145296516943097889514274,24,4.0,1,True
1.2.826.0.1.3680043.8.498.35526385429946467546636621603749416429,lat_centre,-102.352,-26.101,-29.142,0.0915,0.992,1.2.826.0.1.3680043.8.498.76489247408227355566201702497901079264,36,0.89,4,True
1.2.826.0.1.3680043.8.498.35542843700847404584397532402313561503,lat_centre,-139.191,-39.055,-53.766,0.084,0.484,1.2.826.0.1.3680043.8.498.12742241430326195442424996966274249637,40,0.4,8,True
1.2.826.0.1.3680043.8.498.35549628666222168741574331855838621990,lat_centre,-145.399,-62.991,18.683,0.0936,1.148,1.2.826.0.1.3680043.8.498.64147871037492297586004718895841205881,30,3.3,1,True
1.2.826.0.1.3680043.8.498.35572306796137927247415883445612561056,lat_centre,-19.441,7.135,-21.397,0.0929,1.107,1.2.826.0.1.3680043.8.498.33158072264603832796708355779259113632,26,4.0,1,True
1.2.826.0.1.3680043.8.498.35633121799529901420381085923067525212,lat_centre,134.482,-25.77,4.959,0.095,0.954,1.2.826.0.1.3680043.8.498.87119873323288436284664016982992405440,26,3.6,1,True
1.2.826.0.1.3680043.8.498.35639250779062198905356481136455419313,lat_centre,-141.091,-30.727,-5.759,0.0815,0.876,1.2.826.0.1.3680043.8.498.12967300358806553708550829286838955526,33,3.9,1,True
1.2.826.0.1.3680043.8.498.35664741425496814074030858561751287211,lat_centre,-89.577,22.93,-20.876,0.1103,1.13,1.2.826.0.1.3680043.8.498.66943248097724726529171909641317330853,25,4.0,1,True
1.2.826.0.1.3680043.8.498.35677515667357567818845364400903668190,lat_centre,-116.196,-37.588,-45.952,0.0791,0.872,1.2.826.0.1.3680043.8.498.60317933987630548991966730473953052168,30,3.3,1,True
1.2.826.0.1.3680043.8.498.35717294165699019392845830077937768611,lat_centre,93.32,-38.062,-39.999,0.1006,0.883,1.2.826.0.1.3680043.8.498.27033554724494805150051601440225345358,34,3.3,1,True
1.2.826.0.1.3680043.8.498.35769002792415947424087098083674166777,lat_centre,122.26,-43.097,8.477,0.0899,0.485,1.2.826.0.1.3680043.8.498.34244579294687755435313096359765156582,27,3.9,1,True
1.2.826.0.1.3680043.8.498.35777075794856195065665011443485613681,lat_centre,116.251,-16.331,-12.808,0.1227,0.561,1.2.826.0.1.3680043.8.498.40932141904835755644519658008064109159,33,3.3,1,True
1.2.826.0.1.3680043.8.498.35790589718590759254855277551289842944,lat_centre,91.679,-13.745,19.146,0.0846,2.652,1.2.826.0.1.3680043.8.498.36401239884729678959653379995625077554,27,4.5,1,True
1.2.826.0.1.3680043.8.498.35820650938063925991582813178954225720,lat_centre,-131.589,-39.08,21.073,0.0993,1.239,1.2.826.0.1.3680043.8.498.10365333106224835337473605314499352089,29,3.3,1,True
1.2.826.0.1.3680043.8.498.35826402289277331555736683320175912112,lat_centre,-112.275,-44.242,-26.833,0.099,0.802,1.2.826.0.1.3680043.8.498.81809991629531351650943944916077616009,40,3.3,1,True
1.2.826.0.1.3680043.8.498.35835033603115368194824573270370351403,lat_centre,-103.177,-39.145,-24.956,0.1023,0.41,1.2.826.0.1.3680043.8.498.11424478652821822361860454006931965682,30,3.3,1,True
1.2.826.0.1.3680043.8.498.35836928928058091851993989259747528067,lat_centre,-138.472,-9.906,11.574,0.1116,0.72,1.2.826.0.1.3680043.8.498.12592348125356792380789418061390493822,25,3.8,1,True
1.2.826.0.1.3680043.8.498.35853404993418331599021266761280794201,lat_centre,-119.701,-53.563,-1.413,0.0756,1.286,1.2.826.0.1.3680043.8.498.51474710290461336989324890426431062918,32,3.3,1,True
1.2.826.0.1.3680043.8.498.35871201339095431578743898508613853278,lat_centre,-100.484,8.749,-24.337,0.1151,1.004,1.2.826.0.1.3680043.8.498.86226959293307207526674664321630168376,24,4.0,1,True
1.2.826.0.1.3680043.8.498.35892665011493087075493127252825546314,lat_centre,125.36,-4.513,-48.861,0.0766,1.176,1.2.826.0.1.3680043.8.498.99138049163872461567609682467144873068,37,3.5,1,True
1.2.826.0.1.3680043.8.498.35906584224533966870202042352292878668,lat_centre,107.406,-53.442,-2.877,0.1005,1.044,1.2.826.0.1.3680043.8.498.11706659594350190472209279183619816736,33,3.3,1,True
1.2.826.0.1.3680043.8.498.35923146679164443588381195543533271939,lat_centre,112.03,8.229,-26.645,0.1017,0.768,1.2.826.0.1.3680043.8.498.54962755311722694119321140140328357096,21,4.5,1,True
1.2.826.0.1.3680043.8.498.35923183633813281697521537744486885300,lat_centre,96.48,4.125,-30.621,0.0922,0.993,1.2.826.0.1.3680043.8.498.40598871134969985328143479318284853078,34,3.0,1,True
1.2.826.0.1.3680043.8.498.35923753382244056317223397206343376734,lat_centre,146.285,-36.514,-20.997,0.111,1.044,1.2.826.0.1.3680043.8.498.12816980805622072670533382587033385708,29,3.3,1,True
1.2.826.0.1.3680043.8.498.35932368810339127867306228699757809449,lat_centre,-146.016,-49.889,-21.728,0.0999,0.826,1.2.826.0.1.3680043.8.498.72653170478734431337574381948174984945,23,4.0,1,True
1.2.826.0.1.3680043.8.498.35942316720546803304976641081186518384,lat_centre,-115.145,1.161,0.974,0.0858,1.017,1.2.826.0.1.3680043.8.498.62544509211062204323258606879964746829,48,2.2,1,True
1.2.826.0.1.3680043.8.498.35961087303991442751747064990497975939,lat_centre,103.206,2.609,-16.789,0.1032,0.856,1.2.826.0.1.3680043.8.498.48219404456567916739199763344020373404,30,3.5,1,True
1.2.826.0.1.3680043.8.498.35965770865730278787229040370963322662,lat_centre,-142.329,-10.756,-20.594,0.0859,1.055,1.2.826.0.1.3680043.8.498.15755898326727804563960998133984841638,35,3.3,1,True
1.2.826.0.1.3680043.8.498.35971292331621735865925455612813197566,lat_centre,-109.798,1.368,-34.77,0.1095,1.545,1.2.826.0.1.3680043.8.498.10447046166677745504165769826832255856,26,4.52,1,True
1.2.826.0.1.3680043.8.498.35991881811942962264382690224767291006,lat_centre,-120.595,-11.362,-86.406,0.0877,0.498,1.2.826.0.1.3680043.8.498.24786035464461391100135409318214306324,30,3.3,1,True
1.2.826.0.1.3680043.8.498.36013620117872095227314165026090752632,lat_centre,112.413,-31.801,-42.051,0.0699,1.812,1.2.826.0.1.3680043.8.498.95320290144269362805560571936789993019,35,3.3,1,True
1.2.826.0.1.3680043.8.498.36035264348264378094569428634302238394,lat_centre,-96.523,-32.12,-24.144,0.0897,0.563,1.2.826.0.1.3680043.8.498.22492624829825300200034581633834828337,30,3.3,1,True
1.2.826.0.1.3680043.8.498.36083794505435625841225237415909011547,lat_centre,-103.173,-40.844,-35.171,0.0927,0.916,1.2.826.0.1.3680043.8.498.44388661440380168204188307330606001280,34,3.3,1,True
1.2.826.0.1.3680043.8.498.36090989845682961399757203739039806565,lat_centre,98.41,-10.714,-12.939,0.0946,0.928,1.2.826.0.1.3680043.8.498.20142889547960253239448605627167300779,33,3.3,1,True
1.2.826.0.1.3680043.8.498.36131369236532190338276701919104598475,lat_centre,84.214,-14.162,-26.439,0.0924,1.046,1.2.826.0.1.3680043.8.498.13156006894964793586674452905449295705,29,3.6,1,True
1.2.826.0.1.3680043.8.498.36158956431673597472934120620368656246,lat_centre,-133.481,-30.288,-8.889,0.0881,0.879,1.2.826.0.1.3680043.8.498.56113597786847905154014182367530545293,25,3.299,1,True
1.2.826.0.1.3680043.8.498.36180248571044206939894546783755557323,lat_centre,-93.886,-22.393,-23.084,0.049,0.8,1.2.826.0.1.3680043.8.498.32758834666090372391576315103942827580,36,0.89,4,True
1.2.826.0.1.3680043.8.498.36185754164795053628650116141620545139,lat_centre,93.849,-25.078,76.07,0.0841,1.613,1.2.826.0.1.3680043.8.498.10298882942125093685507773741396498733,34,3.3,1,True
1.2.826.0.1.3680043.8.498.36193046155628980489031133466840036976,lat_centre,-133.517,-9.287,-2.501,0.1038,0.911,1.2.826.0.1.3680043.8.498.47847068268944803563398789978105890247,20,4.5,1,True
1.2.826.0.1.3680043.8.498.36221680997794815863088530960610069278,lat_centre,-128.366,-52.515,-59.96,0.1024,0.517,1.2.826.0.1.3680043.8.498.48105729583225438728323962532343308494,30,3.3,1,True
1.2.826.0.1.3680043.8.498.36235892729383338522021416304853301198,lat_centre,100.057,-6.947,-9.177,0.1004,1.917,1.2.826.0.1.3680043.8.498.12381944849795102583366879455039382451,34,3.0,1,True
1.2.826.0.1.3680043.8.498.36293583160636884934622362743062825202,lat_centre,120.784,-46.479,-18.333,0.1076,0.497,1.2.826.0.1.3680043.8.498.11053099860384402544704153284740138971,29,3.3,1,True
1.2.826.0.1.3680043.8.498.36314809560682514762544085885005264167,lat_centre,104.811,-5.961,-20.397,0.1102,0.559,1.2.826.0.1.3680043.8.498.74788698890825919461615475764590308667,33,3.3,1,True
1.2.826.0.1.3680043.8.498.36315811661139684771871696847516662339,lat_centre,-100.123,31.154,20.789,0.1045,2.24,1.2.826.0.1.3680043.8.498.46969620048753616814121615771588422379,35,3.85,1,True
1.2.826.0.1.3680043.8.498.36431753977367847587395456605556703040,lat_centre,-140.435,-59.638,-9.16,0.1152,1.397,1.2.826.0.1.3680043.8.498.10029175578742911134222249240104542598,25,4.173,1,True
1.2.826.0.1.3680043.8.498.36470828078108352859868482351276699300,lat_centre,131.74,-36.563,-8.305,0.0816,1.778,1.2.826.0.1.3680043.8.498.89252997423388045143398863865069719380,32,3.3,1,True
1.2.826.0.1.3680043.8.498.36488342368050295711098478501722217415,lat_centre,116.989,-48.818,-12.508,0.0688,2.119,1.2.826.0.1.3680043.8.498.38023644154830439961044290789269963934,19,4.4,1,True
1.2.826.0.1.3680043.8.498.36521162836904095186654423648490092035,lat_centre,-125.537,-9.615,47.763,0.1025,1.053,1.2.826.0.1.3680043.8.498.11062891739421655203119402405090469704,35,3.3,1,True
1.2.826.0.1.3680043.8.498.36588608184578739092409073014150374185,lat_centre,129.552,-50.943,-24.106,0.0969,0.596,1.2.826.0.1.3680043.8.498.43239101199016927885018827152117568136,30,3.5,1,True
1.2.826.0.1.3680043.8.498.36599566036331923007586730435849419272,lat_centre,-136.753,65.791,-38.307,0.0794,1.164,1.2.826.0.1.3680043.8.498.10441700635066160711802023481175146913,30,3.3,1,True
1.2.826.0.1.3680043.8.498.36645945703275956149107297016813148264,lat_centre,-97.435,1.402,-2.594,0.0928,0.725,1.2.826.0.1.3680043.8.498.83005938824551845168987184905646103722,33,3.0,1,True
1.2.826.0.1.3680043.8.498.36648377536792309029975432419163533533,lat_centre,-140.27,-40.857,-1.736,0.1042,1.123,1.2.826.0.1.3680043.8.498.89315259688425991847731574035371876500,29,3.3,1,True
1.2.826.0.1.3680043.8.498.36679002788952511154610176614545192374,lat_centre,106.757,41.513,-39.296,0.1018,1.681,1.2.826.0.1.3680043.8.498.85157131327832361931569734946279247636,21,5.0,1,True
1.2.826.0.1.3680043.8.498.36688959138536319644194458211515765203,lat_centre,-109.238,-52.17,-56.384,0.072,2.196,1.2.826.0.1.3680043.8.498.92050542523804105793866083492690576791,34,3.3,1,True
1.2.826.0.1.3680043.8.498.36743562653862381001280112332273495985,lat_centre,34.685,-4.186,3.544,0.1288,0.561,1.2.826.0.1.3680043.8.498.11884654749138307880653893174807389908,24,3.9,1,True
1.2.826.0.1.3680043.8.498.36757476214794170118868510630678488185,lat_centre,-110.24,-49.168,-14.802,0.0645,0.608,1.2.826.0.1.3680043.8.498.13186589109577867756411998086984408763,30,3.5,1,True
1.2.826.0.1.3680043.8.498.36812284468308169396147366740331573100,lat_centre,-123.228,-50.118,-42.529,0.1058,1.174,1.2.826.0.1.3680043.8.498.36814988399108615227918826257817731618,22,4.368,1,True
1.2.826.0.1.3680043.8.498.36825274340853796392762195174336452919,lat_centre,82.598,-18.526,-17.815,0.1039,0.895,1.2.826.0.1.3680043.8.498.63157255758016395713811856258224327065,35,3.3,1,True
1.2.826.0.1.3680043.8.498.36846391753332367835804699576399553980,lat_centre,103.084,-6.637,6.014,0.0917,0.765,1.2.826.0.1.3680043.8.498.13071822073236872968578665171442427222,29,3.6,1,True
1.2.826.0.1.3680043.8.498.36891467514776207809384804066253854193,lat_centre,106.958,-17.687,-15.631,0.0839,1.877,1.2.826.0.1.3680043.8.498.12614022091570838129727813519177489368,32,3.51,1,True
1.2.826.0.1.3680043.8.498.36914870739904705183135763739850515617,lat_centre,109.19,7.484,-31.64,0.0963,0.553,1.2.826.0.1.3680043.8.498.70582988794466423622126666918232585664,46,2.2,1,True
1.2.826.0.1.3680043.8.498.36924091633099385100942228071545017565,lat_centre,-109.129,-7.307,-16.324,0.0866,1.363,1.2.826.0.1.3680043.8.498.55262361759564149328973536472322536984,36,0.89,4,True
1.2.826.0.1.3680043.8.498.36930256628357053046574486650916442047,lat_centre,-118.964,-30.105,-38.67,0.1135,1.438,1.2.826.0.1.3680043.8.498.67720669879941505533150889040015618664,34,2.875,1,True
1.2.826.0.1.3680043.8.498.36995206854684735704099881847485073991,lat_centre,77.963,29.752,-14.623,0.078,0.991,1.2.826.0.1.3680043.8.498.12962549911879906038213918752154837541,30,4.0,1,True
1.2.826.0.1.3680043.8.498.37005775889857426034942587344620888398,lat_centre,-111.838,-49.151,-39.489,0.0914,0.702,1.2.826.0.1.3680043.8.498.61783827421706880411064356085108580479,24,4.0,1,True
1.2.826.0.1.3680043.8.498.37007302166102452703965686598524467188,lat_centre,-106.59,-54.334,2.052,0.0772,0.59,1.2.826.0.1.3680043.8.498.28182998868270969954727549739362875082,30,3.3,1,True
1.2.826.0.1.3680043.8.498.37030593568962187244853961673610373876,lat_centre,-83.076,-43.405,-46.524,0.0834,3.131,1.2.826.0.1.3680043.8.498.12110966186829565301855671616706489036,19,4.8,1,True
1.2.826.0.1.3680043.8.498.37040910196459054543310335064167212742,lat_centre,31.411,1.531,-13.828,0.1088,0.751,1.2.826.0.1.3680043.8.498.12399012553798337275965661635192029323,21,4.4,1,True
1.2.826.0.1.3680043.8.498.37046961643473249831189497076699393868,lat_centre,83.476,-36.308,-5.364,0.0698,0.627,1.2.826.0.1.3680043.8.498.86850345242133949697678140736882010847,23,4.317,1,True
1.2.826.0.1.3680043.8.498.37057548998853865829402084168010676727,lat_centre,109.086,-12.389,10.312,0.1077,1.205,1.2.826.0.1.3680043.8.498.99898162619309341681473624930560155312,36,3.0,1,True
1.2.826.0.1.3680043.8.498.37110727485959679337431199930441321268,lat_centre,99.395,-16.649,-6.663,0.1094,2.432,1.2.826.0.1.3680043.8.498.48555931175296328080076107669819928218,20,4.527,1,True
1.2.826.0.1.3680043.8.498.37147839676713817130306478240352601535,lat_centre,139.909,-27.203,-16.889,0.0777,1.858,1.2.826.0.1.3680043.8.498.99277170270268252935256015471527093864,29,3.3,1,True
1.2.826.0.1.3680043.8.498.37210322466522537523056852160944888029,lat_centre,101.635,-8.166,-16.392,0.0914,0.728,1.2.826.0.1.3680043.8.498.66123716117068582363759515885894353125,36,0.89,4,True
1.2.826.0.1.3680043.8.498.37257728513136112802363958568529758895,lat_centre,126.664,68.778,17.096,0.0691,0.774,1.2.826.0.1.3680043.8.498.48821816986591220637405880719690619726,35,3.3,1,True
1.2.826.0.1.3680043.8.498.37270291131952413969044156276264153316,lat_centre,-94.993,19.458,-26.123,0.1329,1.565,1.2.826.0.1.3680043.8.498.50657211886020353018125514602375824684,26,4.0,1,True
1.2.826.0.1.3680043.8.498.37332768072749723117839591872457536315,lat_centre,-119.094,30.926,-43.481,0.0985,0.801,1.2.826.0.1.3680043.8.498.10944281190307064396601712592036009544,29,4.5,1,True
1.2.826.0.1.3680043.8.498.37347132459817985668038603215490355489,lat_centre,-81.709,11.552,-35.104,0.0955,0.677,1.2.826.0.1.3680043.8.498.10710353955807741405826428102934883633,30,3.3,1,True
1.2.826.0.1.3680043.8.498.37371365833775442014007234936409739360,lat_centre,126.255,-45.87,-9.049,0.0991,1.731,1.2.826.0.1.3680043.8.498.56917566336345063898367545413276766955,33,3.3,1,True
1.2.826.0.1.3680043.8.498.37390494423735156928337187351900345080,lat_centre,-130.213,1.445,-1.468,0.108,0.927,1.2.826.0.1.3680043.8.498.99120600839394087811796277319933498197,48,2.2,1,True
1.2.826.0.1.3680043.8.498.37392127307867238524251864751713143683,lat_centre,107.911,-19.405,-6.217,0.0973,0.991,1.2.826.0.1.3680043.8.498.13144206930098313641221403308323266222,33,3.3,1,True
1.2.826.0.1.3680043.8.498.37413349933694832641902637847629969234,lat_centre,124.843,6.677,-8.977,0.0792,0.381,1.2.826.0.1.3680043.8.498.13303439510657019664844038640747440340,28,3.5,1,True
1.2.826.0.1.3680043.8.498.37427993203943111265113924891058049338,lat_centre,-122.054,-27.386,-1.025,0.0748,0.913,1.2.826.0.1.3680043.8.498.48748264575064136524029503115032986744,26,3.3,1,True
1.2.826.0.1.3680043.8.498.37432328401993499374675847888297416449,lat_centre,-99.686,-4.616,-1.786,0.0939,1.684,1.2.826.0.1.3680043.8.498.12012409078457340543394612063520697405,33,3.3,1,True
1.2.826.0.1.3680043.8.498.37438631765770807892914198396852544668,lat_centre,135.135,-30.646,-55.968,0.0778,1.274,1.2.826.0.1.3680043.8.498.18860132229373683394189431129852609865,35,3.3,1,True
1.2.826.0.1.3680043.8.498.37447511763482014027579634343525200849,lat_centre,11.984,-6.034,-22.248,0.0757,1.406,1.2.826.0.1.3680043.8.498.12531567183344017925276037763478730712,28,4.0,1,True
1.2.826.0.1.3680043.8.498.37463970179664003092832463732043124908,lat_centre,-121.222,-6.488,8.839,0.1005,1.072,1.2.826.0.1.3680043.8.498.57969727375831233228764640853929267968,48,2.2,1,True
1.2.826.0.1.3680043.8.498.37485075271886447709158414670394650122,lat_centre,-99.236,-12.766,-30.082,0.0885,3.513,1.2.826.0.1.3680043.8.498.47311251222458685723868019983640819787,24,4.4,1,True
1.2.826.0.1.3680043.8.498.37508036912473928281276902883575142611,lat_centre,-122.709,-37.521,-13.797,0.0944,0.898,1.2.826.0.1.3680043.8.498.93987796429687013928495695004827606876,29,3.3,1,True
1.2.826.0.1.3680043.8.498.37510478969810784660124747242051166554,lat_centre,137.417,-7.617,-59.36,0.1048,0.676,1.2.826.0.1.3680043.8.498.11920150760666792325355026220234966165,21,4.5,1,True
1.2.826.0.1.3680043.8.498.37519350121906786941281770770693979271,lat_centre,90.512,20.098,-0.029,0.0941,1.133,1.2.826.0.1.3680043.8.498.48657031384001598828512652137108630572,28,4.0,1,True
1.2.826.0.1.3680043.8.498.37558426555271635608942179071280432530,lat_centre,-90.941,-58.543,-15.851,0.1044,2.728,1.2.826.0.1.3680043.8.498.11847123674109542634838896942578664323,19,4.4,1,True
1.2.826.0.1.3680043.8.498.37572710131396388050286115883363501023,lat_centre,-127.443,-35.871,28.153,0.1104,1.094,1.2.826.0.1.3680043.8.498.33909225594129676534711533054752554118,29,3.3,1,True
1.2.826.0.1.3680043.8.498.37580209294522316445963449455348371815,lat_centre,-87.937,-0.563,-34.35,0.0855,0.624,1.2.826.0.1.3680043.8.498.86322539719942589339929790001078344653,36,0.89,4,True
1.2.826.0.1.3680043.8.498.37591186611460576939009950935820113903,lat_centre,-106.477,-4.806,9.441,0.1056,1.238,1.2.826.0.1.3680043.8.498.12490454017065613173843964358392724396,29,3.6,1,True
1.2.826.0.1.3680043.8.498.37591590536870291237852764995372956522,lat_centre,-140.275,-38.541,-23.604,0.0958,0.97,1.2.826.0.1.3680043.8.498.25183362666949904780488688074693159953,25,4.156,1,True
1.2.826.0.1.3680043.8.498.37633035024065331400434438202028794597,lat_centre,-115.366,31.161,-5.878,0.0973,0.702,1.2.826.0.1.3680043.8.498.22068887316070570188227062451016278149,30,4.0,1,True
1.2.826.0.1.3680043.8.498.37644754953609976838298110418046213654,lat_centre,102.708,-36.179,20.18,0.1086,1.889,1.2.826.0.1.3680043.8.498.66315424724605748154875745886012462186,24,4.156,1,True
1.2.826.0.1.3680043.8.498.37695832484726177391252504639155717084,lat_centre,-93.246,16.868,-67.759,0.0844,0.877,1.2.826.0.1.3680043.8.498.88501661419622535226286977376691532678,29,3.4,1,True
1.2.826.0.1.3680043.8.498.37713008080610827760634302982073393454,lat_centre,-141.62,-53.665,-18.12,0.0878,1.28,1.2.826.0.1.3680043.8.498.94605361190149919501047265496390593091,40,0.4,8,True
1.2.826.0.1.3680043.8.498.37729566534337521443213426693965453255,lat_centre,-91.134,7.214,-14.319,0.1318,1.243,1.2.826.0.1.3680043.8.498.23941970935867844396440418134751704051,24,4.0,1,True
1.2.826.0.1.3680043.8.498.37782918081276484321055690005029111967,lat_centre,107.142,-7.714,10.145,0.0978,0.746,1.2.826.0.1.3680043.8.498.88388592588637383198732084484463659661,32,3.3,1,True
1.2.826.0.1.3680043.8.498.37833587429731221455928642963031995680,lat_centre,-124.814,-24.922,3.333,0.0971,0.967,1.2.826.0.1.3680043.8.498.24027939485299249865408996288050986555,34,3.0,1,True
1.2.826.0.1.3680043.8.498.37838990693631869129590283596686992710,lat_centre,140.026,10.193,-31.677,0.1133,0.664,1.2.826.0.1.3680043.8.498.50234886000479729077780226740855351958,30,3.3,1,True
1.2.826.0.1.3680043.8.498.37846940236952007502147453013489359606,lat_centre,145.203,-30.303,-22.023,0.1108,0.84,1.2.826.0.1.3680043.8.498.49804878173195931386124464507151514923,30,3.5,1,True
1.2.826.0.1.3680043.8.498.37862788793597360072184753016994526122,lat_centre,139.527,-35.82,-33.702,0.1043,0.611,1.2.826.0.1.3680043.8.498.51219701821424424526708603929344243629,30,3.5,1,True
1.2.826.0.1.3680043.8.498.37879265071349098151803248077034280617,lat_centre,106.396,5.535,9.841,0.1194,1.881,1.2.826.0.1.3680043.8.498.40601156732489338865609467545436502433,24,4.0,1,True
1.2.826.0.1.3680043.8.498.37885316830093262977685802809269466252,lat_centre,-111.195,-11.693,-2.524,0.0976,0.915,1.2.826.0.1.3680043.8.498.31881615969289262738893482022722050122,32,3.0,1,True
1.2.826.0.1.3680043.8.498.37921127120678939078868474340027123335,lat_centre,-108.259,-12.912,-7.957,0.1011,0.654,1.2.826.0.1.3680043.8.498.61505758001336304154874173621995673531,33,3.3,1,True
1.2.826.0.1.3680043.8.498.37936061471366103885185528435327650981,lat_centre,-113.849,-90.396,-26.789,0.1073,0.515,1.2.826.0.1.3680043.8.498.69394533200478601080819713017086347367,19,5.2,1,True
1.2.826.0.1.3680043.8.498.37969790195791584440906553207150666923,lat_centre,106.64,-4.864,-5.931,0.0576,1.798,1.2.826.0.1.3680043.8.498.16147071203026322522870552518223576653,36,0.89,4,True
1.2.826.0.1.3680043.8.498.38005916106577944091708997377832932938,lat_centre,-130.345,-40.204,18.123,0.0802,0.831,1.2.826.0.1.3680043.8.498.43651376105732300823549505041197856009,40,0.4,8,True
1.2.826.0.1.3680043.8.498.38010459551726691601986492657296948013,lat_centre,-137.665,-23.56,-42.496,0.1007,0.816,1.2.826.0.1.3680043.8.498.11880880557781591309457994376185552944,30,3.3,1,True
1.2.826.0.1.3680043.8.498.38013372055010421273425628837282557767,lat_centre,-102.509,27.719,3.068,0.0447,1.992,1.2.826.0.1.3680043.8.498.42129127094102708911169847494475708036,34,3.6,1,True
1.2.826.0.1.3680043.8.498.38039631093067555454700266397073080430,lat_centre,-145.752,-26.862,4.127,0.0621,3.361,1.2.826.0.1.3680043.8.498.70073707803775716546213676851185016662,40,3.3,1,True
1.2.826.0.1.3680043.8.498.38056024157303576597111203925091929489,lat_centre,-151.448,-60.252,-30.154,0.1,1.601,1.2.826.0.1.3680043.8.498.80105575159193880261797234483575077562,25,4.4,1,True
1.2.826.0.1.3680043.8.498.38069035744880456154810472748123499221,lat_centre,-116.719,-25.267,-15.221,0.0915,0.7,1.2.826.0.1.3680043.8.498.16907848865790017273131451563671041609,33,3.3,1,True
1.2.826.0.1.3680043.8.498.38085359363401170553191582038767900323,lat_centre,101.151,1.367,-34.053,0.0933,0.764,1.2.826.0.1.3680043.8.498.23636929524529988014865017298984479136,34,3.0,1,True
1.2.826.0.1.3680043.8.498.38095098835657518803781210111463995296,lat_centre,-111.099,-91.074,2.307,0.0681,1.505,1.2.826.0.1.3680043.8.498.35597939119333606782466423936437502997,26,3.3,1,True
1.2.826.0.1.3680043.8.498.38104228771638294693272534500734878990,lat_centre,25.002,21.022,-16.679,0.1085,1.276,1.2.826.0.1.3680043.8.498.10719605272964681712173995663524518061,26,4.0,1,True
1.2.826.0.1.3680043.8.498.38173249623713271734596884672770674290,lat_centre,136.106,-44.529,14.093,0.0887,0.681,1.2.826.0.1.3680043.8.498.10092438766027455184332619004644028377,40,0.4,8,True
1.2.826.0.1.3680043.8.498.38224750236138877853888930317337541394,lat_centre,-98.745,-65.447,-32.031,0.0957,1.303,1.2.826.0.1.3680043.8.498.25701078858494127101548295773305483156,19,4.4,1,True
1.2.826.0.1.3680043.8.498.38233845434092134418342290639986261345,lat_centre,155.851,-55.898,-111.626,0.1189,0.545,1.2.826.0.1.3680043.8.498.73129675636393991104780056291936907234,23,4.5,1,True
1.2.826.0.1.3680043.8.498.38238963443939714344730201261512911003,lat_centre,-130.696,1.351,-5.96,0.093,0.729,1.2.826.0.1.3680043.8.498.11244886662814804700681630029268599359,46,2.2,1,True
1.2.826.0.1.3680043.8.498.38272345519163551901865251730721530169,lat_centre,-116.814,-47.521,39.955,0.0857,1.067,1.2.826.0.1.3680043.8.498.52068254480549997354787465024921026056,24,4.156,1,True
1.2.826.0.1.3680043.8.498.38303182087206935163155565441234078389,lat_centre,144.112,-34.992,-37.508,0.1005,1.979,1.2.826.0.1.3680043.8.498.32323997237906771515719220425087292546,30,3.5,1,True
1.2.826.0.1.3680043.8.498.38303307720827621886420004896097661262,lat_centre,-128.659,-2.762,-12.186,0.0973,1.022,1.2.826.0.1.3680043.8.498.42055077384684642183187057420149338317,40,3.3,1,True
1.2.826.0.1.3680043.8.498.38306262614552497897681886368029860358,lat_centre,102.068,-7.362,11.344,0.0804,1.076,1.2.826.0.1.3680043.8.498.29410217216623329112194094329343215781,30,3.6,1,True
1.2.826.0.1.3680043.8.498.38325494489236992123219618004392575979,lat_centre,76.275,4.815,-48.374,0.0885,1.514,1.2.826.0.1.3680043.8.498.71549352297296571114436156081280809830,29,3.85,1,True
1.2.826.0.1.3680043.8.498.38333934623775971943734069301776225018,lat_centre,-105.333,-43.759,-49.126,0.1048,1.661,1.2.826.0.1.3680043.8.498.81324280869183943203869232075390810189,19,4.4,1,True
1.2.826.0.1.3680043.8.498.38361762550587464310603057450403132552,lat_centre,103.098,-20.389,-4.121,0.0996,1.022,1.2.826.0.1.3680043.8.498.11102612150853431038852466897191813553,28,3.6,1,True
1.2.826.0.1.3680043.8.498.38365187857616428023213060377488046375,lat_centre,124.284,22.048,-41.804,0.0769,0.632,1.2.826.0.1.3680043.8.498.85577956721663519999364120955960763329,24,4.5,1,True
1.2.826.0.1.3680043.8.498.38373204312077453422262347769111605003,lat_centre,90.199,-17.373,-13.344,0.0926,3.888,1.2.826.0.1.3680043.8.498.47932241959578271007201940337201222157,29,3.6,1,True
1.2.826.0.1.3680043.8.498.38420384692181444061893234153745102059,lat_centre,110.179,-12.661,-25.766,0.0983,1.453,1.2.826.0.1.3680043.8.498.43634846635683891833430988674530380030,33,3.3,1,True
1.2.826.0.1.3680043.8.498.38427680930662301114332563903957471851,lat_centre,-135.998,-34.772,-33.264,0.101,0.785,1.2.826.0.1.3680043.8.498.10686467261406494801445631247948799710,29,3.3,1,True
1.2.826.0.1.3680043.8.498.38457315909459574570206119213798163082,lat_centre,-114.148,-44.572,-9.967,0.0964,1.492,1.2.826.0.1.3680043.8.498.44831340192654938938915373019395826666,30,3.3,1,True
1.2.826.0.1.3680043.8.498.38485168845116671268554752030254772359,lat_centre,137.239,-36.097,-30.161,0.1031,1.12,1.2.826.0.1.3680043.8.498.12673314975077674643732942183077047192,29,3.3,1,True
1.2.826.0.1.3680043.8.498.38518069950656326194016175319535174299,lat_centre,-110.657,-0.305,-32.391,0.0957,0.747,1.2.826.0.1.3680043.8.498.68936290868349129057794432814051612684,33,3.3,1,True
1.2.826.0.1.3680043.8.498.38528511947818361078957998546327084024,lat_centre,-116.12,8.374,-20.507,0.1179,1.199,1.2.826.0.1.3680043.8.498.50905391423197228863952695104061656476,30,3.3,1,True
1.2.826.0.1.3680043.8.498.38554121831397903041461691318968151267,lat_centre,-142.599,-37.126,-46.057,0.0758,0.286,1.2.826.0.1.3680043.8.498.26968986406475204696989989640457692746,40,0.4,8,True
1.2.826.0.1.3680043.8.498.38567342184301320850258918666303107813,lat_centre,55.578,-35.795,6.247,0.0919,0.852,1.2.826.0.1.3680043.8.498.43204447252581095902712030975270386942,30,3.8,1,True
1.2.826.0.1.3680043.8.498.38584486469155131627808759862008577200,lat_centre,-138.728,-3.418,-38.24,0.1133,0.539,1.2.826.0.1.3680043.8.498.20089692877280311505258338592867703887,19,4.4,1,True
1.2.826.0.1.3680043.8.498.38591915802992557518846862828618375715,lat_centre,116.718,-19.922,-19.962,0.1049,2.376,1.2.826.0.1.3680043.8.498.34219717417201853114137731199206568304,30,3.6,1,True
1.2.826.0.1.3680043.8.498.38593351637971248239815933638950449587,lat_centre,119.152,-54.551,-6.943,0.1041,0.868,1.2.826.0.1.3680043.8.498.10302970155041619142496215451664561486,29,3.3,1,True
1.2.826.0.1.3680043.8.498.38617606118499305781729905815407382451,lat_centre,105.377,-14.822,-94.522,0.088,1.854,1.2.826.0.1.3680043.8.498.82730936890028170315155653412071363142,31,5.0,1,True
1.2.826.0.1.3680043.8.498.38628165743951175602803204505216754926,lat_centre,88.139,-48.824,-45.871,0.0926,0.875,1.2.826.0.1.3680043.8.498.85327003504897515301592281470323768078,17,4.4,1,True
1.2.826.0.1.3680043.8.498.38655145317957160440692625317823254736,lat_centre,100.583,6.558,-68.975,0.1213,0.44,1.2.826.0.1.3680043.8.498.36372399921117677867795693501969578671,30,3.3,1,True
1.2.826.0.1.3680043.8.498.38701927697650476092773702704871872598,lat_centre,-98.329,-19.1,-23.221,0.0877,0.627,1.2.826.0.1.3680043.8.498.12625607435487189592475654114594976813,30,3.3,1,True
1.2.826.0.1.3680043.8.498.38702677049080452580748506476598606517,lat_centre,-117.016,-3.129,-34.416,0.1045,1.075,1.2.826.0.1.3680043.8.498.21722667192752109202614098757594870073,24,3.9,1,True
1.2.826.0.1.3680043.8.498.38717329577625255474350472405748992219,lat_centre,-110.279,-42.371,-55.086,0.0951,1.458,1.2.826.0.1.3680043.8.498.11974416109385803822822557601784594291,30,3.8,1,True
1.2.826.0.1.3680043.8.498.38750761816114659458563557493234655604,lat_centre,-143.999,-45.158,-35.0,0.0686,0.805,1.2.826.0.1.3680043.8.498.12092852689210078304072738013346524852,27,4.0,1,True
1.2.826.0.1.3680043.8.498.38774313460931748278644354956408578813,lat_centre,-106.822,-12.858,-35.86,0.0747,0.612,1.2.826.0.1.3680043.8.498.65776958345212317317052981318627000440,36,0.89,4,True
1.2.826.0.1.3680043.8.498.38795933423959135237935740989825843893,lat_centre,141.962,-35.743,-3.724,0.0716,0.855,1.2.826.0.1.3680043.8.498.71067050742571428933430484000115332729,40,3.3,1,True
1.2.826.0.1.3680043.8.498.38796519786809225694393617946244012065,lat_centre,97.174,-31.25,-14.11,0.0903,1.246,1.2.826.0.1.3680043.8.498.10122598437798424763243767994593227680,36,3.3,1,True
1.2.826.0.1.3680043.8.498.38844149478205202385909887748058004820,lat_centre,97.161,-10.95,-7.129,0.0792,0.814,1.2.826.0.1.3680043.8.498.61476702004046808390568896023354995868,26,3.5,1,True
1.2.826.0.1.3680043.8.498.38862475907405766248096419059100131863,lat_centre,-88.218,-10.713,-43.79,0.0859,1.515,1.2.826.0.1.3680043.8.498.18382917753119301311768535773159722918,33,3.3,1,True
1.2.826.0.1.3680043.8.498.38870467957974446108337293912930572060,lat_centre,-98.906,-48.882,-20.8,0.1032,1.443,1.2.826.0.1.3680043.8.498.19531844795067361093265142439397329806,33,3.3,1,True
1.2.826.0.1.3680043.8.498.38893522232848525819919092148478879455,lat_centre,-120.848,-46.572,-34.371,0.1277,1.806,1.2.826.0.1.3680043.8.498.37366041051024029898833438496894012930,20,4.5,1,True
1.2.826.0.1.3680043.8.498.38898732985465285166803609252960353405,lat_centre,89.284,-12.517,4.274,0.0913,0.601,1.2.826.0.1.3680043.8.498.12375198413450463738124556810370164704,33,3.3,1,True
1.2.826.0.1.3680043.8.498.38900640030483599614088224967855884221,lat_centre,-117.986,-33.97,-26.196,0.104,0.673,1.2.826.0.1.3680043.8.498.42952836062620059040420257106613063088,32,3.3,1,True
1.2.826.0.1.3680043.8.498.38912715505731269998129663552068223373,lat_centre,98.656,-50.516,-11.893,0.0969,1.337,1.2.826.0.1.3680043.8.498.86815108225846067605632915479879850670,27,3.85,1,True
1.2.826.0.1.3680043.8.498.38925755872951351471027638563742132144,lat_centre,-125.694,-20.112,-21.856,0.0915,0.951,1.2.826.0.1.3680043.8.498.38032282858999105465444749619008490298,22,4.5,1,True
1.2.826.0.1.3680043.8.498.38928323954764175259962816410233336718,lat_centre,-136.354,-32.079,-34.646,0.1058,1.1,1.2.826.0.1.3680043.8.498.13373743097879238295343319947320595638,26,3.773,1,True
1.2.826.0.1.3680043.8.498.38935694477580522005505074220300062204,lat_centre,132.637,-35.449,-15.941,0.0577,2.2,1.2.826.0.1.3680043.8.498.40588830627651560764792487721569276161,40,0.4,8,True
1.2.826.0.1.3680043.8.498.38940868544480800333574786964232944756,lat_centre,-131.767,46.112,-23.784,0.0866,1.302,1.2.826.0.1.3680043.8.498.94651030292728003511989982542365093537,21,4.5,1,True
1.2.826.0.1.3680043.8.498.38974023308452365783768081643215200948,lat_centre,-109.492,-17.301,-35.485,0.0919,0.468,1.2.826.0.1.3680043.8.498.52051618150267320257625072634022511215,40,3.3,1,True
1.2.826.0.1.3680043.8.498.38981318408220047366318316620365040799,lat_centre,114.32,14.952,-31.379,0.1188,0.598,1.2.826.0.1.3680043.8.498.11388328869194382821102584221214456275,30,3.3,1,True
1.2.826.0.1.3680043.8.498.39020025030013167602991688044932114354,lat_centre,70.159,-17.611,-12.537,0.1006,0.455,1.2.826.0.1.3680043.8.498.11167653733538717296577531392729439121,25,3.6,1,True
1.2.826.0.1.3680043.8.498.39020232951771672617852805188845504161,lat_centre,-90.297,-22.743,-33.289,0.0519,43.533,1.2.826.0.1.3680043.8.498.71260689902034255796144800214069373222,40,3.3,1,True
1.2.826.0.1.3680043.8.498.39025433784711757736168236829157583043,lat_centre,112.907,53.192,25.925,0.0687,0.834,1.2.826.0.1.3680043.8.498.50972991513214390456450932088216671472,26,4.0,1,True
1.2.826.0.1.3680043.8.498.39064406065534097226924475518005522427,lat_centre,97.738,-40.717,2.928,0.103,0.688,1.2.826.0.1.3680043.8.498.13359585557275365519038075908081788620,43,2.75,1,True
1.2.826.0.1.3680043.8.498.39068632185013624181565849012182917752,lat_centre,15.747,-4.694,10.64,0.12,1.848,1.2.826.0.1.3680043.8.498.36184314085650237954295468347716294373,29,3.9,1,True
1.2.826.0.1.3680043.8.498.39070169128115370701189151138307035053,lat_centre,76.283,44.868,-43.274,0.0779,1.124,1.2.826.0.1.3680043.8.498.95417539995422221553409355320944708295,28,4.5,1,True
1.2.826.0.1.3680043.8.498.39135770176150551756142329948474103964,lat_centre,-115.236,-2.891,6.36,0.1192,1.388,1.2.826.0.1.3680043.8.498.24043918946012395167003586120457818619,25,4.4,1,True
1.2.826.0.1.3680043.8.498.39190090804401525573012570218955054016,lat_centre,124.98,-54.603,22.721,0.0809,1.376,1.2.826.0.1.3680043.8.498.37707648632005820632011267755728776836,22,4.848,1,True
1.2.826.0.1.3680043.8.498.39197976722851762826265579540678924584,lat_centre,144.279,-37.635,-38.11,0.0959,0.961,1.2.826.0.1.3680043.8.498.53430647148751100189447125585266300881,29,3.3,1,True
1.2.826.0.1.3680043.8.498.39250844287482885227700969308333354206,lat_centre,-138.006,-53.083,2.799,0.0982,1.729,1.2.826.0.1.3680043.8.498.11554524531439141707983948605193611910,29,3.3,1,True
1.2.826.0.1.3680043.8.498.39264696726258404531295961801831089064,lat_centre,-113.988,30.946,33.189,0.1082,3.545,1.2.826.0.1.3680043.8.498.97460077265085610316311160584601218736,33,3.85,1,True
1.2.826.0.1.3680043.8.498.39275838957651450909114440721012584183,lat_centre,-84.123,44.436,-23.906,0.0626,2.523,1.2.826.0.1.3680043.8.498.87423667004286956370813410258114526478,20,4.8,1,True
1.2.826.0.1.3680043.8.498.39324076659429494696721784912308233388,lat_centre,-127.961,-12.691,-5.361,0.1025,0.972,1.2.826.0.1.3680043.8.498.83898953717380675101321155428632494775,48,2.2,1,True
1.2.826.0.1.3680043.8.498.39375796600811714870169173423682043709,lat_centre,-124.092,-90.38,28.018,0.1095,0.775,1.2.826.0.1.3680043.8.498.79604097480577899455257123157291489279,22,4.635,1,True
1.2.826.0.1.3680043.8.498.39394842976048577715164357752399606924,lat_centre,105.547,-54.376,-30.333,0.0868,1.627,1.2.826.0.1.3680043.8.498.85881496688424102419288136188089641725,34,3.3,1,True
1.2.826.0.1.3680043.8.498.39399668753650041254826892657562722764,lat_centre,123.45,-14.584,-8.345,0.1265,0.694,1.2.826.0.1.3680043.8.498.62094862380533150116683443106682015540,22,4.5,1,True
1.2.826.0.1.3680043.8.498.39468803878805753474151381590569125402,lat_centre,117.149,1.621,-41.762,0.1023,1.371,1.2.826.0.1.3680043.8.498.13312457356196243188741027811052345342,28,3.5,1,True
1.2.826.0.1.3680043.8.498.39500553372517290823815606829518305500,lat_centre,-91.109,-2.94,-17.589,0.0936,1.652,1.2.826.0.1.3680043.8.498.33500735563674808256834776499303611578,35,3.0,1,True
1.2.826.0.1.3680043.8.498.39507184510584030713933330702725991027,lat_centre,137.79,-44.955,-3.98,0.0849,0.96,1.2.826.0.1.3680043.8.498.21648541926980524066354020273281320181,35,3.3,1,True
1.2.826.0.1.3680043.8.498.39547752108509751520306190293259313911,lat_centre,-107.035,-40.884,-24.464,0.1008,1.226,1.2.826.0.1.3680043.8.498.93618359083481863877804067877428893707,28,3.3,1,True
1.2.826.0.1.3680043.8.498.39578126940710463296572383286587298912,lat_centre,71.716,-26.128,-44.361,0.1059,0.553,1.2.826.0.1.3680043.8.498.12544304069856112527498813830399155579,28,3.6,1,True
1.2.826.0.1.3680043.8.498.39624624539323722688093816284210287611,lat_centre,-141.014,-33.968,-6.627,0.0989,1.527,1.2.826.0.1.3680043.8.498.29698703954224030413107830478087473889,29,3.3,1,True
1.2.826.0.1.3680043.8.498.39636073039676814228254715705296535819,lat_centre,-123.949,-41.171,-7.349,0.1035,0.781,1.2.826.0.1.3680043.8.498.96277132044074620533664927393948748602,29,3.553,1,True
1.2.826.0.1.3680043.8.498.39642276506855996181597769215091644995,lat_centre,-109.583,3.299,-53.948,0.0913,1.237,1.2.826.0.1.3680043.8.498.40769194238348949646598382064970740157,40,3.3,1,True
1.2.826.0.1.3680043.8.498.39787654910948635229369478006027304578,lat_centre,118.541,-23.177,-36.142,0.13,0.719,1.2.826.0.1.3680043.8.498.47187110664266261760427133025409707423,22,4.5,1,True
1.2.826.0.1.3680043.8.498.39799597341675508044808282472428242917,lat_centre,-129.954,-47.106,-25.228,0.0811,0.376,1.2.826.0.1.3680043.8.498.12942535021932890436700462849325179868,29,3.3,1,True
1.2.826.0.1.3680043.8.498.39845300426582562781355154625767485381,lat_centre,-143.16,-51.806,-0.136,0.1012,0.908,1.2.826.0.1.3680043.8.498.47787342240473738685118996530213255819,26,4.663,1,True
1.2.826.0.1.3680043.8.498.39875636232483792306109110284167439592,lat_centre,-127.421,-37.759,-6.824,0.0978,0.631,1.2.826.0.1.3680043.8.498.11013862647945118995152311807233506975,34,3.3,1,True
1.2.826.0.1.3680043.8.498.39895705984068714346274689335576595443,lat_centre,118.408,-29.939,8.239,0.114,1.365,1.2.826.0.1.3680043.8.498.46344657797566309878917619998649511168,29,3.3,1,True
1.2.826.0.1.3680043.8.498.39932424305167611414527482641898907759,lat_centre,-106.065,-41.03,274.078,0.0973,0.989,1.2.826.0.1.3680043.8.498.33571595257520229551523312409299550822,30,3.5,1,True
1.2.826.0.1.3680043.8.498.39954567501513957418422043089587980092,lat_centre,-112.648,-13.304,-31.649,0.0897,1.347,1.2.826.0.1.3680043.8.498.13200238010651788904456138675416778309,34,3.0,1,True
1.2.826.0.1.3680043.8.498.39959632509842689058626880477779808473,lat_centre,-142.12,-64.936,-3.9,0.1003,1.683,1.2.826.0.1.3680043.8.498.10409579718387365869407238377696316835,25,4.02,1,True
1.2.826.0.1.3680043.8.498.39969071491383654382076256213867635377,lat_centre,135.677,-51.761,-6.799,0.0854,0.886,1.2.826.0.1.3680043.8.498.42698530186990847442895258755849493137,30,3.3,1,True
1.2.826.0.1.3680043.8.498.40036526071307024601256787605725348112,lat_centre,97.35,-56.13,-63.29,0.0972,0.8,1.2.826.0.1.3680043.8.498.10945604693641043925246975242603447652,20,4.8,1,True
1.2.826.0.1.3680043.8.498.40041164441539690764994039690598305675,lat_centre,-112.119,-17.066,-10.374,0.106,0.749,1.2.826.0.1.3680043.8.498.13383888212045272725159464089845443048,35,3.3,1,True
1.2.826.0.1.3680043.8.498.40086005762552976451418579375198597540,lat_centre,-92.272,-7.596,9.017,0.0853,1.732,1.2.826.0.1.3680043.8.498.86753725787016517347826748827679186041,33,3.3,1,True
1.2.826.0.1.3680043.8.498.40131899651518057045444739705301716085,lat_centre,134.188,-21.955,-28.243,0.121,1.87,1.2.826.0.1.3680043.8.498.12173730166175255178151343637715353231,19,4.4,1,True
1.2.826.0.1.3680043.8.498.40154708689850542672289658249059660788,lat_centre,-89.728,-16.19,-1.424,0.0928,1.519,1.2.826.0.1.3680043.8.498.76337262658248996253199953860284162918,24,4.4,1,True
1.2.826.0.1.3680043.8.498.40196271329411009311273016603705560443,lat_centre,103.616,-11.511,-10.995,0.108,1.152,1.2.826.0.1.3680043.8.498.40263563445092659123577688555231087461,32,3.3,1,True
1.2.826.0.1.3680043.8.498.40223239401390462911823193489179244754,lat_centre,-116.744,-37.402,-7.558,0.0969,0.589,1.2.826.0.1.3680043.8.498.61365682055132123383310854539472331095,33,3.3,1,True
1.2.826.0.1.3680043.8.498.40239104167848425290754606013326180693,lat_centre,-91.203,57.504,-25.416,0.0961,1.963,1.2.826.0.1.3680043.8.498.56325699121060778474166396458756831229,22,4.5,1,True
1.2.826.0.1.3680043.8.498.40254123984175499564145728084464192446,lat_centre,-134.754,-52.361,-38.843,0.1218,1.088,1.2.826.0.1.3680043.8.498.89524667705019130540055122281522504946,29,3.3,1,True
1.2.826.0.1.3680043.8.498.40257126480600927758308319831518876543,lat_centre,97.113,-64.687,-31.394,0.1288,0.721,1.2.826.0.1.3680043.8.498.75128805410596342459326377197100567138,19,4.4,1,True
1.2.826.0.1.3680043.8.498.40269807401373034066229810558300266830,lat_centre,-6.126,12.079,-12.643,0.0725,25.718,1.2.826.0.1.3680043.8.498.76276901111289792687206825686286929781,17,5.0,1,True
1.2.826.0.1.3680043.8.498.40308838286515017547707130085914948230,lat_centre,-76.515,23.27,-9.032,0.0806,1.256,1.2.826.0.1.3680043.8.498.10254199456670070400172004123551929578,29,4.0,1,True
1.2.826.0.1.3680043.8.498.40317527233615709136328116805254969837,lat_centre,93.925,-5.01,-18.122,0.0895,1.133,1.2.826.0.1.3680043.8.498.89486205719419049002292316081522366627,29,3.85,1,True
1.2.826.0.1.3680043.8.498.40372643537313871452054321931253684619,lat_centre,107.373,-4.136,-16.958,0.1157,0.749,1.2.826.0.1.3680043.8.498.11378126788567867100574246343625955356,33,3.3,1,True
1.2.826.0.1.3680043.8.498.40386781168330493993852288092654487818,lat_centre,-94.161,0.03,7.829,0.0731,0.509,1.2.826.0.1.3680043.8.498.85836549109906903154098148043767814627,29,3.6,1,True
1.2.826.0.1.3680043.8.498.40419759559020255481034237210540871312,lat_centre,-132.76,-56.339,-19.24,0.0756,0.759,1.2.826.0.1.3680043.8.498.86450894868366998453779392033932353495,29,3.6,1,True
1.2.826.0.1.3680043.8.498.40436886205373732563782477802719203679,lat_centre,114.501,-17.027,11.609,0.1117,0.43,1.2.826.0.1.3680043.8.498.32087370442101308528498384349998340993,26,4.0,1,True
1.2.826.0.1.3680043.8.498.40437305053062892226978469238653825745,lat_centre,-86.961,-4.885,-3.742,0.0965,0.939,1.2.826.0.1.3680043.8.498.98882809838033461188023061202036258714,33,3.3,1,True
1.2.826.0.1.3680043.8.498.40441879276927383122480339472406105572,lat_centre,-112.22,-20.701,-8.178,0.1003,0.509,1.2.826.0.1.3680043.8.498.56458102240266280818477062172951630753,40,3.3,1,True
1.2.826.0.1.3680043.8.498.40487147942341753806704765355921322161,lat_centre,-106.204,6.381,-3.981,0.1145,0.826,1.2.826.0.1.3680043.8.498.62291591939051793979230141478136653857,30,4.0,1,True
1.2.826.0.1.3680043.8.498.40533893516114346078820881178450524201,lat_centre,105.909,-56.757,-37.294,0.0904,1.394,1.2.826.0.1.3680043.8.498.36045204475828862130449642458250207435,19,5.4,1,True
1.2.826.0.1.3680043.8.498.40547250250566982489293057895661861722,lat_centre,-112.976,-77.228,14.64,0.1234,0.849,1.2.826.0.1.3680043.8.498.44428695130986927613627449536654149419,19,4.4,1,True
1.2.826.0.1.3680043.8.498.40576954651310602807432132614823906315,lat_centre,73.766,-10.541,-22.553,0.1143,0.768,1.2.826.0.1.3680043.8.498.32584863954291879717688439152891265392,25,4.5,1,True
1.2.826.0.1.3680043.8.498.40608233778918249560056537030108548037,lat_centre,-129.81,-29.322,-79.561,0.0654,0.968,1.2.826.0.1.3680043.8.498.22770241138907299163221718370803425341,33,3.9,1,True
1.2.826.0.1.3680043.8.498.40612173652156509478338094582396889655,lat_centre,-139.598,-34.063,-9.418,0.1227,0.789,1.2.826.0.1.3680043.8.498.25662276191412638380894086475587530444,29,3.3,1,True
1.2.826.0.1.3680043.8.498.40618283771317160262473004328692613267,lat_centre,-141.694,-43.812,-13.748,0.0957,1.331,1.2.826.0.1.3680043.8.498.53443019868312618088129029705380846517,32,3.3,1,True
1.2.826.0.1.3680043.8.498.40627043074325458726412346974457616938,lat_centre,128.775,-48.956,18.074,0.1022,0.986,1.2.826.0.1.3680043.8.498.73206408079620293463870900171441398201,29,3.3,1,True
1.2.826.0.1.3680043.8.498.40654763252951267464957826289984701872,lat_centre,130.312,-34.399,52.694,0.0941,1.329,1.2.826.0.1.3680043.8.498.92628287105856636971179227228698616896,29,3.3,1,True
1.2.826.0.1.3680043.8.498.40703974473944295875248011843170371394,lat_centre,-90.501,18.357,-11.879,0.1333,0.813,1.2.826.0.1.3680043.8.498.83024274760719950901804711339231118284,24,4.0,1,True
1.2.826.0.1.3680043.8.498.40718200801895968234499223301900799376,lat_centre,89.85,14.121,-18.299,0.0826,0.513,1.2.826.0.1.3680043.8.498.14669298449915036568403145950052222419,30,3.3,1,True
1.2.826.0.1.3680043.8.498.40723835064354784133289444204866484476,lat_centre,-114.365,8.845,32.072,0.0967,1.652,1.2.826.0.1.3680043.8.498.11280238824949571761802970991063413595,24,4.5,1,True
1.2.826.0.1.3680043.8.498.40765829900885943055669918091033014654,lat_centre,77.134,-21.599,4.229,0.0894,0.928,1.2.826.0.1.3680043.8.498.30390299542134168637101661817338570822,22,4.368,1,True
1.2.826.0.1.3680043.8.498.40823842819404259265489417470859248075,lat_centre,-138.422,-62.948,-8.528,0.0915,0.854,1.2.826.0.1.3680043.8.498.91494856702384212339401827785618009677,25,4.66,1,True
1.2.826.0.1.3680043.8.498.40828786094337186697222449293183309391,lat_centre,70.151,-15.875,-17.057,0.1093,0.646,1.2.826.0.1.3680043.8.498.89100853659082461572050157275057757302,23,4.5,1,True
1.2.826.0.1.3680043.8.498.40837296112545776586904280088902000849,lat_centre,-112.533,22.334,-34.302,0.1077,0.713,1.2.826.0.1.3680043.8.498.72646914279327534801309947596389854287,36,3.0,1,True
1.2.826.0.1.3680043.8.498.40898220266193841898869905714214454387,lat_centre,-132.788,-45.2,0.466,0.1055,0.964,1.2.826.0.1.3680043.8.498.11313546462622325726674711253567961027,23,4.4,1,True
1.2.826.0.1.3680043.8.498.40910368031948275476880475208016058754,lat_centre,133.252,-63.916,-5.712,0.0889,1.305,1.2.826.0.1.3680043.8.498.48014958400238537894997795114650658516,27,4.0,1,True
1.2.826.0.1.3680043.8.498.40930045208346676628855922755791787949,lat_centre,-104.131,-60.365,-32.141,0.1219,1.369,1.2.826.0.1.3680043.8.498.30274070662444577886120892707831534321,19,4.4,1,True
1.2.826.0.1.3680043.8.498.40967435550546093348221485942169879116,lat_centre,-99.21,-47.456,-33.08,0.0844,0.582,1.2.826.0.1.3680043.8.498.10728417188573168893030624945054570865,33,3.3,1,True
1.2.826.0.1.3680043.8.498.40987687016832998820664054439678138878,lat_centre,-134.561,-34.445,-39.35,0.1031,1.964,1.2.826.0.1.3680043.8.498.48640845592156427201873445328344501491,30,3.3,1,True
1.2.826.0.1.3680043.8.498.40994616246264625946610553907227975893,lat_centre,-107.816,-5.039,-9.94,0.105,0.528,1.2.826.0.1.3680043.8.498.82315896375170918690690370930258890930,33,3.3,1,True
1.2.826.0.1.3680043.8.498.41036022211588451079713314564568887994,lat_centre,80.854,51.249,-11.005,0.0955,1.143,1.2.826.0.1.3680043.8.498.12807109529955425779017639605948889023,28,4.5,1,True
1.2.826.0.1.3680043.8.498.41057428195711190931490429649014776496,lat_centre,49.642,-9.421,-45.553,0.1051,0.718,1.2.826.0.1.3680043.8.498.23198640540067439377498471022429513021,28,3.9,1,True
1.2.826.0.1.3680043.8.498.41108421820714108307078614688022098388,lat_centre,88.304,-84.962,-58.796,0.081,1.706,1.2.826.0.1.3680043.8.498.76345182554739432174805359527870938870,19,5.4,1,True
1.2.826.0.1.3680043.8.498.41124244151692842048993594448992046260,lat_centre,-109.396,-40.045,-29.299,0.0912,1.432,1.2.826.0.1.3680043.8.498.10580735046872528058385237783612283047,24,4.1,1,True
1.2.826.0.1.3680043.8.498.41129090437522031508960438281451672212,lat_centre,97.847,-17.318,1.454,0.1001,1.353,1.2.826.0.1.3680043.8.498.77190770549776586301241723160321465538,29,3.6,1,True
1.2.826.0.1.3680043.8.498.41197678541534079475667407055098243437,lat_centre,-103.604,-17.967,-9.866,0.1121,0.843,1.2.826.0.1.3680043.8.498.12192482119169571407426025583299995372,32,3.3,1,True
1.2.826.0.1.3680043.8.498.41240503248178304281405515398211762506,lat_centre,104.547,-21.839,13.933,0.1009,1.087,1.2.826.0.1.3680043.8.498.10525398442257191796946969725864113576,29,3.3,1,True
1.2.826.0.1.3680043.8.498.41254472410580125134596211010943842213,lat_centre,-97.586,-25.825,19.181,0.0891,0.964,1.2.826.0.1.3680043.8.498.60613260039497462121128578775676851464,32,3.3,1,True
1.2.826.0.1.3680043.8.498.41315359092354940082611381451934245995,lat_centre,-129.21,-30.018,-15.668,0.0642,0.934,1.2.826.0.1.3680043.8.498.85956614208816995361051103172141544578,33,3.9,1,True
1.2.826.0.1.3680043.8.498.41326575785634778198143222323166756210,lat_centre,141.531,-25.925,-9.916,0.0866,0.484,1.2.826.0.1.3680043.8.498.31819962930866544028747728667057906952,30,3.5,1,True
1.2.826.0.1.3680043.8.498.41363979247025384202932112601795525615,lat_centre,97.977,-5.535,-24.717,0.0995,1.499,1.2.826.0.1.3680043.8.498.92625021151832830158472311078958087631,33,3.3,1,True
1.2.826.0.1.3680043.8.498.41366889271483886167284378157366992074,lat_centre,74.098,36.458,-14.996,0.1111,1.099,1.2.826.0.1.3680043.8.498.96552084221529327972702114860465505155,23,4.8,1,True
1.2.826.0.1.3680043.8.498.41382780862853765983216810855531499640,lat_centre,109.988,11.844,-35.108,0.1284,0.545,1.2.826.0.1.3680043.8.498.64187928253449885580163492444775389692,26,4.4,1,True
1.2.826.0.1.3680043.8.498.41439889720274233955076963938741061358,lat_centre,-126.853,-56.319,-44.928,0.0736,0.724,1.2.826.0.1.3680043.8.498.17986142581864867502405787909226702725,29,3.3,1,True
1.2.826.0.1.3680043.8.498.41440206520769979754790425253631809212,lat_centre,-133.967,-42.911,-3.991,0.0819,0.841,1.2.826.0.1.3680043.8.498.12171728636223339153746880140971033521,33,3.9,1,True
1.2.826.0.1.3680043.8.498.41454762422897656673710145732036115764,lat_centre,166.305,-49.244,-3.806,0.0869,1.675,1.2.826.0.1.3680043.8.498.87247600380245747252988811639308439227,22,4.0,1,True
1.2.826.0.1.3680043.8.498.41564229176277158115386256329157870722,lat_centre,-152.821,-86.502,2.663,0.1001,0.708,1.2.826.0.1.3680043.8.498.38146495697655925758060465202790099887,20,4.5,1,True
1.2.826.0.1.3680043.8.498.41587640208769641326416798167574152049,lat_centre,-107.048,3.804,-18.047,0.1103,0.908,1.2.826.0.1.3680043.8.498.47158657277873538940752615960387390178,28,3.6,1,True
1.2.826.0.1.3680043.8.498.41600498783384864111179175518614837125,lat_centre,-133.451,-43.869,4.398,0.1063,0.957,1.2.826.0.1.3680043.8.498.47315351394611962803774570823362200495,29,3.3,1,True
1.2.826.0.1.3680043.8.498.41605033773891953796694219242501252567,lat_centre,108.321,-44.767,-9.766,0.0853,0.556,1.2.826.0.1.3680043.8.498.12586045452763217896608833329820056760,35,3.3,1,True
1.2.826.0.1.3680043.8.498.41619164749467663852546208143469380415,lat_centre,131.851,56.39,-6.101,0.1006,1.73,1.2.826.0.1.3680043.8.498.43116678140767728941764254626899710303,30,3.3,1,True
1.2.826.0.1.3680043.8.498.41623512571866040054960002151226127775,lat_centre,-97.384,-51.986,-28.626,0.0942,2.443,1.2.826.0.1.3680043.8.498.87889855635979019625940166982641713033,19,4.4,1,True
1.2.826.0.1.3680043.8.498.41640481150213029810772014344448781554,lat_centre,-133.227,-21.309,1.515,0.1074,1.951,1.2.826.0.1.3680043.8.498.97330234840707787563422878066979815132,22,4.5,1,True
1.2.826.0.1.3680043.8.498.41657361598083583047831423768034379414,lat_centre,-137.56,-10.815,-37.634,0.0894,0.698,1.2.826.0.1.3680043.8.498.53621559716693066093191827325502294939,20,4.5,1,True
1.2.826.0.1.3680043.8.498.41662013720606493874198348776219875496,lat_centre,-101.852,-37.015,-33.412,0.0851,1.201,1.2.826.0.1.3680043.8.498.17033866339782537366307796585758861749,32,3.3,1,True
1.2.826.0.1.3680043.8.498.41672145969790132883562432403529293545,lat_centre,86.306,-10.709,2.736,0.0845,1.33,1.2.826.0.1.3680043.8.498.12075593048117682398673136352492544745,29,3.6,1,True
1.2.826.0.1.3680043.8.498.41696746845418651508748386392327996143,lat_centre,67.296,51.078,47.156,0.0855,1.088,1.2.826.0.1.3680043.8.498.11891517304135789991830741865544490972,26,4.5,1,True
1.2.826.0.1.3680043.8.498.41698150452794914665945455397334605778,lat_centre,135.738,88.692,-16.512,0.0198,29.025,1.2.826.0.1.3680043.8.498.99497688854122153258840214387845412380,32,3.99,1,True
1.2.826.0.1.3680043.8.498.41717437729988689273718049162153247404,lat_centre,-125.056,-50.451,-15.754,0.0769,0.49,1.2.826.0.1.3680043.8.498.13363071576670530227091719801291640575,29,3.6,1,True
1.2.826.0.1.3680043.8.498.41751049067043481681879071436091069601,lat_centre,-94.248,-0.901,-2.887,0.0811,1.474,1.2.826.0.1.3680043.8.498.13005921476250742866069229623840972070,26,3.6,1,True
1.2.826.0.1.3680043.8.498.41769275806689876192405091865340286535,lat_centre,113.81,-36.827,-30.508,0.0952,1.182,1.2.826.0.1.3680043.8.498.99266807330431804817491074980070351467,30,3.3,1,True
1.2.826.0.1.3680043.8.498.41776233288569201013095816839442161537,lat_centre,99.181,29.239,-41.636,0.1106,1.525,1.2.826.0.1.3680043.8.498.56380485730216550785108458691390410649,26,4.8,1,True
1.2.826.0.1.3680043.8.498.41810826648175757249770990269365542940,lat_centre,141.076,-29.349,-3.173,0.089,1.269,1.2.826.0.1.3680043.8.498.22654803366622828475417893812374217268,35,3.3,1,True
1.2.826.0.1.3680043.8.498.41837648239243141231469586963862388683,lat_centre,-148.49,-16.428,-27.4,0.0905,1.241,1.2.826.0.1.3680043.8.498.67309568703184788857141501756251202462,37,3.3,1,True
1.2.826.0.1.3680043.8.498.41852534027066121760361035269460584004,lat_centre,-105.465,-13.89,-37.851,0.1085,1.571,1.2.826.0.1.3680043.8.498.69457237268630238679796427348335488524,34,3.0,1,True
1.2.826.0.1.3680043.8.498.41854610297797849683195403204758363476,lat_centre,-98.543,-49.678,-12.77,0.0854,0.751,1.2.826.0.1.3680043.8.498.10192355622021821678692960962606450280,32,3.3,1,True
1.2.826.0.1.3680043.8.498.41856137734822068230231773222820851271,lat_centre,104.814,14.148,-46.233,0.0945,2.084,1.2.826.0.1.3680043.8.498.75841503742241227729746199380326083025,24,4.52,1,True
1.2.826.0.1.3680043.8.498.41939824564209194493855981805593285528,lat_centre,-112.492,-53.875,-0.666,0.1067,0.724,1.2.826.0.1.3680043.8.498.84616875369835756802107761091818578246,36,3.3,1,True
1.2.826.0.1.3680043.8.498.41990779875873214154237496750949660480,lat_centre,-124.625,-81.422,31.835,0.073,0.605,1.2.826.0.1.3680043.8.498.23637413006274253200504108537779807818,20,5.975,1,True
1.2.826.0.1.3680043.8.498.42018410640565840140895012243840256810,lat_centre,-121.335,-17.557,-57.021,0.0836,1.112,1.2.826.0.1.3680043.8.498.18270220616449328909362140456946378902,35,3.3,1,True
1.2.826.0.1.3680043.8.498.42018683052544325209168649309206539721,lat_centre,48.165,-4.425,-49.475,0.0907,0.762,1.2.826.0.1.3680043.8.498.82443844526611229845455566195822167605,26,4.0,1,True
1.2.826.0.1.3680043.8.498.42023788139360998656558751921918860808,lat_centre,125.357,-47.078,-34.276,0.1056,1.414,1.2.826.0.1.3680043.8.498.34788384510574589442506546064622801858,32,3.3,1,True
1.2.826.0.1.3680043.8.498.42051385452979123325023608442860201782,lat_centre,-134.756,-44.075,-34.314,0.082,1.106,1.2.826.0.1.3680043.8.498.76634083520183770820283634417810703308,29,3.3,1,True
1.2.826.0.1.3680043.8.498.42057349781448469704191384429694247725,lat_centre,110.434,-16.847,-11.04,0.0971,0.804,1.2.826.0.1.3680043.8.498.22239547516182772793672789354220097596,40,3.3,1,True
1.2.826.0.1.3680043.8.498.42120645248710860870761681999665860884,lat_centre,114.786,-30.74,-28.135,0.0963,0.718,1.2.826.0.1.3680043.8.498.21133086399424635395439336500651580033,27,3.85,1,True
1.2.826.0.1.3680043.8.498.42130173624033946465704266507948122088,lat_centre,141.377,-14.488,-49.895,0.0775,2.196,1.2.826.0.1.3680043.8.498.11412114188991364342152465178757843746,30,4.52,1,True
1.2.826.0.1.3680043.8.498.42162585695624963017992042571207363427,lat_centre,90.292,-34.654,-37.83,0.1114,1.013,1.2.826.0.1.3680043.8.498.10193894758124153973599903650961571422,28,3.5,1,True
1.2.826.0.1.3680043.8.498.42221373360893091454504422964928099406,lat_centre,-104.323,-14.451,7.17,0.0929,1.441,1.2.826.0.1.3680043.8.498.92078559496935970339811991676153949379,33,3.3,1,True
1.2.826.0.1.3680043.8.498.42225165085995728538373532053227662192,lat_centre,110.002,-50.262,-21.361,0.1094,1.201,1.2.826.0.1.3680043.8.498.11824966238060122925224631175913825069,33,3.3,1,True
1.2.826.0.1.3680043.8.498.42287188181305579531212818123200473947,lat_centre,-134.065,-33.896,4.905,0.0788,1.196,1.2.826.0.1.3680043.8.498.25909330284605782953668168797956117186,21,4.5,1,True
1.2.826.0.1.3680043.8.498.42389063782063360163798575455522539633,lat_centre,-98.877,14.936,-19.301,0.1383,2.465,1.2.826.0.1.3680043.8.498.57765211809367396202162590867678866725,24,4.0,1,True
1.2.826.0.1.3680043.8.498.42396216793489016293032290339618185275,lat_centre,143.856,-23.442,-27.185,0.0872,1.27,1.2.826.0.1.3680043.8.498.72452965543090147027534392365611614549,30,3.5,1,True
1.2.826.0.1.3680043.8.498.42414269167296543219685897036829241885,lat_centre,129.307,-53.179,14.755,0.0918,0.455,1.2.826.0.1.3680043.8.498.81790093930212834379324926276780542518,30,3.3,1,True
1.2.826.0.1.3680043.8.498.42476443240785038044326483794941265936,lat_centre,112.635,-33.53,-3.079,0.0818,1.311,1.2.826.0.1.3680043.8.498.10938175170104981833998866331085660186,25,4.156,1,True
1.2.826.0.1.3680043.8.498.42486421970612099441197418307958561877,lat_centre,136.821,-26.844,-2.144,0.065,2.137,1.2.826.0.1.3680043.8.498.13276007819955704946858511872660029215,28,3.3,1,True
1.2.826.0.1.3680043.8.498.42499092649567991851673654940784921876,lat_centre,29.989,16.777,-51.018,0.1226,1.582,1.2.826.0.1.3680043.8.498.11595901705542016100749782539475430949,24,3.9,1,True
1.2.826.0.1.3680043.8.498.42566296562794128096734153388840524012,lat_centre,87.486,-53.364,-50.144,0.1115,0.624,1.2.826.0.1.3680043.8.498.33253732268256999049227752414638087122,19,4.4,1,True
1.2.826.0.1.3680043.8.498.42580107838226807862930203257414265276,lat_centre,92.288,-14.446,16.189,0.1072,0.579,1.2.826.0.1.3680043.8.498.12743186420169643703006675736659830078,34,2.75,1,True
1.2.826.0.1.3680043.8.498.42587087495729026068405824960397052997,lat_centre,-109.546,-2.492,-1.639,0.0956,1.235,1.2.826.0.1.3680043.8.498.78749730233474915458705451034845508947,34,3.0,1,True
1.2.826.0.1.3680043.8.498.42598518026540237824479232797503218019,lat_centre,110.2,-36.451,-28.508,0.1003,1.294,1.2.826.0.1.3680043.8.498.46924180689139232147183032686281356946,34,3.3,1,True
1.2.826.0.1.3680043.8.498.42609322631348207494943622999125822017,lat_centre,-104.42,-7.169,5.87,0.1018,0.686,1.2.826.0.1.3680043.8.498.32251701004024308295116121333715518301,24,4.5,1,True
1.2.826.0.1.3680043.8.498.42634709955067416383713194799683605006,lat_centre,136.959,-19.514,-9.043,0.0905,0.549,1.2.826.0.1.3680043.8.498.68510231362264667192377881803127151559,30,3.5,1,True
1.2.826.0.1.3680043.8.498.42719592405241698450757802131459694665,lat_centre,136.152,-39.672,-19.217,0.0818,0.459,1.2.826.0.1.3680043.8.498.12580239212753212961772056996393333065,35,3.3,1,True
1.2.826.0.1.3680043.8.498.42768603719459834345001093623865167866,lat_centre,89.726,-22.279,-8.025,0.1242,0.946,1.2.826.0.1.3680043.8.498.67368306837418441494821327515175411304,22,4.5,1,True
1.2.826.0.1.3680043.8.498.42776652100045349404152232788825670056,lat_centre,-99.944,7.29,-14.358,0.126,1.665,1.2.826.0.1.3680043.8.498.69653337569339747395536349336981022887,24,4.0,1,True
1.2.826.0.1.3680043.8.498.42778524243264061817587398263842942394,lat_centre,-141.033,-54.423,39.08,0.1207,1.172,1.2.826.0.1.3680043.8.498.13081839058158279857249578785207185703,19,4.5,1,True
1.2.826.0.1.3680043.8.498.42816339547796375466199938922141987775,lat_centre,114.485,-31.045,-5.774,0.1061,0.792,1.2.826.0.1.3680043.8.498.11960002191971509658919874842025249793,40,2.75,1,True
1.2.826.0.1.3680043.8.498.42829490507052740062127365747846030214,lat_centre,109.737,-64.36,-50.174,0.0963,1.694,1.2.826.0.1.3680043.8.498.10779781833261359604879583885727533877,19,4.8,1,True
1.2.826.0.1.3680043.8.498.42847376403722341195083350288786052637,lat_centre,-77.388,6.023,-14.263,0.1179,0.46,1.2.826.0.1.3680043.8.498.72010284196786089899722256727269667059,30,3.3,1,True
1.2.826.0.1.3680043.8.498.42887028634948156598417204377884297339,lat_centre,-132.904,-34.605,1.409,0.076,0.429,1.2.826.0.1.3680043.8.498.27041737837814703143257818370909997470,29,3.3,1,True
1.2.826.0.1.3680043.8.498.42896117106271721157113072562739356381,lat_centre,-133.541,-33.046,25.987,0.0701,1.413,1.2.826.0.1.3680043.8.498.79731873119829053161001901760751298835,27,4.52,1,True
1.2.826.0.1.3680043.8.498.42921593713351589642747633505679170597,lat_centre,144.212,-49.512,27.814,0.0972,0.635,1.2.826.0.1.3680043.8.498.43209600700224981347005422372706678355,25,4.156,1,True
1.2.826.0.1.3680043.8.498.42942844751304929338846069579289911684,lat_centre,-110.583,-13.135,-16.311,0.0863,1.015,1.2.826.0.1.3680043.8.498.69930957197206099939351756012158318551,39,3.3,1,True
1.2.826.0.1.3680043.8.498.42965031665568825650795822006244115609,lat_centre,-119.221,-4.165,-11.583,0.1089,2.339,1.2.826.0.1.3680043.8.498.12141508704693891948008298928811475026,21,4.4,1,True
1.2.826.0.1.3680043.8.498.42967970121147528831983176261453235744,lat_centre,119.3,8.262,-12.244,0.0975,0.501,1.2.826.0.1.3680043.8.498.97117964712012474919481941264606896960,48,2.2,1,True
1.2.826.0.1.3680043.8.498.42990542863216044717944418712887800295,lat_centre,132.387,-33.858,-49.533,0.0998,1.17,1.2.826.0.1.3680043.8.498.45240005126882461974316801792740032103,24,4.1,1,True
1.2.826.0.1.3680043.8.498.43014288535685961874615794778401152033,lat_centre,-138.237,-43.641,15.176,0.1099,2.061,1.2.826.0.1.3680043.8.498.10457668044773937135374836434090902756,29,3.3,1,True
1.2.826.0.1.3680043.8.498.43046713539641995841029654207663845887,lat_centre,-86.94,-11.441,-38.139,0.1189,1.941,1.2.826.0.1.3680043.8.498.62485273154790598285033438142945229107,19,4.4,1,True
1.2.826.0.1.3680043.8.498.43065391907984821806263204343792008938,lat_centre,-89.551,3.55,-95.285,0.1047,0.76,1.2.826.0.1.3680043.8.498.10651249113129471417981166045990476339,28,3.3,1,True
1.2.826.0.1.3680043.8.498.43117007553940146763245418710268028741,lat_centre,92.321,-21.422,-16.238,0.1014,0.409,1.2.826.0.1.3680043.8.498.12181441909012344478345796240796951786,30,3.3,1,True
1.2.826.0.1.3680043.8.498.43127139928509033152155587499980767364,lat_centre,-84.319,-1.499,-12.743,0.1215,1.325,1.2.826.0.1.3680043.8.498.11673388554859979605186616425983138537,24,4.0,1,True
1.2.826.0.1.3680043.8.498.43144544376687968624598661376472625623,lat_centre,-87.34,-23.734,-0.182,0.0976,0.398,1.2.826.0.1.3680043.8.498.16198275638577964647983255279319997351,32,3.3,1,True
1.2.826.0.1.3680043.8.498.43256282639827216310036033378453939750,lat_centre,-97.861,-33.861,8.877,0.1007,0.791,1.2.826.0.1.3680043.8.498.80368776335407672330887465322647367102,34,2.75,1,True
1.2.826.0.1.3680043.8.498.43256905750043156063416845850825787417,lat_centre,-114.458,-15.391,-19.343,0.0875,0.733,1.2.826.0.1.3680043.8.498.12460510325058106625185559665479976844,38,3.0,1,True
1.2.826.0.1.3680043.8.498.43300763182450509440662392516941842389,lat_centre,-103.811,-42.776,-32.693,0.0673,0.785,1.2.826.0.1.3680043.8.498.76299011898542650593443200061916301257,30,3.3,1,True
1.2.826.0.1.3680043.8.498.43325226037168674077736336919956196684,lat_centre,102.996,-43.202,-50.836,0.1246,0.854,1.2.826.0.1.3680043.8.498.10995958839301553772542009858072196524,19,4.8,1,True
1.2.826.0.1.3680043.8.498.43339007024446439709455570527734115557,lat_centre,-94.566,-13.588,5.519,0.1161,0.704,1.2.826.0.1.3680043.8.498.65982530186879525357449085851562363055,25,3.6,1,True
1.2.826.0.1.3680043.8.498.43351215447181735764667371462573550267,lat_centre,103.393,-11.291,-21.387,0.0786,0.835,1.2.826.0.1.3680043.8.498.10459360829898188957672817058277043084,33,3.3,1,True
1.2.826.0.1.3680043.8.498.43355923025859051425546451466843844346,lat_centre,87.295,-33.035,-29.243,0.0779,1.288,1.2.826.0.1.3680043.8.498.12489642043470249957562520123750060318,30,4.5,1,True
1.2.826.0.1.3680043.8.498.43412154740072739455825163326814980838,lat_centre,102.633,-38.562,-9.168,0.1178,1.032,1.2.826.0.1.3680043.8.498.98043705199211834207957051590523090223,31,2.75,1,True
1.2.826.0.1.3680043.8.498.43432499267536761263202158662502957684,lat_centre,-135.07,-61.556,-17.017,0.1103,1.989,1.2.826.0.1.3680043.8.498.59591390931279217330821801849389852406,22,4.8,1,True
1.2.826.0.1.3680043.8.498.43439413368880313042951208701983487343,lat_centre,-120.708,-35.087,-16.364,0.1082,0.682,1.2.826.0.1.3680043.8.498.11117415448122949035353236115266631641,30,3.3,1,True
1.2.826.0.1.3680043.8.498.43442933855807685981061557274166869461,lat_centre,-93.838,-41.218,11.792,0.0882,0.973,1.2.826.0.1.3680043.8.498.97961602282474400736733509132026458734,35,2.75,1,True
1.2.826.0.1.3680043.8.498.43445351322695981909807931874796758490,lat_centre,-123.836,42.897,-4.822,0.0862,1.101,1.2.826.0.1.3680043.8.498.52411394704187252525835270547346831589,20,5.0,1,True
1.2.826.0.1.3680043.8.498.43483537125776347707929354413013709736,lat_centre,-124.301,13.918,-15.998,0.1231,1.511,1.2.826.0.1.3680043.8.498.32579194790631258029274483419019223217,30,3.3,1,True
1.2.826.0.1.3680043.8.498.43587191909319947256183198986671106743,lat_centre,-67.593,36.562,-39.094,0.0583,1.002,1.2.826.0.1.3680043.8.498.10967543785577894717040936811768710760,24,4.5,1,True
1.2.826.0.1.3680043.8.498.43587826365647713044374316837330397375,lat_centre,115.61,-7.194,-7.566,0.0873,1.463,1.2.826.0.1.3680043.8.498.36116704531079444428408371581101477740,36,3.3,1,True
1.2.826.0.1.3680043.8.498.43692339773096477132070133629776394739,lat_centre,-115.624,-20.642,-36.121,0.1042,0.802,1.2.826.0.1.3680043.8.498.99945476856693727800853176393711829787,32,3.3,1,True
1.2.826.0.1.3680043.8.498.43709699920591091261137846976272625163,lat_centre,-140.16,-42.967,-5.109,0.0878,0.828,1.2.826.0.1.3680043.8.498.12964220574343488935331975601889903635,33,3.3,1,True
1.2.826.0.1.3680043.8.498.43779228281849457650343989788070421822,lat_centre,110.213,-6.673,7.154,0.1196,2.575,1.2.826.0.1.3680043.8.498.58697158451568995961645970067076532545,33,3.3,1,True
1.2.826.0.1.3680043.8.498.43797037142729611453626414920554246615,lat_centre,136.13,-71.958,-5.191,0.0945,1.568,1.2.826.0.1.3680043.8.498.59154629924206995540776323861601373663,19,5.0,1,True
1.2.826.0.1.3680043.8.498.43832771919542075229536000564653592465,lat_centre,104.115,-10.385,-53.143,0.1248,2.1,1.2.826.0.1.3680043.8.498.23864071059023175514631025992551284882,20,4.4,1,True
1.2.826.0.1.3680043.8.498.43870319732657730742794291443940225011,lat_centre,112.797,14.001,-26.296,0.0702,0.95,1.2.826.0.1.3680043.8.498.45695898071525253103901516355358513461,33,3.3,1,True
1.2.826.0.1.3680043.8.498.43967752580489865323542041346927244370,lat_centre,-105.205,1.642,-51.488,0.0957,1.307,1.2.826.0.1.3680043.8.498.11250269653635349864572039008259600900,32,3.3,1,True
1.2.826.0.1.3680043.8.498.44002376543340544410495269060824194475,lat_centre,-160.444,34.19,-39.492,0.081,1.113,1.2.826.0.1.3680043.8.498.62075178092521603695024564838463424170,30,4.5,1,True
1.2.826.0.1.3680043.8.498.44024350801191362011463613321559949052,lat_centre,-133.158,-28.66,-18.509,0.0954,0.504,1.2.826.0.1.3680043.8.498.91667014962419541436951796248183124616,32,3.3,1,True
1.2.826.0.1.3680043.8.498.44149403030093858908988179411336839587,lat_centre,-103.751,-20.913,-28.546,0.0783,0.738,1.2.826.0.1.3680043.8.498.65197577514792655122359914581292176650,32,3.3,1,True
1.2.826.0.1.3680043.8.498.44239214982361627984688924889728201208,lat_centre,75.352,-8.217,-15.996,0.0841,1.049,1.2.826.0.1.3680043.8.498.78339432259935251969801430601275370391,17,5.0,1,True
1.2.826.0.1.3680043.8.498.44259687212868598275713310246316207497,lat_centre,-147.552,-2.314,-5.598,0.0772,3.878,1.2.826.0.1.3680043.8.498.14908519531683702841551261327038130859,32,3.3,1,True
1.2.826.0.1.3680043.8.498.44261256084247541720465769177956875383,lat_centre,-115.013,-31.118,-28.677,0.085,1.961,1.2.826.0.1.3680043.8.498.46031105625448843209596424295004681063,33,3.3,1,True
1.2.826.0.1.3680043.8.498.44321626715626508427287815810252844889,lat_centre,-128.43,-50.042,-2.573,0.1096,1.472,1.2.826.0.1.3680043.8.498.29356226090723869970082572572408735370,22,4.5,1,True
1.2.826.0.1.3680043.8.498.44323131330689365651417881352766725366,lat_centre,-100.3,27.564,10.988,0.0848,1.487,1.2.826.0.1.3680043.8.498.67340940015635996196998489512487508398,26,4.5,1,True
1.2.826.0.1.3680043.8.498.44333089398623004498721836325723633455,lat_centre,104.732,28.448,3.643,0.0963,1.235,1.2.826.0.1.3680043.8.498.86434272198724802941548874692973780073,27,4.5,1,True
1.2.826.0.1.3680043.8.498.44350638600163778456163342454087669278,lat_centre,104.69,-5.472,-29.992,0.0946,0.444,1.2.826.0.1.3680043.8.498.10599604222597749749677036846177143942,33,3.3,1,True
1.2.826.0.1.3680043.8.498.44365814642869065241166313231424697474,lat_centre,-113.931,-13.0,9.096,0.1051,1.136,1.2.826.0.1.3680043.8.498.51282057832668275381339822813572635407,34,3.3,1,True
1.2.826.0.1.3680043.8.498.44405554266141576380633014711246118209,lat_centre,-109.251,-15.438,-3.271,0.09,0.457,1.2.826.0.1.3680043.8.498.55876967020268226197606201663593211808,36,3.0,1,True
1.2.826.0.1.3680043.8.498.44417768181231991989438194369583907493,lat_centre,98.213,-49.021,-5.7,0.0788,0.482,1.2.826.0.1.3680043.8.498.11565575631477282195450986421719292762,32,3.3,1,True
1.2.826.0.1.3680043.8.498.44424196147366603683090692394096032727,lat_centre,-136.768,-64.752,1.351,0.0938,1.164,1.2.826.0.1.3680043.8.498.54780131475366192858819708791631106146,30,3.5,1,True
1.2.826.0.1.3680043.8.498.44441813293962885868294317830142850713,lat_centre,132.521,8.577,-7.923,0.1039,0.688,1.2.826.0.1.3680043.8.498.96796299947034725933575150238042301500,48,2.2,1,True
1.2.826.0.1.3680043.8.498.44476475746458439091354236934188679569,lat_centre,-142.052,-34.755,-37.903,0.1159,2.058,1.2.826.0.1.3680043.8.498.46921258124003061210765894523160448798,30,3.3,1,True
1.2.826.0.1.3680043.8.498.44525218699266472141419416162979441275,lat_centre,139.179,-41.387,-1.361,0.1,0.9,1.2.826.0.1.3680043.8.498.10252120765602374592738038949030698493,29,3.3,1,True
1.2.826.0.1.3680043.8.498.44629238055006732101555855930071163428,lat_centre,136.386,-44.935,-31.392,0.0851,1.946,1.2.826.0.1.3680043.8.498.19013932812636573172849704791694401117,30,3.3,1,True
1.2.826.0.1.3680043.8.498.44654558140536370040701171884970036040,lat_centre,-101.291,-14.329,-19.925,0.0918,1.491,1.2.826.0.1.3680043.8.498.12687753537484617546383698961915203385,33,3.3,1,True
1.2.826.0.1.3680043.8.498.44670636848627131733157841382853275817,lat_centre,120.726,-19.394,-20.347,0.079,1.011,1.2.826.0.1.3680043.8.498.43537681312703475981705578536794755227,35,3.3,1,True
1.2.826.0.1.3680043.8.498.44713330360073884105636085566230396530,lat_centre,-115.517,-21.287,-19.18,0.0859,1.743,1.2.826.0.1.3680043.8.498.95860884194640441986138526568251990060,30,3.3,1,True
1.2.826.0.1.3680043.8.498.44733200650377282012534389271385687852,lat_centre,-99.26,0.71,-3.145,0.12,1.247,1.2.826.0.1.3680043.8.498.46077767463956810547953915067720757483,24,4.0,1,True
1.2.826.0.1.3680043.8.498.44758766790156297849747618145458535803,lat_centre,-131.353,-48.818,-14.764,0.0803,0.992,1.2.826.0.1.3680043.8.498.22460381378101812016089106286662739750,25,4.5,1,True
1.2.826.0.1.3680043.8.498.44792591585917525576461101442761037507,lat_centre,89.79,-2.987,1.509,0.0866,1.306,1.2.826.0.1.3680043.8.498.11027785073346764877330696851388214061,36,0.89,4,True
1.2.826.0.1.3680043.8.498.44863396093454506630473164990623458425,lat_centre,104.407,-9.218,-17.118,0.0965,0.714,1.2.826.0.1.3680043.8.498.43718193914165285997277605418816690057,30,3.51,1,True
1.2.826.0.1.3680043.8.498.44875593707781066742286566388388035791,lat_centre,-95.789,15.992,-14.838,0.1246,0.974,1.2.826.0.1.3680043.8.498.68570407864833609305154744542747459930,27,4.0,1,True
1.2.826.0.1.3680043.8.498.44879085997210091159117906674172231025,lat_centre,-137.529,-43.406,-16.648,0.1091,0.782,1.2.826.0.1.3680043.8.498.77555777292200845911748471955545863638,30,3.5,1,True
1.2.826.0.1.3680043.8.498.44879493336213912007673875382158420811,lat_centre,-105.358,-7.361,-6.782,0.0668,2.245,1.2.826.0.1.3680043.8.498.75602104737677180486775697803007448216,35,3.3,1,True
1.2.826.0.1.3680043.8.498.44902036121220687805715010480088379768,lat_centre,-119.349,-41.025,-21.585,0.0395,2.288,1.2.826.0.1.3680043.8.498.97248207564137740792492435255376740884,32,3.3,1,True
1.2.826.0.1.3680043.8.498.44941174190375343987327566550204051010,lat_centre,-96.335,2.565,-39.522,0.0821,0.982,1.2.826.0.1.3680043.8.498.41735302178073956894224366600888679192,30,3.3,1,True
1.2.826.0.1.3680043.8.498.44996883917122941421301655137158093858,lat_centre,-93.958,20.282,-54.074,0.1272,0.935,1.2.826.0.1.3680043.8.498.10420232357569945311925514428514953466,19,5.0,1,True
1.2.826.0.1.3680043.8.498.45033326048521572717771708818514772861,lat_centre,-92.973,1.252,-8.805,0.0855,1.213,1.2.826.0.1.3680043.8.498.44176471797293319902682057832146935480,31,3.0,1,True
1.2.826.0.1.3680043.8.498.45059917085750212913588683242522799083,lat_centre,-29.021,18.076,-11.105,0.0706,1.244,1.2.826.0.1.3680043.8.498.21413247093026822581005836102018800275,26,4.1,1,True
1.2.826.0.1.3680043.8.498.45072896942121803896760563154385918032,lat_centre,143.546,-53.377,-0.624,0.0639,0.802,1.2.826.0.1.3680043.8.498.14966808022682164231625728942255545574,40,0.4,8,True
1.2.826.0.1.3680043.8.498.45082393649917309927267478072569185694,lat_centre,15.021,7.507,-8.472,0.0932,0.692,1.2.826.0.1.3680043.8.498.10833455296829138851597361388239020361,26,4.0,1,True
1.2.826.0.1.3680043.8.498.45118217412917282413100913670807141634,lat_centre,-104.455,-57.042,-17.454,0.1072,1.759,1.2.826.0.1.3680043.8.498.22671011449335800095105347200192288812,27,3.6,1,True
1.2.826.0.1.3680043.8.498.45170517567841608067443743961197123093,lat_centre,-151.656,-3.53,-44.855,0.09,1.305,1.2.826.0.1.3680043.8.498.49993499256364478139145323859485740072,40,3.3,1,True
1.2.826.0.1.3680043.8.498.45207812477654339877341538582090218293,lat_centre,147.894,-43.765,-31.761,0.1136,1.492,1.2.826.0.1.3680043.8.498.11870819330895659838485694086349279513,29,3.3,1,True
1.2.826.0.1.3680043.8.498.45251306032215692953561852960585282987,lat_centre,142.751,-10.157,21.424,0.0565,1.327,1.2.826.0.1.3680043.8.498.79833690781863499808608007933236134837,48,3.3,1,True
1.2.826.0.1.3680043.8.498.45273393220765922863913956738614783632,lat_centre,137.267,-54.161,0.265,0.1069,0.676,1.2.826.0.1.3680043.8.498.41681971461305169339232132998123186995,27,3.515,1,True
1.2.826.0.1.3680043.8.498.45286493874121093392171044034263851961,lat_centre,138.91,-37.471,-12.279,0.0857,0.903,1.2.826.0.1.3680043.8.498.11976562942124258300962735810887940946,30,3.5,1,True
1.2.826.0.1.3680043.8.498.45304570280714567513866386380356988876,lat_centre,-114.483,-13.175,-9.435,0.1059,1.254,1.2.826.0.1.3680043.8.498.16119541353240457512098376060532796704,34,3.0,1,True
1.2.826.0.1.3680043.8.498.45316453179223822297459860764883030492,lat_centre,-98.984,7.501,18.521,0.1189,0.812,1.2.826.0.1.3680043.8.498.11050025090805214999413986094398980746,30,3.3,1,True
1.2.826.0.1.3680043.8.498.45326662718293919909188368237039419949,lat_centre,106.377,-18.581,-14.869,0.1027,0.642,1.2.826.0.1.3680043.8.498.92735463227722076211748289636285711877,33,3.3,1,True
1.2.826.0.1.3680043.8.498.45332185607602495786497298658937575959,lat_centre,-72.501,16.362,-54.033,0.1079,1.295,1.2.826.0.1.3680043.8.498.58566441006661022706229629515586332730,32,3.3,1,True
1.2.826.0.1.3680043.8.498.45367987334597713963053051542179369641,lat_centre,68.93,-12.025,-30.087,0.1023,0.508,1.2.826.0.1.3680043.8.498.76240128521599955869691057570483889890,22,4.5,1,True
1.2.826.0.1.3680043.8.498.45368532788186860828867663606651818835,lat_centre,103.322,-8.199,2.006,0.0885,0.619,1.2.826.0.1.3680043.8.498.17696489087888680499237352685551955557,34,3.0,1,True
1.2.826.0.1.3680043.8.498.45380312679924593883892686293576260616,lat_centre,-90.612,-39.346,-16.532,0.1107,0.891,1.2.826.0.1.3680043.8.498.40627989332448217448979285245833576882,28,3.3,1,True
1.2.826.0.1.3680043.8.498.45392604471538776666611947492530314159,lat_centre,-134.511,-50.85,7.691,0.0941,0.619,1.2.826.0.1.3680043.8.498.27773551621963378907307622046873805834,23,4.409,1,True
1.2.826.0.1.3680043.8.498.45406212529450909512649737062964080190,lat_centre,-106.263,-2.968,-10.19,0.1058,1.665,1.2.826.0.1.3680043.8.498.74485896509928837768523391330719738546,35,3.3,1,True
1.2.826.0.1.3680043.8.498.45454539422542821586939369440135728144,lat_centre,-117.815,-3.451,-3.044,0.0804,1.773,1.2.826.0.1.3680043.8.498.52191813839532941566555392454195701266,30,3.3,1,True
1.2.826.0.1.3680043.8.498.45462389009834095091353507592651342877,lat_centre,111.79,-16.056,-55.783,0.1085,1.301,1.2.826.0.1.3680043.8.498.10086050687727982067307218559670769017,34,3.3,1,True
1.2.826.0.1.3680043.8.498.45463321406810606039579747001339703552,lat_centre,101.022,7.306,-38.707,0.1131,0.498,1.2.826.0.1.3680043.8.498.84329407701696665915923775292868748221,25,3.6,1,True
1.2.826.0.1.3680043.8.498.45491168638937605395466251659273753775,lat_centre,-97.401,1.968,-45.697,0.0801,1.424,1.2.826.0.1.3680043.8.498.84523037443942605383800219042173319110,22,5.0,1,True
1.2.826.0.1.3680043.8.498.45504348071514081636909771148066956410,lat_centre,-15.718,13.909,-41.682,0.1161,0.777,1.2.826.0.1.3680043.8.498.10750154392894150734928372969045961849,24,3.9,1,True
1.2.826.0.1.3680043.8.498.45519502487291848581539950159353124045,lat_centre,91.031,12.019,-26.326,0.1378,1.352,1.2.826.0.1.3680043.8.498.65920431579785811055185191980970730581,22,3.9,1,True
1.2.826.0.1.3680043.8.498.45625191292968830335971647388746041117,lat_centre,-113.239,-13.155,-9.397,0.0834,1.541,1.2.826.0.1.3680043.8.498.21259113117036499581080551655283673602,30,3.3,1,True
1.2.826.0.1.3680043.8.498.45630051398709774279703407401383545642,lat_centre,120.126,-42.576,-11.505,0.0852,1.266,1.2.826.0.1.3680043.8.498.44412901608619173277718686478159675229,22,4.14,1,True
1.2.826.0.1.3680043.8.498.45644703214235636656820126625301033696,lat_centre,113.618,-13.219,-20.508,0.0836,2.076,1.2.826.0.1.3680043.8.498.28180902381536990165470935258108106053,40,3.3,1,True
1.2.826.0.1.3680043.8.498.45678969592219293243366784683191701674,lat_centre,-100.156,8.694,35.287,0.0739,1.083,1.2.826.0.1.3680043.8.498.31029975218966844110126604264859423261,27,4.5,1,True
1.2.826.0.1.3680043.8.498.45755198489211010290512228906807170657,lat_centre,-118.793,10.014,-35.923,0.1033,1.129,1.2.826.0.1.3680043.8.498.11946113583198249453057934847940884914,24,4.4,1,True
1.2.826.0.1.3680043.8.498.45768777378108699271714894225826640121,lat_centre,104.027,3.414,-8.653,0.0995,0.853,1.2.826.0.1.3680043.8.498.15979542635244081240996274375123844554,30,3.51,1,True
1.2.826.0.1.3680043.8.498.45811964949115542204306831813385709206,lat_centre,-133.926,-32.637,7.317,0.0817,1.373,1.2.826.0.1.3680043.8.498.86323458031975595093802952242249050271,36,2.875,1,True
1.2.826.0.1.3680043.8.498.45862157701704991290669186265816463426,lat_centre,-103.787,-50.597,-16.33,0.0952,1.152,1.2.826.0.1.3680043.8.498.12089764162143140501792850001687876044,30,3.6,1,True
1.2.826.0.1.3680043.8.498.45865541491386404818767748310365919685,lat_centre,-104.556,9.231,-43.046,0.125,0.923,1.2.826.0.1.3680043.8.498.11134965108851768144115568844311659363,25,4.0,1,True
1.2.826.0.1.3680043.8.498.45868806544202339567395643235910857549,lat_centre,-96.303,8.962,-26.656,0.0842,0.587,1.2.826.0.1.3680043.8.498.11154324755933022640906267531889090939,26,3.6,1,True
1.2.826.0.1.3680043.8.498.45894475516096841241467193775629362381,lat_centre,128.675,-1.636,5.173,0.0931,2.756,1.2.826.0.1.3680043.8.498.76393793546909617233425983036192992279,26,4.52,1,True
1.2.826.0.1.3680043.8.498.45968957856865486437256472516713628614,lat_centre,-116.967,-51.991,16.176,0.0979,1.366,1.2.826.0.1.3680043.8.498.32757549991898480192262510893769798869,33,3.3,1,True
1.2.826.0.1.3680043.8.498.46001596547902477402837300565271742663,lat_centre,105.234,-37.971,-7.492,0.0938,0.894,1.2.826.0.1.3680043.8.498.12193646110983323877425067772498857221,30,3.3,1,True
1.2.826.0.1.3680043.8.498.46016776602328665980436110567854612595,lat_centre,114.723,-11.228,-19.609,0.0959,1.476,1.2.826.0.1.3680043.8.498.47718248790085924817406835296117933839,33,3.3,1,True
1.2.826.0.1.3680043.8.498.46036209147177723970966724006242055397,lat_centre,20.008,14.778,-36.371,0.0943,1.101,1.2.826.0.1.3680043.8.498.78879836711374631396469134937189574177,19,4.4,1,True
1.2.826.0.1.3680043.8.498.46051119885630602872050329412008545893,lat_centre,114.784,-44.994,-10.899,0.0946,0.829,1.2.826.0.1.3680043.8.498.77532766938753411068872012730491712164,29,3.3,1,True
1.2.826.0.1.3680043.8.498.46052469424267861803032899866428547156,lat_centre,108.623,9.618,27.513,0.1163,0.569,1.2.826.0.1.3680043.8.498.25290536932163484205591104991004626891,34,3.0,1,True
1.2.826.0.1.3680043.8.498.46123761840464615814604226041496278995,lat_centre,90.703,-42.614,-64.768,0.1024,0.718,1.2.826.0.1.3680043.8.498.72955514055845639212292241028960486576,19,4.4,1,True
1.2.826.0.1.3680043.8.498.46172451572836863687073454997158931662,lat_centre,-115.578,46.897,1.001,0.07,3.839,1.2.826.0.1.3680043.8.498.18206132265946485183295555040718227385,30,3.5,1,True
1.2.826.0.1.3680043.8.498.46222691720198967161306520058359099856,lat_centre,111.639,-65.954,-1.092,0.0922,1.536,1.2.826.0.1.3680043.8.498.12113823066210990212493196377263012861,22,4.349,1,True
1.2.826.0.1.3680043.8.498.46228189366201925238527911905072482095,lat_centre,-106.313,-54.901,24.652,0.0878,1.544,1.2.826.0.1.3680043.8.498.93670261003204004137156665992962419914,28,3.3,1,True
1.2.826.0.1.3680043.8.498.46259494895672269475940484605821837768,lat_centre,-140.424,-37.995,-26.406,0.1075,0.733,1.2.826.0.1.3680043.8.498.95693427845347864834124647758937127409,29,3.3,1,True
1.2.826.0.1.3680043.8.498.46268820642949526111807948525363811264,lat_centre,-159.181,-30.453,-3.36,0.1015,1.839,1.2.826.0.1.3680043.8.498.76334460953828722309554712708964969867,23,5.116,1,True
1.2.826.0.1.3680043.8.498.46282234455466954264170065462242039568,lat_centre,-99.873,6.788,-33.256,0.1085,1.732,1.2.826.0.1.3680043.8.498.50898223963116398394895613688616972697,24,3.9,1,True
1.2.826.0.1.3680043.8.498.46297226877524853395345229615300658523,lat_centre,-106.634,-16.748,-34.48,0.0912,1.664,1.2.826.0.1.3680043.8.498.87409203695348073717675291359202078671,29,3.6,1,True
1.2.826.0.1.3680043.8.498.46305694398420300356121078124030126469,lat_centre,116.168,2.924,-45.215,0.1128,1.73,1.2.826.0.1.3680043.8.498.56906716449460752960738152206291730429,32,3.3,1,True
1.2.826.0.1.3680043.8.498.46309540159823359540686782651264853894,lat_centre,127.297,42.443,-39.129,0.0972,1.023,1.2.826.0.1.3680043.8.498.11878188644382793527107726192679425870,20,5.0,1,True
1.2.826.0.1.3680043.8.498.46335849264221717416382765091672040855,lat_centre,-115.991,-51.322,-39.902,0.1004,0.698,1.2.826.0.1.3680043.8.498.52973597934291874601079200754030025785,32,3.3,1,True
1.2.826.0.1.3680043.8.498.46407639440476738746130651250276012493,lat_centre,-100.625,-15.246,-7.322,0.1008,1.249,1.2.826.0.1.3680043.8.498.13192092214677303767382587592190309407,30,3.3,1,True
1.2.826.0.1.3680043.8.498.46427879286435198611282055405541286766,lat_centre,104.161,2.971,-20.207,0.0953,0.746,1.2.826.0.1.3680043.8.498.10752128828088140680408584096213354308,33,3.3,1,True
1.2.826.0.1.3680043.8.498.46452612704507986055186132736451572677,lat_centre,-111.499,1.615,0.642,0.1223,1.503,1.2.826.0.1.3680043.8.498.99241469824239066699151306559817180013,21,4.0,1,True
1.2.826.0.1.3680043.8.498.46491051379327985199309365945879841064,lat_centre,-142.271,-48.315,0.801,0.0967,0.96,1.2.826.0.1.3680043.8.498.89968426807317525898960137311673576816,40,2.75,1,True
1.2.826.0.1.3680043.8.498.46506161284114284997220751358509505380,lat_centre,-121.664,-9.524,-22.397,0.0996,1.061,1.2.826.0.1.3680043.8.498.37834744103641710225532746845286413896,32,3.5,1,True
1.2.826.0.1.3680043.8.498.46658713832425741743740258795376270265,lat_centre,119.738,34.905,-19.37,0.0793,1.405,1.2.826.0.1.3680043.8.498.99565200281316742274797923909330220031,22,5.0,1,True
1.2.826.0.1.3680043.8.498.46700895961751940291334058396794206479,lat_centre,-104.451,65.813,-53.652,0.0906,1.373,1.2.826.0.1.3680043.8.498.94778906892265843768218055788860870259,32,3.3,1,True
1.2.826.0.1.3680043.8.498.46713978512945139851373191422321462143,lat_centre,104.337,-20.858,0.083,0.0927,0.863,1.2.826.0.1.3680043.8.498.21281159070928517089572538261240352316,35,3.3,1,True
1.2.826.0.1.3680043.8.498.46715670142711601593792518196789347552,lat_centre,-140.303,-37.392,-14.04,0.0818,0.668,1.2.826.0.1.3680043.8.498.10966783420002397464207033024806577117,33,3.9,1,True
1.2.826.0.1.3680043.8.498.46745172905542117506863575411125924241,lat_centre,-100.991,5.162,-23.112,0.0956,0.626,1.2.826.0.1.3680043.8.498.35625586360610252125943902221721091759,30,3.3,1,True
1.2.826.0.1.3680043.8.498.46770589129181839292542004762882468541,lat_centre,104.554,-37.432,-21.405,0.0944,0.464,1.2.826.0.1.3680043.8.498.10997772432450169686297210957553151404,30,3.3,1,True
1.2.826.0.1.3680043.8.498.46776367027887983105817631582518625639,lat_centre,131.781,-62.607,-11.759,0.087,0.636,1.2.826.0.1.3680043.8.498.44959805013741338361863552098125511193,40,0.4,8,True
1.2.826.0.1.3680043.8.498.46797419946872257347118338518757027995,lat_centre,-104.646,-4.65,18.009,0.1183,1.144,1.2.826.0.1.3680043.8.498.12158011081666255902649325438355447926,32,3.3,1,True
1.2.826.0.1.3680043.8.498.46825768767498441994570613185981335949,lat_centre,-108.799,-41.922,-28.635,0.0783,1.148,1.2.826.0.1.3680043.8.498.26168529167492981747184752024253723144,32,3.45,1,True
1.2.826.0.1.3680043.8.498.46842734152337184482152392783260161845,lat_centre,-98.922,-44.718,3.967,0.108,0.879,1.2.826.0.1.3680043.8.498.21363141781435880627539647530128227980,31,3.3,1,True
1.2.826.0.1.3680043.8.498.46884541791777826238103426426267571657,lat_centre,55.344,-12.914,33.568,0.0856,0.729,1.2.826.0.1.3680043.8.498.75841057769587363233376388583516740845,28,3.5,1,True
1.2.826.0.1.3680043.8.498.46893956584698923808118623450380169212,lat_centre,96.122,-44.197,-11.642,0.0859,0.74,1.2.826.0.1.3680043.8.498.99736918927114303702478142458921549308,35,3.3,1,True
1.2.826.0.1.3680043.8.498.46909729013880708074310736136355969956,lat_centre,-96.613,18.668,-41.998,0.1055,0.831,1.2.826.0.1.3680043.8.498.57782642803493435055953187277929008023,30,3.3,1,True
1.2.826.0.1.3680043.8.498.46925959240037679795735705370016021232,lat_centre,104.255,17.327,-5.851,0.1325,0.799,1.2.826.0.1.3680043.8.498.19759123341009479063766464089006796739,30,3.3,1,True
1.2.826.0.1.3680043.8.498.47004674612174010017653097242531940431,lat_centre,112.954,-40.701,-15.558,0.0979,1.924,1.2.826.0.1.3680043.8.498.98916985973303154271559471017713333764,30,3.5,1,True
1.2.826.0.1.3680043.8.498.47036446751578280498105392189811189787,lat_centre,109.138,-15.417,-39.89,0.0995,0.648,1.2.826.0.1.3680043.8.498.44365526814823394758154069367811819181,33,3.3,1,True
1.2.826.0.1.3680043.8.498.47061252152535181371772020997295000029,lat_centre,97.458,-10.58,2.177,0.1064,0.968,1.2.826.0.1.3680043.8.498.58879983762363919089341907441036407496,26,3.3,1,True
1.2.826.0.1.3680043.8.498.47063694709201049930726855357000925037,lat_centre,145.17,-29.543,-24.683,0.0879,0.66,1.2.826.0.1.3680043.8.498.11793673481147639184985152506029555781,30,3.5,1,True
1.2.826.0.1.3680043.8.498.47080537724499166054609508776778189902,lat_centre,143.878,-14.79,7.85,0.0926,0.837,1.2.826.0.1.3680043.8.498.21468559949741969433848975212433193580,40,3.3,1,True
1.2.826.0.1.3680043.8.498.47094981922544354899183959858078311972,lat_centre,-138.778,-50.232,-3.644,0.084,0.689,1.2.826.0.1.3680043.8.498.48845313136724096783205638449897900723,40,0.4,8,True
1.2.826.0.1.3680043.8.498.47130872195336642107576758658144949813,lat_centre,-107.753,-34.677,-21.234,0.0967,0.697,1.2.826.0.1.3680043.8.498.11303344390735269024446219110672611489,30,3.8,1,True
1.2.826.0.1.3680043.8.498.47239511009810375185594384849101241004,lat_centre,105.711,2.338,-31.075,0.0819,0.63,1.2.826.0.1.3680043.8.498.37491266082270959080190795151489938207,33,3.3,1,True
1.2.826.0.1.3680043.8.498.47255564202539432049700324486197024855,lat_centre,-107.845,-21.692,-45.858,0.0789,0.837,1.2.826.0.1.3680043.8.498.83331010660039849502380127709886784616,44,3.5,1,True
1.2.826.0.1.3680043.8.498.47267174205472073784818634988669693642,lat_centre,-110.748,-14.706,-26.435,0.1028,0.715,1.2.826.0.1.3680043.8.498.46048398970353203297472927557500056088,33,3.3,1,True
1.2.826.0.1.3680043.8.498.47268599732083036147289040424392838620,lat_centre,-106.732,-7.603,-47.528,0.0886,1.143,1.2.826.0.1.3680043.8.498.11798721346159794389452636725780574847,36,3.3,1,True
1.2.826.0.1.3680043.8.498.47336007784831556446570294227732688335,lat_centre,149.431,-41.803,-13.924,0.1132,0.55,1.2.826.0.1.3680043.8.498.68858693922481485003921734139297543988,20,4.527,1,True
1.2.826.0.1.3680043.8.498.47339093185444044578247608022398494955,lat_centre,-106.285,-1.886,-23.564,0.0962,0.387,1.2.826.0.1.3680043.8.498.75065516001850619284068847083366992468,34,3.0,1,True
1.2.826.0.1.3680043.8.498.47391919345230380216864709248400573953,lat_centre,146.685,-13.642,-53.075,0.0739,0.72,1.2.826.0.1.3680043.8.498.32880076675788659751798609645965980138,35,3.3,1,True
1.2.826.0.1.3680043.8.498.47449893776425045020340604662487159684,lat_centre,152.911,-55.423,-27.12,0.1013,1.035,1.2.826.0.1.3680043.8.498.22596217280330389597914181894255301241,20,4.5,1,True
1.2.826.0.1.3680043.8.498.47465512474718256570933149642267926825,lat_centre,-106.747,5.684,2.68,0.0777,1.201,1.2.826.0.1.3680043.8.498.57808085277034172622282660177929909477,33,3.0,1,True
1.2.826.0.1.3680043.8.498.47495385306095610608327984787779011133,lat_centre,100.619,-6.56,-5.572,0.1157,0.803,1.2.826.0.1.3680043.8.498.11288483455255915101803682749767783707,31,3.3,1,True
1.2.826.0.1.3680043.8.498.47531034194300620953276025401018051246,lat_centre,100.51,-19.896,-30.301,0.0906,0.463,1.2.826.0.1.3680043.8.498.45738913434039723352372637318187480654,33,3.3,1,True
1.2.826.0.1.3680043.8.498.47651715105501347255071941051553742767,lat_centre,94.867,2.707,0.946,0.0947,0.951,1.2.826.0.1.3680043.8.498.36383668345816465454241659253053716337,33,3.0,1,True
1.2.826.0.1.3680043.8.498.47655269404919497034805209368250028981,lat_centre,31.003,10.166,-61.125,0.1023,2.003,1.2.826.0.1.3680043.8.498.12288712857960450174387026653622752801,24,3.9,1,True
1.2.826.0.1.3680043.8.498.47666607805434428477774854287399691400,lat_centre,-109.911,-42.605,-11.117,0.1039,2.919,1.2.826.0.1.3680043.8.498.12220838438318130363150798748196171769,19,4.4,1,True
1.2.826.0.1.3680043.8.498.47678121014268671436574141288012829166,lat_centre,-141.034,-53.023,-32.281,0.0921,0.603,1.2.826.0.1.3680043.8.498.48212081985311012999874302967092681403,30,3.3,1,True
1.2.826.0.1.3680043.8.498.47707670074001059720671838493302874710,lat_centre,-134.963,-67.393,-27.27,0.1102,1.06,1.2.826.0.1.3680043.8.498.13092950294203782360566037655689304231,19,4.4,1,True
1.2.826.0.1.3680043.8.498.47753549323738763346112850705924843959,lat_centre,-123.933,-24.548,24.953,0.067,2.138,1.2.826.0.1.3680043.8.498.10504766178060787675949313613599000064,19,4.4,1,True
1.2.826.0.1.3680043.8.498.47784065888386216103165400551121771174,lat_centre,96.722,-6.932,15.891,0.1024,1.235,1.2.826.0.1.3680043.8.498.47138658445090985884214102064084236350,28,3.6,1,True
1.2.826.0.1.3680043.8.498.47855330524708374523226349383799712473,lat_centre,166.056,-8.836,-0.258,0.0872,0.608,1.2.826.0.1.3680043.8.498.61803824255873110166848023759356747224,25,4.4,1,True
1.2.826.0.1.3680043.8.498.47864423097056282241181943425451597067,lat_centre,99.208,2.832,-7.641,0.1,0.712,1.2.826.0.1.3680043.8.498.10950175761415304391653261974763568997,32,3.0,1,True
1.2.826.0.1.3680043.8.498.47870074144891988520855535250618228390,lat_centre,103.904,-2.576,-1.778,0.0894,1.264,1.2.826.0.1.3680043.8.498.76463723776195899281784860547011633705,36,3.3,1,True
1.2.826.0.1.3680043.8.498.47921753480592595198052407850568677187,lat_centre,128.334,-14.152,16.348,0.1082,0.542,1.2.826.0.1.3680043.8.498.54686691624613803504966202537891841078,22,4.5,1,True
1.2.826.0.1.3680043.8.498.47925688677871325890380893763458019552,lat_centre,136.507,-35.644,-4.411,0.0965,0.875,1.2.826.0.1.3680043.8.498.50184111248572597456516210989163877486,37,2.875,1,True
1.2.826.0.1.3680043.8.498.47949251060660360953300340380324578835,lat_centre,130.861,-18.509,-9.162,0.1132,0.364,1.2.826.0.1.3680043.8.498.13047547951596491237385241283295797735,22,4.5,1,True
1.2.826.0.1.3680043.8.498.48033467661219494489168041469309669510,lat_centre,-139.392,-16.583,-25.248,0.102,0.991,1.2.826.0.1.3680043.8.498.79175843789635418417790893141172076744,26,4.5,1,True
1.2.826.0.1.3680043.8.498.48068031587855513429324313927339963541,lat_centre,-91.408,43.893,-10.556,0.0891,1.026,1.2.826.0.1.3680043.8.498.18426004358039155482770204957622047940,26,4.5,1,True
1.2.826.0.1.3680043.8.498.48141366506505611287110229972010695331,lat_centre,-113.834,-56.428,-3.223,0.091,0.99,1.2.826.0.1.3680043.8.498.64318199027921486043872820147850944080,38,3.3,1,True
1.2.826.0.1.3680043.8.498.48160569779413970442472500116176876660,lat_centre,32.884,-3.574,-21.83,0.1049,0.882,1.2.826.0.1.3680043.8.498.61114113871602316205492147788649347080,19,4.4,1,True
1.2.826.0.1.3680043.8.498.48308485987218296338173512060246238691,lat_centre,-97.754,-24.378,21.746,0.0853,1.623,1.2.826.0.1.3680043.8.498.11920304741846103494118693993682549294,29,3.6,1,True
1.2.826.0.1.3680043.8.498.48348615349418615469875801439348424274,lat_centre,124.366,-44.616,-6.623,0.1009,0.563,1.2.826.0.1.3680043.8.498.14477678774712126060440341154300476721,40,2.75,1,True
1.2.826.0.1.3680043.8.498.48367523758673249284754003765836877239,lat_centre,-76.387,55.066,-26.352,0.0758,1.64,1.2.826.0.1.3680043.8.498.12936188184179050131677321288106754777,26,4.5,1,True
1.2.826.0.1.3680043.8.498.48368929760320103375578806071106317953,lat_centre,-118.118,-18.814,-9.782,0.0739,0.734,1.2.826.0.1.3680043.8.498.74180541198861428297338973872296978112,32,3.3,1,True
1.2.826.0.1.3680043.8.498.48417903971145834309474934717837250776,lat_centre,126.951,-46.7,1.207,0.0735,0.603,1.2.826.0.1.3680043.8.498.98002967147635676538343260118227459731,30,3.3,1,True
1.2.826.0.1.3680043.8.498.48435973333068748044485658920315789799,lat_centre,116.107,-23.874,-56.589,0.0841,1.104,1.2.826.0.1.3680043.8.498.96211909765176921244224688695324865278,35,4.5,1,True
1.2.826.0.1.3680043.8.498.48486018503198264262324670490116120612,lat_centre,-139.093,-67.735,-4.708,0.0798,1.139,1.2.826.0.1.3680043.8.498.11476882743332567410674449071179819294,40,0.4,8,True
1.2.826.0.1.3680043.8.498.48520238688122533624681796433258211236,lat_centre,-96.506,1.463,-67.654,0.0888,1.073,1.2.826.0.1.3680043.8.498.96206303135446496700225798328646519482,28,3.7,1,True
1.2.826.0.1.3680043.8.498.48521453765449688946535921546652765399,lat_centre,-143.785,-38.948,-30.895,0.0988,1.159,1.2.826.0.1.3680043.8.498.52795603072470389035738871974301283540,37,3.3,1,True
1.2.826.0.1.3680043.8.498.48531746264504523370547117933271161633,lat_centre,154.144,43.085,-20.171,0.0755,1.883,1.2.826.0.1.3680043.8.498.73270258808512104318444030595862714758,26,4.0,1,True
1.2.826.0.1.3680043.8.498.48564780460694033783288540237012068889,lat_centre,-127.842,-37.657,-13.635,0.1059,0.547,1.2.826.0.1.3680043.8.498.72390389383901270101278573800455181031,29,3.3,1,True
1.2.826.0.1.3680043.8.498.48658459018915173972212724570862424208,lat_centre,94.857,1.208,-6.031,0.0872,1.465,1.2.826.0.1.3680043.8.498.38058141563383741292822024104201542479,34,3.0,1,True
1.2.826.0.1.3680043.8.498.48697800450463192944610588533290320545,lat_centre,118.611,-23.262,-28.414,0.0889,1.316,1.2.826.0.1.3680043.8.498.17471574295776086022990063661313915009,29,4.5,1,True
1.2.826.0.1.3680043.8.498.48750912584073496502856009873745362236,lat_centre,-91.768,-62.73,-33.455,0.0892,0.346,1.2.826.0.1.3680043.8.498.12179608463558531690159081900438187551,19,5.0,1,True
1.2.826.0.1.3680043.8.498.48771187298294322173131630438467163244,lat_centre,-120.043,-35.71,9.981,0.0846,0.897,1.2.826.0.1.3680043.8.498.92586527665650634882527212589494799409,29,3.3,1,True
1.2.826.0.1.3680043.8.498.48780598610511011488578963416186905560,lat_centre,136.328,-42.58,-24.397,0.1033,0.797,1.2.826.0.1.3680043.8.498.12422818164319649865913946366507108072,25,3.85,1,True
1.2.826.0.1.3680043.8.498.48784244479029704181755878324450207126,lat_centre,-105.154,-9.589,-15.284,0.0812,1.266,1.2.826.0.1.3680043.8.498.90537583629003152134140037743894417525,20,3.9,1,True
1.2.826.0.1.3680043.8.498.48818931767017230678539144135307491171,lat_centre,134.799,-48.207,-35.227,0.111,1.613,1.2.826.0.1.3680043.8.498.36744020597283645288197728112470981487,29,3.3,1,True
1.2.826.0.1.3680043.8.498.48829151552094424673693975665028690142,lat_centre,91.991,49.65,-40.329,0.0676,0.908,1.2.826.0.1.3680043.8.498.70557753781294992527168673138869192602,35,3.3,1,True
1.2.826.0.1.3680043.8.498.48855562507887692822284056171390459619,lat_centre,97.171,-5.09,4.738,0.0952,1.545,1.2.826.0.1.3680043.8.498.65468533689415717151500246891203291119,31,3.6,1,True
1.2.826.0.1.3680043.8.498.48872083192774100826667097552356058756,lat_centre,-106.764,-4.669,-25.982,0.1042,1.2,1.2.826.0.1.3680043.8.498.47647696094943852252380984542564728327,36,3.0,1,True
1.2.826.0.1.3680043.8.498.48918090379630186340047006216221526186,lat_centre,106.571,-48.701,-18.921,0.0736,0.845,1.2.826.0.1.3680043.8.498.12743362012088897400335133142466991789,36,3.3,1,True
1.2.826.0.1.3680043.8.498.48933020429865163393792899740045803587,lat_centre,99.444,-7.304,-52.37,0.1086,1.337,1.2.826.0.1.3680043.8.498.12768664226383161706301551515474571075,34,3.0,1,True
1.2.826.0.1.3680043.8.498.48946580946665031852355005294734101132,lat_centre,136.627,-70.523,-18.399,0.0859,0.787,1.2.826.0.1.3680043.8.498.31457592019990349918394410240358497641,40,0.4,8,True
1.2.826.0.1.3680043.8.498.48977699132767849812826572970218325717,lat_centre,111.571,-12.42,-15.654,0.1059,0.839,1.2.826.0.1.3680043.8.498.13058319931600073638864666340514518654,36,3.0,1,True
1.2.826.0.1.3680043.8.498.49025249926859976858200443939208207124,lat_centre,86.765,-21.758,-16.003,0.0983,0.554,1.2.826.0.1.3680043.8.498.34185171809287602928250484465343011393,22,4.5,1,True
1.2.826.0.1.3680043.8.498.49047255106144196602523585429683869547,lat_centre,133.091,-55.068,-0.357,0.087,1.06,1.2.826.0.1.3680043.8.498.98506674391696308092224182805359424007,30,3.5,1,True
1.2.826.0.1.3680043.8.498.49048739684287632681242054218807611262,lat_centre,-126.981,-26.714,-38.339,0.08,0.575,1.2.826.0.1.3680043.8.498.16157778163535029227076159474622228519,33,3.9,1,True
1.2.826.0.1.3680043.8.498.49054454369199540406654153762248931799,lat_centre,-170.192,-46.041,-23.007,0.0909,0.836,1.2.826.0.1.3680043.8.498.10121681746284817915936245658060699324,30,3.5,1,True
1.2.826.0.1.3680043.8.498.49094276335794811195117175603556929507,lat_centre,-112.864,-47.018,8.348,0.0958,2.618,1.2.826.0.1.3680043.8.498.92662854344136928951201455739598296704,19,4.8,1,True
1.2.826.0.1.3680043.8.498.49163335688297423808344168197551387860,lat_centre,-135.173,-27.689,-23.269,0.1086,2.264,1.2.826.0.1.3680043.8.498.10679748782668302982495943645739668758,22,4.5,1,True
1.2.826.0.1.3680043.8.498.49186859342644783675130322288585477727,lat_centre,-103.264,-46.998,-2.058,0.0797,0.585,1.2.826.0.1.3680043.8.498.68665511560982499243367508903300882831,34,3.3,1,True
1.2.826.0.1.3680043.8.498.49219586198038249030222134813685536295,lat_centre,-108.621,2.478,-33.224,0.1134,0.814,1.2.826.0.1.3680043.8.498.29617007656149419375800496154688555719,28,4.0,1,True
1.2.826.0.1.3680043.8.498.49287143478474218875661109488367501329,lat_centre,-103.935,-17.937,-2.354,0.1084,1.203,1.2.826.0.1.3680043.8.498.93578210708411304247548165886088763988,33,3.3,1,True
1.2.826.0.1.3680043.8.498.49347024975371539869871751159907613638,lat_centre,-101.14,-60.767,-29.982,0.0866,1.28,1.2.826.0.1.3680043.8.498.12899629518331113973095699992179391395,19,4.8,1,True
1.2.826.0.1.3680043.8.498.49379034023506626029648394840207360925,lat_centre,-136.862,-40.412,-4.788,0.1154,1.057,1.2.826.0.1.3680043.8.498.12386633740825580512546560573634992807,31,3.3,1,True
1.2.826.0.1.3680043.8.498.49394404966674633152360206835416205330,lat_centre,109.084,-17.153,-40.474,0.1001,1.93,1.2.826.0.1.3680043.8.498.11763166767502702278007714151661899238,33,3.3,1,True
1.2.826.0.1.3680043.8.498.49441835811239898312243678447796777305,lat_centre,110.441,-80.276,-2.823,0.1082,0.792,1.2.826.0.1.3680043.8.498.16146908487405002697987680959379478466,19,4.8,1,True
1.2.826.0.1.3680043.8.498.49443962795025989994487968185070137217,lat_centre,112.318,-31.536,-38.394,0.1089,1.086,1.2.826.0.1.3680043.8.498.23336662828457726199693407574107884693,30,3.3,1,True
1.2.826.0.1.3680043.8.498.49481811111224238761880576486796603139,lat_centre,-92.783,-8.359,-13.532,0.0972,0.462,1.2.826.0.1.3680043.8.498.66423208355433230860832897014234953799,36,3.0,1,True
1.2.826.0.1.3680043.8.498.49492260217998945587168161555623476238,lat_centre,90.91,-7.767,4.363,0.0917,1.708,1.2.826.0.1.3680043.8.498.67411756021840207673352236286942586848,34,3.0,1,True
1.2.826.0.1.3680043.8.498.49495644703047055149965226028097259207,lat_centre,100.483,-62.798,-29.16,0.1326,1.59,1.2.826.0.1.3680043.8.498.56338127657109507002211746533833691648,19,4.4,1,True
1.2.826.0.1.3680043.8.498.49500752658775616590911569693817273205,lat_centre,-132.284,-14.723,-15.472,0.1094,1.093,1.2.826.0.1.3680043.8.498.34753184751952551117163199540050522763,21,4.5,1,True
1.2.826.0.1.3680043.8.498.49575149159425506211571562732929634662,lat_centre,112.354,-41.876,-46.833,0.1001,0.652,1.2.826.0.1.3680043.8.498.15966069115711994596266576338059597502,32,3.3,1,True
1.2.826.0.1.3680043.8.498.49583348226932515919984811293816232513,lat_centre,-109.476,-55.163,28.507,0.0971,0.433,1.2.826.0.1.3680043.8.498.67623103161440943482632370016484869100,29,3.3,1,True
1.2.826.0.1.3680043.8.498.49603554452147117475589797389254733654,lat_centre,96.729,3.951,-6.226,0.088,0.803,1.2.826.0.1.3680043.8.498.49806174979316906198662965012086613430,35,3.0,1,True
1.2.826.0.1.3680043.8.498.49660659440268002826070581802625582554,lat_centre,116.156,-80.448,-45.708,0.1135,1.018,1.2.826.0.1.3680043.8.498.78540269801527120175305875619580735404,19,4.4,1,True
1.2.826.0.1.3680043.8.498.49679916686449433962263937489400526112,lat_centre,129.39,-42.433,-18.185,0.1065,0.871,1.2.826.0.1.3680043.8.498.94769119672780517555148832282148987691,29,3.3,1,True
1.2.826.0.1.3680043.8.498.49703744074809050221928706774732375079,lat_centre,120.452,37.31,-38.094,0.0846,1.879,1.2.826.0.1.3680043.8.498.47528272842021679768905677224521930202,40,3.3,1,True
1.2.826.0.1.3680043.8.498.49818874332345742217581267858748819921,lat_centre,114.676,-8.24,-18.006,0.1288,1.901,1.2.826.0.1.3680043.8.498.10933347608603575631136790574824140442,25,3.6,1,True
1.2.826.0.1.3680043.8.498.49847104080351361589960954776757484668,lat_centre,119.068,-38.919,-16.299,0.0974,1.839,1.2.826.0.1.3680043.8.498.12565378065788351784943480966936296845,29,3.3,1,True
1.2.826.0.1.3680043.8.498.49850672111501136862025523789202033809,lat_centre,-104.461,59.796,-42.558,0.0739,4.395,1.2.826.0.1.3680043.8.498.72738405610181649228974106293331452143,22,5.0,1,True
1.2.826.0.1.3680043.8.498.49855677166670499939366963036804180912,lat_centre,-101.015,-0.453,-32.923,0.0775,0.485,1.2.826.0.1.3680043.8.498.88133286957743583898423557094271295483,30,3.6,1,True
1.2.826.0.1.3680043.8.498.49866252311077397175807461727885923657,lat_centre,128.096,-66.978,-2.266,0.0983,0.964,1.2.826.0.1.3680043.8.498.95647887673248837374073341036050591673,22,4.6,1,True
1.2.826.0.1.3680043.8.498.49880369313850883713947031303955494125,lat_centre,89.245,-40.637,-26.928,0.1146,0.595,1.2.826.0.1.3680043.8.498.41337772693062653546694724364012169726,24,4.5,1,True
1.2.826.0.1.3680043.8.498.49884243466758407760126403944842240776,lat_centre,31.026,12.878,-18.155,0.1075,0.888,1.2.826.0.1.3680043.8.498.21629812830915800712891797428044638025,24,3.9,1,True
1.2.826.0.1.3680043.8.498.49887758195164927372912584780941789021,lat_centre,-121.32,-8.136,-52.387,0.1007,0.916,1.2.826.0.1.3680043.8.498.27450521707311540870965989121729489494,31,3.3,1,True
1.2.826.0.1.3680043.8.498.49926524898703962863714803838421958913,lat_centre,94.951,-4.283,-6.822,0.0817,1.367,1.2.826.0.1.3680043.8.498.43529467600902812161692354863736364551,29,3.6,1,True
1.2.826.0.1.3680043.8.498.49942556484410764813681696157580687854,lat_centre,105.256,-31.719,-18.735,0.1036,0.609,1.2.826.0.1.3680043.8.498.78657280650051042689079064320386647824,33,3.3,1,True
1.2.826.0.1.3680043.8.498.49984662916977328110175445895515541267,lat_centre,-130.779,-19.204,-48.024,0.0828,0.743,1.2.826.0.1.3680043.8.498.12798675252584650703536924517644614633,30,3.3,1,True
1.2.826.0.1.3680043.8.498.50051845967696843074391018845332480653,lat_centre,105.949,2.397,-33.575,0.1084,0.914,1.2.826.0.1.3680043.8.498.17042809743766206806850362938516875609,33,3.3,1,True
1.2.826.0.1.3680043.8.498.50069224337753933811759198830086956116,lat_centre,113.182,-0.957,4.412,0.0965,0.749,1.2.826.0.1.3680043.8.498.28997724786343498131955502385628439188,48,2.2,1,True
1.2.826.0.1.3680043.8.498.50073674465735509400964384004695041387,lat_centre,146.783,-40.548,14.169,0.1055,1.831,1.2.826.0.1.3680043.8.498.89364310140827645513535396248419905961,29,3.3,1,True
1.2.826.0.1.3680043.8.498.50089015780087008332657793589955395952,lat_centre,112.732,55.637,-2.764,0.0886,0.565,1.2.826.0.1.3680043.8.498.12929755044024048575370244206476642090,30,3.3,1,True
1.2.826.0.1.3680043.8.498.50107479256735739327080544431929221135,lat_centre,-114.079,0.855,-4.954,0.0912,0.673,1.2.826.0.1.3680043.8.498.18736015033692177202835907569222661676,48,2.2,1,True
1.2.826.0.1.3680043.8.498.50109255875403812845391217314726500341,lat_centre,74.077,60.757,-10.902,0.0827,0.83,1.2.826.0.1.3680043.8.498.13094088499754703510330438282212546206,20,5.0,1,True
1.2.826.0.1.3680043.8.498.50144715912379960437506930683683218333,lat_centre,-102.616,-24.421,0.593,0.0758,0.393,1.2.826.0.1.3680043.8.498.11351789854955834244598603000682307097,36,0.89,4,True
1.2.826.0.1.3680043.8.498.50182378358892377789975570268512056553,lat_centre,107.435,12.444,-45.598,0.119,0.652,1.2.826.0.1.3680043.8.498.85456836035973558388805647118183140177,30,3.3,1,True
1.2.826.0.1.3680043.8.498.50183004658202912273462671442829139110,lat_centre,-108.413,-54.549,-12.652,0.1089,1.58,1.2.826.0.1.3680043.8.498.15794031711526027912087848836970939229,32,3.3,1,True
1.2.826.0.1.3680043.8.498.50215409013618353346619153290049205718,lat_centre,109.226,-9.658,-19.161,0.1071,1.019,1.2.826.0.1.3680043.8.498.12672032484328276152686115812486946821,25,3.75,1,True
1.2.826.0.1.3680043.8.498.50220991646207533313828550949660577504,lat_centre,-109.442,-51.917,-18.846,0.0838,0.766,1.2.826.0.1.3680043.8.498.10229886895133741367183750825626139919,30,3.3,1,True
1.2.826.0.1.3680043.8.498.50248717336781045512984550029203786086,lat_centre,106.848,-31.482,-17.699,0.09,0.816,1.2.826.0.1.3680043.8.498.71531823989276758165331987858551456913,30,3.3,1,True
1.2.826.0.1.3680043.8.498.50259348432783983788186173025555513832,lat_centre,-117.401,-29.234,-23.991,0.0484,2.672,1.2.826.0.1.3680043.8.498.79001787647446606476195258969625610308,33,3.9,1,True
1.2.826.0.1.3680043.8.498.50261788831539215224639813005933285052,lat_centre,101.05,-1.78,-24.574,0.0881,0.994,1.2.826.0.1.3680043.8.498.20738659071951539430735546601426538338,33,3.3,1,True
1.2.826.0.1.3680043.8.498.50287512028986928372350279452197816661,lat_centre,99.402,10.9,-23.586,0.0742,1.032,1.2.826.0.1.3680043.8.498.12725938952985371502446896240789468317,28,3.5,1,True
1.2.826.0.1.3680043.8.498.50318760104506317341991314680640521601,lat_centre,-134.329,-38.044,19.093,0.0576,7.63,1.2.826.0.1.3680043.8.498.10153600191566462877220069361526308934,36,3.3,1,True
1.2.826.0.1.3680043.8.498.50342726517205151681842826322659275894,lat_centre,116.341,-21.329,-0.38,0.1041,0.958,1.2.826.0.1.3680043.8.498.43808573417258018894358191268931199766,39,3.3,1,True
1.2.826.0.1.3680043.8.498.50392110746914984873009735588879049321,lat_centre,122.011,3.161,-21.87,0.1005,1.072,1.2.826.0.1.3680043.8.498.43885493385414514453155112143113520528,28,3.5,1,True
1.2.826.0.1.3680043.8.498.50424421287869498746932271082980000521,lat_centre,-108.115,-12.151,-25.092,0.0908,0.445,1.2.826.0.1.3680043.8.498.11514967372911977130855643260532246217,46,2.2,1,True
1.2.826.0.1.3680043.8.498.50458745240631577290185672298591447264,lat_centre,-116.309,-53.725,-21.975,0.1042,1.967,1.2.826.0.1.3680043.8.498.36083705045639193106523502841632112396,32,3.5,1,True
1.2.826.0.1.3680043.8.498.50487158921933419035809338652990508020,lat_centre,-94.091,-39.23,-20.146,0.1011,0.767,1.2.826.0.1.3680043.8.498.12088883224474171353964866360190588073,26,3.3,1,True
1.2.826.0.1.3680043.8.498.50501020658943435430736717390350999395,lat_centre,130.793,-32.724,37.895,0.0838,0.935,1.2.826.0.1.3680043.8.498.13065138465814951868935397318556890143,24,4.156,1,True
1.2.826.0.1.3680043.8.498.50512021577184367495598050974910055550,lat_centre,-100.428,4.898,-36.683,0.0944,0.651,1.2.826.0.1.3680043.8.498.12764418044671713767448567891914668723,33,3.3,1,True
1.2.826.0.1.3680043.8.498.50571692547974449396635351108344029536,lat_centre,-122.623,-35.165,-12.634,0.0956,1.108,1.2.826.0.1.3680043.8.498.12205463388882864789078909770673610236,34,3.3,1,True
1.2.826.0.1.3680043.8.498.50648934951234229265309905009982297515,lat_centre,-80.565,-17.933,-4.575,0.1077,0.675,1.2.826.0.1.3680043.8.498.12979885159578642309592836298228340926,30,3.3,1,True
1.2.826.0.1.3680043.8.498.50666048236278074641860077012751071758,lat_centre,-123.093,-31.581,-14.151,0.1199,1.148,1.2.826.0.1.3680043.8.498.62575885736538635798097195127880425102,28,3.5,1,True
1.2.826.0.1.3680043.8.498.50667444467788034101157821576803778774,lat_centre,132.966,-43.444,2.176,0.0815,2.068,1.2.826.0.1.3680043.8.498.11824830597690701402680193384703293894,34,3.3,1,True
1.2.826.0.1.3680043.8.498.50680622091377404463269575858175673158,lat_centre,-21.009,13.887,-9.768,0.0813,0.989,1.2.826.0.1.3680043.8.498.94837910259507808780855085777444944339,28,4.0,1,True
1.2.826.0.1.3680043.8.498.50687743970686088872471288288960579306,lat_centre,139.837,-4.49,-42.371,0.0732,0.623,1.2.826.0.1.3680043.8.498.27626938106222655670580463266746668516,36,3.5,1,True
1.2.826.0.1.3680043.8.498.50689256431939553935971505794681061679,lat_centre,-116.515,-85.966,-42.21,0.0974,0.744,1.2.826.0.1.3680043.8.498.76425094784669578240922399940554216035,19,5.4,1,True
1.2.826.0.1.3680043.8.498.50694733929204626284366818623993960684,lat_centre,111.052,56.856,39.412,0.0757,1.14,1.2.826.0.1.3680043.8.498.77485888020163831709026811358580133463,32,3.3,1,True
1.2.826.0.1.3680043.8.498.50707407856055788475528375847872674241,lat_centre,-133.88,-38.828,-13.724,0.0877,0.624,1.2.826.0.1.3680043.8.498.13339143510757473604428481078441579931,29,3.3,1,True
1.2.826.0.1.3680043.8.498.50777252749942894325007417893973309310,lat_centre,103.748,23.868,-11.737,0.1332,0.579,1.2.826.0.1.3680043.8.498.11585074668912201029164004252893987420,27,4.0,1,True
1.2.826.0.1.3680043.8.498.50780438941220579448947609376330661130,lat_centre,138.067,-33.755,-3.422,0.1012,1.796,1.2.826.0.1.3680043.8.498.56438538157598452853994434363776554613,26,3.3,1,True
1.2.826.0.1.3680043.8.498.50810596378229719761556926464290468652,lat_centre,-108.101,-5.201,19.556,0.125,1.839,1.2.826.0.1.3680043.8.498.45820812638065800553177635636747743004,27,4.0,1,True
1.2.826.0.1.3680043.8.498.50813123035221058777203670043892828582,lat_centre,-94.677,-27.204,-6.832,0.1255,0.72,1.2.826.0.1.3680043.8.498.16573004156670027047710034042459373309,19,4.4,1,True
1.2.826.0.1.3680043.8.498.50819987120895374623148160166392914169,lat_centre,-139.224,-20.048,-19.724,0.1082,1.716,1.2.826.0.1.3680043.8.498.10056226282936337230425086239060494094,23,4.5,1,True
1.2.826.0.1.3680043.8.498.50823279853002320074080586693604976784,lat_centre,102.985,-68.339,-39.929,0.113,1.321,1.2.826.0.1.3680043.8.498.45475965718111597143938147252339646419,19,4.4,1,True
1.2.826.0.1.3680043.8.498.50844227724977857739867646104945090414,lat_centre,124.876,-60.466,39.313,0.0732,0.97,1.2.826.0.1.3680043.8.498.73899431387459813614219417486869494599,27,4.0,1,True
1.2.826.0.1.3680043.8.498.50848799900564667487859253004538870622,lat_centre,-132.751,-16.654,4.556,0.1137,1.615,1.2.826.0.1.3680043.8.498.34422991430272680436952255236220490791,25,4.5,1,True
1.2.826.0.1.3680043.8.498.50880891504121357724276091096406248845,lat_centre,-102.682,-2.856,-30.289,0.0388,6.749,1.2.826.0.1.3680043.8.498.71338176779212764144955678112836742685,22,4.4,1,True
1.2.826.0.1.3680043.8.498.50882628969985977810341532747520504841,lat_centre,111.835,-26.425,-27.448,0.093,0.917,1.2.826.0.1.3680043.8.498.53198834671678864036803283516457705281,34,2.875,1,True
1.2.826.0.1.3680043.8.498.50935247372419775856440294835587827419,lat_centre,117.935,-0.025,-13.343,0.1215,1.126,1.2.826.0.1.3680043.8.498.38674156086333946564048332303577641338,31,3.6,1,True
1.2.826.0.1.3680043.8.498.50969691234820675847736765735133138324,lat_centre,133.721,-33.09,-41.357,0.0765,1.742,1.2.826.0.1.3680043.8.498.11888351946920644428870909071070000300,35,3.3,1,True
1.2.826.0.1.3680043.8.498.50980137249034338585131194965993785201,lat_centre,119.088,-2.97,14.318,0.0868,1.014,1.2.826.0.1.3680043.8.498.95985974056355646377437301809889949833,48,2.2,1,True
1.2.826.0.1.3680043.8.498.51006813205605862503064447831381009425,lat_centre,-108.698,-45.319,-4.501,0.1184,0.725,1.2.826.0.1.3680043.8.498.80923661817621858471596426321132917899,34,3.3,1,True
1.2.826.0.1.3680043.8.498.51054592064718900209123281525185013961,lat_centre,-103.045,-47.685,-42.645,0.1167,0.925,1.2.826.0.1.3680043.8.498.64468655693993966829414080337540150526,19,4.4,1,True
1.2.826.0.1.3680043.8.498.51059575642903646008860869691477305022,lat_centre,-123.357,-45.269,6.303,0.098,0.763,1.2.826.0.1.3680043.8.498.69330826409998184957038959306587850721,23,4.565,1,True
1.2.826.0.1.3680043.8.498.51126807380879212261057967703844943102,lat_centre,144.346,-4.527,-80.073,0.0843,1.435,1.2.826.0.1.3680043.8.498.87760582488011202174551916650710248779,19,4.4,1,True
1.2.826.0.1.3680043.8.498.51143994849141407980459861759302509053,lat_centre,96.225,-62.125,25.134,0.1028,0.593,1.2.826.0.1.3680043.8.498.13013687791149465050047998632211985598,22,4.189,1,True
1.2.826.0.1.3680043.8.498.51179760508587500025973916664101120069,lat_centre,-134.532,-38.016,-5.624,0.0875,1.839,1.2.826.0.1.3680043.8.498.10897811642720173672710575398317294058,33,3.9,1,True
1.2.826.0.1.3680043.8.498.51215847567976999838748705030071176367,lat_centre,-134.851,-45.486,-44.377,0.1234,1.409,1.2.826.0.1.3680043.8.498.12012759821275689500338805326342042736,24,4.0,1,True
1.2.826.0.1.3680043.8.498.51297777726540529860433097009654453742,lat_centre,-111.034,-12.142,-15.143,0.0867,0.897,1.2.826.0.1.3680043.8.498.37285328528727434256256416038718842121,28,3.5,1,True
1.2.826.0.1.3680043.8.498.51351386796317851725461803790273870995,lat_centre,139.019,-28.391,-21.356,0.0992,0.806,1.2.826.0.1.3680043.8.498.61078123116515799289436614587381565293,33,3.3,1,True
1.2.826.0.1.3680043.8.498.51379389400506715529323532959275254794,lat_centre,91.745,25.505,-2.964,0.1167,1.589,1.2.826.0.1.3680043.8.498.12586060336129580978184404652291508740,30,3.3,1,True
1.2.826.0.1.3680043.8.498.51426696939581135481763379246368970360,lat_centre,-106.796,-10.424,-2.218,0.1041,1.559,1.2.826.0.1.3680043.8.498.11893732387470280974464876066930374509,35,3.3,1,True
1.2.826.0.1.3680043.8.498.51427159850769972151411336025891779423,lat_centre,99.58,-63.517,-10.473,0.097,1.249,1.2.826.0.1.3680043.8.498.63094491113418248873423400495222079906,19,4.4,1,True
1.2.826.0.1.3680043.8.498.51429653138043597611341459799295143598,lat_centre,102.82,51.638,-23.407,0.0944,1.454,1.2.826.0.1.3680043.8.498.41893701564203071924956241753684603962,27,4.5,1,True
1.2.826.0.1.3680043.8.498.51469564445249084310991187819410005207,lat_centre,-109.293,-42.471,-31.262,0.0902,0.871,1.2.826.0.1.3680043.8.498.48046382359222601170373103544558092755,36,3.3,1,True
1.2.826.0.1.3680043.8.498.51509214978951980397275258374070843967,lat_centre,-71.756,32.564,-55.161,0.1213,0.175,1.2.826.0.1.3680043.8.498.23510131396133648721219455894463817812,30,3.3,1,True
1.2.826.0.1.3680043.8.498.51536234256866063100891626028999490545,lat_centre,100.912,-31.805,-9.012,0.0857,0.744,1.2.826.0.1.3680043.8.498.10629661770316641317461336655263723609,25,3.3,1,True
1.2.826.0.1.3680043.8.498.51581188134109925758379838961317006116,lat_centre,-91.989,16.9,-56.956,0.1126,0.68,1.2.826.0.1.3680043.8.498.12555229871656573003790611958114203662,30,3.3,1,True
1.2.826.0.1.3680043.8.498.51676679394093588751371807453793655464,lat_centre,147.64,-90.834,-4.339,0.1147,2.432,1.2.826.0.1.3680043.8.498.17087572568976680796961277907076352062,20,5.4,1,True
1.2.826.0.1.3680043.8.498.51684117251092766010524179062007524257,lat_centre,139.194,-37.828,-20.595,0.0811,1.168,1.2.826.0.1.3680043.8.498.20120815116931082766720813121595457462,25,4.5,1,True
1.2.826.0.1.3680043.8.498.51752963441899958127321113249182970131,lat_centre,-106.611,0.358,-27.903,0.1126,0.681,1.2.826.0.1.3680043.8.498.27109511300870513478599334416793902253,30,3.3,1,True
1.2.826.0.1.3680043.8.498.51768733026033198941231586462443503827,lat_centre,99.805,-0.374,-2.616,0.1097,1.311,1.2.826.0.1.3680043.8.498.38683524561100870856992131429954837270,28,3.6,1,True
1.2.826.0.1.3680043.8.498.51770131897828080663537020812721042704,lat_centre,-115.172,-62.053,-40.547,0.1132,1.941,1.2.826.0.1.3680043.8.498.10297339405211309158790154832969666795,19,4.4,1,True
1.2.826.0.1.3680043.8.498.51782185934115000642557689300687723099,lat_centre,108.431,-41.539,-36.645,0.0949,0.544,1.2.826.0.1.3680043.8.498.12295330854999557416965800312449229662,32,3.3,1,True
1.2.826.0.1.3680043.8.498.51809092313496476873962641559638828608,lat_centre,124.493,-41.853,47.446,0.0769,0.904,1.2.826.0.1.3680043.8.498.97792130861152356581305415611223856460,24,4.156,1,True
1.2.826.0.1.3680043.8.498.51813125531970590883098432751115674643,lat_centre,-100.147,-16.116,-31.96,0.0807,0.973,1.2.826.0.1.3680043.8.498.51834862027969136549908662919997825661,29,3.6,1,True
1.2.826.0.1.3680043.8.498.51828180600648126726057100018010765613,lat_centre,-132.818,-57.808,-7.367,0.1099,0.891,1.2.826.0.1.3680043.8.498.11110280190794074816870685652896256970,31,3.3,1,True
1.2.826.0.1.3680043.8.498.51831304809871808790657397599860793132,lat_centre,-117.645,-32.405,4.795,0.0935,1.196,1.2.826.0.1.3680043.8.498.27120525976279974120093131465584320274,41,3.3,1,True
1.2.826.0.1.3680043.8.498.51837740845904075589194479205218060915,lat_centre,-133.255,-24.639,-16.869,0.108,0.953,1.2.826.0.1.3680043.8.498.77908976751506517835389114721137468067,20,4.5,1,True
1.2.826.0.1.3680043.8.498.51867133375333949773527521703402111601,lat_centre,141.89,-29.226,-25.78,0.1104,0.691,1.2.826.0.1.3680043.8.498.92596274271360052740944450586486135869,26,3.63,1,True
1.2.826.0.1.3680043.8.498.51886877282987244004912794726043055730,lat_centre,-140.055,-20.702,-80.969,0.0928,2.089,1.2.826.0.1.3680043.8.498.98095835738263965128456272884135583888,30,3.3,1,True
1.2.826.0.1.3680043.8.498.51910852739185117358682097116614556910,lat_centre,113.017,-39.419,-20.978,0.0737,0.888,1.2.826.0.1.3680043.8.498.46364007321003496788733093171197863059,30,3.3,1,True
1.2.826.0.1.3680043.8.498.51917043703891091519740084517167861965,lat_centre,142.972,-36.877,-15.527,0.1048,1.185,1.2.826.0.1.3680043.8.498.84140941802277057085205257908249476672,29,3.3,1,True
1.2.826.0.1.3680043.8.498.51970198810758997428998886534742243215,lat_centre,-89.258,-58.198,-17.473,0.1038,0.323,1.2.826.0.1.3680043.8.498.37198816986725739671224707965458300349,19,4.4,1,True
1.2.826.0.1.3680043.8.498.51981019698056120061499970572334688555,lat_centre,-88.572,-74.228,3.95,0.1073,0.593,1.2.826.0.1.3680043.8.498.90711336359096857125738813774713606772,19,4.4,1,True
1.2.826.0.1.3680043.8.498.51985313438970133264846259111827877590,lat_centre,-104.737,-45.46,-49.214,0.0993,0.601,1.2.826.0.1.3680043.8.498.59619053199215408145785582370200610303,38,3.3,1,True
1.2.826.0.1.3680043.8.498.52010165788889734743850946282043771445,lat_centre,-125.392,0.354,13.724,0.1066,0.867,1.2.826.0.1.3680043.8.498.11095602429036014567582281254248079977,48,2.2,1,True
1.2.826.0.1.3680043.8.498.52010826440192227660457107121818389761,lat_centre,142.949,-41.231,-20.589,0.0974,1.106,1.2.826.0.1.3680043.8.498.13015099961284133908038497370519303073,29,3.3,1,True
1.2.826.0.1.3680043.8.498.52046170319252016846878355722404423329,lat_centre,139.634,-29.966,-13.286,0.0927,0.563,1.2.826.0.1.3680043.8.498.99651601794886223011987800620676234138,35,3.3,1,True
1.2.826.0.1.3680043.8.498.52059522418267239652374290810994711032,lat_centre,-100.401,-30.906,-9.721,0.0933,0.463,1.2.826.0.1.3680043.8.498.81786487739787069798937386884134232379,32,2.875,1,True
1.2.826.0.1.3680043.8.498.52067134682915759489080529708019359378,lat_centre,87.074,-19.538,-24.971,0.0901,0.736,1.2.826.0.1.3680043.8.498.82706228920606688910957076947078093113,22,4.5,1,True
1.2.826.0.1.3680043.8.498.52098249444968803324423421624756966294,lat_centre,-121.249,-53.983,-25.726,0.1007,0.673,1.2.826.0.1.3680043.8.498.12416482268219306644386675076879779456,28,3.5,1,True
1.2.826.0.1.3680043.8.498.52110163572817528199125320120779141456,lat_centre,120.229,-45.05,-41.843,0.0921,1.55,1.2.826.0.1.3680043.8.498.11950258240993727331726428176943444043,34,3.3,1,True
1.2.826.0.1.3680043.8.498.52132258638267172087240021957310219977,lat_centre,-122.036,-60.787,-2.926,0.0982,0.917,1.2.826.0.1.3680043.8.498.84818849677404113446285675508135056295,27,3.408,1,True
1.2.826.0.1.3680043.8.498.52138967568492774495485454357106269286,lat_centre,-147.129,-41.095,-49.028,0.0977,0.503,1.2.826.0.1.3680043.8.498.10147248953663331628552894266420806404,30,3.3,1,True
1.2.826.0.1.3680043.8.498.52140911874747534807033188343849537207,lat_centre,-131.049,-47.84,12.612,0.0895,1.642,1.2.826.0.1.3680043.8.498.32244735476552362769384599297677868261,31,3.3,1,True
1.2.826.0.1.3680043.8.498.52204390785696944340286127542242341202,lat_centre,-136.599,-58.455,-19.506,0.0811,1.659,1.2.826.0.1.3680043.8.498.11721940801082625877550198010398791315,23,4.4,1,True
1.2.826.0.1.3680043.8.498.52330656126848153803758928167944040055,lat_centre,-135.507,-7.199,4.615,0.1101,1.802,1.2.826.0.1.3680043.8.498.42466334600991973904244828114141433819,40,3.3,1,True
1.2.826.0.1.3680043.8.498.52347547859131274836026480407333415929,lat_centre,103.336,-9.436,-9.621,0.1112,1.119,1.2.826.0.1.3680043.8.498.10708518326502733190262614248000307580,28,3.6,1,True
1.2.826.0.1.3680043.8.498.52390908285903728334239836699232920065,lat_centre,102.996,-5.616,-23.517,0.0845,1.343,1.2.826.0.1.3680043.8.498.61843133347052619406668335140042710104,33,3.3,1,True
1.2.826.0.1.3680043.8.498.52409113683924904563676007800283978062,lat_centre,88.415,17.828,-51.341,0.1437,0.645,1.2.826.0.1.3680043.8.498.12040973448820930694278836134910451792,26,4.72,1,True
1.2.826.0.1.3680043.8.498.52435631723314823200374985065756182593,lat_centre,113.126,-30.099,-9.168,0.0831,0.407,1.2.826.0.1.3680043.8.498.75754076204094506907182836586154087595,28,3.3,1,True
1.2.826.0.1.3680043.8.498.52437948508356178175558637950043479411,lat_centre,-62.124,-4.989,-32.794,0.0842,0.384,1.2.826.0.1.3680043.8.498.93971446402145750528436818391285511732,28,3.5,1,True
1.2.826.0.1.3680043.8.498.52456272643822591755257802747431239152,lat_centre,126.213,-48.795,-40.482,0.0942,2.002,1.2.826.0.1.3680043.8.498.83323328564104911658335475989003883277,21,4.158,1,True
1.2.826.0.1.3680043.8.498.52475562989926669452280424331791927661,lat_centre,-102.016,11.792,-7.831,0.1023,0.472,1.2.826.0.1.3680043.8.498.16055272254990291050106444123632517799,27,4.0,1,True
1.2.826.0.1.3680043.8.498.52499379042723926379822784411787551701,lat_centre,-112.503,-34.977,-21.618,0.0971,0.753,1.2.826.0.1.3680043.8.498.13141994106004736201294676204458259012,32,3.3,1,True
1.2.826.0.1.3680043.8.498.52520288400853832269613213204540385687,lat_centre,158.775,-50.337,16.611,0.1006,1.417,1.2.826.0.1.3680043.8.498.60087671561280943877275426426379291810,22,4.5,1,True
1.2.826.0.1.3680043.8.498.52558822670236188507569589448789513993,lat_centre,142.872,-18.529,-47.788,0.1008,0.589,1.2.826.0.1.3680043.8.498.10245798342150816157375713205944044130,31,3.3,1,True
1.2.826.0.1.3680043.8.498.52599302991259061057950834864441634066,lat_centre,-21.026,11.141,-10.946,0.1018,3.433,1.2.826.0.1.3680043.8.498.39469884521673892999946967839772615207,26,4.0,1,True
1.2.826.0.1.3680043.8.498.52636981391578580436180193211113340410,lat_centre,132.557,-30.179,-4.072,0.1002,1.467,1.2.826.0.1.3680043.8.498.42308675079270614437622063177767949057,29,3.3,1,True
1.2.826.0.1.3680043.8.498.52639459702574533721011212286428487650,lat_centre,-106.17,-2.577,-6.946,0.0884,0.409,1.2.826.0.1.3680043.8.498.11854336614911285190977202152660841370,33,3.0,1,True
1.2.826.0.1.3680043.8.498.52745530063404662086111315503240395535,lat_centre,-149.307,-32.186,-35.277,0.0981,0.796,1.2.826.0.1.3680043.8.498.99167880137217114161995231517127545439,21,5.363,1,True
1.2.826.0.1.3680043.8.498.52785983814702054185130109942936184688,lat_centre,105.632,-39.442,-21.55,0.0802,1.358,1.2.826.0.1.3680043.8.498.13141113525414454760438307942903137683,30,3.3,1,True
1.2.826.0.1.3680043.8.498.52844966504845792334740560021996858939,lat_centre,-108.762,-18.007,-31.462,0.1073,2.05,1.2.826.0.1.3680043.8.498.33505481496959745564562856997526083746,24,4.0,1,True
1.2.826.0.1.3680043.8.498.52846023545870016653608198538437574931,lat_centre,-106.014,-12.931,-18.283,0.0791,0.714,1.2.826.0.1.3680043.8.498.37485573813927669393227740920399862428,37,3.3,1,True
1.2.826.0.1.3680043.8.498.52846236545327527967419125989598675101,lat_centre,-124.83,-32.619,1.297,0.0774,1.371,1.2.826.0.1.3680043.8.498.89051172122271832128897566569996831827,22,4.616,1,True
1.2.826.0.1.3680043.8.498.52849154011665864497632297320961015159,lat_centre,-112.353,-60.88,-7.536,0.1028,1.893,1.2.826.0.1.3680043.8.498.56731146521001233816618117605694351339,23,5.0,1,True
1.2.826.0.1.3680043.8.498.52937412433120578046842194545406797236,lat_centre,143.179,-56.733,-23.225,0.0843,1.677,1.2.826.0.1.3680043.8.498.65601863785369359262761197393693572845,40,0.4,8,True
1.2.826.0.1.3680043.8.498.52985748674486376309978868177895755694,lat_centre,119.428,-2.073,13.431,0.0981,2.811,1.2.826.0.1.3680043.8.498.10039168824072025519905826717252750953,30,4.52,1,True
1.2.826.0.1.3680043.8.498.53025489296610571044246428509154950855,lat_centre,-104.628,-5.052,-16.197,0.097,0.933,1.2.826.0.1.3680043.8.498.95214721646826708158720693660974583961,33,3.3,1,True
1.2.826.0.1.3680043.8.498.53076472372145933727990308381815269368,lat_centre,-90.971,-7.452,13.31,0.1122,1.162,1.2.826.0.1.3680043.8.498.11461166773725605477234917500822489721,25,3.3,1,True
1.2.826.0.1.3680043.8.498.53078461307849490495536549806091931824,lat_centre,-117.023,-47.289,-29.454,0.1024,0.698,1.2.826.0.1.3680043.8.498.54043093137449909397253705485766891219,28,3.3,1,True
1.2.826.0.1.3680043.8.498.53080172184945962593713560671746700445,lat_centre,109.401,-50.769,-7.516,0.0717,0.904,1.2.826.0.1.3680043.8.498.56155619375622351100515831265656314330,36,3.3,1,True
1.2.826.0.1.3680043.8.498.53094450151502907325041400000717725711,lat_centre,144.899,-36.149,-9.842,0.1028,1.462,1.2.826.0.1.3680043.8.498.11959360677387766153956951509499371016,29,3.3,1,True
1.2.826.0.1.3680043.8.498.53114802640679819441521055029024037716,lat_centre,129.727,-6.546,-30.35,0.0935,1.686,1.2.826.0.1.3680043.8.498.99443560322258010462035409941255569419,24,4.5,1,True
1.2.826.0.1.3680043.8.498.53131430415327479511358970615140982847,lat_centre,-106.866,-10.399,-3.324,0.1001,0.74,1.2.826.0.1.3680043.8.498.83650928046348381589047461742325185265,36,3.0,1,True
1.2.826.0.1.3680043.8.498.53137953094305471774552883960361922832,lat_centre,-133.519,-43.069,-24.887,0.0958,1.038,1.2.826.0.1.3680043.8.498.79107412395832978543532528279116678714,29,3.3,1,True
1.2.826.0.1.3680043.8.498.53156118232564605912649705207438612782,lat_centre,-137.904,-18.74,-30.697,0.088,0.708,1.2.826.0.1.3680043.8.498.12943015691179584767636480920749398878,40,3.3,1,True
1.2.826.0.1.3680043.8.498.53173579822475854424126184867040523127,lat_centre,134.171,-6.776,24.407,0.0787,1.199,1.2.826.0.1.3680043.8.498.60065996902544749138600770524386451240,24,3.3,1,True
1.2.826.0.1.3680043.8.498.53174810138171412044410050984734412146,lat_centre,-109.897,-32.599,-22.592,0.0882,0.891,1.2.826.0.1.3680043.8.498.86933529573392632516575863771248775592,36,3.5,1,True
1.2.826.0.1.3680043.8.498.53221818460567216467597044606040911702,lat_centre,-105.832,-11.458,2.298,0.1092,0.644,1.2.826.0.1.3680043.8.498.96012497362755706060050397587510039135,30,3.0,1,True
1.2.826.0.1.3680043.8.498.53262958748075737242820629127001253146,lat_centre,123.158,4.263,3.124,0.0994,0.539,1.2.826.0.1.3680043.8.498.10050717991446997908905340020744994412,48,2.2,1,True
1.2.826.0.1.3680043.8.498.53271710112621372496324855809391580130,lat_centre,110.118,-20.118,-5.019,0.0889,0.467,1.2.826.0.1.3680043.8.498.10807407389534589430771334753698607480,32,3.3,1,True
1.2.826.0.1.3680043.8.498.53331626867618182966740022261110760133,lat_centre,-25.92,8.377,-24.997,0.077,1.066,1.2.826.0.1.3680043.8.498.67377713619104366528757124137570016916,26,4.0,1,True
1.2.826.0.1.3680043.8.498.53337684515627962545396495541158882262,lat_centre,-95.71,6.056,-27.415,0.1009,1.605,1.2.826.0.1.3680043.8.498.95849797983906783380050620313365560540,27,4.0,1,True
1.2.826.0.1.3680043.8.498.53343379040681745197301575417064236501,lat_centre,-94.515,14.112,-15.829,0.11,1.097,1.2.826.0.1.3680043.8.498.59069276104539541189284932869046710851,30,3.3,1,True
1.2.826.0.1.3680043.8.498.53355961816756477601843499985089590263,lat_centre,-116.016,-14.919,-24.086,0.0874,0.547,1.2.826.0.1.3680043.8.498.12979136123941104523472023603848418037,32,3.51,1,True
1.2.826.0.1.3680043.8.498.53361558447470435467999344560545063264,lat_centre,-130.345,-40.017,-28.158,0.0948,1.42,1.2.826.0.1.3680043.8.498.45491399465874954807009310210511620824,31,3.3,1,True
1.2.826.0.1.3680043.8.498.53370670740736715669115043403494610200,lat_centre,104.977,-14.172,-24.123,0.1195,1.578,1.2.826.0.1.3680043.8.498.58702908600035342286287428107054223324,33,3.3,1,True
1.2.826.0.1.3680043.8.498.53393741562201846141435914434030220216,lat_centre,140.264,-38.391,-10.824,0.0729,0.745,1.2.826.0.1.3680043.8.498.10789155880195718818121806715435815351,35,3.3,1,True
1.2.826.0.1.3680043.8.498.53408696789721413873026963095773050643,lat_centre,-114.92,-81.718,0.524,0.1232,1.903,1.2.826.0.1.3680043.8.498.11118297805637888582992470016030200846,19,4.4,1,True
1.2.826.0.1.3680043.8.498.53490080963614272234072703760363052476,lat_centre,-137.384,-32.373,-29.832,0.0962,1.387,1.2.826.0.1.3680043.8.498.36145710216257536190943014592207935896,30,3.3,1,True
1.2.826.0.1.3680043.8.498.53528011450161116437223332448942321596,lat_centre,-94.904,-8.377,-22.874,0.0876,1.463,1.2.826.0.1.3680043.8.498.73670800841106517459705649137434571264,33,3.3,1,True
1.2.826.0.1.3680043.8.498.53579416035647672067965892020505016454,lat_centre,124.569,-35.208,-19.334,0.0913,1.644,1.2.826.0.1.3680043.8.498.12048301747054909330209652545433803322,26,3.3,1,True
1.2.826.0.1.3680043.8.498.53587920256280027683523152568832253423,lat_centre,103.909,-25.421,-9.022,0.0796,0.498,1.2.826.0.1.3680043.8.498.27211273684520777651232861760249295372,36,3.3,1,True
1.2.826.0.1.3680043.8.498.53628897373416863107623485630264501760,lat_centre,-86.813,-37.227,-17.069,0.0847,1.73,1.2.826.0.1.3680043.8.498.87452799272932473646208614256848400410,31,3.3,1,True
1.2.826.0.1.3680043.8.498.53649895712172408476570770924813501118,lat_centre,-17.464,3.195,-5.323,0.0818,0.82,1.2.826.0.1.3680043.8.498.13153176526338194713356610523565156051,26,4.1,1,True
1.2.826.0.1.3680043.8.498.53737349894831365159124471910871800583,lat_centre,-138.224,-30.737,-14.81,0.1145,0.4,1.2.826.0.1.3680043.8.498.99129326571628952254650798362504553371,30,3.3,1,True
1.2.826.0.1.3680043.8.498.53745429232602455103594227782517963027,lat_centre,-143.494,-22.926,-27.841,0.1047,1.259,1.2.826.0.1.3680043.8.498.65422926114492082671173500168043959924,34,3.3,1,True
1.2.826.0.1.3680043.8.498.53792159922324410857755054939229546555,lat_centre,-133.344,-44.313,3.259,0.0856,0.768,1.2.826.0.1.3680043.8.498.11309993371646943970624784857279720880,22,4.368,1,True
1.2.826.0.1.3680043.8.498.53797236075631231042400235117445767744,lat_centre,89.92,-12.039,-17.783,0.1083,1.187,1.2.826.0.1.3680043.8.498.15089327665133691289446302818579253170,34,3.0,1,True
1.2.826.0.1.3680043.8.498.53884715696186989798696544661396487883,lat_centre,129.067,-44.8,-3.638,0.0917,0.968,1.2.826.0.1.3680043.8.498.48362575398967737968513280612934224018,38,2.75,1,True
1.2.826.0.1.3680043.8.498.53893586200869613140666806653041177558,lat_centre,-110.276,-10.914,12.366,0.1213,1.084,1.2.826.0.1.3680043.8.498.11062063881300773140600251441362629614,20,4.876,1,True
1.2.826.0.1.3680043.8.498.53901077733518036755308692304268815965,lat_centre,-110.478,-18.801,15.523,0.1098,0.908,1.2.826.0.1.3680043.8.498.27706960862546627780791178076944673197,34,3.0,1,True
1.2.826.0.1.3680043.8.498.53963759852017695930808272438606800422,lat_centre,-116.451,-30.29,-8.982,0.0669,1.592,1.2.826.0.1.3680043.8.498.97188670163617692947868485591502416737,36,3.3,1,True
1.2.826.0.1.3680043.8.498.53968943793571323467397128102531786394,lat_centre,106.81,9.822,-34.086,0.1206,1.717,1.2.826.0.1.3680043.8.498.10424403934395193990802901266410553544,32,3.3,1,True
1.2.826.0.1.3680043.8.498.54000782656400326230944526201670909133,lat_centre,119.893,-12.465,15.42,0.1315,1.987,1.2.826.0.1.3680043.8.498.59255203128130338302324055167279316072,26,4.4,1,True
1.2.826.0.1.3680043.8.498.54030363830629950591221870797594277092,lat_centre,145.545,-36.07,-21.94,0.0985,0.902,1.2.826.0.1.3680043.8.498.82366608131282271044299469149685051883,29,3.3,1,True
1.2.826.0.1.3680043.8.498.54049224487950229496345484554581532711,lat_centre,116.308,-6.857,-49.04,0.0957,0.703,1.2.826.0.1.3680043.8.498.23675788620906555960395439801935368105,29,3.3,1,True
1.2.826.0.1.3680043.8.498.54099199514076260519579096546600505763,lat_centre,135.817,-31.07,-30.346,0.1052,1.78,1.2.826.0.1.3680043.8.498.63229790897893044249093341382414944224,30,3.5,1,True
1.2.826.0.1.3680043.8.498.54100786607660749952814251186461344633,lat_centre,146.181,-65.481,-7.131,0.0837,0.942,1.2.826.0.1.3680043.8.498.27535556969074131662602286712164913788,25,4.5,1,True
1.2.826.0.1.3680043.8.498.54101830029742852876183926998159899424,lat_centre,-104.276,-9.259,16.764,0.1014,0.899,1.2.826.0.1.3680043.8.498.24658334147171636611246860888540992546,41,2.2,1,True
1.2.826.0.1.3680043.8.498.54132814503202891434380002378663763655,lat_centre,-104.174,66.244,-89.107,0.0715,1.251,1.2.826.0.1.3680043.8.498.78296454656977393877367317082779192298,34,3.3,1,True
1.2.826.0.1.3680043.8.498.54138747504377266740838999528964336002,lat_centre,103.973,-52.698,-41.186,0.0975,0.666,1.2.826.0.1.3680043.8.498.59810640292708757714261450814133744148,29,3.3,1,True
1.2.826.0.1.3680043.8.498.54142170846176833568961426171739782214,lat_centre,-102.989,-47.658,19.911,0.0901,1.154,1.2.826.0.1.3680043.8.498.13168732336509505360337383540379830090,19,4.8,1,True
1.2.826.0.1.3680043.8.498.54164004416963296439322252627774426375,lat_centre,-32.25,-0.621,-32.687,0.1085,1.771,1.2.826.0.1.3680043.8.498.44747523050965926110995437822639324135,29,3.45,1,True
1.2.826.0.1.3680043.8.498.54202117421897784469771192940597638508,lat_centre,124.711,-58.159,25.672,0.0947,0.686,1.2.826.0.1.3680043.8.498.15032128807527060399238510110268177919,22,4.349,1,True
1.2.826.0.1.3680043.8.498.54270039578867689669466339980682684126,lat_centre,-92.88,-4.606,-23.694,0.0918,0.52,1.2.826.0.1.3680043.8.498.16088537310685163077290193301237919690,30,3.3,1,True
1.2.826.0.1.3680043.8.498.54280954106925918796002359856408530043,lat_centre,-121.782,33.224,4.826,0.1102,2.248,1.2.826.0.1.3680043.8.498.68245053936255625510282075700570844621,20,5.0,1,True
1.2.826.0.1.3680043.8.498.54306467780023777062920737767581126383,lat_centre,99.518,12.73,-15.427,0.1037,0.526,1.2.826.0.1.3680043.8.498.46961299081206110017595760703229529532,24,4.0,1,True
1.2.826.0.1.3680043.8.498.54316764984549863227549326352573342232,lat_centre,-148.19,-15.084,-25.819,0.0931,1.108,1.2.826.0.1.3680043.8.498.75389948702867130690479369550822273580,36,0.65,5,True
1.2.826.0.1.3680043.8.498.54336962625483046366337626878609850219,lat_centre,-102.27,-17.79,-11.857,0.0941,1.15,1.2.826.0.1.3680043.8.498.55213070625394167782041001688675002393,32,3.0,1,True
1.2.826.0.1.3680043.8.498.54374735423703474541190464716308417985,lat_centre,148.203,-28.997,-23.964,0.0871,1.505,1.2.826.0.1.3680043.8.498.79721747810511567405106660492095420673,35,3.3,1,True
1.2.826.0.1.3680043.8.498.54394066317295451515247748115888976860,lat_centre,-29.886,8.768,-49.068,0.0814,1.222,1.2.826.0.1.3680043.8.498.73344357225258507693968917283944848599,24,3.9,1,True
1.2.826.0.1.3680043.8.498.54427039222108917725902677899081931510,lat_centre,125.042,-39.234,-1.218,0.0881,1.654,1.2.826.0.1.3680043.8.498.75390850793130246399522147558085343358,27,4.156,1,True
1.2.826.0.1.3680043.8.498.54448516923758211534546401490623824012,lat_centre,-140.864,-10.021,-5.195,0.0933,0.862,1.2.826.0.1.3680043.8.498.11888706160097250105897088149797666413,32,3.3,1,True
1.2.826.0.1.3680043.8.498.54451515695681765924346479727204451807,lat_centre,117.324,-44.534,21.639,0.082,1.143,1.2.826.0.1.3680043.8.498.24897746737059929082176799139016508696,19,4.5,1,True
1.2.826.0.1.3680043.8.498.54482848766921329667469114743547203929,lat_centre,29.618,14.28,-32.844,0.0985,1.041,1.2.826.0.1.3680043.8.498.16899123316756782260037079782036205955,26,4.0,1,True
1.2.826.0.1.3680043.8.498.54483132338261866032495309977418409299,lat_centre,-106.814,-40.214,-36.601,0.0697,0.721,1.2.826.0.1.3680043.8.498.11062384518502533539225806211330045508,30,3.5,1,True
1.2.826.0.1.3680043.8.498.54539703415639765348239790227512479583,lat_centre,128.267,-50.142,-22.018,0.0995,1.517,1.2.826.0.1.3680043.8.498.86413821224936741428149115251333046119,27,3.9,1,True
1.2.826.0.1.3680043.8.498.54589880111295324708950851057241927191,lat_centre,-121.561,-8.715,-5.624,0.0917,0.434,1.2.826.0.1.3680043.8.498.70398704453593468773940773371820431926,47,2.2,1,True
1.2.826.0.1.3680043.8.498.54619696938940618755334224550745735815,lat_centre,143.897,-6.94,-18.621,0.0843,0.751,1.2.826.0.1.3680043.8.498.37466598295784637752205787882515255036,30,3.3,1,True
1.2.826.0.1.3680043.8.498.54628782412849994943720963251113534589,lat_centre,129.939,-30.541,-38.066,0.1022,0.918,1.2.826.0.1.3680043.8.498.62507701878511014477591146451592573100,35,3.3,1,True
1.2.826.0.1.3680043.8.498.54662745951809363774369202018332309887,lat_centre,111.192,-2.173,-39.162,0.0768,1.515,1.2.826.0.1.3680043.8.498.21502512122415471154132396810696495728,36,0.89,4,True
1.2.826.0.1.3680043.8.498.54669065204808162914386927559244866557,lat_centre,104.659,2.993,-19.316,0.0809,1.01,1.2.826.0.1.3680043.8.498.66021965095691735877088024010462110349,35,3.0,1,True
1.2.826.0.1.3680043.8.498.54689086194769265957947122616025330642,lat_centre,-102.874,-5.454,-28.097,0.126,1.641,1.2.826.0.1.3680043.8.498.26318909352232978055329845423922399755,24,4.0,1,True
1.2.826.0.1.3680043.8.498.54693572065777563403567480644050627025,lat_centre,-70.024,-36.489,-31.726,0.0897,0.907,1.2.826.0.1.3680043.8.498.10357000764739340775810582686235984355,30,3.3,1,True
1.2.826.0.1.3680043.8.498.54699196872730350880681018674893216245,lat_centre,134.642,-34.147,-9.811,0.0917,0.692,1.2.826.0.1.3680043.8.498.85893952380944272627508776194716336520,29,3.3,1,True
1.2.826.0.1.3680043.8.498.54711709751232783991855540573189433446,lat_centre,97.832,-13.126,-18.513,0.1117,1.524,1.2.826.0.1.3680043.8.498.67034536979712006156021320554996610044,33,3.3,1,True
1.2.826.0.1.3680043.8.498.54755249425443469939742671497042113665,lat_centre,-140.958,-46.079,-17.259,0.125,1.272,1.2.826.0.1.3680043.8.498.10460750967890626240281590186349431211,29,3.3,1,True
1.2.826.0.1.3680043.8.498.54761306437713414745748829128854749469,lat_centre,-118.849,-1.577,-23.473,0.1026,1.132,1.2.826.0.1.3680043.8.498.10271572304980795272630404717704617248,48,2.2,1,True
1.2.826.0.1.3680043.8.498.54792838438079861454532183998999249213,lat_centre,143.578,-35.174,-18.192,0.1103,1.973,1.2.826.0.1.3680043.8.498.53782289927457682890211035001030975281,29,3.3,1,True
1.2.826.0.1.3680043.8.498.54833384793167149128371137537527194757,lat_centre,97.375,8.628,-8.005,0.1141,0.957,1.2.826.0.1.3680043.8.498.17334613890939171994206342725240057996,24,3.9,1,True
1.2.826.0.1.3680043.8.498.54866613282412053616997257524944654864,lat_centre,-117.512,-33.64,-42.513,0.0892,0.849,1.2.826.0.1.3680043.8.498.56348451488149421872579793160641955812,30,3.3,1,True
1.2.826.0.1.3680043.8.498.54977581323931277817074741182670080450,lat_centre,100.269,-3.738,-13.98,0.0979,2.209,1.2.826.0.1.3680043.8.498.80377175672460372451948006708970551356,35,3.0,1,True
1.2.826.0.1.3680043.8.498.55008913229055942530957507434366806883,lat_centre,-109.75,-4.554,-47.167,0.0876,1.106,1.2.826.0.1.3680043.8.498.59620363646858852621503690852998100728,33,3.3,1,True
1.2.826.0.1.3680043.8.498.55015061060346597564205577461227720715,lat_centre,-130.12,-7.55,-19.127,0.0677,1.165,1.2.826.0.1.3680043.8.498.11373042917592221482230445052927276953,30,3.51,1,True
1.2.826.0.1.3680043.8.498.55022631713888448062201243978634363406,lat_centre,103.927,8.169,-7.985,0.1266,1.499,1.2.826.0.1.3680043.8.498.68390584919630341246382655832014279440,23,4.8,1,True
1.2.826.0.1.3680043.8.498.55061039227197546099231336400032878562,lat_centre,-113.011,-7.909,-28.659,0.107,0.623,1.2.826.0.1.3680043.8.498.27880980106461599712562949123367235748,31,3.6,1,True
1.2.826.0.1.3680043.8.498.55065105486648830377200570585789726800,lat_centre,126.999,43.876,144.671,0.0766,1.125,1.2.826.0.1.3680043.8.498.81346662939160329156906033503019675356,35,3.3,1,True
1.2.826.0.1.3680043.8.498.55067956175569778132589128971795053431,lat_centre,-101.99,-56.759,8.646,0.0713,0.684,1.2.826.0.1.3680043.8.498.91768480914830996184247683674201344883,33,3.3,1,True
1.2.826.0.1.3680043.8.498.55105303802677863700162285680213496441,lat_centre,-131.967,-39.805,-11.507,0.0895,0.604,1.2.826.0.1.3680043.8.498.51390757088418884133105790265386751082,30,3.3,1,True
1.2.826.0.1.3680043.8.498.55183153701332792661581741475876132309,lat_centre,-98.957,-21.199,-26.645,0.0815,0.449,1.2.826.0.1.3680043.8.498.13278841317503958516247817040053887575,31,3.3,1,True
1.2.826.0.1.3680043.8.498.55202459816190607876303419067810637245,lat_centre,131.211,-9.812,-18.424,0.0941,0.486,1.2.826.0.1.3680043.8.498.65379016147668110627980166508913557168,20,4.5,1,True
1.2.826.0.1.3680043.8.498.55300053252365037422745072128951402593,lat_centre,141.779,-53.82,39.072,0.1025,0.522,1.2.826.0.1.3680043.8.498.12307369211638356472792314278156355146,22,4.5,1,True
1.2.826.0.1.3680043.8.498.55332521421041708438748125666498042763,lat_centre,130.867,-37.431,17.429,0.0691,1.735,1.2.826.0.1.3680043.8.498.98843113726131209481243612206097637986,20,4.5,1,True
1.2.826.0.1.3680043.8.498.55344075316305815718253234447285669886,lat_centre,-140.031,-42.252,8.721,0.1132,1.813,1.2.826.0.1.3680043.8.498.97966351191853976799288431535751454215,25,3.773,1,True
1.2.826.0.1.3680043.8.498.55344353927048912237233441917779875587,lat_centre,-138.998,-40.461,-35.052,0.0748,0.415,1.2.826.0.1.3680043.8.498.10651889650079784026044753343456345122,40,0.4,8,True
1.2.826.0.1.3680043.8.498.55346033326903331672579723063380636237,lat_centre,130.845,-36.383,8.542,0.1101,1.34,1.2.826.0.1.3680043.8.498.81226349878641456467506609393529462840,24,4.156,1,True
1.2.826.0.1.3680043.8.498.55397602116058381866334455456729470963,lat_centre,-84.548,-23.049,-5.36,0.1044,0.556,1.2.826.0.1.3680043.8.498.96221785098194152692388582074336677957,40,3.3,1,True
1.2.826.0.1.3680043.8.498.55415479446253262335685494509470808516,lat_centre,26.235,-27.048,-54.151,0.1204,1.653,1.2.826.0.1.3680043.8.498.10939888829690263065288909185556342048,24,3.9,1,True
1.2.826.0.1.3680043.8.498.55461938012492393262172182405932212246,lat_centre,-104.141,-19.346,-22.342,0.1101,1.447,1.2.826.0.1.3680043.8.498.48114332935259415387216870376142715428,34,3.0,1,True
1.2.826.0.1.3680043.8.498.55583505147281684100202399148099429721,lat_centre,126.549,-40.402,-11.886,0.0971,1.002,1.2.826.0.1.3680043.8.498.49439582244962016660591612867758346527,20,4.5,1,True
1.2.826.0.1.3680043.8.498.55586358833903787781826406120068237870,lat_centre,-120.801,-61.673,-22.886,0.0988,0.868,1.2.826.0.1.3680043.8.498.35869994756981268206144609366370621803,25,3.492,1,True
1.2.826.0.1.3680043.8.498.55653770127824574123236841437998533498,lat_centre,-140.589,-28.693,-15.245,0.1116,1.14,1.2.826.0.1.3680043.8.498.91333643382892182690258494899824414661,20,4.5,1,True
1.2.826.0.1.3680043.8.498.55687452977471862155042703116192295932,lat_centre,99.177,-8.534,-8.412,0.1056,1.151,1.2.826.0.1.3680043.8.498.76734730971099860385096120548078587364,33,3.3,1,True
1.2.826.0.1.3680043.8.498.55700532609077428304194916132759352518,lat_centre,-103.526,-9.957,-15.478,0.0928,1.658,1.2.826.0.1.3680043.8.498.11242247753787661254625529596911197353,29,3.6,1,True
1.2.826.0.1.3680043.8.498.55713753582074871470943388423906540792,lat_centre,-125.566,-34.059,48.684,0.0792,0.786,1.2.826.0.1.3680043.8.498.11849270787566055731638885222772988171,29,3.3,1,True
1.2.826.0.1.3680043.8.498.55729193057949125029301812320609764642,lat_centre,117.731,1.683,-2.154,0.082,0.697,1.2.826.0.1.3680043.8.498.11433055243773264810574052103223007278,33,3.3,1,True
1.2.826.0.1.3680043.8.498.55771181380353653474896884649540028856,lat_centre,-118.819,-44.271,25.15,0.0806,1.133,1.2.826.0.1.3680043.8.498.86517327493008829773070508841390446019,31,3.3,1,True
1.2.826.0.1.3680043.8.498.55808772152667135571939417929724526296,lat_centre,137.235,-59.069,9.437,0.0992,0.824,1.2.826.0.1.3680043.8.498.36391342583835277672952535296113396361,33,3.3,1,True
1.2.826.0.1.3680043.8.498.55850385284038070407841702672827533728,lat_centre,144.716,27.482,-49.098,0.083,1.438,1.2.826.0.1.3680043.8.498.32761503151252955560211310295181588965,28,4.5,1,True
1.2.826.0.1.3680043.8.498.55856308312040330141050707531982127791,lat_centre,97.555,-6.608,-2.066,0.1085,1.443,1.2.826.0.1.3680043.8.498.12039014105839466132942477281364846329,24,3.3,1,True
1.2.826.0.1.3680043.8.498.55861544093014499478739864837675161978,lat_centre,94.704,-42.989,-8.944,0.0866,0.517,1.2.826.0.1.3680043.8.498.79056741344306722263101991941557723481,38,3.3,1,True
1.2.826.0.1.3680043.8.498.55887747667305814945719986974538814207,lat_centre,-114.632,-25.211,-29.754,0.1093,1.278,1.2.826.0.1.3680043.8.498.12005824102527648090715982218157809246,30,3.3,1,True
1.2.826.0.1.3680043.8.498.55927741980493661714408715886641034285,lat_centre,-75.076,3.668,-25.986,0.1013,0.341,1.2.826.0.1.3680043.8.498.11988739023333904965614910854383285076,30,3.3,1,True
1.2.826.0.1.3680043.8.498.55930031395651221279170435293900769500,lat_centre,-108.111,-25.151,-6.342,0.0928,1.318,1.2.826.0.1.3680043.8.498.56537216409438351368489711785653711807,35,3.3,1,True
1.2.826.0.1.3680043.8.498.55971152627433130850649668964887611410,lat_centre,-118.436,-52.835,18.447,0.1085,2.237,1.2.826.0.1.3680043.8.498.29700196530661354213486580293230726907,36,3.3,1,True
1.2.826.0.1.3680043.8.498.55971241672517044174019654998425819738,lat_centre,-120.62,-26.51,8.04,0.0765,1.097,1.2.826.0.1.3680043.8.498.44798788944504257648622140292100736017,34,3.6,1,True
1.2.826.0.1.3680043.8.498.55991293001848799160041967098772087659,lat_centre,-109.76,-28.392,13.884,0.0524,2.746,1.2.826.0.1.3680043.8.498.12567936056370153554576799161164890908,29,3.6,1,True
1.2.826.0.1.3680043.8.498.56016606949603829995818303105991224499,lat_centre,117.245,-42.377,-48.111,0.0752,1.682,1.2.826.0.1.3680043.8.498.10215425136918705663399826558215215382,38,3.3,1,True
1.2.826.0.1.3680043.8.498.56045687004558569005240775213510192805,lat_centre,-120.016,-54.661,-8.811,0.0941,0.73,1.2.826.0.1.3680043.8.498.85581931119233519691858741252546559323,30,3.3,1,True
1.2.826.0.1.3680043.8.498.56054334296747411394367010227992359191,lat_centre,104.529,-30.397,-20.221,0.0907,0.977,1.2.826.0.1.3680043.8.498.90882956097461595909996473169055546253,36,3.3,1,True
1.2.826.0.1.3680043.8.498.56061505201159269536816810086342635391,lat_centre,129.209,-37.571,-25.257,0.1166,0.486,1.2.826.0.1.3680043.8.498.28189672067719664601715768200522941923,25,3.3,1,True
1.2.826.0.1.3680043.8.498.56091473614612257999053529249190958828,lat_centre,-97.515,-18.292,-6.461,0.1217,1.849,1.2.826.0.1.3680043.8.498.81407765259791515212216812108481715631,21,4.5,1,True
1.2.826.0.1.3680043.8.498.56146582420561901778012523946835033628,lat_centre,98.482,-12.018,13.689,0.106,1.086,1.2.826.0.1.3680043.8.498.69735853369070599349916138364640961733,33,3.3,1,True
1.2.826.0.1.3680043.8.498.56156923369480999484275191793049573490,lat_centre,-78.402,-29.742,-9.847,0.1,1.475,1.2.826.0.1.3680043.8.498.67164751526366567364256619831235589565,36,3.0,1,True
1.2.826.0.1.3680043.8.498.56170570792418244380186761574367557535,lat_centre,-146.404,-14.941,-4.658,0.0995,0.667,1.2.826.0.1.3680043.8.498.48776634137764181577807734452397176318,40,3.3,1,True
1.2.826.0.1.3680043.8.498.56188634971310070481285525830793231849,lat_centre,139.921,-11.596,-3.043,0.0894,0.92,1.2.826.0.1.3680043.8.498.55795007966187408596366271748156382386,20,4.953,1,True
1.2.826.0.1.3680043.8.498.56216873861595017403772627709751840588,lat_centre,-94.019,-26.118,-36.783,0.1187,0.442,1.2.826.0.1.3680043.8.498.96576937850076383955082858439253719898,28,3.6,1,True
1.2.826.0.1.3680043.8.498.56266280744044680626884459696038109616,lat_centre,-114.15,80.094,25.655,0.0825,1.681,1.2.826.0.1.3680043.8.498.40741152159324685053280838683945409337,33,3.3,1,True
1.2.826.0.1.3680043.8.498.56269695574661037525483516531194514456,lat_centre,113.434,-19.034,-28.733,0.103,1.403,1.2.826.0.1.3680043.8.498.23532154834739061161839143937140291276,34,3.0,1,True
1.2.826.0.1.3680043.8.498.56305445410093481072159375249067050124,lat_centre,-83.853,-49.359,-41.073,0.0658,2.916,1.2.826.0.1.3680043.8.498.59884829160900982229461198989581694505,19,5.0,1,True
1.2.826.0.1.3680043.8.498.56385473079196655120993854770623075553,lat_centre,106.353,-17.937,3.702,0.0921,1.536,1.2.826.0.1.3680043.8.498.11611380071666893601563322094429653848,36,3.3,1,True
1.2.826.0.1.3680043.8.498.56428314239264997930645427543149285770,lat_centre,103.774,-4.399,-1.188,0.0936,1.635,1.2.826.0.1.3680043.8.498.24171037547676590029815734522908504035,32,3.0,1,True
1.2.826.0.1.3680043.8.498.56474364950531483257947155855279443851,lat_centre,110.792,-15.105,-15.835,0.0807,0.918,1.2.826.0.1.3680043.8.498.10201315045472865274359404567701425059,36,3.3,1,True
1.2.826.0.1.3680043.8.498.56497268548664917337130798701015887461,lat_centre,-97.317,-24.842,4.494,0.0827,1.006,1.2.826.0.1.3680043.8.498.72580628806359217317695776871533064141,35,3.3,1,True
1.2.826.0.1.3680043.8.498.56506415277488978301157490514745400410,lat_centre,-97.601,-31.509,-27.954,0.0739,0.825,1.2.826.0.1.3680043.8.498.28408613348127900994178136407542084256,32,3.3,1,True
1.2.826.0.1.3680043.8.498.56512564464301544960446419143135447363,lat_centre,-111.707,7.304,-18.645,0.1228,1.057,1.2.826.0.1.3680043.8.498.82186342010103351687900684476818686965,24,4.0,1,True
1.2.826.0.1.3680043.8.498.56513276339820682030546599321915304265,lat_centre,-131.931,-39.557,-34.33,0.0599,0.559,1.2.826.0.1.3680043.8.498.11536308376305959332887875236196869484,30,3.3,1,True
1.2.826.0.1.3680043.8.498.56564801707939049324472369774251260607,lat_centre,-128.109,-38.056,-11.573,0.108,1.738,1.2.826.0.1.3680043.8.498.11504200242638161995527365372579991333,20,5.297,1,True
1.2.826.0.1.3680043.8.498.56575942633137496743464648679775042979,lat_centre,-95.542,-5.457,-60.836,0.0821,1.782,1.2.826.0.1.3680043.8.498.26503815104360800716291148508955030635,38,3.3,1,True
1.2.826.0.1.3680043.8.498.56628956454784173189908113425348977923,lat_centre,-74.74,10.7,-42.79,0.1086,1.577,1.2.826.0.1.3680043.8.498.39707874634423311118295292945727854926,30,3.3,1,True
1.2.826.0.1.3680043.8.498.56686055146646210144964207684044815006,lat_centre,-111.29,-27.062,1.784,0.0882,0.884,1.2.826.0.1.3680043.8.498.10727378916523855718297602296628076337,34,2.875,1,True
1.2.826.0.1.3680043.8.498.56715311294415711253166312546942356882,lat_centre,105.417,-9.055,-25.473,0.0848,0.653,1.2.826.0.1.3680043.8.498.11237417460819573480117289441316822766,32,3.3,1,True
1.2.826.0.1.3680043.8.498.56751453017492477106384704540803963879,lat_centre,79.065,-16.035,20.358,0.0796,2.227,1.2.826.0.1.3680043.8.498.10703333239679204984910137095550721580,36,0.89,4,True
1.2.826.0.1.3680043.8.498.56762592839620371588520593573846414860,lat_centre,-138.463,-45.245,-9.435,0.1122,0.922,1.2.826.0.1.3680043.8.498.98129622460894334389266520383126182831,29,3.3,1,True
1.2.826.0.1.3680043.8.498.56786556618312090924315296993756843070,lat_centre,-109.586,-27.671,-46.447,0.0727,1.821,1.2.826.0.1.3680043.8.498.49676844442758217441794514786654499115,28,3.6,1,True
1.2.826.0.1.3680043.8.498.56796622077427019119540733986070534126,lat_centre,-116.884,-45.022,-42.237,0.1004,0.751,1.2.826.0.1.3680043.8.498.15819786718901945127437930378042676491,30,3.5,1,True
1.2.826.0.1.3680043.8.498.56798070549054124854685511360777559033,lat_centre,117.548,-14.878,-54.813,0.1062,1.032,1.2.826.0.1.3680043.8.498.84441528512842963388865829393405532778,35,3.0,1,True
1.2.826.0.1.3680043.8.498.56814987912934301686833132930648230999,lat_centre,33.422,2.524,-28.29,0.1059,0.892,1.2.826.0.1.3680043.8.498.10787000763715901565663027618994946084,19,4.4,1,True
1.2.826.0.1.3680043.8.498.56839374698050163738039760889156066445,lat_centre,112.841,9.35,-16.783,0.1002,1.763,1.2.826.0.1.3680043.8.498.86737986652358173105378075127122665109,26,4.52,1,True
1.2.826.0.1.3680043.8.498.56880070152758706555016296832842012883,lat_centre,-130.082,-41.414,-3.673,0.0812,1.535,1.2.826.0.1.3680043.8.498.11966647046879457850894653166022821632,33,3.9,1,True
1.2.826.0.1.3680043.8.498.56882015310689536014061315110969323429,lat_centre,-67.006,-38.038,-38.191,0.097,0.751,1.2.826.0.1.3680043.8.498.72186346920713045706416802185452369181,26,3.6,1,True
1.2.826.0.1.3680043.8.498.56893426177755960410197244250599230068,lat_centre,140.01,-35.338,-12.703,0.0944,0.848,1.2.826.0.1.3680043.8.498.12803798876611443537134123459680989921,30,3.5,1,True
1.2.826.0.1.3680043.8.498.56894990686683651282564584582335346350,lat_centre,-142.574,-45.239,-18.735,0.0737,2.027,1.2.826.0.1.3680043.8.498.13569546275343480813288533751724023543,33,3.9,1,True
1.2.826.0.1.3680043.8.498.56915079210789596803972894081756325026,lat_centre,106.886,-12.589,-20.846,0.087,0.737,1.2.826.0.1.3680043.8.498.56857346040662192577042205959308056114,33,3.3,1,True
1.2.826.0.1.3680043.8.498.56939860329243258146102948466697018543,lat_centre,118.756,-47.997,4.778,0.0954,0.96,1.2.826.0.1.3680043.8.498.73109770830119434650749028595624835233,22,4.409,1,True
1.2.826.0.1.3680043.8.498.56945039212126810522718038626526579591,lat_centre,101.445,-25.909,-22.022,0.1037,1.071,1.2.826.0.1.3680043.8.498.21740404798181847738990879402029840852,33,3.3,1,True
1.2.826.0.1.3680043.8.498.56989113744241846544086409786820246754,lat_centre,109.565,-58.423,-15.158,0.0943,0.874,1.2.826.0.1.3680043.8.498.11641255858027431006383452562709784270,25,3.85,1,True
1.2.826.0.1.3680043.8.498.56991590802231436015843619633497607680,lat_centre,-128.911,-45.322,-13.655,0.1002,1.634,1.2.826.0.1.3680043.8.498.29430991290614692861088244400199589725,25,3.85,1,True
1.2.826.0.1.3680043.8.498.56993108275828399240508695615212151102,lat_centre,96.042,-16.036,-29.279,0.0824,0.355,1.2.826.0.1.3680043.8.498.85328690965058576344629565367214309875,36,0.89,4,True
1.2.826.0.1.3680043.8.498.56995522547527264862064392266001620445,lat_centre,-131.15,-21.86,-55.271,0.086,0.898,1.2.826.0.1.3680043.8.498.73635559910128626679291530381170993429,30,3.3,1,True
1.2.826.0.1.3680043.8.498.57064618560116981041722203028857007300,lat_centre,-102.251,-14.272,12.055,0.0794,1.052,1.2.826.0.1.3680043.8.498.70001139436039083990536208820913263180,29,3.6,1,True
1.2.826.0.1.3680043.8.498.57074072196714325300896734167161517369,lat_centre,145.999,-33.565,-56.238,0.0844,0.713,1.2.826.0.1.3680043.8.498.10735810284589727332383392586760990822,33,3.3,1,True
1.2.826.0.1.3680043.8.498.57084445429567494093960261980941917499,lat_centre,144.586,-41.305,7.625,0.105,1.234,1.2.826.0.1.3680043.8.498.95833655757099904116388739000851388346,29,3.3,1,True
1.2.826.0.1.3680043.8.498.57091203959244495164081406481825915856,lat_centre,-120.789,-53.978,-25.666,0.1004,0.897,1.2.826.0.1.3680043.8.498.10732592498520187255103194080654465230,19,4.4,1,True
1.2.826.0.1.3680043.8.498.57160448024145680660335079050450776852,lat_centre,-120.392,-17.472,5.579,0.1074,0.48,1.2.826.0.1.3680043.8.498.77503027043634465306783657393020568051,43,2.2,1,True
1.2.826.0.1.3680043.8.498.57239450717434070615919278253974598533,lat_centre,-133.563,-63.27,13.277,0.1059,2.311,1.2.826.0.1.3680043.8.498.12425103791033660864267096357337973588,23,4.4,1,True
1.2.826.0.1.3680043.8.498.57316522861709598765962486949846744486,lat_centre,119.061,-8.782,-35.143,0.1166,1.611,1.2.826.0.1.3680043.8.498.12585051133550378068144266134381071381,24,4.4,1,True
1.2.826.0.1.3680043.8.498.57342523828166309133982222435655662667,lat_centre,-147.225,-32.934,-3.567,0.1003,0.653,1.2.826.0.1.3680043.8.498.11897028935313192385337412050886041082,36,2.75,1,True
1.2.826.0.1.3680043.8.498.57348281565196196401055821640494904475,lat_centre,126.99,-41.006,-45.359,0.1316,1.954,1.2.826.0.1.3680043.8.498.23311409471739444748914996719370075235,19,4.8,1,True
1.2.826.0.1.3680043.8.498.57406640473235989459885313797729459197,lat_centre,-97.48,-40.098,-45.409,0.0965,1.487,1.2.826.0.1.3680043.8.498.12874731195255638975565137959161159053,30,3.3,1,True
1.2.826.0.1.3680043.8.498.57491375928585600499323136123872536597,lat_centre,-83.932,74.035,-43.54,0.0869,1.945,1.2.826.0.1.3680043.8.498.24830807770099929255542105823013884340,28,3.5,1,True
1.2.826.0.1.3680043.8.498.57537915810250993237120953960404180449,lat_centre,-140.817,-45.325,6.435,0.095,1.218,1.2.826.0.1.3680043.8.498.13382502296658042741430850757352860136,38,2.75,1,True
1.2.826.0.1.3680043.8.498.57615268093937994500995086275007694564,lat_centre,147.632,-22.689,-13.757,0.0819,1.245,1.2.826.0.1.3680043.8.498.72279653371453845468021757154438124465,35,3.3,1,True
1.2.826.0.1.3680043.8.498.57703608122587911055931213603182679454,lat_centre,97.292,-8.07,-47.218,0.0769,1.197,1.2.826.0.1.3680043.8.498.51690997280871488460790894542010029859,40,3.3,1,True
1.2.826.0.1.3680043.8.498.57768539239475064336346600805236336044,lat_centre,-110.769,7.604,-15.522,0.1036,0.907,1.2.826.0.1.3680043.8.498.36886683606033238879986894325223063107,33,3.3,1,True
1.2.826.0.1.3680043.8.498.57775389384191131322519457853517177210,lat_centre,98.714,-1.919,-11.674,0.0947,0.699,1.2.826.0.1.3680043.8.498.12001697538275776524114685590406944795,30,3.0,1,True
1.2.826.0.1.3680043.8.498.57789603189240866041812385320399435864,lat_centre,-126.349,-55.75,2.569,0.0949,2.241,1.2.826.0.1.3680043.8.498.39308076454735938140295226629898000775,31,3.3,1,True
1.2.826.0.1.3680043.8.498.57802887045514681373294932749517914959,lat_centre,-97.944,-47.231,8.233,0.1011,0.641,1.2.826.0.1.3680043.8.498.21449608028323326592660396987442765079,32,3.3,1,True
1.2.826.0.1.3680043.8.498.57811199787891897795884073594875380873,lat_centre,105.791,5.991,-3.027,0.0829,0.968,1.2.826.0.1.3680043.8.498.34186285667789481235808506133142829491,30,3.3,1,True
1.2.826.0.1.3680043.8.498.57829173797358025677240411871600928097,lat_centre,-129.835,46.061,-148.083,0.0722,0.492,1.2.826.0.1.3680043.8.498.23852822213209693376074011054641952289,30,3.3,1,True
1.2.826.0.1.3680043.8.498.57836524675365700674244122764523161699,lat_centre,-115.856,-49.738,-34.874,0.0972,0.985,1.2.826.0.1.3680043.8.498.13328190172337603116706563647720907424,30,3.5,1,True
1.2.826.0.1.3680043.8.498.57845032486422442404222046144765204905,lat_centre,-133.131,-6.622,-62.823,0.0677,0.749,1.2.826.0.1.3680043.8.498.78917025436114930818707452123043761728,32,3.4,1,True
1.2.826.0.1.3680043.8.498.57859543314667538612269642333387175763,lat_centre,144.112,-35.851,9.289,0.0887,0.543,1.2.826.0.1.3680043.8.498.90475827877885742072914577856917667335,33,3.3,1,True
1.2.826.0.1.3680043.8.498.57882532838957577543516026386452055977,lat_centre,-135.093,-20.72,-19.496,0.1046,0.739,1.2.826.0.1.3680043.8.498.12702332494023011047318547841404363836,25,4.5,1,True
1.2.826.0.1.3680043.8.498.57917634151851433037090858498504057826,lat_centre,-91.242,13.058,-24.346,0.1245,0.739,1.2.826.0.1.3680043.8.498.91655780561993346352678146310259096036,24,4.0,1,True
1.2.826.0.1.3680043.8.498.57951268100539350409054562078476694936,lat_centre,-122.709,-28.292,-20.053,0.0725,0.793,1.2.826.0.1.3680043.8.498.84831215317195643161270811841397118633,33,3.9,1,True
1.2.826.0.1.3680043.8.498.57960501042895683580303516749157258348,lat_centre,117.029,-51.85,13.215,0.0709,0.865,1.2.826.0.1.3680043.8.498.21469755994489671691413336530907798532,29,3.3,1,True
1.2.826.0.1.3680043.8.498.58051085126748057986491277367254533832,lat_centre,103.351,-48.996,-26.479,0.0853,2.079,1.2.826.0.1.3680043.8.498.12116894638967635301719896808551382787,32,3.3,1,True
1.2.826.0.1.3680043.8.498.58143227319316521737029358930629086887,lat_centre,123.905,-48.898,-24.422,0.1009,2.008,1.2.826.0.1.3680043.8.498.13254590511368053923505203806464809205,25,3.773,1,True
1.2.826.0.1.3680043.8.498.58167256197067081436345136244032069163,lat_centre,109.471,-19.205,-26.414,0.0767,0.573,1.2.826.0.1.3680043.8.498.12210278837967273768533338462429991075,35,3.3,1,True
1.2.826.0.1.3680043.8.498.58250779958866595505585700517927225230,lat_centre,114.48,-37.915,-11.287,0.1207,2.669,1.2.826.0.1.3680043.8.498.12082642116294597362590344354080295418,30,3.3,1,True
1.2.826.0.1.3680043.8.498.58261214953729037661916565473101636690,lat_centre,-77.03,-35.086,14.363,0.1206,1.273,1.2.826.0.1.3680043.8.498.15779641767441969448009726222009560563,19,4.4,1,True
1.2.826.0.1.3680043.8.498.58280111882249056715877316026191844548,lat_centre,-97.568,10.773,-33.853,0.109,0.671,1.2.826.0.1.3680043.8.498.11649034727065704727292055554275744388,24,4.0,1,True
1.2.826.0.1.3680043.8.498.58280349821647977336008109443058641195,lat_centre,-109.016,-13.003,-2.373,0.0925,1.664,1.2.826.0.1.3680043.8.498.72273298187048984316942328821636254199,33,3.0,1,True
1.2.826.0.1.3680043.8.498.58298767414933858487578597918936525600,lat_centre,-102.224,-6.643,-0.373,0.0912,0.694,1.2.826.0.1.3680043.8.498.19244800242885118209206115294893179689,32,3.3,1,True
1.2.826.0.1.3680043.8.498.58346459085553680879151588730895136332,lat_centre,-98.334,-41.552,-18.989,0.1069,1.119,1.2.826.0.1.3680043.8.498.64845052358433086149120315521738084627,28,3.3,1,True
1.2.826.0.1.3680043.8.498.58366682083795592678613986311570432419,lat_centre,-114.625,-37.077,-41.91,0.1209,0.874,1.2.826.0.1.3680043.8.498.76454807920106100786737958197339230017,19,4.4,1,True
1.2.826.0.1.3680043.8.498.58381033890285289577066078050126251787,lat_centre,108.178,-53.402,-20.14,0.1013,0.822,1.2.826.0.1.3680043.8.498.42989814437207837546707479511850861608,36,3.3,1,True
1.2.826.0.1.3680043.8.498.58404766256608483217059706069436050741,lat_centre,103.566,-35.898,-19.131,0.0713,1.272,1.2.826.0.1.3680043.8.498.52098228800474391345283121348070032449,35,3.3,1,True
1.2.826.0.1.3680043.8.498.58416798660375193103814365795347286292,lat_centre,-121.619,-46.446,-30.052,0.1033,1.302,1.2.826.0.1.3680043.8.498.98252400516776849568057636407842913409,30,3.7,1,True
1.2.826.0.1.3680043.8.498.58475208045272914292874190001248518687,lat_centre,-114.628,-13.215,-17.801,0.0828,1.064,1.2.826.0.1.3680043.8.498.10102657421748772181920483019773111910,29,3.6,1,True
1.2.826.0.1.3680043.8.498.58482152742263188503728990365891896621,lat_centre,135.329,-86.469,-45.148,0.0942,0.858,1.2.826.0.1.3680043.8.498.94588191766096782951328921394018982349,19,5.0,1,True
1.2.826.0.1.3680043.8.498.58482779112389764165599701941310919660,lat_centre,-113.245,-32.503,-3.935,0.0891,0.951,1.2.826.0.1.3680043.8.498.79964789328831028945147728924181671684,30,3.0,1,True
1.2.826.0.1.3680043.8.498.58522891982092784622515590012748600644,lat_centre,129.547,-4.702,-40.119,0.1058,0.387,1.2.826.0.1.3680043.8.498.11255820781553457663601913122087858960,22,4.5,1,True
1.2.826.0.1.3680043.8.498.58550899000434548218916895907938175917,lat_centre,-129.453,-4.767,-17.262,0.1133,0.827,1.2.826.0.1.3680043.8.498.49458757725027388642276465585520181420,31,3.6,1,True
1.2.826.0.1.3680043.8.498.58585441284202143792468863402617212167,lat_centre,-110.342,-0.139,-49.491,0.0897,0.785,1.2.826.0.1.3680043.8.498.32130048553479504468465827978959266212,32,3.3,1,True
1.2.826.0.1.3680043.8.498.58604600600114899516493668210902251434,lat_centre,-107.305,-33.182,-43.341,0.0888,0.558,1.2.826.0.1.3680043.8.498.12101423418710654720531605264481497635,30,3.9,1,True
1.2.826.0.1.3680043.8.498.58626635384305289939700801774393536415,lat_centre,108.383,-19.849,-3.703,0.103,1.107,1.2.826.0.1.3680043.8.498.76657371903103751887730549652782362032,36,3.3,1,True
1.2.826.0.1.3680043.8.498.58634494571833713296574414948455471101,lat_centre,99.812,1.723,-22.102,0.0818,1.056,1.2.826.0.1.3680043.8.498.29760893566643123692846645487414816426,36,3.0,1,True
1.2.826.0.1.3680043.8.498.58654915518882480245974544469656013058,lat_centre,-99.796,1.122,-37.773,0.1111,0.457,1.2.826.0.1.3680043.8.498.31921639731451876498697805113235510009,32,3.3,1,True
1.2.826.0.1.3680043.8.498.58685941646495891824559391997783302656,lat_centre,-120.695,-22.561,1.838,0.0867,0.546,1.2.826.0.1.3680043.8.498.10906297317746561503197655749657706595,33,3.3,1,True
1.2.826.0.1.3680043.8.498.58710813820037448352310278234947865485,lat_centre,-112.782,-8.861,-0.925,0.0839,1.44,1.2.826.0.1.3680043.8.498.91057057444556646805479501041818648582,30,3.6,1,True
1.2.826.0.1.3680043.8.498.58728013757221328590898166513995249334,lat_centre,-120.932,-17.594,-32.196,0.1094,1.88,1.2.826.0.1.3680043.8.498.15266936718114844854269085675099770015,20,4.876,1,True
1.2.826.0.1.3680043.8.498.58739535411760425418941874065260802744,lat_centre,138.102,10.72,-4.545,0.0767,0.767,1.2.826.0.1.3680043.8.498.10159436899187989794347416030009671603,48,2.2,1,True
1.2.826.0.1.3680043.8.498.58749835013162544157291112101941849646,lat_centre,144.745,-44.695,-11.511,0.0852,2.041,1.2.826.0.1.3680043.8.498.40341845907912808638974490704325283043,24,4.209,1,True
1.2.826.0.1.3680043.8.498.58768083117076186082335984587845964130,lat_centre,-92.669,2.058,-45.352,0.1145,0.855,1.2.826.0.1.3680043.8.498.11110555413446607488670457580668434485,26,4.0,1,True
1.2.826.0.1.3680043.8.498.58776844157027040145262759105410792687,lat_centre,-139.901,-35.302,-23.018,0.1023,0.872,1.2.826.0.1.3680043.8.498.11986299954585583353949348140794599817,33,3.9,1,True
1.2.826.0.1.3680043.8.498.58811528407321581206563412079643094538,lat_centre,138.592,-50.01,-22.013,0.0984,0.738,1.2.826.0.1.3680043.8.498.61230263310011490307854581684787496955,23,4.4,1,True
1.2.826.0.1.3680043.8.498.58835863392949696556026907211309159182,lat_centre,-118.657,-51.44,-29.906,0.1167,1.04,1.2.826.0.1.3680043.8.498.12390454405855478493681843521957033312,30,3.5,1,True
1.2.826.0.1.3680043.8.498.58857477075095368361468658035369975572,lat_centre,-128.911,-49.337,8.717,0.114,0.666,1.2.826.0.1.3680043.8.498.13151516325441759705143035396754331929,29,3.3,1,True
1.2.826.0.1.3680043.8.498.58888406752590566453001353089284177456,lat_centre,-131.452,-54.453,-10.348,0.1024,0.957,1.2.826.0.1.3680043.8.498.11295552421536799552279063312942525032,29,3.3,1,True
1.2.826.0.1.3680043.8.498.58925843611945635442423587804169242644,lat_centre,106.058,-55.079,-11.137,0.0884,1.496,1.2.826.0.1.3680043.8.498.49644762073616068325471594713988007052,32,3.3,1,True
1.2.826.0.1.3680043.8.498.58965370475364247222892582428665460530,lat_centre,-126.376,-47.261,13.736,0.0963,0.866,1.2.826.0.1.3680043.8.498.12862267767945475781225056421142139823,29,3.3,1,True
1.2.826.0.1.3680043.8.498.59021913092219789232890327780064145948,lat_centre,-133.83,-45.526,-30.69,0.0871,1.927,1.2.826.0.1.3680043.8.498.10033233627873733099696523751624550439,29,3.0,1,True
1.2.826.0.1.3680043.8.498.59047534248122071167153110802170658177,lat_centre,134.916,-52.342,-43.67,0.073,0.951,1.2.826.0.1.3680043.8.498.12675966507276604258707757221878488210,30,3.3,1,True
1.2.826.0.1.3680043.8.498.59048646289883992375610835845636263714,lat_centre,-128.248,60.985,21.346,0.0687,0.74,1.2.826.0.1.3680043.8.498.62386225980902627552056073631903130152,30,3.3,1,True
1.2.826.0.1.3680043.8.498.59073122184069676919857712290159511305,lat_centre,105.176,-5.686,-24.148,0.0802,0.88,1.2.826.0.1.3680043.8.498.47572435301106289363639482267442828505,33,3.3,1,True
1.2.826.0.1.3680043.8.498.59098825208018364061073394433706021769,lat_centre,130.103,-35.333,-42.224,0.0907,0.65,1.2.826.0.1.3680043.8.498.39702530580710763195939721240904648083,29,3.3,1,True
1.2.826.0.1.3680043.8.498.59126324546257448818397467078224944768,lat_centre,-93.73,-13.188,-28.171,0.0945,2.041,1.2.826.0.1.3680043.8.498.13017867667165553396007947401145482044,28,3.6,1,True
1.2.826.0.1.3680043.8.498.59140342594072117638979402278277248612,lat_centre,-113.149,-43.246,-39.322,0.092,0.953,1.2.826.0.1.3680043.8.498.65854637589917775737077028005421768122,32,3.3,1,True
1.2.826.0.1.3680043.8.498.59254379036462832374262221063106167294,lat_centre,111.281,-15.203,-39.309,0.1182,0.957,1.2.826.0.1.3680043.8.498.68362889750971025904954502335109155221,23,4.5,1,True
1.2.826.0.1.3680043.8.498.59262240088132401543519466539885561578,lat_centre,112.353,-59.566,-9.41,0.1021,0.696,1.2.826.0.1.3680043.8.498.40557953963090001861616677923502826086,28,3.3,1,True
1.2.826.0.1.3680043.8.498.59309239681970150083311665704264518844,lat_centre,-103.987,-0.364,-55.897,0.078,0.685,1.2.826.0.1.3680043.8.498.57175877152407846944571624687393809630,34,3.3,1,True
1.2.826.0.1.3680043.8.498.59394856717216352192037635065925607933,lat_centre,-95.367,-13.738,-1.665,0.1088,0.408,1.2.826.0.1.3680043.8.498.54405724220613014935205703023183091056,34,2.75,1,True
1.2.826.0.1.3680043.8.498.59420153636832938628088507776889305823,lat_centre,-27.935,11.293,-62.608,0.1054,0.499,1.2.826.0.1.3680043.8.498.68030106922047213116121905498528365257,24,4.0,1,True
1.2.826.0.1.3680043.8.498.59426134288436219215525445839849588348,lat_centre,113.467,-38.033,-45.074,0.079,1.112,1.2.826.0.1.3680043.8.498.12128341906874561271843580355215208028,38,3.3,1,True
1.2.826.0.1.3680043.8.498.59449702487184611096113620550399616423,lat_centre,-136.174,-34.006,3.021,0.0883,1.945,1.2.826.0.1.3680043.8.498.48032426515418196953907042356021491364,28,4.0,1,True
1.2.826.0.1.3680043.8.498.59475691595504590121311599301170361869,lat_centre,-103.545,18.251,3.842,0.0437,2.175,1.2.826.0.1.3680043.8.498.10830810283963940523650667026727982959,33,3.3,1,True
1.2.826.0.1.3680043.8.498.59476657510212258499047356518058209126,lat_centre,-97.0,-7.877,21.311,0.1027,0.807,1.2.826.0.1.3680043.8.498.44295136673260745222663041783084644605,34,3.0,1,True
1.2.826.0.1.3680043.8.498.59483999067816153759785789654766826710,lat_centre,-120.428,-47.075,-6.949,0.0954,1.017,1.2.826.0.1.3680043.8.498.10375380880125329105761253769836090010,33,3.3,1,True
1.2.826.0.1.3680043.8.498.59511171909586924989766685687032462369,lat_centre,-141.54,-15.295,-23.078,0.108,0.572,1.2.826.0.1.3680043.8.498.63668821436547068997041603451748634417,30,3.3,1,True
1.2.826.0.1.3680043.8.498.59527896591755229337596505685198957637,lat_centre,-144.38,-43.97,-39.487,0.0757,1.287,1.2.826.0.1.3680043.8.498.48819746971436440712877185218223909649,40,0.4,8,True
1.2.826.0.1.3680043.8.498.59533384841491000088839469462294817273,lat_centre,-141.55,-44.682,-17.768,0.0898,1.052,1.2.826.0.1.3680043.8.498.11592784420073891932839288792087525494,27,4.0,1,True
1.2.826.0.1.3680043.8.498.59646951619367295963072805933618947027,lat_centre,88.404,-19.595,-35.633,0.071,0.567,1.2.826.0.1.3680043.8.498.45556974437202683612445350514343766522,36,0.89,4,True
1.2.826.0.1.3680043.8.498.59680220055968160813801840287391339651,lat_centre,105.368,-39.612,-22.266,0.0745,0.692,1.2.826.0.1.3680043.8.498.30549818471693252015018389500968020120,36,2.875,1,True
1.2.826.0.1.3680043.8.498.59708410902079108538978687294461753235,lat_centre,126.63,-4.94,-71.721,0.1017,1.167,1.2.826.0.1.3680043.8.498.10539454798113138310080245579632872378,48,2.2,1,True
1.2.826.0.1.3680043.8.498.59758232061190668535098343218115599228,lat_centre,129.631,-40.323,-3.65,0.0902,1.033,1.2.826.0.1.3680043.8.498.48105186927843118060657358004760737756,29,3.3,1,True
1.2.826.0.1.3680043.8.498.59826277112503440743678968423276737254,lat_centre,-99.93,-2.643,-34.375,0.0807,0.756,1.2.826.0.1.3680043.8.498.11750945083725657768194881469654632286,27,3.3,1,True
1.2.826.0.1.3680043.8.498.59828592894392286103154555572376381359,lat_centre,137.402,-33.289,-38.21,0.0443,2.969,1.2.826.0.1.3680043.8.498.11532282880993362407526811363665768041,35,3.3,1,True
1.2.826.0.1.3680043.8.498.59835677513721120155185666132462195647,lat_centre,-106.532,-43.38,-61.998,0.097,0.925,1.2.826.0.1.3680043.8.498.20799225460429305477333996307478640448,31,3.3,1,True
1.2.826.0.1.3680043.8.498.59864697179957009967756900038846073439,lat_centre,79.294,-31.302,-20.786,0.1004,1.344,1.2.826.0.1.3680043.8.498.26247496090658849220876023566533829930,24,3.6,1,True
1.2.826.0.1.3680043.8.498.59923507410103964137819195926587517759,lat_centre,-118.309,-90.404,-11.943,0.0969,1.563,1.2.826.0.1.3680043.8.498.31009865598281531623146162045603179265,25,4.5,1,True
1.2.826.0.1.3680043.8.498.59932425615255727459402684084295081504,lat_centre,76.934,18.073,-12.506,0.1073,0.771,1.2.826.0.1.3680043.8.498.19064072488710228344628373840389923804,24,4.0,1,True
1.2.826.0.1.3680043.8.498.59938475193950583662125713924156951751,lat_centre,31.326,22.958,-18.496,0.0921,0.858,1.2.826.0.1.3680043.8.498.10438582831354769122234870417485433370,28,4.0,1,True
1.2.826.0.1.3680043.8.498.59939977812549570931951749553467050226,lat_centre,141.048,-40.611,-20.29,0.0941,1.271,1.2.826.0.1.3680043.8.498.73335580021289704769374981813209320444,30,3.5,1,True
1.2.826.0.1.3680043.8.498.59948559729295284519115137429127740378,lat_centre,-122.611,-60.379,-2.176,0.0921,0.732,1.2.826.0.1.3680043.8.498.60955172934918646859114587034872499804,19,4.4,1,True
1.2.826.0.1.3680043.8.498.59954207362160100069708115719895503197,lat_centre,97.874,0.116,-24.809,0.1057,1.183,1.2.826.0.1.3680043.8.498.10062461076000933362424628266183945811,34,3.0,1,True
1.2.826.0.1.3680043.8.498.59973351395253648445741322652773810641,lat_centre,-105.346,-21.803,-14.222,0.1011,1.262,1.2.826.0.1.3680043.8.498.83024134903276693672071995409814981176,36,3.0,1,True
1.2.826.0.1.3680043.8.498.60064080350033586611530748685370040101,lat_centre,120.884,-1.382,-5.005,0.1006,0.866,1.2.826.0.1.3680043.8.498.22146564323189332367311530977120194380,34,3.3,1,True
1.2.826.0.1.3680043.8.498.60088605286413557861235417321985538357,lat_centre,59.765,28.503,-1.078,0.1312,1.104,1.2.826.0.1.3680043.8.498.58242982644016380335454541196960213906,23,4.52,1,True
1.2.826.0.1.3680043.8.498.60094182309575937331152278560900767484,lat_centre,140.435,-32.051,-35.168,0.0949,1.983,1.2.826.0.1.3680043.8.498.48041494380797778614949854362512909815,20,5.255,1,True
1.2.826.0.1.3680043.8.498.60163612617486071760358965933890738162,lat_centre,90.573,-12.054,-4.913,0.1148,0.885,1.2.826.0.1.3680043.8.498.56820579068623347066862720700887290468,26,3.3,1,True
1.2.826.0.1.3680043.8.498.60189166269847256202786309096136242746,lat_centre,140.808,-39.06,-7.114,0.0914,1.12,1.2.826.0.1.3680043.8.498.93380653077299808265826603294820973084,23,3.8,1,True
1.2.826.0.1.3680043.8.498.60227430483444032531479844365716485643,lat_centre,134.65,-14.927,-32.301,0.0741,0.57,1.2.826.0.1.3680043.8.498.67250801866435724195229837589293460145,35,3.3,1,True
1.2.826.0.1.3680043.8.498.60240929196665639608259748424475337443,lat_centre,81.927,-53.233,-22.266,0.093,0.652,1.2.826.0.1.3680043.8.498.82484366274087580439937798620947043311,30,3.5,1,True
1.2.826.0.1.3680043.8.498.60259828181878278590614805828898992241,lat_centre,-116.687,-2.361,-40.513,0.0894,0.663,1.2.826.0.1.3680043.8.498.28816342203813782971581844670544918325,32,3.3,1,True
1.2.826.0.1.3680043.8.498.60339775486026531260673620094004244044,lat_centre,130.32,-43.223,-15.066,0.1067,1.883,1.2.826.0.1.3680043.8.498.24659047104051568429685771044727308713,29,3.3,1,True
1.2.826.0.1.3680043.8.498.60347768295306794807599672836772410567,lat_centre,-105.853,-36.795,-33.783,0.0864,0.378,1.2.826.0.1.3680043.8.498.47880188565725651175810909334924754168,34,3.3,1,True
1.2.826.0.1.3680043.8.498.60394858470917657607846893765818799720,lat_centre,144.81,-25.715,-20.154,0.1002,0.585,1.2.826.0.1.3680043.8.498.30724179379883472168670402335913847490,35,3.3,1,True
1.2.826.0.1.3680043.8.498.60430475172382878092821699001847797153,lat_centre,-99.379,-50.994,-30.828,0.0889,1.316,1.2.826.0.1.3680043.8.498.52500147450621079864923290371305374442,32,3.3,1,True
1.2.826.0.1.3680043.8.498.60435128564448668334758790827765960420,lat_centre,-103.431,43.424,-14.386,0.072,2.906,1.2.826.0.1.3680043.8.498.93404403371491291777323011162839233565,26,4.5,1,True
1.2.826.0.1.3680043.8.498.60439571175176992075370053747045234796,lat_centre,99.403,-4.679,-13.803,0.0763,1.24,1.2.826.0.1.3680043.8.498.11696399086029771950703474006966450398,29,3.6,1,True
1.2.826.0.1.3680043.8.498.60446085094710623303973373214794179184,lat_centre,-144.456,-45.812,16.792,0.0935,1.531,1.2.826.0.1.3680043.8.498.94061404171136332435744449765116342765,38,2.75,1,True
1.2.826.0.1.3680043.8.498.60465293103574559546982440125572490190,lat_centre,-106.447,-49.673,-24.701,0.0795,0.395,1.2.826.0.1.3680043.8.498.71351919822820690212911649849931053155,29,3.3,1,True
1.2.826.0.1.3680043.8.498.60473167624534682552272469123806503959,lat_centre,-75.795,5.037,-21.37,0.1122,0.955,1.2.826.0.1.3680043.8.498.39343940764939597791653233042185906809,30,3.3,1,True
1.2.826.0.1.3680043.8.498.60477027832057450004004942199870813886,lat_centre,96.846,-68.01,-20.681,0.0786,0.845,1.2.826.0.1.3680043.8.498.39541063372463149180714301021785427798,21,5.0,1,True
1.2.826.0.1.3680043.8.498.60492772672040498730937577391401159109,lat_centre,78.882,33.715,-22.98,0.1139,0.654,1.2.826.0.1.3680043.8.498.15745254194521430617835664195446498999,25,4.52,1,True
1.2.826.0.1.3680043.8.498.60548477793215320533051194155539307724,lat_centre,100.509,3.481,-24.265,0.1195,0.707,1.2.826.0.1.3680043.8.498.56430096583088123305877249492265776677,25,3.6,1,True
1.2.826.0.1.3680043.8.498.60582762894748063612925320003677861384,lat_centre,-132.781,-49.829,5.543,0.1291,1.593,1.2.826.0.1.3680043.8.498.36482269933485664656396950795771610779,27,4.219,1,True
1.2.826.0.1.3680043.8.498.60611146141493700985009985723275645474,lat_centre,-116.498,-31.136,-14.306,0.1162,1.143,1.2.826.0.1.3680043.8.498.87406579760676680645864924040006335087,29,3.3,1,True
1.2.826.0.1.3680043.8.498.60614975796208617794180432816390721331,lat_centre,-114.351,-3.235,-13.859,0.0987,0.908,1.2.826.0.1.3680043.8.498.11198437071229260795013226124573912093,36,3.3,1,True
1.2.826.0.1.3680043.8.498.60633008040453481523409852849000823589,lat_centre,118.263,-38.057,-58.079,0.0649,3.232,1.2.826.0.1.3680043.8.498.84632857199445921204655967513177264332,36,2.875,1,True
1.2.826.0.1.3680043.8.498.60661676782543347731000874708337132276,lat_centre,93.697,-43.439,6.331,0.0933,0.848,1.2.826.0.1.3680043.8.498.79440727097090710561312035866280336824,28,3.6,1,True
1.2.826.0.1.3680043.8.498.60723378470101669902158229125336455520,lat_centre,127.396,-1.915,-6.7,0.105,0.601,1.2.826.0.1.3680043.8.498.95932478001800215760619296817664966556,48,2.2,1,True
1.2.826.0.1.3680043.8.498.60736996513214411991331917490659995815,lat_centre,-102.753,-28.327,-3.206,0.0722,0.862,1.2.826.0.1.3680043.8.498.10033005616764317111880819291437805791,33,3.9,1,True
1.2.826.0.1.3680043.8.498.60840220723824894619895264673401129352,lat_centre,130.901,-67.726,19.067,0.0547,1.081,1.2.826.0.1.3680043.8.498.10913773047073790504809242518701269609,40,0.4,8,True
1.2.826.0.1.3680043.8.498.60924385750386872880015870524131415592,lat_centre,105.328,-51.0,-34.096,0.1238,1.003,1.2.826.0.1.3680043.8.498.56508425552996266652695238038893728835,19,4.4,1,True
1.2.826.0.1.3680043.8.498.60931716414402855657852057585917605786,lat_centre,-93.799,-9.122,-4.75,0.0873,1.096,1.2.826.0.1.3680043.8.498.14669497474227751923553287579774342145,30,3.3,1,True
1.2.826.0.1.3680043.8.498.60965286164497194740320124904525623873,lat_centre,-141.255,-47.894,-28.45,0.0822,2.972,1.2.826.0.1.3680043.8.498.46646668038861367920478478967478379416,30,3.9,1,True
1.2.826.0.1.3680043.8.498.61024356179284390979230045743542661223,lat_centre,-136.231,-29.571,-26.468,0.0806,0.888,1.2.826.0.1.3680043.8.498.12326810621836672214470093611029939220,33,3.9,1,True
1.2.826.0.1.3680043.8.498.61043690805522768840878574610198420558,lat_centre,120.277,-51.754,35.397,0.0846,0.966,1.2.826.0.1.3680043.8.498.45011939244154780930592418743327137113,22,4.368,1,True
1.2.826.0.1.3680043.8.498.61072566792285434404885416160728089641,lat_centre,123.698,-38.813,-22.278,0.0828,0.521,1.2.826.0.1.3680043.8.498.74643652070224783921528730997955796014,29,3.3,1,True
1.2.826.0.1.3680043.8.498.61140619849833544411463750382539885141,lat_centre,-105.738,-15.111,-24.401,0.0953,1.754,1.2.826.0.1.3680043.8.498.12692471264687564175358312216352843340,34,3.0,1,True
1.2.826.0.1.3680043.8.498.61148578767041261085865406067025346106,lat_centre,-131.161,-57.644,-13.658,0.1519,1.164,1.2.826.0.1.3680043.8.498.50588298943671099353408694257073846472,19,4.8,1,True
1.2.826.0.1.3680043.8.498.61148667330113929729568621580194520169,lat_centre,110.417,27.301,-16.952,0.0987,1.311,1.2.826.0.1.3680043.8.498.73134083170249017428901714517783505077,32,4.5,1,True
1.2.826.0.1.3680043.8.498.61220609061901632500124675031032586841,lat_centre,-96.819,-0.383,-39.765,0.0957,0.796,1.2.826.0.1.3680043.8.498.12870542265530244390473022583770069130,33,3.3,1,True
1.2.826.0.1.3680043.8.498.61227644940421894951950605627016308160,lat_centre,141.261,-50.647,-3.569,0.1028,1.268,1.2.826.0.1.3680043.8.498.11853342007560756762882058814460375767,31,3.3,1,True
1.2.826.0.1.3680043.8.498.61238657014751597736608285205361041675,lat_centre,148.963,-29.93,-39.439,0.0933,0.73,1.2.826.0.1.3680043.8.498.33448934914994928241887305047542101589,33,3.3,1,True
1.2.826.0.1.3680043.8.498.61313243050348988917987796330691448770,lat_centre,73.35,21.517,-22.863,0.1146,0.655,1.2.826.0.1.3680043.8.498.10520537005359695495108149167521414529,30,3.3,1,True
1.2.826.0.1.3680043.8.498.61333047594780344399535845209036589563,lat_centre,-126.695,-37.386,-4.117,0.0984,0.944,1.2.826.0.1.3680043.8.498.54532495347707624697901644750307330406,29,3.3,1,True
1.2.826.0.1.3680043.8.498.61354742313056287432707914716598361679,lat_centre,-139.849,-28.295,-57.693,0.0747,0.828,1.2.826.0.1.3680043.8.498.39252064154322949406249184757752168245,33,3.9,1,True
1.2.826.0.1.3680043.8.498.61435096069921474761812731150911059491,lat_centre,136.395,-21.248,7.685,0.0893,1.53,1.2.826.0.1.3680043.8.498.19159852753525900249365441169863961022,32,3.51,1,True
1.2.826.0.1.3680043.8.498.61456481310419978302697858056095086811,lat_centre,119.777,71.238,12.353,0.08,0.906,1.2.826.0.1.3680043.8.498.10657851907293616546018898200382459526,31,3.3,1,True
1.2.826.0.1.3680043.8.498.61490475141024845836646569993549106628,lat_centre,-111.929,-60.657,-8.371,0.1135,1.078,1.2.826.0.1.3680043.8.498.11336772815748586935248588097928611989,25,4.0,1,True
1.2.826.0.1.3680043.8.498.61518377417979517706237284901970943470,lat_centre,132.54,-55.802,-25.108,0.1104,1.427,1.2.826.0.1.3680043.8.498.30572696059397467393904387062877808269,30,3.3,1,True
1.2.826.0.1.3680043.8.498.61529451559250327125552112075119161933,lat_centre,126.675,-53.358,-32.669,0.1067,1.087,1.2.826.0.1.3680043.8.498.35599487522311491232531402925264334241,19,5.0,1,True
1.2.826.0.1.3680043.8.498.61554384977916135091630433680780524386,lat_centre,-100.687,32.632,11.003,0.0728,2.849,1.2.826.0.1.3680043.8.498.32377952812776135942021080232010442744,33,4.5,1,True
1.2.826.0.1.3680043.8.498.61570904948128887877542043572765432417,lat_centre,-122.949,-38.34,7.871,0.0831,0.461,1.2.826.0.1.3680043.8.498.54432169772703132023586014577207636291,27,3.3,1,True
1.2.826.0.1.3680043.8.498.61581513083114643407028382481113097015,lat_centre,-108.012,-24.578,18.447,0.0975,0.981,1.2.826.0.1.3680043.8.498.10323156271931360840362270736561928157,34,3.0,1,True
1.2.826.0.1.3680043.8.498.61630894340791204767579628554826500984,lat_centre,-111.209,-54.2,-29.693,0.1015,2.657,1.2.826.0.1.3680043.8.498.97813721403111171221636974778554912547,34,3.3,1,True
1.2.826.0.1.3680043.8.498.61715630583919056026446344483871058799,lat_centre,-129.427,-64.501,3.195,0.1178,0.923,1.2.826.0.1.3680043.8.498.91625260375480960107486857694588982075,18,4.5,1,True
1.2.826.0.1.3680043.8.498.61797111379749329977228618245440305623,lat_centre,145.175,-41.913,-22.384,0.0728,0.802,1.2.826.0.1.3680043.8.498.58128851960500229959240677988505168351,22,4.35,1,True
1.2.826.0.1.3680043.8.498.61812343111344551704536863711676179812,lat_centre,184.464,-5.357,44.052,0.062,0.587,1.2.826.0.1.3680043.8.498.62304142604122219581566446532384082486,33,3.3,1,True
1.2.826.0.1.3680043.8.498.61864939963243675140060416958055914981,lat_centre,104.109,-23.641,-32.697,0.1139,0.875,1.2.826.0.1.3680043.8.498.12131994528306531949403446647285463262,23,4.5,1,True
1.2.826.0.1.3680043.8.498.61904856234837992279531381374350177464,lat_centre,-114.757,58.324,-40.177,0.0955,0.745,1.2.826.0.1.3680043.8.498.29954414667961343093691988005388769653,30,3.3,1,True
1.2.826.0.1.3680043.8.498.61934170443339188744573234190617483017,lat_centre,-122.504,-73.244,10.224,0.0707,0.884,1.2.826.0.1.3680043.8.498.11236542147925666027007474913722762659,27,3.3,1,True
1.2.826.0.1.3680043.8.498.61956863718716027369068406125965902569,lat_centre,-86.385,-6.695,17.905,0.1044,0.702,1.2.826.0.1.3680043.8.498.19032935397356062721572728429462433090,30,3.3,1,True
1.2.826.0.1.3680043.8.498.61981891095235024266625598999854298547,lat_centre,103.157,-71.237,-56.854,0.1018,0.853,1.2.826.0.1.3680043.8.498.94599308704376951718574275831303523546,19,5.0,1,True
1.2.826.0.1.3680043.8.498.62025036385410820041698409408092924893,lat_centre,107.535,-7.931,6.683,0.0892,2.121,1.2.826.0.1.3680043.8.498.72015515817970790437360033062987259774,28,4.52,1,True
1.2.826.0.1.3680043.8.498.62030472630193758412620945408364583008,lat_centre,112.387,-46.824,-4.534,0.0689,0.708,1.2.826.0.1.3680043.8.498.34596199416494017047882974291988170460,40,0.4,8,True
1.2.826.0.1.3680043.8.498.62109244272539959226824769201542205950,lat_centre,-135.769,-43.749,8.921,0.0772,1.327,1.2.826.0.1.3680043.8.498.92875479708470816571469601345475096401,30,3.3,1,True
1.2.826.0.1.3680043.8.498.62154969360158054310282857093665911261,lat_centre,-145.161,-61.421,-6.555,0.1043,0.846,1.2.826.0.1.3680043.8.498.22521548029357564983597320646913635134,32,3.3,1,True
1.2.826.0.1.3680043.8.498.62192347880785177732202565414591408086,lat_centre,125.949,-37.45,1.901,0.1068,0.94,1.2.826.0.1.3680043.8.498.92975683413839197464011389026085693036,29,3.3,1,True
1.2.826.0.1.3680043.8.498.62205799963299902160268565319924399775,lat_centre,125.054,-43.852,-18.114,0.1026,1.562,1.2.826.0.1.3680043.8.498.45178786555424190880929564372254418064,30,3.7,1,True
1.2.826.0.1.3680043.8.498.62217447760619326492634156203608889396,lat_centre,-118.705,-4.619,0.554,0.0689,0.989,1.2.826.0.1.3680043.8.498.10415750892381709193896824650854791466,33,3.3,1,True
1.2.826.0.1.3680043.8.498.62218684089117864632544493263539598403,lat_centre,123.47,-39.103,0.074,0.0789,1.18,1.2.826.0.1.3680043.8.498.29943074035297606205411793935681392842,27,4.156,1,True
1.2.826.0.1.3680043.8.498.62251470468640645490157592046417355534,lat_centre,-129.89,-50.179,-15.325,0.0957,1.419,1.2.826.0.1.3680043.8.498.31680974099617792878682785231602421961,28,4.0,1,True
1.2.826.0.1.3680043.8.498.62252176347004905787746821113523889523,lat_centre,115.795,-46.649,-16.584,0.1135,0.772,1.2.826.0.1.3680043.8.498.39273931396409388979816464097918309405,34,3.3,1,True
1.2.826.0.1.3680043.8.498.62329283530383340787096585492217632179,lat_centre,-93.941,-47.273,-11.437,0.0853,0.834,1.2.826.0.1.3680043.8.498.41839050988006475172075754307922525719,28,3.3,1,True
1.2.826.0.1.3680043.8.498.62383135836496954297324866452887364097,lat_centre,-111.812,-67.484,-3.043,0.0802,0.998,1.2.826.0.1.3680043.8.498.10337498269211232457136986979853287425,25,4.16,1,True
1.2.826.0.1.3680043.8.498.62400371770962739002393364782172386752,lat_centre,-114.998,-11.824,-19.059,0.0957,0.482,1.2.826.0.1.3680043.8.498.10254595691938304527611520857970190595,28,3.5,1,True
1.2.826.0.1.3680043.8.498.62400625562782184774973349983498962743,lat_centre,65.444,-7.024,-14.756,0.088,1.362,1.2.826.0.1.3680043.8.498.10298928572345986891042200191968980320,19,4.4,1,True
1.2.826.0.1.3680043.8.498.62406588098851994968957074186291720431,lat_centre,-146.592,-22.914,-29.63,0.0866,1.734,1.2.826.0.1.3680043.8.498.60213942949826616025874340178256499349,35,3.3,1,True
1.2.826.0.1.3680043.8.498.62420632149863295140175740643640707423,lat_centre,90.105,13.134,-26.647,0.1003,1.226,1.2.826.0.1.3680043.8.498.92438117308951147868033669447393894115,36,3.3,1,True
1.2.826.0.1.3680043.8.498.62437671010172828772205139640126159272,lat_centre,103.988,-6.504,30.801,0.1179,2.673,1.2.826.0.1.3680043.8.498.13135725933598764937203146608237987691,30,3.3,1,True
1.2.826.0.1.3680043.8.498.62465595376489211274225312453216559395,lat_centre,-37.861,13.987,-88.187,0.1074,0.832,1.2.826.0.1.3680043.8.498.80088218471450943607980716401104656630,26,4.4,1,True
1.2.826.0.1.3680043.8.498.62549354677638403845904556149868367236,lat_centre,-104.861,-8.361,-59.035,0.088,1.356,1.2.826.0.1.3680043.8.498.81892732695419468989322862582884021558,34,3.0,1,True
1.2.826.0.1.3680043.8.498.62662430565901539554882496013173225758,lat_centre,95.812,-24.788,21.184,0.104,2.003,1.2.826.0.1.3680043.8.498.13661107449936337438489450319591037762,34,3.0,1,True
1.2.826.0.1.3680043.8.498.62693151030819598514729637644804213983,lat_centre,-101.01,-1.72,5.651,0.0926,0.788,1.2.826.0.1.3680043.8.498.13028465092536707248894452561135886108,34,3.0,1,True
1.2.826.0.1.3680043.8.498.62752755711205966800746994120425231855,lat_centre,-121.053,-0.454,-40.833,0.101,0.896,1.2.826.0.1.3680043.8.498.86737239586288294617456632849956122231,19,4.5,1,True
1.2.826.0.1.3680043.8.498.62760659205261492447481830774781950875,lat_centre,-143.236,-51.452,-24.346,0.1055,1.459,1.2.826.0.1.3680043.8.498.18081296927832776681748716952060200145,27,4.788,1,True
1.2.826.0.1.3680043.8.498.62776347582771469289738234607517546504,lat_centre,-144.052,-52.021,-20.812,0.0996,2.197,1.2.826.0.1.3680043.8.498.73904340009173620670892958759642491215,21,4.5,1,True
1.2.826.0.1.3680043.8.498.62782163204193388751869649423542931657,lat_centre,28.747,11.098,-43.431,0.1272,0.66,1.2.826.0.1.3680043.8.498.67127701575821532523664382268777039524,24,3.9,1,True
1.2.826.0.1.3680043.8.498.62830031603985608774418534497520663269,lat_centre,79.867,-5.314,-8.855,0.1147,1.162,1.2.826.0.1.3680043.8.498.15794212900797493301185895466158807561,25,3.6,1,True
1.2.826.0.1.3680043.8.498.62918046703989259691005447883746340916,lat_centre,103.9,-29.28,-29.285,0.091,0.68,1.2.826.0.1.3680043.8.498.17290493883252626565784866855726260340,30,3.3,1,True
1.2.826.0.1.3680043.8.498.62924835279557724526138406447993672103,lat_centre,-149.138,-63.938,-22.071,0.1048,2.729,1.2.826.0.1.3680043.8.498.12516759746287279901070648519614942854,22,5.0,1,True
1.2.826.0.1.3680043.8.498.62928513795250694194589804784951257414,lat_centre,-103.095,-4.793,39.876,0.1038,0.867,1.2.826.0.1.3680043.8.498.10867337875706037829943715448959314780,40,3.0,1,True
1.2.826.0.1.3680043.8.498.62948920639798990757395955917890550512,lat_centre,-102.197,-25.711,-1.262,0.0949,0.745,1.2.826.0.1.3680043.8.498.93176996635026090458318208331253888750,36,0.89,4,True
1.2.826.0.1.3680043.8.498.62983291359021407345388012674614537807,lat_centre,-157.833,-64.864,-12.862,0.1064,1.733,1.2.826.0.1.3680043.8.498.10844087348354702494275597863077836876,25,4.66,1,True
1.2.826.0.1.3680043.8.498.63002559681883387414876870926128159682,lat_centre,-100.109,14.054,-16.174,0.0963,2.346,1.2.826.0.1.3680043.8.498.11342530492369540120678844067297890906,24,3.9,1,True
1.2.826.0.1.3680043.8.498.63005973438879239920248535292375481294,lat_centre,-114.994,-59.077,-11.72,0.0955,0.86,1.2.826.0.1.3680043.8.498.81468967086770846320385553454453992604,32,3.3,1,True
1.2.826.0.1.3680043.8.498.63068687840516335034631353955761036465,lat_centre,141.92,-51.669,-27.633,0.0944,0.77,1.2.826.0.1.3680043.8.498.70384734067274388996581629815121305961,25,4.073,1,True
1.2.826.0.1.3680043.8.498.63069333313670617776227577192591993067,lat_centre,101.813,-8.82,-30.108,0.0794,2.854,1.2.826.0.1.3680043.8.498.84024556702549443647949105849103928530,29,3.6,1,True
1.2.826.0.1.3680043.8.498.63096952391833769395204944538276970114,lat_centre,128.819,-6.281,-38.848,0.0966,1.24,1.2.826.0.1.3680043.8.498.48107437754133795650969258208753249498,22,5.0,1,True
1.2.826.0.1.3680043.8.498.63105151375349194807502162946823966410,lat_centre,-117.983,-41.522,1.568,0.1031,0.628,1.2.826.0.1.3680043.8.498.68377837328795484211635001095304804162,33,3.3,1,True
1.2.826.0.1.3680043.8.498.63126604639589769235241216875934773992,lat_centre,-30.821,14.539,-40.646,0.1137,0.879,1.2.826.0.1.3680043.8.498.78861702874747331216885475959709771339,15,6.0,1,True
1.2.826.0.1.3680043.8.498.63151733210715530368323422018984705316,lat_centre,-112.559,-71.504,-39.658,0.1353,2.542,1.2.826.0.1.3680043.8.498.13277003188560614538003298895444944271,19,4.8,1,True
1.2.826.0.1.3680043.8.498.63195088465290711580668024587233364997,lat_centre,-96.416,0.866,-48.521,0.0923,2.174,1.2.826.0.1.3680043.8.498.78896819574006278454550057131704964423,30,3.3,1,True
1.2.826.0.1.3680043.8.498.63197503121546251937003511751049515360,lat_centre,-93.115,-30.029,-12.254,0.0872,0.95,1.2.826.0.1.3680043.8.498.64016713238695168891287593451959619980,27,3.3,1,True
1.2.826.0.1.3680043.8.498.63204735160524958513470115761010950181,lat_centre,-98.601,-42.042,-21.531,0.1213,1.604,1.2.826.0.1.3680043.8.498.64469057885799029140507641062264453135,19,4.4,1,True
1.2.826.0.1.3680043.8.498.63216944317982327305447295456609309952,lat_centre,-110.752,-13.562,-19.465,0.0902,1.024,1.2.826.0.1.3680043.8.498.12810246090502776344601559593207951054,36,0.89,4,True
1.2.826.0.1.3680043.8.498.63223220827342079068491460847713457238,lat_centre,111.202,-38.151,17.428,0.0892,1.497,1.2.826.0.1.3680043.8.498.58579003983047361359207186452522693956,22,4.5,1,True
1.2.826.0.1.3680043.8.498.63229263722659785142967850542699676113,lat_centre,143.588,-47.518,-37.914,0.1225,0.885,1.2.826.0.1.3680043.8.498.11184429803036008477801610533885522697,29,3.3,1,True
1.2.826.0.1.3680043.8.498.63242029756172180508167933519465902827,lat_centre,-115.889,-8.784,-6.045,0.0968,0.529,1.2.826.0.1.3680043.8.498.12020428752973228801827395954367561198,44,2.2,1,True
1.2.826.0.1.3680043.8.498.63279205896049798083339413931561428540,lat_centre,-138.445,-37.368,-8.363,0.0864,1.186,1.2.826.0.1.3680043.8.498.49140645125937418771554053281329463400,33,3.9,1,True
1.2.826.0.1.3680043.8.498.63280826430574305683941548157934410641,lat_centre,34.373,-12.316,-33.254,0.0867,3.34,1.2.826.0.1.3680043.8.498.61823779361405431993262337742030463607,25,3.9,1,True
1.2.826.0.1.3680043.8.498.63320397279666280420359587173167195895,lat_centre,148.196,-41.575,-18.755,0.1153,2.25,1.2.826.0.1.3680043.8.498.31317792374706468755947510841492326936,29,3.3,1,True
1.2.826.0.1.3680043.8.498.63360204391136938955220146755331421179,lat_centre,-135.121,-29.776,-1.18,0.1004,1.789,1.2.826.0.1.3680043.8.498.75848784126406014921512871482316455876,37,2.875,1,True
1.2.826.0.1.3680043.8.498.63377901538320536934403969965624202519,lat_centre,-105.743,20.43,-39.736,0.1126,0.995,1.2.826.0.1.3680043.8.498.78069691998995103433855879057128617147,23,4.52,1,True
1.2.826.0.1.3680043.8.498.63424633611847022112809173449690688015,lat_centre,-114.087,-29.892,-17.699,0.0898,0.623,1.2.826.0.1.3680043.8.498.39724352224865987155260818969890829035,35,3.3,1,True
1.2.826.0.1.3680043.8.498.63426442500798189991842988966227275166,lat_centre,132.323,-42.596,-20.192,0.0881,1.357,1.2.826.0.1.3680043.8.498.84713304702718085450567102969885335181,32,3.3,1,True
1.2.826.0.1.3680043.8.498.63439188800533762543950349022148547855,lat_centre,-130.086,-34.333,-10.607,0.1138,1.415,1.2.826.0.1.3680043.8.498.30219529160453052561435380589202631185,21,4.5,1,True
1.2.826.0.1.3680043.8.498.63510378689078892579575716369639643386,lat_centre,99.628,-34.965,-34.798,0.0919,0.685,1.2.826.0.1.3680043.8.498.39496989532030157851697744227887690907,30,3.5,1,True
1.2.826.0.1.3680043.8.498.63519003265636561965405570006747767668,lat_centre,-126.301,-12.835,-16.32,0.0866,1.008,1.2.826.0.1.3680043.8.498.11707117303091576895140578317291765989,33,3.3,1,True
1.2.826.0.1.3680043.8.498.63521033783841675104013677430088400343,lat_centre,115.842,-38.919,-48.376,0.1097,0.653,1.2.826.0.1.3680043.8.498.69595706427210978730878222923825889229,33,3.3,1,True
1.2.826.0.1.3680043.8.498.63521726454879203860288713455843702564,lat_centre,-136.371,-21.312,-27.154,0.1217,1.08,1.2.826.0.1.3680043.8.498.11402199844627729464380956162487413348,24,4.5,1,True
1.2.826.0.1.3680043.8.498.63539809431911516912857504094611479480,lat_centre,118.922,0.544,-12.559,0.1145,1.554,1.2.826.0.1.3680043.8.498.82961780735832174312994356345138130252,30,3.3,1,True
1.2.826.0.1.3680043.8.498.63550258873504696667112631869753870779,lat_centre,-134.302,-52.914,-35.029,0.1076,0.825,1.2.826.0.1.3680043.8.498.13200093433053279210568904891945219080,24,4.0,1,True
1.2.826.0.1.3680043.8.498.63556690547679257097888724096967682731,lat_centre,137.121,-43.805,-22.558,0.102,1.205,1.2.826.0.1.3680043.8.498.87615717504747758787305706509827425412,29,3.3,1,True
1.2.826.0.1.3680043.8.498.63564058504808107209753434989270686941,lat_centre,141.902,-44.075,-50.299,0.0849,0.577,1.2.826.0.1.3680043.8.498.87284732304973243560719844075161398428,30,3.3,1,True
1.2.826.0.1.3680043.8.498.63565089119380386830816381560603756258,lat_centre,-85.834,19.947,-37.949,0.1109,0.621,1.2.826.0.1.3680043.8.498.76104440137229874107171767725356509603,30,3.3,1,True
1.2.826.0.1.3680043.8.498.63584266247144369196126771996126173497,lat_centre,124.193,-39.008,-42.998,0.0648,0.703,1.2.826.0.1.3680043.8.498.77802863167492521733914559477254331229,40,0.4,8,True
1.2.826.0.1.3680043.8.498.63673733836218886397484265807806548473,lat_centre,112.643,-43.789,-17.439,0.0922,0.942,1.2.826.0.1.3680043.8.498.10103829221207766316467387736296654671,38,3.3,1,True
1.2.826.0.1.3680043.8.498.63683477631564232018930819747238111809,lat_centre,142.032,-45.091,18.066,0.0695,0.754,1.2.826.0.1.3680043.8.498.86926471095027623071896778697596637813,40,0.4,8,True
1.2.826.0.1.3680043.8.498.63726512375511246975989322174096818969,lat_centre,-109.036,-35.876,6.401,0.0829,0.857,1.2.826.0.1.3680043.8.498.24830026619245989120192410378102606807,26,4.0,1,True
1.2.826.0.1.3680043.8.498.63797588614544518196205411126336672334,lat_centre,-136.226,-45.757,3.891,0.0873,2.378,1.2.826.0.1.3680043.8.498.23993228475285857664708431307294110227,26,3.9,1,True
1.2.826.0.1.3680043.8.498.63849051301265505051181245915656194652,lat_centre,-117.334,-13.948,13.071,0.0958,0.688,1.2.826.0.1.3680043.8.498.38639091816096582739777967208449817760,32,3.51,1,True
1.2.826.0.1.3680043.8.498.63884838982826315257233262184190435906,lat_centre,-105.226,-1.251,-28.221,0.0876,0.419,1.2.826.0.1.3680043.8.498.82701079609040352459403864404290125531,34,3.0,1,True
1.2.826.0.1.3680043.8.498.63894147741855851067411708837856142566,lat_centre,137.143,-43.504,-2.609,0.0981,0.867,1.2.826.0.1.3680043.8.498.77628058722119927425041626229361842698,28,3.802,1,True
1.2.826.0.1.3680043.8.498.63986652686300452077410299429386420400,lat_centre,146.114,-19.678,-36.762,0.0868,0.284,1.2.826.0.1.3680043.8.498.13214029342533938517652352258439262599,28,3.5,1,True
1.2.826.0.1.3680043.8.498.64022112049842890696609934970222024490,lat_centre,125.721,-21.355,-20.233,0.0875,1.414,1.2.826.0.1.3680043.8.498.70745973073002788221936642810060809144,30,3.3,1,True
1.2.826.0.1.3680043.8.498.64022949342538714157641824612944253302,lat_centre,-94.819,53.929,0.15,0.092,1.056,1.2.826.0.1.3680043.8.498.11426830536881196254997158258771963347,30,3.3,1,True
1.2.826.0.1.3680043.8.498.64029768638431636860053484202080135316,lat_centre,-47.989,-20.305,-7.583,0.1295,0.736,1.2.826.0.1.3680043.8.498.66522863643571842033949316225159000904,18,4.5,1,True
1.2.826.0.1.3680043.8.498.64034149345689391514924451724232196567,lat_centre,-124.112,-14.264,-14.064,0.0923,0.353,1.2.826.0.1.3680043.8.498.56283714095107313607477606327242223936,47,2.2,1,True
1.2.826.0.1.3680043.8.498.64066465191710322298540005681534170036,lat_centre,-112.382,-8.025,-1.986,0.0996,1.2,1.2.826.0.1.3680043.8.498.62096756886898344100266223186038520531,40,3.3,1,True
1.2.826.0.1.3680043.8.498.64109231850522212435708176045583779359,lat_centre,128.334,-23.165,-6.196,0.095,0.937,1.2.826.0.1.3680043.8.498.43320620226749204901419630826990430488,25,3.66,1,True
1.2.826.0.1.3680043.8.498.64119798231341423127851203797783576453,lat_centre,-112.825,-42.745,19.575,0.085,0.687,1.2.826.0.1.3680043.8.498.76464933211712135417193862157471764296,30,3.3,1,True
1.2.826.0.1.3680043.8.498.64172939203926034064618447795131041647,lat_centre,142.086,-37.909,-18.69,0.0887,1.272,1.2.826.0.1.3680043.8.498.67047257877536729299971808226566111936,35,3.3,1,True
1.2.826.0.1.3680043.8.498.64186424577324542519674308830472181373,lat_centre,111.096,-7.04,-18.01,0.0883,1.348,1.2.826.0.1.3680043.8.498.10996717405139544747172286881682362734,33,3.3,1,True
1.2.826.0.1.3680043.8.498.64240637244650029205175793729578897734,lat_centre,-102.003,-7.643,-6.337,0.0862,0.516,1.2.826.0.1.3680043.8.498.12077212779807759818276628243296388723,36,0.89,4,True
1.2.826.0.1.3680043.8.498.64283618749539713756220539395944025878,lat_centre,-129.712,-3.725,-33.013,0.0821,0.509,1.2.826.0.1.3680043.8.498.13393672233063471019247009179033015677,33,3.3,1,True
1.2.826.0.1.3680043.8.498.64286017646659573966584053755363026715,lat_centre,-113.69,-13.728,14.036,0.0753,0.961,1.2.826.0.1.3680043.8.498.13169754981090483540437046811517453047,36,3.3,1,True
1.2.826.0.1.3680043.8.498.64325734401816269429960464734504322970,lat_centre,-111.541,-13.053,-19.335,0.0865,0.452,1.2.826.0.1.3680043.8.498.20079746419011240283924552945469032593,36,0.89,4,True
1.2.826.0.1.3680043.8.498.64381606512330581256470279413868645789,lat_centre,-106.378,-39.031,10.705,0.0909,0.956,1.2.826.0.1.3680043.8.498.30026869523470066525287675433013439947,30,3.3,1,True
1.2.826.0.1.3680043.8.498.64397747170052970974000650185716672477,lat_centre,-70.654,-5.962,-41.27,0.0787,0.656,1.2.826.0.1.3680043.8.498.40323360470056989279757172104261925043,25,3.85,1,True
1.2.826.0.1.3680043.8.498.64408609256163127278435484217683272910,lat_centre,-136.219,-36.728,-9.553,0.0865,1.013,1.2.826.0.1.3680043.8.498.84023125357692769372781062011831612118,33,3.9,1,True
1.2.826.0.1.3680043.8.498.64408775259838960958354835366765941676,lat_centre,129.894,-20.022,-20.729,0.1029,0.766,1.2.826.0.1.3680043.8.498.21399301839247047083815520829640051993,32,2.5,1,True
1.2.826.0.1.3680043.8.498.64421299492271548595446260681698412384,lat_centre,-104.465,-20.122,16.323,0.1148,1.161,1.2.826.0.1.3680043.8.498.35532073972503426890195038388931541011,28,3.6,1,True
1.2.826.0.1.3680043.8.498.64443149121726771900576109439951701105,lat_centre,-63.621,-23.608,-34.144,0.109,1.024,1.2.826.0.1.3680043.8.498.86594158605439781979916694360639878088,21,4.5,1,True
1.2.826.0.1.3680043.8.498.64487230511522940587342058274736571996,lat_centre,166.775,-55.81,-20.294,0.0812,1.545,1.2.826.0.1.3680043.8.498.96166048588616710058284477769637207310,24,4.0,1,True
1.2.826.0.1.3680043.8.498.64526757783166918696475501252110447010,lat_centre,118.699,-25.355,-28.928,0.0953,2.379,1.2.826.0.1.3680043.8.498.73905480236192005434917417408941160233,30,4.5,1,True
1.2.826.0.1.3680043.8.498.64527059976573114931020581328924993069,lat_centre,75.844,8.784,-27.877,0.0967,1.728,1.2.826.0.1.3680043.8.498.66384061581742012909314306481332185213,27,4.4,1,True
1.2.826.0.1.3680043.8.498.64590392444259942263746282444188079724,lat_centre,115.017,-43.881,-9.885,0.1028,0.476,1.2.826.0.1.3680043.8.498.46620490457499499940810187056751780570,34,2.75,1,True
1.2.826.0.1.3680043.8.498.64606794953061143951972249525094490665,lat_centre,-95.936,-51.37,-6.377,0.0981,1.122,1.2.826.0.1.3680043.8.498.99986085542110348438606173663301745221,19,4.6,1,True
1.2.826.0.1.3680043.8.498.64640435232894033317418319985727526223,lat_centre,86.259,-1.726,-57.732,0.0905,0.756,1.2.826.0.1.3680043.8.498.78066312822217701362909244324030093444,34,3.0,1,True
1.2.826.0.1.3680043.8.498.64652085172505930317660036583152917472,lat_centre,117.262,-38.931,3.142,0.0827,1.491,1.2.826.0.1.3680043.8.498.12667648147768154500887368119169716518,19,4.4,1,True
1.2.826.0.1.3680043.8.498.64663285742626599570990862360902141188,lat_centre,-99.351,-56.974,-16.249,0.0965,2.125,1.2.826.0.1.3680043.8.498.15315518228470640469531602983562969027,19,4.4,1,True
1.2.826.0.1.3680043.8.498.64673069370410118387363952155758553567,lat_centre,-137.142,-45.619,-10.333,0.0823,1.013,1.2.826.0.1.3680043.8.498.72858587233297410696360822025048253330,20,5.209,1,True
1.2.826.0.1.3680043.8.498.64703506772167798469048460791472465039,lat_centre,-106.606,-26.709,-20.982,0.0747,2.85,1.2.826.0.1.3680043.8.498.11346458840980855602023845654340426652,36,3.3,1,True
1.2.826.0.1.3680043.8.498.64752580249608101443758975861213065048,lat_centre,-103.682,-25.469,-44.356,0.0976,0.56,1.2.826.0.1.3680043.8.498.85425071758173895031556449522651678168,30,3.3,1,True
1.2.826.0.1.3680043.8.498.64865300853258390816475799272221318005,lat_centre,30.188,12.878,-25.709,0.0795,0.966,1.2.826.0.1.3680043.8.498.13358365066105430052213057181379916862,28,4.0,1,True
1.2.826.0.1.3680043.8.498.64897285598346101578442697515294908341,lat_centre,-99.125,15.395,-18.079,0.0859,2.24,1.2.826.0.1.3680043.8.498.11186943294297094768644960079939651613,24,3.9,1,True
1.2.826.0.1.3680043.8.498.64917073507426524387269500871970032783,lat_centre,-121.535,-31.024,-19.96,0.0872,1.309,1.2.826.0.1.3680043.8.498.71633769430706266279152741358388093384,35,3.3,1,True
1.2.826.0.1.3680043.8.498.64946212153370539647301308676689632525,lat_centre,-117.406,1.274,-20.778,0.0926,1.065,1.2.826.0.1.3680043.8.498.68480754941571710710249766540336360351,48,2.2,1,True
1.2.826.0.1.3680043.8.498.64950600385134699009390197520158979183,lat_centre,109.871,-32.994,-7.081,0.0951,0.594,1.2.826.0.1.3680043.8.498.60913862911783627335565621657244055405,34,2.75,1,True
1.2.826.0.1.3680043.8.498.65013994414976103275014874284064145461,lat_centre,-117.827,37.835,-37.867,0.0868,0.973,1.2.826.0.1.3680043.8.498.44534847026398229730024367165784964377,29,3.3,1,True
1.2.826.0.1.3680043.8.498.65077085081642080527129904737510276643,lat_centre,98.258,-13.843,-32.586,0.0939,1.189,1.2.826.0.1.3680043.8.498.12696627953245672082762230475561013788,34,3.0,1,True
1.2.826.0.1.3680043.8.498.65085954283273471512936799274064949557,lat_centre,-133.981,-29.257,-5.924,0.0672,1.101,1.2.826.0.1.3680043.8.498.30013272915674461759932000653521543568,31,2.75,1,True
1.2.826.0.1.3680043.8.498.65123055741109319778634264103224173252,lat_centre,113.854,-11.317,-40.904,0.0983,1.115,1.2.826.0.1.3680043.8.498.87718311149592737135750559019329224643,33,3.3,1,True
1.2.826.0.1.3680043.8.498.65124952546314712352837396207287384405,lat_centre,-94.43,-35.191,-44.96,0.1137,1.569,1.2.826.0.1.3680043.8.498.28856606482867879708228689682872985952,28,3.5,1,True
1.2.826.0.1.3680043.8.498.65160241567146620406193593170843451582,lat_centre,-136.11,-51.929,8.291,0.1028,0.883,1.2.826.0.1.3680043.8.498.12079416759919919507773340026925288914,34,2.75,1,True
1.2.826.0.1.3680043.8.498.65187850119346448625449915281726338455,lat_centre,-145.7,-48.561,-41.026,0.0961,1.818,1.2.826.0.1.3680043.8.498.10687946708881947473023379051556772839,32,3.5,1,True
1.2.826.0.1.3680043.8.498.65222333228514862688331581862087607325,lat_centre,114.935,-49.443,-7.331,0.1035,1.175,1.2.826.0.1.3680043.8.498.88388621331874734728400417717767727691,34,3.3,1,True
1.2.826.0.1.3680043.8.498.65224808465738083245406235000047993647,lat_centre,111.318,-48.437,-20.8,0.1134,0.773,1.2.826.0.1.3680043.8.498.11270823136130063217834066754751106458,32,3.3,1,True
1.2.826.0.1.3680043.8.498.65244223225926362862970496735749098549,lat_centre,105.294,4.655,1.857,0.1003,0.695,1.2.826.0.1.3680043.8.498.14059476891791615013295392196326209348,48,2.2,1,True
1.2.826.0.1.3680043.8.498.65312506382127486486519184894274326380,lat_centre,-91.798,-50.765,-19.267,0.076,3.615,1.2.826.0.1.3680043.8.498.12809141588602966110770372397964104529,19,4.4,1,True
1.2.826.0.1.3680043.8.498.65322445533737673246312151513913460816,lat_centre,107.265,-6.289,-13.508,0.0815,2.104,1.2.826.0.1.3680043.8.498.88963488228697613487806114325591585474,33,3.3,1,True
1.2.826.0.1.3680043.8.498.65356758967883114612797250487949537460,lat_centre,-138.169,-43.954,8.397,0.1304,0.793,1.2.826.0.1.3680043.8.498.77699500741973987453398327037825123435,28,3.5,1,True
1.2.826.0.1.3680043.8.498.65403984120528711726317048984986599537,lat_centre,-139.79,-51.435,12.3,0.0971,1.743,1.2.826.0.1.3680043.8.498.27555151041345516324135247398005699827,25,3.9,1,True
1.2.826.0.1.3680043.8.498.65438121008780366054026567981577676554,lat_centre,-130.036,-40.087,-12.017,0.093,0.575,1.2.826.0.1.3680043.8.498.28865323543337190573798178967930955247,34,3.3,1,True
1.2.826.0.1.3680043.8.498.65515828911930515002046151253057175178,lat_centre,114.637,-0.315,-11.15,0.0877,0.64,1.2.826.0.1.3680043.8.498.93116508758911487321670462070766179722,46,2.2,1,True
1.2.826.0.1.3680043.8.498.65524487168129064460609645228098420719,lat_centre,-137.263,-47.405,18.689,0.0833,0.938,1.2.826.0.1.3680043.8.498.36480041806010774525985248893473089744,30,3.3,1,True
1.2.826.0.1.3680043.8.498.65530757406333318449497070048719890442,lat_centre,-107.275,-56.345,2.254,0.0981,0.882,1.2.826.0.1.3680043.8.498.35624995629328099764752648243058770993,30,3.3,1,True
1.2.826.0.1.3680043.8.498.65543472488214519069910341591668399186,lat_centre,-144.457,-25.685,-18.475,0.1029,1.206,1.2.826.0.1.3680043.8.498.12146481844904820936876316123478837079,30,3.3,1,True
1.2.826.0.1.3680043.8.498.65547889329285432771702699287910809921,lat_centre,114.766,-14.061,-26.647,0.1041,1.389,1.2.826.0.1.3680043.8.498.12276218609335918444947846268031018813,32,3.3,1,True
1.2.826.0.1.3680043.8.498.65597375829884314152221851871550349856,lat_centre,-35.758,9.961,-1.402,0.0816,0.848,1.2.826.0.1.3680043.8.498.22358615316746570343697539079675270815,26,4.5,1,True
1.2.826.0.1.3680043.8.498.65607807464576681752987746458209389847,lat_centre,-128.288,-31.057,-36.36,0.118,0.508,1.2.826.0.1.3680043.8.498.10425948313696164109132063899695894955,29,3.3,1,True
1.2.826.0.1.3680043.8.498.65667678378249093118816281743956646856,lat_centre,119.806,-30.099,-11.363,0.1131,1.737,1.2.826.0.1.3680043.8.498.57677348651595775508988578990248724929,23,4.7,1,True
1.2.826.0.1.3680043.8.498.65703265163052901613211590083675186626,lat_centre,-100.164,0.807,-39.491,0.1048,0.226,1.2.826.0.1.3680043.8.498.60812631969664020066982298382853256916,32,3.3,1,True
1.2.826.0.1.3680043.8.498.65708905118633339771181857781063784327,lat_centre,132.394,-59.581,-42.422,0.0791,0.606,1.2.826.0.1.3680043.8.498.10112084932780945304334720849038611105,30,3.3,1,True
1.2.826.0.1.3680043.8.498.65715827585629489888518528736848969678,lat_centre,99.262,4.896,-5.755,0.093,0.554,1.2.826.0.1.3680043.8.498.42079770108947877834759865074786556920,31,3.0,1,True
1.2.826.0.1.3680043.8.498.65756786850574169314934708606155033765,lat_centre,-82.877,-24.828,1.003,0.1096,1.487,1.2.826.0.1.3680043.8.498.24980216166327521994696172777661804951,28,3.85,1,True
1.2.826.0.1.3680043.8.498.65763261177572072944828171262268039852,lat_centre,135.855,-29.003,-45.079,0.0787,0.903,1.2.826.0.1.3680043.8.498.51862577158388999698554214283119016496,35,3.3,1,True
1.2.826.0.1.3680043.8.498.65783500506568702195262661666345236666,lat_centre,-120.067,-43.614,-7.293,0.0736,0.657,1.2.826.0.1.3680043.8.498.65259994782268037285115841363755395706,29,3.3,1,True
1.2.826.0.1.3680043.8.498.65788206282522750507559682036750692505,lat_centre,-116.002,0.588,-1.562,0.1115,1.17,1.2.826.0.1.3680043.8.498.54097947152011765524913036272301837586,42,2.2,1,True
1.2.826.0.1.3680043.8.498.65792625478083832901309715174678358900,lat_centre,-104.602,-51.428,-28.884,0.1035,0.987,1.2.826.0.1.3680043.8.498.94242893551854623212066998398562573216,34,3.3,1,True
1.2.826.0.1.3680043.8.498.65809115193576546782858254430325338674,lat_centre,105.479,13.925,7.418,0.1408,1.381,1.2.826.0.1.3680043.8.498.89429417971216356986349754261428412047,22,4.0,1,True
1.2.826.0.1.3680043.8.498.65834774574423727070722226151408235786,lat_centre,146.402,-15.279,-36.881,0.0824,1.098,1.2.826.0.1.3680043.8.498.11055767268994596483900171149654699916,35,3.3,1,True
1.2.826.0.1.3680043.8.498.65855247249608663104822603172047250057,lat_centre,-121.369,-43.792,6.479,0.1065,0.542,1.2.826.0.1.3680043.8.498.10434437183731503926318092924693084202,30,3.3,1,True
1.2.826.0.1.3680043.8.498.65896962360688978581417748865609785541,lat_centre,114.073,-25.876,-39.469,0.1077,0.752,1.2.826.0.1.3680043.8.498.90190759149848869068858489655305149110,28,3.5,1,True
1.2.826.0.1.3680043.8.498.65909865035783831607773206653044421345,lat_centre,138.727,-13.521,-12.959,0.0712,1.67,1.2.826.0.1.3680043.8.498.60931403465305188619055218511800133810,28,3.5,1,True
1.2.826.0.1.3680043.8.498.65939700606136711089565313916789162980,lat_centre,-88.354,-5.858,21.086,0.1119,0.594,1.2.826.0.1.3680043.8.498.75700624966820701786273920367490983804,30,3.3,1,True
1.2.826.0.1.3680043.8.498.65959182350599581687336889990076028593,lat_centre,102.164,-104.99,0.365,0.1612,1.816,1.2.826.0.1.3680043.8.498.13228507435970096440464076629094416469,19,3.3,1,True
1.2.826.0.1.3680043.8.498.65977711270942843864266358352913175672,lat_centre,-126.053,-68.145,-32.369,0.0776,0.431,1.2.826.0.1.3680043.8.498.10464480004360837625595074152399093110,40,0.4,8,True
1.2.826.0.1.3680043.8.498.66020213859389864645118554257523478921,lat_centre,-125.893,-40.683,-7.885,0.0782,0.882,1.2.826.0.1.3680043.8.498.45177861295103560496373520447343650298,33,3.9,1,True
1.2.826.0.1.3680043.8.498.66022464665791424345622894674375661089,lat_centre,109.289,4.208,-9.279,0.0924,0.668,1.2.826.0.1.3680043.8.498.11109301460315477500153665675818486327,28,3.5,1,True
1.2.826.0.1.3680043.8.498.66031142975529812579758652269360365398,lat_centre,112.456,-71.765,0.682,0.0925,0.451,1.2.826.0.1.3680043.8.498.93248061954026560833033153514589483255,19,5.2,1,True
1.2.826.0.1.3680043.8.498.66065279867975557954375204776779208827,lat_centre,-109.098,6.226,-1.174,0.0631,1.487,1.2.826.0.1.3680043.8.498.56559430386428239403604339794002036242,24,3.9,1,True
1.2.826.0.1.3680043.8.498.66077420344931334696112616504179985591,lat_centre,108.133,-19.962,-28.21,0.0826,0.7,1.2.826.0.1.3680043.8.498.19608178277985096551001929848920035864,36,0.89,4,True
1.2.826.0.1.3680043.8.498.66083855405250624607521810369199218887,lat_centre,107.037,-11.256,-23.08,0.093,1.031,1.2.826.0.1.3680043.8.498.86511398670339211317510932924892125084,33,3.3,1,True
1.2.826.0.1.3680043.8.498.66156015559325316834458423557757995415,lat_centre,-120.3,-7.441,-35.981,0.1029,0.756,1.2.826.0.1.3680043.8.498.21773167454173796655181301314107244090,33,3.3,1,True
1.2.826.0.1.3680043.8.498.66199248385068685539872840826351152652,lat_centre,141.151,-29.714,-19.517,0.0869,0.472,1.2.826.0.1.3680043.8.498.37003961743486455118514513112661445006,33,3.3,1,True
1.2.826.0.1.3680043.8.498.66210455934011506415244876770725282769,lat_centre,-123.896,-53.056,-11.261,0.0865,0.856,1.2.826.0.1.3680043.8.498.12186284138382232794801177790233787165,25,4.4,1,True
1.2.826.0.1.3680043.8.498.66264392187277583747691643146920431469,lat_centre,-86.55,20.707,-69.605,0.1154,1.456,1.2.826.0.1.3680043.8.498.12332342061988753475376850783935282770,30,3.3,1,True
1.2.826.0.1.3680043.8.498.66287049728466409037095442705228040084,lat_centre,-123.593,-81.113,28.073,0.1109,1.056,1.2.826.0.1.3680043.8.498.11384086304522261622818486120566121463,28,3.3,1,True
1.2.826.0.1.3680043.8.498.66296018797614563698471347079960740755,lat_centre,-95.618,-26.868,-20.851,0.0932,1.605,1.2.826.0.1.3680043.8.498.12897558405178751949074468831467705658,19,4.6,1,True
1.2.826.0.1.3680043.8.498.66305771884507759587182077473863996177,lat_centre,105.116,-7.994,-23.632,0.0928,0.836,1.2.826.0.1.3680043.8.498.69850412482531731129305863633226404808,32,3.0,1,True
1.2.826.0.1.3680043.8.498.66308195780676793917989368423009849637,lat_centre,108.752,-16.684,32.418,0.0847,0.706,1.2.826.0.1.3680043.8.498.62755979382601467840049641589243339552,32,3.3,1,True
1.2.826.0.1.3680043.8.498.66321903250295261063309947910189882952,lat_centre,-135.826,-34.49,-7.6,0.0788,0.985,1.2.826.0.1.3680043.8.498.57517844980917118706737311816390181086,33,3.9,1,True
1.2.826.0.1.3680043.8.498.66327751482076404294387513492434577338,lat_centre,111.793,-54.052,-7.312,0.0942,0.84,1.2.826.0.1.3680043.8.498.64257312219074977882701684995620287859,31,3.3,1,True
1.2.826.0.1.3680043.8.498.66334686028272068369345540785320291695,lat_centre,90.692,-37.286,-18.444,0.1072,1.126,1.2.826.0.1.3680043.8.498.68897881993506986588905366885090064497,30,3.0,1,True
1.2.826.0.1.3680043.8.498.66364462115470823900176770413527217503,lat_centre,98.454,23.591,-28.822,0.1138,1.368,1.2.826.0.1.3680043.8.498.10303418742189183312908103451706690768,24,3.9,1,True
1.2.826.0.1.3680043.8.498.66401771232064170830621215861092532421,lat_centre,104.26,-69.505,-32.576,0.1201,0.55,1.2.826.0.1.3680043.8.498.23934541564833332807502725182368225009,19,4.4,1,True
1.2.826.0.1.3680043.8.498.66404725797392899950170138361835649917,lat_centre,-82.963,-37.51,-20.103,0.0766,0.935,1.2.826.0.1.3680043.8.498.41657003095861911492498175436740580783,27,3.5,1,True
1.2.826.0.1.3680043.8.498.66489634638847834550694493585147280754,lat_centre,132.058,-21.459,-18.288,0.0613,1.249,1.2.826.0.1.3680043.8.498.61354860830622797014016826798772935941,27,4.0,1,True
1.2.826.0.1.3680043.8.498.66510565421813721258189101326477318907,lat_centre,98.876,-0.285,-18.799,0.0948,0.866,1.2.826.0.1.3680043.8.498.47859841658098562420502827127295464176,33,3.3,1,True
1.2.826.0.1.3680043.8.498.66596090141798159058634289358454183351,lat_centre,-143.429,-22.766,-52.169,0.1146,0.412,1.2.826.0.1.3680043.8.498.62485436917119676944239599094688175127,30,3.3,1,True
1.2.826.0.1.3680043.8.498.66640124635222298792902508374800337726,lat_centre,-99.422,-1.426,-15.02,0.1424,1.087,1.2.826.0.1.3680043.8.498.10721930040806440262672100685601171884,26,4.0,1,True
1.2.826.0.1.3680043.8.498.66690100241274246406145618641481787709,lat_centre,40.727,11.898,-38.38,0.1001,0.787,1.2.826.0.1.3680043.8.498.64766686939936367783781813488216260246,26,4.0,1,True
1.2.826.0.1.3680043.8.498.66694519343321893230666089565893349853,lat_centre,93.143,-75.309,-13.724,0.0973,1.293,1.2.826.0.1.3680043.8.498.13026239692059573908650878295033168527,19,4.4,1,True
1.2.826.0.1.3680043.8.498.66737859593831436259089736126768464771,lat_centre,113.885,-6.772,-31.152,0.1202,1.556,1.2.826.0.1.3680043.8.498.22038110406001331771551616600544414113,25,3.3,1,True
1.2.826.0.1.3680043.8.498.66805139646641294853509958688742554525,lat_centre,119.809,-48.282,-16.292,0.0943,1.257,1.2.826.0.1.3680043.8.498.40724760637866088010591755643237868000,34,3.3,1,True
1.2.826.0.1.3680043.8.498.66841103065389483583108279900721522084,lat_centre,92.803,7.441,-52.674,0.094,1.574,1.2.826.0.1.3680043.8.498.57211812527316038983250261421623423769,26,4.52,1,True
1.2.826.0.1.3680043.8.498.66865810098959732285731429066569782524,lat_centre,-134.448,-56.495,11.96,0.0811,1.431,1.2.826.0.1.3680043.8.498.44617454016541159177878134881546178470,32,3.3,1,True
1.2.826.0.1.3680043.8.498.66960891947495601371173426277430301127,lat_centre,-113.827,-54.77,-1.24,0.0928,0.421,1.2.826.0.1.3680043.8.498.92851410459352681137187451033126265691,32,3.3,1,True
1.2.826.0.1.3680043.8.498.66973089869591928349547584554030589647,lat_centre,28.576,15.518,-6.031,0.0761,1.551,1.2.826.0.1.3680043.8.498.33105188897240176313001312363477842155,26,4.0,1,True
1.2.826.0.1.3680043.8.498.66993076561387452114335652021593805727,lat_centre,-111.266,-13.625,-17.556,0.0993,1.932,1.2.826.0.1.3680043.8.498.40719455560690551969644937543319761155,33,3.3,1,True
1.2.826.0.1.3680043.8.498.67001329390153622359718581388215312710,lat_centre,130.879,-37.493,-22.165,0.0822,1.387,1.2.826.0.1.3680043.8.498.11440589521369316786417618218835729125,40,0.4,8,True
1.2.826.0.1.3680043.8.498.67153684605171746899496816770567866269,lat_centre,-104.741,-19.645,-3.144,0.107,2.247,1.2.826.0.1.3680043.8.498.47842987401818702129631112790380221388,29,3.6,1,True
1.2.826.0.1.3680043.8.498.67157948144868269956661697924341234924,lat_centre,-103.992,-25.51,-33.788,0.0649,1.505,1.2.826.0.1.3680043.8.498.10460485878483105547201094265537558844,33,3.9,1,True
1.2.826.0.1.3680043.8.498.67181088492292316990397177612918195713,lat_centre,108.286,-11.282,-20.809,0.1107,1.47,1.2.826.0.1.3680043.8.498.96655386006846869692900577526010356100,34,3.0,1,True
1.2.826.0.1.3680043.8.498.67188121544063723837669983597453941774,lat_centre,-133.271,-16.581,-23.114,0.1064,1.028,1.2.826.0.1.3680043.8.498.11649991991434619892200264178265226078,26,4.5,1,True
1.2.826.0.1.3680043.8.498.67189969532330535369638450306601659967,lat_centre,96.981,-64.222,-23.937,0.1105,1.148,1.2.826.0.1.3680043.8.498.11884598424174300852967306772358545434,19,4.4,1,True
1.2.826.0.1.3680043.8.498.67208608901061914528631080268819069203,lat_centre,-135.762,-35.578,-3.442,0.0966,1.003,1.2.826.0.1.3680043.8.498.64115589406349254885377271313332221784,27,3.94,1,True
1.2.826.0.1.3680043.8.498.67238774585857531338533947812568490258,lat_centre,-110.897,-14.718,20.19,0.1104,1.332,1.2.826.0.1.3680043.8.498.29693935867150799452372464104395993888,32,3.3,1,True
1.2.826.0.1.3680043.8.498.67281816624401881515444587844116136597,lat_centre,110.498,-1.533,-12.53,0.1003,1.056,1.2.826.0.1.3680043.8.498.31168475846276210690002160150425968889,36,3.3,1,True
1.2.826.0.1.3680043.8.498.67284681623851829916403311739987186159,lat_centre,136.13,-44.626,-12.989,0.0817,1.414,1.2.826.0.1.3680043.8.498.71247259927577053106344775398120749303,40,0.4,8,True
1.2.826.0.1.3680043.8.498.67374476726034608591738910363595695123,lat_centre,-133.209,-44.181,-13.487,0.1125,1.131,1.2.826.0.1.3680043.8.498.87039166220147038118219057767712240609,25,3.85,1,True
1.2.826.0.1.3680043.8.498.67386780309737226410965627751074124678,lat_centre,144.016,-40.095,-7.066,0.0972,1.763,1.2.826.0.1.3680043.8.498.39299993324033442890190617209469179112,27,4.5,1,True
1.2.826.0.1.3680043.8.498.67397756161011684282778294948252031539,lat_centre,103.363,-55.447,-26.8,0.0985,1.181,1.2.826.0.1.3680043.8.498.22507961417250728785005567246678085153,21,4.5,1,True
1.2.826.0.1.3680043.8.498.67404282038417089622852480023919627784,lat_centre,93.889,15.186,-30.785,0.1044,0.904,1.2.826.0.1.3680043.8.498.62209322614278118294773741892554635999,25,3.6,1,True
1.2.826.0.1.3680043.8.498.67456402757136973484427155324664966595,lat_centre,52.043,-29.387,-22.223,0.0968,2.676,1.2.826.0.1.3680043.8.498.10649182370454826143320155544538087184,28,3.5,1,True
1.2.826.0.1.3680043.8.498.67468397709097947104298147948850473142,lat_centre,112.911,-49.273,-11.48,0.0942,0.986,1.2.826.0.1.3680043.8.498.25924098772464872727070036875051449808,31,3.3,1,True
1.2.826.0.1.3680043.8.498.67490059263503953166467514121525025332,lat_centre,101.958,-15.603,-5.643,0.1018,0.655,1.2.826.0.1.3680043.8.498.12356153610773960444399949403102629003,33,3.3,1,True
1.2.826.0.1.3680043.8.498.67498362978754615554767658151787188674,lat_centre,-102.346,-27.059,21.205,0.1086,0.476,1.2.826.0.1.3680043.8.498.12556389596317049931980418068213540723,32,3.3,1,True
1.2.826.0.1.3680043.8.498.67527486841399075490744039058207332725,lat_centre,-132.909,-40.613,-21.897,0.0952,1.569,1.2.826.0.1.3680043.8.498.10772926725835587405920276049667707864,29,3.3,1,True
1.2.826.0.1.3680043.8.498.67550262192397377344258276170992188234,lat_centre,120.943,-39.498,-32.547,0.0789,0.65,1.2.826.0.1.3680043.8.498.73235436060469364028937479210954377254,30,3.5,1,True
1.2.826.0.1.3680043.8.498.67601368724828563564325678719126190797,lat_centre,-12.193,5.356,-47.936,0.0947,1.646,1.2.826.0.1.3680043.8.498.14792789514188114977884276314769720776,27,3.45,1,True
1.2.826.0.1.3680043.8.498.67613388743126519966672593774754849330,lat_centre,145.389,-31.645,-11.483,0.0968,1.236,1.2.826.0.1.3680043.8.498.81937290804235659605660488362505752733,30,3.5,1,True
1.2.826.0.1.3680043.8.498.67620512607520186685421323991166816451,lat_centre,-123.238,5.004,-30.416,0.0996,0.746,1.2.826.0.1.3680043.8.498.37532972168562668875685995557610180338,48,2.2,1,True
1.2.826.0.1.3680043.8.498.67678576373934022409084801948795250361,lat_centre,128.876,-48.147,-15.589,0.1052,0.639,1.2.826.0.1.3680043.8.498.58954509536063737176176138061097173634,29,3.3,1,True
1.2.826.0.1.3680043.8.498.67690090498828405347380696553164435363,lat_centre,-111.006,-43.259,-38.466,0.0771,0.775,1.2.826.0.1.3680043.8.498.84889752217395965346145917211333095953,30,3.3,1,True
1.2.826.0.1.3680043.8.498.67705068860320494485379949506807098172,lat_centre,85.346,-4.429,-25.274,0.0953,1.0,1.2.826.0.1.3680043.8.498.11441652382915702972273038283599000118,33,3.3,1,True
1.2.826.0.1.3680043.8.498.67716063997837501476742746033172868748,lat_centre,-97.849,2.018,11.171,0.0998,0.609,1.2.826.0.1.3680043.8.498.12221717693102676812248357495883152170,32,3.0,1,True
1.2.826.0.1.3680043.8.498.67739091465243228820766982459725849814,lat_centre,-107.228,-0.683,-50.226,0.0993,0.422,1.2.826.0.1.3680043.8.498.11451933712824617963972109165694487139,33,3.3,1,True
1.2.826.0.1.3680043.8.498.67740000270419228186274186410889719154,lat_centre,102.462,26.494,-51.443,0.114,0.974,1.2.826.0.1.3680043.8.498.22493537213815330481964488236655387226,30,3.3,1,True
1.2.826.0.1.3680043.8.498.67772676243889350087068112324015156848,lat_centre,60.716,-14.242,-28.351,0.1041,1.654,1.2.826.0.1.3680043.8.498.33751250667767459127427068683557283589,19,4.4,1,True
1.2.826.0.1.3680043.8.498.67775301856843451215029610725114809378,lat_centre,-140.73,-14.108,-47.393,0.08,2.079,1.2.826.0.1.3680043.8.498.13119231995932072434637450001033725215,33,3.9,1,True
1.2.826.0.1.3680043.8.498.67788047649994083591931245362169694306,lat_centre,-101.785,-3.519,-18.724,0.0859,0.83,1.2.826.0.1.3680043.8.498.42566203403677500046213849895864637152,33,3.3,1,True
1.2.826.0.1.3680043.8.498.67817378785531423675449308236680249899,lat_centre,123.867,-9.261,-9.916,0.0974,1.128,1.2.826.0.1.3680043.8.498.95414086852935200731373546880527851523,48,2.2,1,True
1.2.826.0.1.3680043.8.498.67860057199678546706175336855949799228,lat_centre,-151.69,-56.539,-5.856,0.0954,1.903,1.2.826.0.1.3680043.8.498.36075337496988690467722162928005326868,24,4.0,1,True
1.2.826.0.1.3680043.8.498.67875980316053973061252844698884229168,lat_centre,-39.303,-9.304,-32.034,0.0941,0.479,1.2.826.0.1.3680043.8.498.23031722909840698572229158615423899669,20,4.4,1,True
1.2.826.0.1.3680043.8.498.67901792488494108577057563458320460313,lat_centre,93.429,-19.421,-38.82,0.0909,1.016,1.2.826.0.1.3680043.8.498.27788721215395935872425225307543344750,28,3.3,1,True
1.2.826.0.1.3680043.8.498.67902658411525109462089381503197501728,lat_centre,123.682,-41.018,-16.395,0.0875,1.115,1.2.826.0.1.3680043.8.498.82197424796033634049152833817744510118,29,3.3,1,True
1.2.826.0.1.3680043.8.498.67931702364673809781455566584550075686,lat_centre,99.606,-17.687,9.283,0.1008,1.706,1.2.826.0.1.3680043.8.498.48227022596158140649147152591201934699,29,3.6,1,True
1.2.826.0.1.3680043.8.498.67941678374744711267840655419606994796,lat_centre,-83.318,23.232,-44.591,0.1258,0.919,1.2.826.0.1.3680043.8.498.71243481241549497858525638697599209569,23,4.52,1,True
1.2.826.0.1.3680043.8.498.67958551704692248657133951054036903879,lat_centre,-109.488,-7.956,-33.969,0.076,0.728,1.2.826.0.1.3680043.8.498.86056078538848220922935648699359794769,38,3.3,1,True
1.2.826.0.1.3680043.8.498.67981157392064878495682078197161506255,lat_centre,32.948,13.127,-8.712,0.1133,0.673,1.2.826.0.1.3680043.8.498.12875804464444715918718676777232738119,24,4.4,1,True
1.2.826.0.1.3680043.8.498.67981539513814867568631217960473023750,lat_centre,123.961,-6.082,-3.821,0.0953,0.565,1.2.826.0.1.3680043.8.498.16343445549539481755519163448569026379,45,2.2,1,True
1.2.826.0.1.3680043.8.498.68042422993686716523227090971667037309,lat_centre,94.157,0.079,-27.197,0.0879,1.298,1.2.826.0.1.3680043.8.498.26811453926210319576114015874060952285,36,0.89,4,True
1.2.826.0.1.3680043.8.498.68079818232244983808025467536454890669,lat_centre,-20.666,7.262,-27.124,0.1082,1.571,1.2.826.0.1.3680043.8.498.12130880002847003913625830745806455769,22,4.0,1,True
1.2.826.0.1.3680043.8.498.68098431505945078581285587720599762771,lat_centre,-148.867,-53.135,-9.378,0.1085,0.757,1.2.826.0.1.3680043.8.498.27709113386696003649553252828819287944,28,4.0,1,True
1.2.826.0.1.3680043.8.498.68106879690636836695681159513106553666,lat_centre,-108.063,-3.645,-15.191,0.108,0.633,1.2.826.0.1.3680043.8.498.89052118222029249616470832432568463561,29,4.0,1,True
1.2.826.0.1.3680043.8.498.68115220080063728900711167735074276147,lat_centre,122.879,-38.987,6.931,0.1036,0.832,1.2.826.0.1.3680043.8.498.10792264221541475017018535455022492835,29,3.3,1,True
1.2.826.0.1.3680043.8.498.68131564130881160284492534203572971623,lat_centre,125.512,-38.995,0.474,0.0804,1.131,1.2.826.0.1.3680043.8.498.10070752204992084677370638694884209737,29,3.3,1,True
1.2.826.0.1.3680043.8.498.68142054543837964766571710567214307830,lat_centre,106.978,-32.538,-23.09,0.0795,2.302,1.2.826.0.1.3680043.8.498.49124506608656023756731738126141069915,34,3.3,1,True
1.2.826.0.1.3680043.8.498.68158735450883179427440578190038002606,lat_centre,-138.537,-51.761,-9.438,0.0933,0.519,1.2.826.0.1.3680043.8.498.11987106705696261717141057537635872751,29,3.3,1,True
1.2.826.0.1.3680043.8.498.68166103964518457268906879600985959436,lat_centre,-101.526,6.322,-19.699,0.0913,1.68,1.2.826.0.1.3680043.8.498.97810471173009572413619547458505899286,24,3.9,1,True
1.2.826.0.1.3680043.8.498.68168197665046786209369894696801397179,lat_centre,-114.791,-3.846,-25.57,0.1023,1.046,1.2.826.0.1.3680043.8.498.37455864723963103288038733569737831064,33,3.3,1,True
1.2.826.0.1.3680043.8.498.68176786698913278568384612123261229708,lat_centre,-109.893,-50.901,-4.86,0.0864,0.865,1.2.826.0.1.3680043.8.498.80208780905112574949078788330795491964,36,3.3,1,True
1.2.826.0.1.3680043.8.498.68219942161081583831276769978472014317,lat_centre,-131.967,-40.479,-7.792,0.0725,1.169,1.2.826.0.1.3680043.8.498.66482666282269169537517381155430118778,29,3.3,1,True
1.2.826.0.1.3680043.8.498.68236154531625015457518732674625182872,lat_centre,123.984,-5.099,-36.327,0.0749,1.348,1.2.826.0.1.3680043.8.498.62874193017887175322159555921552439396,28,3.5,1,True
1.2.826.0.1.3680043.8.498.68256141451764547710152696919981893952,lat_centre,87.249,-13.216,-40.675,0.0802,0.399,1.2.826.0.1.3680043.8.498.67155541936366969753081122157648454527,32,3.51,1,True
1.2.826.0.1.3680043.8.498.68263925314265871578642679583159577645,lat_centre,-151.232,-58.531,-11.384,0.1248,0.761,1.2.826.0.1.3680043.8.498.11050082121602659922250816672659054670,20,4.5,1,True
1.2.826.0.1.3680043.8.498.68264559730756309944466784364591509088,lat_centre,123.176,-43.021,-27.416,0.0729,2.671,1.2.826.0.1.3680043.8.498.13700537862993732876991435540356166382,25,4.5,1,True
1.2.826.0.1.3680043.8.498.68304853223764870957854101604223809218,lat_centre,-100.398,-28.002,2.778,0.0775,0.886,1.2.826.0.1.3680043.8.498.32414470756169453235461020424975559311,36,0.89,4,True
1.2.826.0.1.3680043.8.498.68328371080087298795966933114044350359,lat_centre,102.638,9.109,-37.033,0.1178,1.422,1.2.826.0.1.3680043.8.498.12162807264830476201820384084829011924,25,3.6,1,True
1.2.826.0.1.3680043.8.498.68328948893840135511720724977892905019,lat_centre,99.671,-0.422,-47.163,0.107,1.223,1.2.826.0.1.3680043.8.498.21092723223052181748842858665356605007,34,3.0,1,True
1.2.826.0.1.3680043.8.498.68434116759606759586218589635360502038,lat_centre,101.479,-9.181,-14.649,0.1054,1.448,1.2.826.0.1.3680043.8.498.16676263877661139413657746558499059461,36,3.3,1,True
1.2.826.0.1.3680043.8.498.68434323590918408241182252996136001891,lat_centre,98.303,-6.333,-26.244,0.0851,1.084,1.2.826.0.1.3680043.8.498.13010049157711732519071486398572045185,34,3.0,1,True
1.2.826.0.1.3680043.8.498.68435927323644457286635872824563629385,lat_centre,93.729,-12.855,-15.825,0.1046,1.479,1.2.826.0.1.3680043.8.498.57395278214033364260511828049134372978,34,3.0,1,True
1.2.826.0.1.3680043.8.498.68442883836038453562548037358230921748,lat_centre,125.654,-8.105,-72.28,0.1048,1.387,1.2.826.0.1.3680043.8.498.89141834960996043733885708436424739792,31,3.6,1,True
1.2.826.0.1.3680043.8.498.68448811873610037553554213141537599150,lat_centre,111.549,-28.278,-19.434,0.0824,1.093,1.2.826.0.1.3680043.8.498.13411041938249749141790162040363951885,30,3.3,1,True
1.2.826.0.1.3680043.8.498.68504220056564878621959394439671931747,lat_centre,106.848,-9.723,-22.75,0.0893,0.925,1.2.826.0.1.3680043.8.498.73540242461191250812646859309355703332,32,3.3,1,True
1.2.826.0.1.3680043.8.498.68524920268469128133836299591793117756,lat_centre,-128.463,-43.623,-10.918,0.0689,1.09,1.2.826.0.1.3680043.8.498.80610281930612850015521435165960719756,30,3.3,1,True
1.2.826.0.1.3680043.8.498.68570907895010847368926943092385685462,lat_centre,71.018,5.859,-22.649,0.1315,1.652,1.2.826.0.1.3680043.8.498.10032396632993060281858093554269204879,25,4.0,1,True
1.2.826.0.1.3680043.8.498.68576465611266620513305434082656807028,lat_centre,123.99,-9.967,-8.261,0.0882,1.028,1.2.826.0.1.3680043.8.498.14592434379858044502275797908573855488,32,3.51,1,True
1.2.826.0.1.3680043.8.498.68578659816221770558506780445608768600,lat_centre,-76.46,11.551,-24.221,0.113,0.714,1.2.826.0.1.3680043.8.498.99611318727588774773144842992329800692,30,3.3,1,True
1.2.826.0.1.3680043.8.498.68593524008570334427931338225473487643,lat_centre,-91.03,-47.599,-42.756,0.0546,0.964,1.2.826.0.1.3680043.8.498.43379025446875214272088597443050962675,19,4.6,1,True
1.2.826.0.1.3680043.8.498.68637419175382604890136839259344633105,lat_centre,-116.959,4.064,-24.693,0.0946,0.702,1.2.826.0.1.3680043.8.498.97709482621437603992008839785909270240,43,2.2,1,True
1.2.826.0.1.3680043.8.498.68668620295929607459355154952035421306,lat_centre,112.384,-47.42,-19.214,0.0966,0.741,1.2.826.0.1.3680043.8.498.24423254443828559544786519275199482403,30,3.3,1,True
1.2.826.0.1.3680043.8.498.68707023438918237611039069622720041636,lat_centre,-118.905,-44.012,-34.168,0.0957,0.795,1.2.826.0.1.3680043.8.498.67694592979355125885274188847907706765,35,3.3,1,True
1.2.826.0.1.3680043.8.498.68740466085414970518655922465908223436,lat_centre,-140.743,-50.136,34.309,0.1024,0.881,1.2.826.0.1.3680043.8.498.30596741791710556139477879259185063794,22,4.35,1,True
1.2.826.0.1.3680043.8.498.68744926735490285461495285547312308522,lat_centre,134.728,-29.586,-24.39,0.0886,1.358,1.2.826.0.1.3680043.8.498.35475698516127388191488706984816169817,29,3.3,1,True
1.2.826.0.1.3680043.8.498.68769474672202195228430674317444754835,lat_centre,131.204,-61.847,-19.38,0.0661,0.713,1.2.826.0.1.3680043.8.498.92014931816257938935651731086662408144,40,0.4,8,True
1.2.826.0.1.3680043.8.498.68777783869253673804970857981124324335,lat_centre,93.582,-14.512,-26.363,0.096,1.553,1.2.826.0.1.3680043.8.498.76123865232882119139470063579377656630,34,3.0,1,True
1.2.826.0.1.3680043.8.498.68799355386870083063665227055340582612,lat_centre,-90.004,-3.464,14.113,0.1178,0.836,1.2.826.0.1.3680043.8.498.58303791169596889439171852079896802745,25,3.3,1,True
1.2.826.0.1.3680043.8.498.68806105227826942108149090508198910591,lat_centre,91.582,-19.046,-42.781,0.0751,0.707,1.2.826.0.1.3680043.8.498.66698686335810612167034405396226803158,47,3.3,1,True
1.2.826.0.1.3680043.8.498.68862684196934468400953020419415008157,lat_centre,72.017,21.057,-25.135,0.1295,0.879,1.2.826.0.1.3680043.8.498.35893658552374639529539901045602783184,28,4.0,1,True
1.2.826.0.1.3680043.8.498.68919687595587004665658610968739852899,lat_centre,-103.135,2.057,3.341,0.1076,0.688,1.2.826.0.1.3680043.8.498.12487049535759177511986975104046891158,30,3.3,1,True
1.2.826.0.1.3680043.8.498.68931510756844060683643298583132884960,lat_centre,-118.806,-61.996,-53.017,0.1109,0.616,1.2.826.0.1.3680043.8.498.19235121870397736279796190725857875523,21,4.5,1,True
1.2.826.0.1.3680043.8.498.68969263295435881669720950631709959471,lat_centre,-107.097,-1.141,-59.221,0.0986,1.219,1.2.826.0.1.3680043.8.498.11337729390209490819525006507805453550,33,3.3,1,True
1.2.826.0.1.3680043.8.498.68971603226593154050514800137550171537,lat_centre,-100.182,-65.551,4.411,0.0896,0.976,1.2.826.0.1.3680043.8.498.99309640996043952947913027941779694256,19,4.4,1,True
1.2.826.0.1.3680043.8.498.69002590469755721401448924002989552840,lat_centre,103.063,-19.024,5.882,0.0988,0.864,1.2.826.0.1.3680043.8.498.14502613175910674899632692814882759011,29,3.6,1,True
1.2.826.0.1.3680043.8.498.69033651423155214548081618535669641812,lat_centre,-106.833,-44.704,-8.078,0.104,0.865,1.2.826.0.1.3680043.8.498.64286714071449175801679188359427475014,30,3.3,1,True
1.2.826.0.1.3680043.8.498.69077351372476086930472412978307038819,lat_centre,69.967,17.218,-9.577,0.1227,1.612,1.2.826.0.1.3680043.8.498.74767954159147731439215137785186844702,23,4.8,1,True
1.2.826.0.1.3680043.8.498.69131433601281694165384475765166382765,lat_centre,111.503,-15.995,-7.924,0.0859,0.828,1.2.826.0.1.3680043.8.498.12674313096538330554659529722601443307,36,0.89,4,True
1.2.826.0.1.3680043.8.498.69141410772327587821159027820329185006,lat_centre,101.172,-40.43,-26.701,0.0918,0.562,1.2.826.0.1.3680043.8.498.43388316874692092214590338416994212300,30,3.3,1,True
1.2.826.0.1.3680043.8.498.69156800026549034619316278954442147703,lat_centre,-133.023,-45.622,-9.684,0.1053,0.548,1.2.826.0.1.3680043.8.498.87942916680750959751026337111981677211,29,3.3,1,True
1.2.826.0.1.3680043.8.498.69212713525853754921729012449897924087,lat_centre,-146.806,-46.74,-13.68,0.0593,1.167,1.2.826.0.1.3680043.8.498.11635625801501139768135073994413175721,24,4.0,1,True
1.2.826.0.1.3680043.8.498.69236835611860340913671698884308946455,lat_centre,-131.263,-10.772,-0.285,0.0885,1.11,1.2.826.0.1.3680043.8.498.12601349571192885112616803874110138652,32,3.3,1,True
1.2.826.0.1.3680043.8.498.69260280362382086729793018979234418276,lat_centre,-135.558,-13.328,-41.155,0.0878,0.259,1.2.826.0.1.3680043.8.498.10754437641104765150972899083881140720,35,3.3,1,True
1.2.826.0.1.3680043.8.498.69267821440055811776827497076481587198,lat_centre,-148.806,15.049,-18.079,0.0979,2.35,1.2.826.0.1.3680043.8.498.12790264401692992085871757140455328710,27,4.5,1,True
1.2.826.0.1.3680043.8.498.69311065409015951283858403030798356475,lat_centre,103.397,-20.137,-14.935,0.1003,1.349,1.2.826.0.1.3680043.8.498.11989408033844847960376383704457279670,33,3.3,1,True
1.2.826.0.1.3680043.8.498.69392348385274125385290015404144639002,lat_centre,144.302,-57.857,0.443,0.0838,0.88,1.2.826.0.1.3680043.8.498.79225807496183598139611165476901586908,22,4.5,1,True
1.2.826.0.1.3680043.8.498.69397705155385306818511499752200941968,lat_centre,-92.559,23.918,-57.288,0.1174,1.619,1.2.826.0.1.3680043.8.498.85528417357662351465916243568924561591,23,4.8,1,True
1.2.826.0.1.3680043.8.498.69411539430142524612470544041263824359,lat_centre,119.248,-21.973,-38.406,0.1009,1.17,1.2.826.0.1.3680043.8.498.25498412574658490847016394149215008424,40,3.3,1,True
1.2.826.0.1.3680043.8.498.69417319234704516520173921900954337376,lat_centre,-108.87,-11.375,-4.791,0.1061,1.037,1.2.826.0.1.3680043.8.498.61830153207462382675820314073373429889,30,3.3,1,True
1.2.826.0.1.3680043.8.498.69429384137362531712760113705595820981,lat_centre,104.766,-15.262,-4.084,0.0971,0.92,1.2.826.0.1.3680043.8.498.82366966695051419751810080698431337022,32,3.3,1,True
1.2.826.0.1.3680043.8.498.69470130842235635628917024269527211321,lat_centre,96.957,-8.2,-11.732,0.1034,0.961,1.2.826.0.1.3680043.8.498.91586168363309057011012255529469535740,32,3.3,1,True
1.2.826.0.1.3680043.8.498.69495014653333523580255444915082056825,lat_centre,90.916,-39.589,-18.975,0.0858,1.4,1.2.826.0.1.3680043.8.498.98947206047549908583571863498014703128,35,3.3,1,True
1.2.826.0.1.3680043.8.498.69514709065182531331987458626496800737,lat_centre,107.459,59.979,-34.685,0.0878,1.649,1.2.826.0.1.3680043.8.498.14132567251985401960918884154460197678,26,4.0,1,True
1.2.826.0.1.3680043.8.498.69544085715595825083308172629360899339,lat_centre,81.898,-15.68,-10.486,0.092,0.93,1.2.826.0.1.3680043.8.498.65705205611632208835103935559443461863,33,3.3,1,True
1.2.826.0.1.3680043.8.498.69596668032633976121623939445795750384,lat_centre,-127.394,-73.732,28.841,0.1068,0.636,1.2.826.0.1.3680043.8.498.47209235992417625554242714107231608812,21,4.5,1,True
1.2.826.0.1.3680043.8.498.69632034454628807663252084651278084839,lat_centre,121.121,-53.664,-35.27,0.0951,0.844,1.2.826.0.1.3680043.8.498.23635619564002041421714019851740621252,31,3.3,1,True
1.2.826.0.1.3680043.8.498.69635429172929809539574727887787303282,lat_centre,-135.984,-45.907,8.423,0.1054,1.161,1.2.826.0.1.3680043.8.498.26714728473558346179119984270345002086,35,3.0,1,True
1.2.826.0.1.3680043.8.498.69654898267139720912940475772303404772,lat_centre,126.873,-49.355,-8.143,0.1004,1.293,1.2.826.0.1.3680043.8.498.11722337243519359188271529022245204447,25,3.773,1,True
1.2.826.0.1.3680043.8.498.69665129458102359604411189244405850661,lat_centre,-97.466,-45.99,-8.718,0.0906,0.813,1.2.826.0.1.3680043.8.498.28403877344399784966976582495046909483,34,3.3,1,True
1.2.826.0.1.3680043.8.498.69673283369917182409597968479300552579,lat_centre,-106.075,-45.792,-8.781,0.096,0.935,1.2.826.0.1.3680043.8.498.76708918360436892899346996346953494310,32,3.3,1,True
1.2.826.0.1.3680043.8.498.69717507929047897681405659943474469018,lat_centre,-122.406,-6.315,-44.907,0.1002,1.513,1.2.826.0.1.3680043.8.498.73036089343600365050541020935843920130,24,3.9,1,True
1.2.826.0.1.3680043.8.498.69729903409900053570304330127687235813,lat_centre,-129.182,-32.551,-8.971,0.0939,1.018,1.2.826.0.1.3680043.8.498.12529259750687501204315422143619660396,29,3.3,1,True
1.2.826.0.1.3680043.8.498.69730556680449158538173708009262014812,lat_centre,88.135,-79.392,-40.009,0.1096,0.51,1.2.826.0.1.3680043.8.498.14811929940989003099023863711252705513,19,4.4,1,True
1.2.826.0.1.3680043.8.498.69755849784902271124335765927125722483,lat_centre,119.811,-15.729,-7.475,0.0819,1.562,1.2.826.0.1.3680043.8.498.89721658251537521534613858133914953954,36,3.3,1,True
1.2.826.0.1.3680043.8.498.69828573582708185393942443598783108800,lat_centre,-84.585,50.55,-15.655,0.0805,1.116,1.2.826.0.1.3680043.8.498.10426908051287807982200701421718276110,26,4.5,1,True
1.2.826.0.1.3680043.8.498.69846596572083911408018130524077120494,lat_centre,127.885,42.64,-28.237,0.0957,1.038,1.2.826.0.1.3680043.8.498.10517324299134749383898739890805847981,26,4.5,1,True
1.2.826.0.1.3680043.8.498.69917156795941398965793962392683899162,lat_centre,-136.658,-60.553,-29.765,0.0848,1.119,1.2.826.0.1.3680043.8.498.80702477113993294343358436578225501190,22,4.435,1,True
1.2.826.0.1.3680043.8.498.69930569170269472474738549886709596023,lat_centre,-114.021,-100.118,-48.949,0.0889,2.166,1.2.826.0.1.3680043.8.498.61563599547411757103026635355865438507,19,5.4,1,True
1.2.826.0.1.3680043.8.498.69954533310505596128507234525019777805,lat_centre,-96.43,15.754,-58.323,0.106,2.361,1.2.826.0.1.3680043.8.498.15407752643441383182744250201877231600,30,3.3,1,True
1.2.826.0.1.3680043.8.498.70124572708965486791612654433965515063,lat_centre,130.542,-52.53,-16.868,0.0711,1.939,1.2.826.0.1.3680043.8.498.65836375281148112535554945310071545145,23,4.4,1,True
1.2.826.0.1.3680043.8.498.70125113032990356507120856030706104508,lat_centre,107.866,-35.661,-51.747,0.1141,0.733,1.2.826.0.1.3680043.8.498.11685883134884604094773641436692425161,19,4.6,1,True
1.2.826.0.1.3680043.8.498.70129413051088864999976563404818211137,lat_centre,-146.542,-6.485,-44.183,0.0953,1.286,1.2.826.0.1.3680043.8.498.12669462838515791399239373943806811722,30,3.3,1,True
1.2.826.0.1.3680043.8.498.70204818275951821519024007466988533363,lat_centre,135.194,-35.366,-12.243,0.0889,1.929,1.2.826.0.1.3680043.8.498.68520821237690082358275623770504060747,29,3.3,1,True
1.2.826.0.1.3680043.8.498.70212141059019236877414201247791694101,lat_centre,138.843,-38.577,-34.276,0.0952,0.999,1.2.826.0.1.3680043.8.498.70364528993490044299430494178633065955,32,3.3,1,True
1.2.826.0.1.3680043.8.498.70271042033022764422915852922035168712,lat_centre,82.571,-5.038,-32.327,0.1175,2.425,1.2.826.0.1.3680043.8.498.82695599833196748291216726802786407751,32,3.3,1,True
1.2.826.0.1.3680043.8.498.70291739279544255146458190540233023337,lat_centre,108.527,-9.845,-45.148,0.1054,1.459,1.2.826.0.1.3680043.8.498.10908074109564012190330888946590225355,23,4.5,1,True
1.2.826.0.1.3680043.8.498.70310162525433830894324495692973986063,lat_centre,-62.537,15.192,-9.022,0.1167,2.444,1.2.826.0.1.3680043.8.498.87333898567197034201779065288382056260,15,6.0,1,True
1.2.826.0.1.3680043.8.498.70310491987092072540988486213408328865,lat_centre,-88.077,59.854,-21.267,0.077,1.407,1.2.826.0.1.3680043.8.498.12714386553342957069274785364046430266,26,4.5,1,True
1.2.826.0.1.3680043.8.498.70358024114589255428192032298530338260,lat_centre,-126.532,-45.963,-3.855,0.0788,1.563,1.2.826.0.1.3680043.8.498.10177732173338489898526416475030616559,33,3.9,1,True
1.2.826.0.1.3680043.8.498.70375834273924102402706635540898552043,lat_centre,29.597,12.354,-33.076,0.1257,1.261,1.2.826.0.1.3680043.8.498.98590806420715664359789800664307831207,24,3.9,1,True
1.2.826.0.1.3680043.8.498.70409266114961050236894235887802126808,lat_centre,-120.897,-12.012,-43.933,0.0891,1.192,1.2.826.0.1.3680043.8.498.56793131162914323862365815497089211432,35,3.3,1,True
1.2.826.0.1.3680043.8.498.70427947434642957729711329062828233047,lat_centre,110.79,-17.135,1.475,0.1028,0.73,1.2.826.0.1.3680043.8.498.79143413803594135274752026879964441486,36,3.3,1,True
1.2.826.0.1.3680043.8.498.70435722790459313233345196619727661231,lat_centre,-139.762,-64.973,-15.67,0.1073,1.708,1.2.826.0.1.3680043.8.498.10140079655001801960882726230771828753,22,4.5,1,True
1.2.826.0.1.3680043.8.498.70464717849928808075676221329034929056,lat_centre,-135.747,-37.057,-2.506,0.1005,0.91,1.2.826.0.1.3680043.8.498.12189295720389954806750738213385450625,29,3.3,1,True
1.2.826.0.1.3680043.8.498.70471859687546886677145171619638581757,lat_centre,-119.694,-18.797,1.008,0.0911,1.029,1.2.826.0.1.3680043.8.498.11251781324733769945191635991162520843,32,3.3,1,True
1.2.826.0.1.3680043.8.498.70478068758081824347762712452252763894,lat_centre,98.49,-10.835,-45.702,0.0906,0.54,1.2.826.0.1.3680043.8.498.52814861833744781228727602604275623052,33,3.3,1,True
1.2.826.0.1.3680043.8.498.70507536279875475164400849670959748314,lat_centre,142.501,-41.665,22.71,0.1004,0.942,1.2.826.0.1.3680043.8.498.32466031233091181446159248295902619008,36,2.875,1,True
1.2.826.0.1.3680043.8.498.70531311408047627903498280968772932092,lat_centre,-165.229,0.333,-24.472,0.0901,0.696,1.2.826.0.1.3680043.8.498.16106904151716621065359724993776973327,19,4.4,1,True
1.2.826.0.1.3680043.8.498.70532653867267627708152426358320452518,lat_centre,-117.15,2.284,-8.44,0.0852,0.519,1.2.826.0.1.3680043.8.498.12785578020107377550617100280619693759,42,2.2,1,True
1.2.826.0.1.3680043.8.498.70609649448269244608860767754947143395,lat_centre,-126.993,-13.1,-9.401,0.1293,0.674,1.2.826.0.1.3680043.8.498.31180848926036063191639773343991579822,20,4.5,1,True
1.2.826.0.1.3680043.8.498.70674155597869824035214737999044110827,lat_centre,-134.354,-35.892,7.752,0.0979,1.386,1.2.826.0.1.3680043.8.498.59683791864458662298971075220349060262,28,4.52,1,True
1.2.826.0.1.3680043.8.498.70691305452244378255646875206864340458,lat_centre,96.493,-18.192,-0.925,0.0937,0.727,1.2.826.0.1.3680043.8.498.43077138775719195355134064277352537333,38,3.3,1,True
1.2.826.0.1.3680043.8.498.70705483212961922828901596159131697717,lat_centre,-111.635,6.316,-13.542,0.1283,0.987,1.2.826.0.1.3680043.8.498.56090386534874211039822859646254977783,25,4.0,1,True
1.2.826.0.1.3680043.8.498.70796360440320543674384511859375295769,lat_centre,114.476,-37.231,-1.931,0.1021,0.638,1.2.826.0.1.3680043.8.498.86695390227239610003259591355900499901,36,3.3,1,True
1.2.826.0.1.3680043.8.498.70829434408808897601630953382239533220,lat_centre,106.561,-43.753,-39.959,0.0739,0.586,1.2.826.0.1.3680043.8.498.21844599693189787794498844467749441496,30,3.3,1,True
1.2.826.0.1.3680043.8.498.70831735578941318362881379802693293952,lat_centre,-115.949,-60.883,-25.014,0.096,1.241,1.2.826.0.1.3680043.8.498.39873433873930676645145397879271356758,19,4.8,1,True
1.2.826.0.1.3680043.8.498.70865607713855272648070757909359669526,lat_centre,115.983,15.916,-61.059,0.1184,0.817,1.2.826.0.1.3680043.8.498.47701523725362820458786016685176581565,30,3.3,1,True
1.2.826.0.1.3680043.8.498.70873330457307886117949106432465978541,lat_centre,-124.984,-41.262,-0.478,0.1204,0.607,1.2.826.0.1.3680043.8.498.41820217385980543821274955344549567574,29,3.3,1,True
1.2.826.0.1.3680043.8.498.70877157427595288430686609728186100169,lat_centre,-109.18,45.607,-12.598,0.0716,1.272,1.2.826.0.1.3680043.8.498.98169263119226015763635866270400722622,25,4.5,1,True
1.2.826.0.1.3680043.8.498.70880546533848103776823598726224805522,lat_centre,-107.753,5.529,6.519,0.0582,0.986,1.2.826.0.1.3680043.8.498.41215531699189010627646980236396748815,20,2.3,1,True
1.2.826.0.1.3680043.8.498.70909154434106251910698870110315237266,lat_centre,97.825,-18.921,-15.682,0.0985,2.557,1.2.826.0.1.3680043.8.498.32982335365115421486618609927463742190,34,3.0,1,True
1.2.826.0.1.3680043.8.498.70913971933753517251340687745718346828,lat_centre,-150.189,-15.46,-2.746,0.1051,0.659,1.2.826.0.1.3680043.8.498.10311693038864023859428477778277983540,35,3.3,1,True
1.2.826.0.1.3680043.8.498.70918221697435256352088727172904502068,lat_centre,-106.893,-5.458,5.612,0.0905,0.461,1.2.826.0.1.3680043.8.498.37388111991920485399185074324461294531,45,2.2,1,True
1.2.826.0.1.3680043.8.498.70931245733460964524244528230239226104,lat_centre,142.916,-44.564,-32.159,0.1083,1.147,1.2.826.0.1.3680043.8.498.12316832726279835923569951550312234173,30,3.5,1,True
1.2.826.0.1.3680043.8.498.70931968429039283348328653687636803315,lat_centre,-140.517,23.135,-35.088,0.1049,1.194,1.2.826.0.1.3680043.8.498.21047964874169368078957202496975868526,26,4.5,1,True
1.2.826.0.1.3680043.8.498.70948162965271404678418299669321564765,lat_centre,-140.349,-42.765,-8.949,0.099,0.766,1.2.826.0.1.3680043.8.498.48877756795986091604050800666699136570,29,3.3,1,True
1.2.826.0.1.3680043.8.498.70955936086115471632446529979621948261,lat_centre,-106.525,-23.935,0.462,0.0913,1.252,1.2.826.0.1.3680043.8.498.23750182733761052169753659094434191242,33,3.3,1,True
1.2.826.0.1.3680043.8.498.70966951020892708303866968206211604316,lat_centre,-138.105,-17.606,-28.904,0.0764,0.779,1.2.826.0.1.3680043.8.498.60764632888268489954617321326849737362,22,4.5,1,True
1.2.826.0.1.3680043.8.498.70984418257970716669463829979819981861,lat_centre,-46.154,-46.422,-14.636,0.1032,1.114,1.2.826.0.1.3680043.8.498.74300693289272461753860971782555328676,28,3.5,1,True
1.2.826.0.1.3680043.8.498.71001339006150287453095055802545712130,lat_centre,105.942,-7.682,-7.898,0.1024,0.856,1.2.826.0.1.3680043.8.498.97304422562269897581968210898759028240,34,3.3,1,True
1.2.826.0.1.3680043.8.498.71047916312801688293181464016099792199,lat_centre,-118.357,-27.291,-15.257,0.1048,1.026,1.2.826.0.1.3680043.8.498.10728585248599406152561805742662711101,26,3.764,1,True
1.2.826.0.1.3680043.8.498.71063550263564056105844586167361750567,lat_centre,-139.583,-39.841,-21.031,0.1116,0.468,1.2.826.0.1.3680043.8.498.70148514493589891032048586019990535064,29,3.3,1,True
1.2.826.0.1.3680043.8.498.71084400653875583977681616665093993652,lat_centre,115.027,-54.419,6.165,0.1032,1.077,1.2.826.0.1.3680043.8.498.65027240114429236388834400575683429276,32,3.3,1,True
1.2.826.0.1.3680043.8.498.71157888664602228768823145752952837565,lat_centre,105.849,-6.165,1.574,0.1088,4.916,1.2.826.0.1.3680043.8.498.85623152661709205912770642467934562964,22,4.0,1,True
1.2.826.0.1.3680043.8.498.71180975285730441100082825359032677931,lat_centre,-140.487,-31.95,-32.256,0.095,0.612,1.2.826.0.1.3680043.8.498.55327046381604476100739142659680675453,30,3.3,1,True
1.2.826.0.1.3680043.8.498.71262022207903748073532915013888861999,lat_centre,128.199,-29.441,-28.932,0.1202,0.604,1.2.826.0.1.3680043.8.498.88849630443684052374304969697232134820,21,4.5,1,True
1.2.826.0.1.3680043.8.498.71311031275189592818091380416268522846,lat_centre,-114.498,-18.504,16.923,0.112,1.274,1.2.826.0.1.3680043.8.498.33233096948470604930063433277773509012,33,3.3,1,True
1.2.826.0.1.3680043.8.498.71355457409240695394093233905149541215,lat_centre,137.276,-33.801,-22.573,0.0873,0.693,1.2.826.0.1.3680043.8.498.87328590202657546136627154504879117511,29,3.3,1,True
1.2.826.0.1.3680043.8.498.71388532549899713881913113571627425347,lat_centre,-99.263,-10.524,9.807,0.0812,0.411,1.2.826.0.1.3680043.8.498.45722918284219910573603807234632100873,29,3.6,1,True
1.2.826.0.1.3680043.8.498.71405492944866967669069984757332849184,lat_centre,94.756,-4.418,15.802,0.1047,0.806,1.2.826.0.1.3680043.8.498.11198006896255214253225008693981398381,29,3.6,1,True
1.2.826.0.1.3680043.8.498.71507059468810869004142324822642900237,lat_centre,-101.204,-8.707,13.925,0.096,0.783,1.2.826.0.1.3680043.8.498.80390739089621736300540570821604481932,34,3.0,1,True
1.2.826.0.1.3680043.8.498.71622107620007706778976946784787365505,lat_centre,-92.12,12.82,-49.638,0.1221,0.406,1.2.826.0.1.3680043.8.498.13292708762447172782529198377545566086,30,3.3,1,True
1.2.826.0.1.3680043.8.498.71636001534145439773297498405674521629,lat_centre,141.751,-65.222,50.512,0.0914,1.564,1.2.826.0.1.3680043.8.498.23646791071648175204657497355634542795,30,3.3,1,True
1.2.826.0.1.3680043.8.498.71660070729774772658965427776586988585,lat_centre,-106.091,-6.172,-24.008,0.1108,1.436,1.2.826.0.1.3680043.8.498.77875355663473865047515221479951807964,33,3.3,1,True
1.2.826.0.1.3680043.8.498.71671013221669628598634284971059228267,lat_centre,-102.086,0.354,-44.854,0.1051,1.154,1.2.826.0.1.3680043.8.498.26758264620565880283048849434064009554,30,3.3,1,True
1.2.826.0.1.3680043.8.498.71686717249431292334159336816742076478,lat_centre,105.915,3.802,-44.868,0.1034,0.854,1.2.826.0.1.3680043.8.498.89013815469570767344468990841298739837,33,3.3,1,True
1.2.826.0.1.3680043.8.498.71688651674041466985305836912343513997,lat_centre,98.878,-14.097,-13.103,0.0951,0.698,1.2.826.0.1.3680043.8.498.12720228687087771317756972125582026592,32,3.3,1,True
1.2.826.0.1.3680043.8.498.71701484984624141610445774249629295610,lat_centre,104.452,-9.044,-22.883,0.1028,1.014,1.2.826.0.1.3680043.8.498.22678152248243433485178514267206050498,48,2.2,1,True
1.2.826.0.1.3680043.8.498.71707317731065645278250956442336515504,lat_centre,-124.187,-34.559,-8.311,0.0965,0.706,1.2.826.0.1.3680043.8.498.11754959025541302848131560165050272426,30,3.5,1,True
1.2.826.0.1.3680043.8.498.71709477515434076105531625950744135656,lat_centre,142.348,-48.802,-31.072,0.0803,0.561,1.2.826.0.1.3680043.8.498.13038976962248509093750392551875288577,27,4.156,1,True
1.2.826.0.1.3680043.8.498.71736046309441396676679830874326797437,lat_centre,-101.472,-12.663,-31.673,0.0786,0.761,1.2.826.0.1.3680043.8.498.10917918545499235402618243917661516019,32,3.51,1,True
1.2.826.0.1.3680043.8.498.71744523263023933066263506201344989825,lat_centre,130.376,-22.819,-28.666,0.0934,0.948,1.2.826.0.1.3680043.8.498.13391311441910057610345794057710664717,28,3.3,1,True
1.2.826.0.1.3680043.8.498.71749507378205349451480318735471291366,lat_centre,119.785,78.673,-59.151,0.0769,0.752,1.2.826.0.1.3680043.8.498.12877272061274706360871458731044621100,30,3.3,1,True
1.2.826.0.1.3680043.8.498.71753603955749189961638324806586359888,lat_centre,-107.018,-59.673,-8.429,0.1019,1.527,1.2.826.0.1.3680043.8.498.34661016677190882207404030705552773127,19,4.8,1,True
1.2.826.0.1.3680043.8.498.71766161038805688022754893134126528749,lat_centre,-129.119,-57.122,16.17,0.1042,0.814,1.2.826.0.1.3680043.8.498.84485606560011247098859366407509781685,34,2.75,1,True
1.2.826.0.1.3680043.8.498.71792468450491064417953341293663396190,lat_centre,92.345,-11.306,-20.97,0.1121,1.015,1.2.826.0.1.3680043.8.498.67460400431031664504392902773108896239,34,3.0,1,True
1.2.826.0.1.3680043.8.498.71814919885777053270239861047114794237,lat_centre,-102.526,7.436,7.951,0.083,1.541,1.2.826.0.1.3680043.8.498.74996571911924254090781447340271535840,34,3.0,1,True
1.2.826.0.1.3680043.8.498.71830371861099586573789550797712053914,lat_centre,101.502,-43.991,-31.683,0.0778,0.733,1.2.826.0.1.3680043.8.498.36183365423584657140189545424491052445,19,4.4,1,True
1.2.826.0.1.3680043.8.498.71836684300308056297405632410209248276,lat_centre,111.11,8.234,-27.72,0.0924,1.311,1.2.826.0.1.3680043.8.498.84111293942330094193029929482827361323,28,3.5,1,True
1.2.826.0.1.3680043.8.498.71866327348775269043047475658220220525,lat_centre,-135.756,-44.932,-24.764,0.0962,0.881,1.2.826.0.1.3680043.8.498.37737600018298891238839535128987966142,29,3.3,1,True
1.2.826.0.1.3680043.8.498.71898908031968158312013185809213669768,lat_centre,90.979,-27.612,10.349,0.0923,0.841,1.2.826.0.1.3680043.8.498.32088876397023987488368984850544262077,31,3.3,1,True
1.2.826.0.1.3680043.8.498.71899370657875960028369229847153071577,lat_centre,147.92,-18.221,-20.084,0.0843,0.679,1.2.826.0.1.3680043.8.498.67262755438159843913745096661039095130,34,3.3,1,True
1.2.826.0.1.3680043.8.498.71901039762584748047172479049347609017,lat_centre,-117.813,4.4,-87.618,0.1069,1.717,1.2.826.0.1.3680043.8.498.39901630338622072403458694263634183465,24,3.9,1,True
1.2.826.0.1.3680043.8.498.71985417286226511458068110832784023627,lat_centre,105.739,0.095,-5.337,0.1018,0.452,1.2.826.0.1.3680043.8.498.62507196110587224915433952269544774304,47,2.2,1,True
1.2.826.0.1.3680043.8.498.72008869367139958325145888733651022033,lat_centre,92.624,-4.321,-3.864,0.0941,0.733,1.2.826.0.1.3680043.8.498.12840977446951528128092112172580565907,30,3.0,1,True
1.2.826.0.1.3680043.8.498.72017096768214637927798648334301077145,lat_centre,141.021,-41.879,-8.493,0.1024,0.564,1.2.826.0.1.3680043.8.498.62544423153862088684409804548041646385,30,3.3,1,True
1.2.826.0.1.3680043.8.498.72018602547183896629903902899903468287,lat_centre,118.188,-43.748,-19.93,0.099,0.721,1.2.826.0.1.3680043.8.498.42072673594921045783281275301042389963,19,4.4,1,True
1.2.826.0.1.3680043.8.498.72023797276837219152365428999317131110,lat_centre,83.466,-3.767,-31.938,0.0906,1.474,1.2.826.0.1.3680043.8.498.25973557273702253296238651273228484151,28,3.6,1,True
1.2.826.0.1.3680043.8.498.72095214441332094906401331319197122529,lat_centre,-114.967,-2.87,-36.646,0.098,0.652,1.2.826.0.1.3680043.8.498.41418868332391801931115966568959871258,33,3.3,1,True
1.2.826.0.1.3680043.8.498.72159028826938094045309841541333724597,lat_centre,100.976,13.393,17.337,0.0978,1.281,1.2.826.0.1.3680043.8.498.80919285853950399511510156487005803922,24,4.5,1,True
1.2.826.0.1.3680043.8.498.72172265826902387784016098389863005666,lat_centre,-121.45,-18.727,-18.695,0.0996,1.506,1.2.826.0.1.3680043.8.498.47838263261178653738294054895422287121,35,3.3,1,True
1.2.826.0.1.3680043.8.498.72182847112910012489603688436912469641,lat_centre,-112.815,-13.705,-6.826,0.0959,0.887,1.2.826.0.1.3680043.8.498.60499128273402403343185210509760891618,48,2.2,1,True
1.2.826.0.1.3680043.8.498.72185504245484151161044972024469667666,lat_centre,-106.353,-30.244,-11.938,0.1126,0.393,1.2.826.0.1.3680043.8.498.24365925149353507018348555922418217125,30,3.3,1,True
1.2.826.0.1.3680043.8.498.72191353854496806844040272237700346774,lat_centre,140.524,-41.926,-14.319,0.1146,0.991,1.2.826.0.1.3680043.8.498.10998825089451117824678710755631375359,24,3.3,1,True
1.2.826.0.1.3680043.8.498.72237065473467452226073540784070938342,lat_centre,120.156,43.982,20.414,0.1179,0.93,1.2.826.0.1.3680043.8.498.37097810089163389968193338232438478758,21,4.5,1,True
1.2.826.0.1.3680043.8.498.72248728319398595146365363062799556637,lat_centre,113.458,-8.907,-6.565,0.0854,1.247,1.2.826.0.1.3680043.8.498.12561680898968827561140228370600324299,28,3.5,1,True
1.2.826.0.1.3680043.8.498.72252601583562621620422058467969183753,lat_centre,-112.03,-27.187,0.778,0.1009,0.91,1.2.826.0.1.3680043.8.498.94383690566585988918850204082334654757,33,3.3,1,True
1.2.826.0.1.3680043.8.498.72255181548595299889516400134053439401,lat_centre,-98.364,-7.811,-11.886,0.1005,0.557,1.2.826.0.1.3680043.8.498.10184644340942106565704796238140380016,45,2.2,1,True
1.2.826.0.1.3680043.8.498.72270915206075693056344475438055463113,lat_centre,-127.287,-8.157,2.959,0.0689,0.539,1.2.826.0.1.3680043.8.498.13370985172850418448230470663199212439,26,5.0,1,True
1.2.826.0.1.3680043.8.498.72276631472244076773626607623783737687,lat_centre,-99.107,0.169,-7.298,0.1017,0.589,1.2.826.0.1.3680043.8.498.10289301696635697964274203744235560641,34,3.0,1,True
1.2.826.0.1.3680043.8.498.72313325634455670216423864504103231505,lat_centre,-106.423,-3.253,-82.19,0.1024,1.052,1.2.826.0.1.3680043.8.498.10230281698771571948518119501110337349,32,3.3,1,True
1.2.826.0.1.3680043.8.498.72342425990274562150756501476989691572,lat_centre,130.986,-33.326,-25.224,0.0821,0.549,1.2.826.0.1.3680043.8.498.84762791482554265931423159030346973956,30,3.5,1,True
1.2.826.0.1.3680043.8.498.72368645606329000923061796699431437924,lat_centre,-139.333,-49.613,-18.265,0.1052,0.961,1.2.826.0.1.3680043.8.498.62980807387063805994149296100832927369,26,4.156,1,True
1.2.826.0.1.3680043.8.498.72375103774239787721371778221019402834,lat_centre,-103.693,-23.401,-9.225,0.0825,0.964,1.2.826.0.1.3680043.8.498.71882334282552086612495648388298839613,29,3.6,1,True
1.2.826.0.1.3680043.8.498.72395496925770440630088720587484704971,lat_centre,140.219,-51.029,-43.979,0.0947,0.577,1.2.826.0.1.3680043.8.498.10681551343981878484164208219122821636,21,4.5,1,True
1.2.826.0.1.3680043.8.498.72453426317225885428514595399496580896,lat_centre,-129.658,50.753,-26.311,0.1269,0.945,1.2.826.0.1.3680043.8.498.12735544341190179814573504097225815090,19,5.0,1,True
1.2.826.0.1.3680043.8.498.72494404099796908482534991590660770670,lat_centre,93.049,-22.856,-28.582,0.1232,1.096,1.2.826.0.1.3680043.8.498.36762889568125976260024942400309924181,21,4.5,1,True
1.2.826.0.1.3680043.8.498.72495590491484814220060275823761767516,lat_centre,-154.689,-4.981,-31.952,0.0851,3.605,1.2.826.0.1.3680043.8.498.19530208440713101948880088825267824749,24,5.0,1,True
1.2.826.0.1.3680043.8.498.72495677804641720406765749568114476096,lat_centre,112.293,17.085,-9.397,0.1152,1.455,1.2.826.0.1.3680043.8.498.45917910067635865066576195454329047258,35,3.3,1,True
1.2.826.0.1.3680043.8.498.72547312490317214326791189007411860203,lat_centre,-141.933,-41.288,14.904,0.1135,1.436,1.2.826.0.1.3680043.8.498.31400126119479025571974862490159949849,23,3.8,1,True
1.2.826.0.1.3680043.8.498.72576069358772864331810785663326683534,lat_centre,-105.851,-18.023,-7.13,0.0996,0.781,1.2.826.0.1.3680043.8.498.43404222004583649872189887458908079229,29,3.6,1,True
1.2.826.0.1.3680043.8.498.72587440202779699193620339987034971895,lat_centre,-135.45,0.97,-3.437,0.1105,0.358,1.2.826.0.1.3680043.8.498.97595623318288114956350539729031484666,48,2.2,1,True
1.2.826.0.1.3680043.8.498.72653666963736486779382314125782779004,lat_centre,108.278,-4.06,-15.037,0.1065,0.561,1.2.826.0.1.3680043.8.498.11362854644150465317095255496758137250,33,3.3,1,True
1.2.826.0.1.3680043.8.498.72680485820462987585370556994612687540,lat_centre,-88.448,18.245,-28.804,0.1253,1.631,1.2.826.0.1.3680043.8.498.63538072703095663567179407892616848610,30,3.3,1,True
1.2.826.0.1.3680043.8.498.72697172162233919540021967137047646179,lat_centre,105.085,-28.388,-50.386,0.081,2.374,1.2.826.0.1.3680043.8.498.90505646499479370501942534978598856032,30,2.875,1,True
1.2.826.0.1.3680043.8.498.72740499664060575780267947543695605585,lat_centre,-113.47,-9.705,-6.966,0.0739,1.968,1.2.826.0.1.3680043.8.498.10701488279248722839534322968647675542,32,3.6,1,True
1.2.826.0.1.3680043.8.498.72771360268592017354044657882090174639,lat_centre,95.379,-7.489,-18.75,0.0982,0.702,1.2.826.0.1.3680043.8.498.81780734593677663591519733158052699149,33,3.3,1,True
1.2.826.0.1.3680043.8.498.72781608662300877077691853670862414309,lat_centre,-70.607,-26.356,-15.382,0.0987,1.147,1.2.826.0.1.3680043.8.498.13225465049262023782217109329399363743,27,3.5,1,True
1.2.826.0.1.3680043.8.498.72786773761211751423503785260617678955,lat_centre,-128.315,-63.942,-0.327,0.0793,0.528,1.2.826.0.1.3680043.8.498.12694973477861653878363933345783597848,32,3.3,1,True
1.2.826.0.1.3680043.8.498.72800659596099468282135738543971261904,lat_centre,-97.48,-51.134,-10.147,0.0801,0.545,1.2.826.0.1.3680043.8.498.44964619588839538586785395159044074368,32,3.3,1,True
1.2.826.0.1.3680043.8.498.72814437733065652700292896915085936230,lat_centre,-100.871,-8.714,-12.24,0.0883,0.93,1.2.826.0.1.3680043.8.498.13105606039283435988698078089239464260,32,3.0,1,True
1.2.826.0.1.3680043.8.498.72853333220043794904856138561095171921,lat_centre,108.341,13.081,27.978,0.0892,1.421,1.2.826.0.1.3680043.8.498.41786504123190759621834893248893641957,25,4.5,1,True
1.2.826.0.1.3680043.8.498.72880034930990967339546757487847803284,lat_centre,111.747,24.671,-36.669,0.1053,1.734,1.2.826.0.1.3680043.8.498.61756497944551572164374627976025597688,28,4.5,1,True
1.2.826.0.1.3680043.8.498.72896348955280307080916504120667484813,lat_centre,45.995,18.348,-20.7,0.0756,0.872,1.2.826.0.1.3680043.8.498.45743193556197379313356833114655813246,26,4.0,1,True
1.2.826.0.1.3680043.8.498.72896586188735703676995894830815493004,lat_centre,104.406,-23.832,-28.528,0.0797,0.914,1.2.826.0.1.3680043.8.498.91305566157540603805814649504530133867,35,3.3,1,True
1.2.826.0.1.3680043.8.498.72931900540220826595003388066347326492,lat_centre,105.853,-1.725,-1.013,0.0793,0.532,1.2.826.0.1.3680043.8.498.75406192340009918044095407934925282827,40,3.3,1,True
1.2.826.0.1.3680043.8.498.72937134140407212536042212109839895294,lat_centre,-101.63,-43.272,-23.805,0.1326,2.005,1.2.826.0.1.3680043.8.498.12177892585051149903621782715175136021,20,5.2,1,True
1.2.826.0.1.3680043.8.498.72943191222961132416678221885831944435,lat_centre,129.395,-8.568,-71.084,0.1002,0.918,1.2.826.0.1.3680043.8.498.49003920555049705190745584349138083268,20,5.0,1,True
1.2.826.0.1.3680043.8.498.72977302282583186913749000016284027331,lat_centre,102.947,-28.712,-16.589,0.0989,1.106,1.2.826.0.1.3680043.8.498.14723997014712663988611463218652671509,30,3.3,1,True
1.2.826.0.1.3680043.8.498.73021428171736137311489171988512484948,lat_centre,-92.771,-3.796,-14.037,0.0862,1.302,1.2.826.0.1.3680043.8.498.58278851198264110236304604137274614176,32,3.3,1,True
1.2.826.0.1.3680043.8.498.73033521237848260228708170280586043408,lat_centre,101.95,31.333,-36.825,0.1223,1.305,1.2.826.0.1.3680043.8.498.12566228508645398260356755233154671260,23,4.52,1,True
1.2.826.0.1.3680043.8.498.73037642285055457162691486258363101398,lat_centre,-103.145,9.051,-44.688,0.1068,1.727,1.2.826.0.1.3680043.8.498.61240789712481348667560706505932582819,28,4.0,1,True
1.2.826.0.1.3680043.8.498.73070182506490199787361298167985971577,lat_centre,-131.511,-47.884,-18.57,0.1137,1.465,1.2.826.0.1.3680043.8.498.25377335743713847654967046430618190250,29,3.3,1,True
1.2.826.0.1.3680043.8.498.73077380963620788952030569132380549826,lat_centre,-122.321,-60.211,-7.131,0.0785,1.57,1.2.826.0.1.3680043.8.498.71065469650918694377951914612227146270,29,3.3,1,True
1.2.826.0.1.3680043.8.498.73083786204651635096412213233334934941,lat_centre,144.835,-34.922,-11.177,0.1027,1.47,1.2.826.0.1.3680043.8.498.60470653522770544608413905865470511571,29,3.3,1,True
1.2.826.0.1.3680043.8.498.73101997284755549124715401557235981642,lat_centre,95.423,-3.285,-9.731,0.053,4.062,1.2.826.0.1.3680043.8.498.13134458982249989620346237046615986432,32,4.5,1,True
1.2.826.0.1.3680043.8.498.73170541731840260065335942048010387599,lat_centre,106.227,-0.747,-28.475,0.104,1.246,1.2.826.0.1.3680043.8.498.13367827764105771740214773295545555107,33,3.3,1,True
1.2.826.0.1.3680043.8.498.73194579460722181989151410198309642266,lat_centre,-115.084,-57.283,-26.48,0.0943,0.836,1.2.826.0.1.3680043.8.498.41456013457932567959085421191712998624,34,3.3,1,True
1.2.826.0.1.3680043.8.498.73198335328613992289471885012751338458,lat_centre,118.683,-64.639,-40.283,0.1001,0.867,1.2.826.0.1.3680043.8.498.11272814581741749445951008877236390411,20,5.2,1,True
1.2.826.0.1.3680043.8.498.73205916973275504240156555900460720571,lat_centre,84.553,-1.75,-26.492,0.0929,1.121,1.2.826.0.1.3680043.8.498.87929125724733479288292489657953342541,24,4.5,1,True
1.2.826.0.1.3680043.8.498.73215265387578908341609746559916587894,lat_centre,-131.04,-44.853,-1.879,0.1076,1.267,1.2.826.0.1.3680043.8.498.35872496882990268188839732034985087446,23,4.4,1,True
1.2.826.0.1.3680043.8.498.73231153161312542696053060380619432126,lat_centre,-40.431,12.104,-34.736,0.0989,0.974,1.2.826.0.1.3680043.8.498.64482707990509669157115402699788831754,20,4.4,1,True
1.2.826.0.1.3680043.8.498.73241519025825862373621891294281253158,lat_centre,-142.302,-44.701,-45.844,0.0998,1.446,1.2.826.0.1.3680043.8.498.80476316067957261550828909209531854321,25,3.8,1,True
1.2.826.0.1.3680043.8.498.73242978867957397254276973409271434573,lat_centre,-143.682,-36.138,-56.163,0.0903,1.003,1.2.826.0.1.3680043.8.498.50967391847810036927106561471325673057,30,3.3,1,True
1.2.826.0.1.3680043.8.498.73254365064404586162477089636000427751,lat_centre,-104.638,-12.851,-15.138,0.0613,1.562,1.2.826.0.1.3680043.8.498.99365616068612847017451898228434484165,40,3.3,1,True
1.2.826.0.1.3680043.8.498.73257122462858353041066181004123253930,lat_centre,58.766,-11.393,-7.839,0.1277,1.04,1.2.826.0.1.3680043.8.498.14623955823567991492938481011436925051,19,4.5,1,True
1.2.826.0.1.3680043.8.498.73275019425494043461771574462523171618,lat_centre,106.763,-46.746,-28.357,0.0801,0.889,1.2.826.0.1.3680043.8.498.71165601792724458458563543161840220884,19,5.2,1,True
1.2.826.0.1.3680043.8.498.73314900301724532218347713512381622074,lat_centre,-30.842,15.283,-5.208,0.0849,0.731,1.2.826.0.1.3680043.8.498.11306049495693640711759832696249968275,26,4.0,1,True
1.2.826.0.1.3680043.8.498.73325959289998105909842627876607163467,lat_centre,-103.863,-56.272,-36.183,0.0912,0.369,1.2.826.0.1.3680043.8.498.17078855879534762167850651561340977489,31,3.3,1,True
1.2.826.0.1.3680043.8.498.73356831368999268488355650751758108912,lat_centre,-109.629,7.549,-28.773,0.1044,3.578,1.2.826.0.1.3680043.8.498.87173042334165493952042096431179353151,24,3.9,1,True
1.2.826.0.1.3680043.8.498.73394992092536626285935384324191560182,lat_centre,107.681,-41.885,-7.599,0.0796,0.924,1.2.826.0.1.3680043.8.498.77013812090358928466748563853644130704,19,4.4,1,True
1.2.826.0.1.3680043.8.498.73448420644251136304786298254801920284,lat_centre,106.763,33.833,-42.129,0.1292,1.853,1.2.826.0.1.3680043.8.498.79687589874326857915156562639454161457,24,4.52,1,True
1.2.826.0.1.3680043.8.498.73477249559479870799427355988138990349,lat_centre,-113.637,-9.753,-5.017,0.1037,0.594,1.2.826.0.1.3680043.8.498.12716864306687729082231900706655632989,34,3.0,1,True
1.2.826.0.1.3680043.8.498.73478948866451045346677275674140339803,lat_centre,-121.601,-39.96,-11.214,0.1104,0.452,1.2.826.0.1.3680043.8.498.80236168490086489978039862234395645008,30,3.3,1,True
1.2.826.0.1.3680043.8.498.73480422982315825699847838826691577320,lat_centre,-99.406,57.058,-65.11,0.0742,3.355,1.2.826.0.1.3680043.8.498.13397538542811398051893510196201814275,36,3.3,1,True
1.2.826.0.1.3680043.8.498.73511703934549662392765328175356230615,lat_centre,-106.367,-11.558,-41.871,0.0965,1.337,1.2.826.0.1.3680043.8.498.99706895063734370111952508133877314975,34,3.0,1,True
1.2.826.0.1.3680043.8.498.73522298807198784022883320957252530465,lat_centre,-121.958,3.777,-1.241,0.1048,1.549,1.2.826.0.1.3680043.8.498.27044054405232745095097303417430125491,48,2.2,1,True
1.2.826.0.1.3680043.8.498.73527530686853911124431549317032662220,lat_centre,-101.717,-37.056,-33.621,0.1368,1.701,1.2.826.0.1.3680043.8.498.12239267188323122300736742237473727431,19,4.4,1,True
1.2.826.0.1.3680043.8.498.73539750992809874106013052513162732951,lat_centre,117.875,-5.375,-16.376,0.1028,1.138,1.2.826.0.1.3680043.8.498.10564227397032601955635252087972423928,34,3.3,1,True
1.2.826.0.1.3680043.8.498.73545582819102316606081606511277579853,lat_centre,-105.617,-9.95,-1.743,0.0935,1.334,1.2.826.0.1.3680043.8.498.10171278225769588899094597495037880695,36,0.89,4,True
1.2.826.0.1.3680043.8.498.73567807253694728043552196136704821457,lat_centre,-45.182,9.519,-45.321,0.106,1.057,1.2.826.0.1.3680043.8.498.48710758865226348967988187082722434871,24,3.9,1,True
1.2.826.0.1.3680043.8.498.73602922823389605007702521335136347605,lat_centre,64.367,-27.769,-6.05,0.0935,0.914,1.2.826.0.1.3680043.8.498.94563605492552277079318601146351675873,35,2.75,1,True
1.2.826.0.1.3680043.8.498.73616237718955147476241731466078978343,lat_centre,-109.067,-44.292,-46.019,0.0978,1.033,1.2.826.0.1.3680043.8.498.37956714234760765648151787312014117168,30,3.0,1,True
1.2.826.0.1.3680043.8.498.73682608760611536443754406204042210115,lat_centre,-108.509,-2.447,-49.414,0.0974,0.95,1.2.826.0.1.3680043.8.498.33436014535043212811554590899765264936,33,3.3,1,True
1.2.826.0.1.3680043.8.498.73716752081143767997507440278231972668,lat_centre,108.158,-13.74,4.053,0.1108,0.843,1.2.826.0.1.3680043.8.498.79991086654008999210672467829406036703,33,3.3,1,True
1.2.826.0.1.3680043.8.498.73748007182569068263280098473557128226,lat_centre,106.159,-59.639,-22.714,0.0838,1.579,1.2.826.0.1.3680043.8.498.11827629928775899679950344029040995538,36,3.45,1,True
1.2.826.0.1.3680043.8.498.73792361507751648386401969571717557389,lat_centre,-124.356,-28.164,-30.553,0.0576,0.713,1.2.826.0.1.3680043.8.498.13232701903135303231508484751718388875,36,3.5,1,True
1.2.826.0.1.3680043.8.498.73825252186234755453650759159564715478,lat_centre,-109.256,-2.022,-37.956,0.0891,0.826,1.2.826.0.1.3680043.8.498.40362524195782934989627157037987649988,30,3.3,1,True
1.2.826.0.1.3680043.8.498.73869775636181013203432845292462040922,lat_centre,94.784,-48.003,-42.824,0.0878,1.054,1.2.826.0.1.3680043.8.498.98815188404735933813248825505612212999,19,5.2,1,True
1.2.826.0.1.3680043.8.498.73891117356545433634964184054304516063,lat_centre,-79.29,-43.666,-1.329,0.1027,0.954,1.2.826.0.1.3680043.8.498.29090231385915229379470835757865030097,34,2.75,1,True
1.2.826.0.1.3680043.8.498.73926443729786165628848843707532839995,lat_centre,108.404,-47.026,-4.826,0.1018,0.666,1.2.826.0.1.3680043.8.498.78991165425199309794359588807608652481,30,3.3,1,True
1.2.826.0.1.3680043.8.498.73983081622010008601849687650985260980,lat_centre,-131.829,-16.434,-35.433,0.1208,0.996,1.2.826.0.1.3680043.8.498.60036837134643607081892319547266165166,24,4.5,1,True
1.2.826.0.1.3680043.8.498.73988798714023285209290281409329527637,lat_centre,140.664,-65.52,-33.177,0.0578,1.699,1.2.826.0.1.3680043.8.498.32758876848192010546254386794245895713,33,3.3,1,True
1.2.826.0.1.3680043.8.498.74052473719853343027548507306186291134,lat_centre,109.964,-9.539,-43.859,0.0767,1.886,1.2.826.0.1.3680043.8.498.93101014537500183521522248803693783431,36,0.89,4,True
1.2.826.0.1.3680043.8.498.74078340346189210015785395961373387782,lat_centre,-107.904,5.933,-15.368,0.0977,2.429,1.2.826.0.1.3680043.8.498.12125971196918230236440101661319625904,24,4.5,1,True
1.2.826.0.1.3680043.8.498.74095402538454760179339842746572802563,lat_centre,-99.814,-1.62,-21.663,0.1302,0.677,1.2.826.0.1.3680043.8.498.29644220842272195089160095338424980559,30,3.3,1,True
1.2.826.0.1.3680043.8.498.74127742661271965093205833471645893520,lat_centre,-142.89,-48.398,-11.183,0.1071,1.005,1.2.826.0.1.3680043.8.498.89522721497073176034742384681822112012,30,3.5,1,True
1.2.826.0.1.3680043.8.498.74140806279409854828032496578072554031,lat_centre,102.284,-18.237,21.99,0.1153,0.895,1.2.826.0.1.3680043.8.498.11195764477495822110193359777420239748,28,3.6,1,True
1.2.826.0.1.3680043.8.498.74160604730133050784449689952695940558,lat_centre,-124.096,1.764,-37.858,0.1164,2.259,1.2.826.0.1.3680043.8.498.21797233540155117256806210839450339196,19,4.4,1,True
1.2.826.0.1.3680043.8.498.74177736542522869266952610634091628727,lat_centre,103.148,-51.324,-42.881,0.0703,1.321,1.2.826.0.1.3680043.8.498.13580184590055805860375263497363601380,36,3.0,1,True
1.2.826.0.1.3680043.8.498.74206939384612669977629625310277500302,lat_centre,-74.689,53.88,-11.625,0.1136,2.202,1.2.826.0.1.3680043.8.498.32788100201788624117375266718008261274,26,4.5,1,True
1.2.826.0.1.3680043.8.498.74214829456846525506232367308573550186,lat_centre,-120.014,-12.975,-0.703,0.0983,0.919,1.2.826.0.1.3680043.8.498.83426444540589130629898425514067841431,35,3.3,1,True
1.2.826.0.1.3680043.8.498.74215611637606164186239511504256137871,lat_centre,101.953,-17.408,-6.043,0.1026,0.862,1.2.826.0.1.3680043.8.498.54923252877434865050117984798405301368,29,3.6,1,True
1.2.826.0.1.3680043.8.498.74222284584657051737421776919599206132,lat_centre,93.272,-67.323,-20.655,0.0702,0.675,1.2.826.0.1.3680043.8.498.96244790624462197907089717829240493928,19,4.4,1,True
1.2.826.0.1.3680043.8.498.74222294235046321147381553078000820604,lat_centre,-109.402,-33.838,-20.934,0.0938,0.66,1.2.826.0.1.3680043.8.498.11318774961440109803099731432922277170,30,4.0,1,True
1.2.826.0.1.3680043.8.498.74243110959141459268838217468465880820,lat_centre,-124.671,-14.615,-10.839,0.1225,1.218,1.2.826.0.1.3680043.8.498.71471161947618739724934427258972504756,23,4.5,1,True
1.2.826.0.1.3680043.8.498.74243564762473331581882860440560337725,lat_centre,117.615,-17.035,-23.966,0.0988,1.345,1.2.826.0.1.3680043.8.498.59861856384888347378785224750971650480,36,3.3,1,True
1.2.826.0.1.3680043.8.498.74247325306307303036016759070403973520,lat_centre,-128.461,-54.579,-31.902,0.0919,2.148,1.2.826.0.1.3680043.8.498.10645632245634241856701769193358494740,22,4.349,1,True
1.2.826.0.1.3680043.8.498.74274855596893595390880617896069524465,lat_centre,-99.104,-19.999,-34.888,0.0895,1.304,1.2.826.0.1.3680043.8.498.42462092604496699490618859675905229930,29,3.6,1,True
1.2.826.0.1.3680043.8.498.74282280145383357786409764912398881272,lat_centre,118.619,17.285,-29.379,0.1229,1.461,1.2.826.0.1.3680043.8.498.10852820295431225056280652462069348730,30,3.3,1,True
1.2.826.0.1.3680043.8.498.74332475620045145049628676751586693385,lat_centre,112.641,-7.972,-12.703,0.0923,1.111,1.2.826.0.1.3680043.8.498.33441574962708649552786733748020308493,38,3.3,1,True
1.2.826.0.1.3680043.8.498.74362364640190722036251935797260325860,lat_centre,140.804,-16.203,-30.196,0.1152,1.792,1.2.826.0.1.3680043.8.498.19736922186838321245822290713631090027,20,4.764,1,True
1.2.826.0.1.3680043.8.498.74388661917632804671669952747214084502,lat_centre,-119.794,-35.926,-2.997,0.1047,0.664,1.2.826.0.1.3680043.8.498.10142979507556274668701186450874144647,36,2.75,1,True
1.2.826.0.1.3680043.8.498.74394784271003789564066563841806954326,lat_centre,111.247,-5.359,-5.495,0.0848,1.175,1.2.826.0.1.3680043.8.498.10867066386483317588513123388539663337,38,3.0,1,True
1.2.826.0.1.3680043.8.498.74423888576992387013857540016155410962,lat_centre,121.244,-18.928,36.707,0.1094,0.884,1.2.826.0.1.3680043.8.498.86295765030797479460253097726603043511,36,3.3,1,True
1.2.826.0.1.3680043.8.498.74461421748415064477531528884191890661,lat_centre,139.536,-67.099,-7.591,0.0774,1.724,1.2.826.0.1.3680043.8.498.55423237211682778141707490653228429370,40,0.4,8,True
1.2.826.0.1.3680043.8.498.74471396469132211069109289423495141062,lat_centre,-131.271,-43.609,-0.449,0.0881,0.905,1.2.826.0.1.3680043.8.498.79177423805534441113379435017475507527,27,3.3,1,True
1.2.826.0.1.3680043.8.498.74471724874857406578316075456414902954,lat_centre,-109.172,-58.528,3.779,0.0816,0.677,1.2.826.0.1.3680043.8.498.68783667368216158234241966020678247289,35,3.3,1,True
1.2.826.0.1.3680043.8.498.74622031396885197580453304563088863451,lat_centre,116.693,-56.205,-7.375,0.1017,1.246,1.2.826.0.1.3680043.8.498.13232554917321753647587536940761980158,35,3.3,1,True
1.2.826.0.1.3680043.8.498.74622912009754642425258484521795653023,lat_centre,-35.556,-10.983,-23.026,0.1058,1.454,1.2.826.0.1.3680043.8.498.10239051814937800544006519348365595661,24,4.4,1,True
1.2.826.0.1.3680043.8.498.74688733778107958348746767768064374883,lat_centre,95.696,-7.416,-17.694,0.0966,1.408,1.2.826.0.1.3680043.8.498.30922608911708960383802926414132141395,29,3.6,1,True
1.2.826.0.1.3680043.8.498.74714018385278253151175853998945654373,lat_centre,148.013,-45.306,-17.286,0.1005,1.317,1.2.826.0.1.3680043.8.498.53211051985426633949463280825085920960,29,3.3,1,True
1.2.826.0.1.3680043.8.498.74725806565437665548056410415178280121,lat_centre,-108.847,-28.685,-48.326,0.109,1.361,1.2.826.0.1.3680043.8.498.25304925937820421549676314412185058213,29,3.3,1,True
1.2.826.0.1.3680043.8.498.74749071555443582954158991248361308204,lat_centre,64.28,-14.833,-2.132,0.1013,0.481,1.2.826.0.1.3680043.8.498.61798156919750472859155561670853884332,40,3.3,1,True
1.2.826.0.1.3680043.8.498.74855168460956358728708865599401983005,lat_centre,104.819,-25.677,8.134,0.0945,0.663,1.2.826.0.1.3680043.8.498.79696672815999858543815934385007091319,31,3.3,1,True
1.2.826.0.1.3680043.8.498.74864145321761783409935288797327597738,lat_centre,-132.811,-41.053,-7.72,0.1093,0.792,1.2.826.0.1.3680043.8.498.50523458396466286300281783993797071182,29,3.3,1,True
1.2.826.0.1.3680043.8.498.74872419726042767543822107291861307866,lat_centre,-129.669,-37.911,-31.015,0.0877,0.33,1.2.826.0.1.3680043.8.498.77579609804677320689204666751079543657,33,3.3,1,True
1.2.826.0.1.3680043.8.498.74914646210033032631540802996162814268,lat_centre,115.601,-10.207,-3.441,0.1056,0.423,1.2.826.0.1.3680043.8.498.13209397600295504374187468896409811821,36,3.0,1,True
1.2.826.0.1.3680043.8.498.74939269621045823332837094516056211606,lat_centre,-85.344,-32.188,56.338,0.1055,0.961,1.2.826.0.1.3680043.8.498.70411760304875226457309476354613240613,21,4.5,1,True
1.2.826.0.1.3680043.8.498.74940598515597814600837126537274199312,lat_centre,139.571,-24.408,-8.94,0.0937,1.881,1.2.826.0.1.3680043.8.498.67168798528877486177186948363871075091,29,3.3,1,True
1.2.826.0.1.3680043.8.498.74952769952682175467667812958859010329,lat_centre,-135.15,-6.462,-44.097,0.0921,0.652,1.2.826.0.1.3680043.8.498.57476531181249737132050505431957281821,32,3.3,1,True
1.2.826.0.1.3680043.8.498.75067227246352035607675978826177487284,lat_centre,18.358,4.681,-23.859,0.0906,1.475,1.2.826.0.1.3680043.8.498.27907524638492499205946049277571111686,24,4.0,1,True
1.2.826.0.1.3680043.8.498.75126165133796914746114117844697263697,lat_centre,110.627,40.092,-28.912,0.0809,0.708,1.2.826.0.1.3680043.8.498.13374688719942034873189408239639465168,22,5.0,1,True
1.2.826.0.1.3680043.8.498.75168480371573015758963049782687952716,lat_centre,111.554,-7.829,12.008,0.119,2.051,1.2.826.0.1.3680043.8.498.24129634118952240141537822867006467036,25,3.6,1,True
1.2.826.0.1.3680043.8.498.75186274888329123179129240384960518861,lat_centre,-109.207,-21.021,-26.323,0.0813,0.561,1.2.826.0.1.3680043.8.498.61822035479910929541857002475079521977,36,0.89,4,True
1.2.826.0.1.3680043.8.498.75187434248356774277526985329346125190,lat_centre,-142.451,-31.117,-19.969,0.1062,0.949,1.2.826.0.1.3680043.8.498.11625457303004368642031400585358126215,29,3.3,1,True
1.2.826.0.1.3680043.8.498.75268429892526831752484062674699274309,lat_centre,-96.664,-65.365,-29.943,0.0989,0.62,1.2.826.0.1.3680043.8.498.88105280635474138857801126978311089675,19,4.8,1,True
1.2.826.0.1.3680043.8.498.75276563505367629340309025030148269450,lat_centre,-106.503,-14.34,-23.325,0.1057,1.312,1.2.826.0.1.3680043.8.498.61638331043388244838865638530922399812,34,3.0,1,True
1.2.826.0.1.3680043.8.498.75282577107802752393765861202996650638,lat_centre,115.38,-30.71,-16.78,0.1005,1.573,1.2.826.0.1.3680043.8.498.19374493949415168209516540663169341568,22,4.368,1,True
1.2.826.0.1.3680043.8.498.75378323910171368568360074903297446681,lat_centre,-94.198,-49.354,-19.995,0.116,1.723,1.2.826.0.1.3680043.8.498.11146018721627254306615160504309298157,19,4.8,1,True
1.2.826.0.1.3680043.8.498.75384600248630012126841890313149674691,lat_centre,-118.483,-40.817,-6.59,0.0857,1.083,1.2.826.0.1.3680043.8.498.30446340117313927948925332074135327319,29,3.3,1,True
1.2.826.0.1.3680043.8.498.75418637314688036152637525301534342254,lat_centre,111.947,-48.952,24.184,0.0843,1.556,1.2.826.0.1.3680043.8.498.15615882028979402205308200550365677278,35,3.3,1,True
1.2.826.0.1.3680043.8.498.75419034794059601820999512200601915669,lat_centre,145.074,-47.245,-15.404,0.1014,1.573,1.2.826.0.1.3680043.8.498.85424069164239677908763666705407499122,30,3.5,1,True
1.2.826.0.1.3680043.8.498.75420186662442688955616630735303321846,lat_centre,-112.227,-33.492,-47.069,0.0941,1.038,1.2.826.0.1.3680043.8.498.81979765295160238740836450309982669066,30,3.3,1,True
1.2.826.0.1.3680043.8.498.75427432788337288702609576920198810880,lat_centre,-128.31,-60.695,-22.168,0.0933,0.911,1.2.826.0.1.3680043.8.498.10028715832304659785576602700454067426,25,4.156,1,True
1.2.826.0.1.3680043.8.498.75518253718111135068488417046278011303,lat_centre,101.622,-15.479,4.907,0.1057,0.722,1.2.826.0.1.3680043.8.498.83548477920297455372096703070558819891,29,3.6,1,True
1.2.826.0.1.3680043.8.498.75522002047190283617659083787085821064,lat_centre,-92.277,11.905,-35.603,0.1048,0.434,1.2.826.0.1.3680043.8.498.50547451026360915005009340342963294586,28,3.5,1,True
1.2.826.0.1.3680043.8.498.75523541256169382504121567002441615798,lat_centre,87.181,57.268,-48.088,0.0713,2.164,1.2.826.0.1.3680043.8.498.11718024462343690891574900055143140803,24,4.5,1,True
1.2.826.0.1.3680043.8.498.75547515925579172661099437338637082554,lat_centre,112.782,-52.786,-13.657,0.1063,1.57,1.2.826.0.1.3680043.8.498.91969324374405375664209390327261180587,32,3.3,1,True
1.2.826.0.1.3680043.8.498.75548650589349966221875964542604002971,lat_centre,102.195,-56.488,-26.122,0.0923,0.352,1.2.826.0.1.3680043.8.498.64274814258415261102166989050240038629,32,3.3,1,True
1.2.826.0.1.3680043.8.498.75577846246542841539613557336025271434,lat_centre,-134.677,-23.546,-45.903,0.0904,0.628,1.2.826.0.1.3680043.8.498.13345539619619583385481595616599321842,30,3.3,1,True
1.2.826.0.1.3680043.8.498.75605038901688937188489854019478082759,lat_centre,-145.844,-48.653,-39.983,0.0926,0.698,1.2.826.0.1.3680043.8.498.10311356464066352598672427731045737175,30,3.3,1,True
1.2.826.0.1.3680043.8.498.75627574440860942023321071382766359827,lat_centre,107.418,-11.089,-10.713,0.0855,1.222,1.2.826.0.1.3680043.8.498.12829920936294976359712059979288536042,29,3.6,1,True
1.2.826.0.1.3680043.8.498.75639423607035582240174986752280730347,lat_centre,-109.591,-3.931,-13.17,0.105,1.172,1.2.826.0.1.3680043.8.498.13017815467576660104515442764701800427,24,4.5,1,True
1.2.826.0.1.3680043.8.498.75670996863043899245632198549551296292,lat_centre,-20.969,16.988,-17.524,0.0884,0.529,1.2.826.0.1.3680043.8.498.11890256300245105367200479057897138345,28,4.0,1,True
1.2.826.0.1.3680043.8.498.75688484058613633923943882730405145535,lat_centre,121.636,-63.629,-28.045,0.0769,0.759,1.2.826.0.1.3680043.8.498.69379717597958849120291408391418152943,27,4.0,1,True
1.2.826.0.1.3680043.8.498.75739561647115166735277767560308263446,lat_centre,103.973,-1.822,0.414,0.0684,0.873,1.2.826.0.1.3680043.8.498.99467155067285071507452654219576907736,36,0.89,4,True
1.2.826.0.1.3680043.8.498.75742195884147990442829552992649204078,lat_centre,113.987,-5.479,-5.566,0.0912,1.171,1.2.826.0.1.3680043.8.498.13632064901744352402565351678529296399,38,3.0,1,True
1.2.826.0.1.3680043.8.498.75746520601616488682662195284941583868,lat_centre,-72.925,-6.748,-6.894,0.0927,1.458,1.2.826.0.1.3680043.8.498.12147085360584798190722558646980268399,30,3.5,1,True
1.2.826.0.1.3680043.8.498.75751784078102748563815298069799859542,lat_centre,110.999,-51.241,-8.944,0.1105,1.186,1.2.826.0.1.3680043.8.498.70764472115883295171770141491762153542,32,3.3,1,True
1.2.826.0.1.3680043.8.498.75760698509105388883811155432691667447,lat_centre,-76.39,-19.596,7.72,0.1318,1.111,1.2.826.0.1.3680043.8.498.11423935702908355889923640046426012172,21,4.5,1,True
1.2.826.0.1.3680043.8.498.75773447415943537938555952303103557864,lat_centre,19.561,6.806,-8.258,0.085,1.032,1.2.826.0.1.3680043.8.498.10667764341527077403935530839077841299,28,4.0,1,True
1.2.826.0.1.3680043.8.498.75800418125597325281807386716279941068,lat_centre,-98.371,-11.914,-21.135,0.0977,0.956,1.2.826.0.1.3680043.8.498.22883521491633323484458170149062317420,33,3.3,1,True
1.2.826.0.1.3680043.8.498.75893915698353338311947268382839152877,lat_centre,-101.277,36.095,-9.729,0.1098,2.575,1.2.826.0.1.3680043.8.498.10369649134908761648651898882497266276,27,4.0,1,True
1.2.826.0.1.3680043.8.498.75924957745868212343758911856809118662,lat_centre,113.897,-51.78,-72.208,0.1162,2.25,1.2.826.0.1.3680043.8.498.61301359659134156228060182148829633039,32,3.3,1,True
1.2.826.0.1.3680043.8.498.75926011938952404257302292495731660728,lat_centre,-114.8,72.227,-17.981,0.0955,0.872,1.2.826.0.1.3680043.8.498.48873199751227706417614547964619974253,35,3.3,1,True
1.2.826.0.1.3680043.8.498.75976388060969166980873144500539735332,lat_centre,123.383,-19.905,-41.511,0.0693,0.632,1.2.826.0.1.3680043.8.498.99822656998055862812690167200205926073,35,3.3,1,True
1.2.826.0.1.3680043.8.498.75980374267002793040832157122311396174,lat_centre,-96.1,-9.154,-1.418,0.0763,36.882,1.2.826.0.1.3680043.8.498.32577682112508276189281322750695738385,45,2.2,1,True
1.2.826.0.1.3680043.8.498.76012896432318288623173593280895772876,lat_centre,126.276,3.636,-24.31,0.0867,0.673,1.2.826.0.1.3680043.8.498.88781616426285659497473581232750901927,48,2.2,1,True
1.2.826.0.1.3680043.8.498.76027799502777251766328820405966979386,lat_centre,-141.458,-28.72,-19.253,0.1226,1.548,1.2.826.0.1.3680043.8.498.72641493146520374898651668115076318443,29,3.3,1,True
1.2.826.0.1.3680043.8.498.76065434429437758192282562351089010088,lat_centre,-112.67,-10.401,-7.273,0.0863,0.779,1.2.826.0.1.3680043.8.498.13327539916047437302761353819957215036,36,0.89,4,True
1.2.826.0.1.3680043.8.498.76093766204928582819565636658977147523,lat_centre,-125.566,-32.438,-4.593,0.1199,0.76,1.2.826.0.1.3680043.8.498.11243566688247944462266385623246911957,21,3.8,1,True
1.2.826.0.1.3680043.8.498.76107330932071966465869847071480517541,lat_centre,-108.962,-38.505,-35.321,0.117,2.309,1.2.826.0.1.3680043.8.498.35956757026479638944609477592115862813,19,5.2,1,True
1.2.826.0.1.3680043.8.498.76122127303562588545128053661609574837,lat_centre,-121.551,-42.601,-21.765,0.0924,0.763,1.2.826.0.1.3680043.8.498.36288679362021043817044305164566660065,30,3.7,1,True
1.2.826.0.1.3680043.8.498.76125027090596913549224250979076533606,lat_centre,92.866,-13.432,-24.454,0.1102,1.475,1.2.826.0.1.3680043.8.498.34137810978806684750086250488378772523,34,3.0,1,True
1.2.826.0.1.3680043.8.498.76167153566894354739332364376483514559,lat_centre,134.046,-8.863,-56.086,0.072,1.89,1.2.826.0.1.3680043.8.498.11114247136853746156054961065779716303,35,3.3,1,True
1.2.826.0.1.3680043.8.498.76190704217737835083438638928129775625,lat_centre,139.317,-54.473,1.808,0.0916,0.99,1.2.826.0.1.3680043.8.498.99124093166091580590596295749343107932,40,0.4,8,True
1.2.826.0.1.3680043.8.498.76222770668660274805993655800271653712,lat_centre,-140.874,-34.942,-33.654,0.092,0.818,1.2.826.0.1.3680043.8.498.12540303068436671410700465746415446923,25,3.773,1,True
1.2.826.0.1.3680043.8.498.76242245340157474968574926079920787199,lat_centre,-135.376,-28.454,-32.713,0.0922,0.411,1.2.826.0.1.3680043.8.498.55964906318432800163196960808684767549,30,3.3,1,True
1.2.826.0.1.3680043.8.498.76281930374588438789344170829280438697,lat_centre,-109.282,13.589,-16.596,0.0801,0.851,1.2.826.0.1.3680043.8.498.37972480232946231764103778080533922990,26,4.5,1,True
1.2.826.0.1.3680043.8.498.76344826994380951498651448092980303697,lat_centre,-102.325,-12.67,-14.512,0.1032,0.614,1.2.826.0.1.3680043.8.498.53057427890963066647419931140603493129,32,3.3,1,True
1.2.826.0.1.3680043.8.498.76350662767360412185091180512006419379,lat_centre,105.192,-84.06,-7.47,0.1468,1.155,1.2.826.0.1.3680043.8.498.47798641940940297575609055422307697165,19,4.8,1,True
1.2.826.0.1.3680043.8.498.76514087677277144682713362609812138150,lat_centre,-134.847,-22.391,-17.01,0.0866,0.46,1.2.826.0.1.3680043.8.498.17962711343821375913546748165827073462,22,4.5,1,True
1.2.826.0.1.3680043.8.498.76514504104121634569792846980451896030,lat_centre,-136.294,-25.431,-22.83,0.0986,1.127,1.2.826.0.1.3680043.8.498.47515843810588294070043096003473452606,27,4.5,1,True
1.2.826.0.1.3680043.8.498.76525107909962775502207829870873494024,lat_centre,109.351,-5.126,-31.798,0.0821,0.752,1.2.826.0.1.3680043.8.498.69499841173831830722299576243390242958,32,3.3,1,True
1.2.826.0.1.3680043.8.498.76538737802277241976971950690663079376,lat_centre,100.931,-2.455,24.636,0.1155,2.071,1.2.826.0.1.3680043.8.498.13119020158544897993659688688817326204,22,4.6,1,True
1.2.826.0.1.3680043.8.498.76543241221133987658552440969465372120,lat_centre,112.231,-43.952,-5.731,0.0719,0.789,1.2.826.0.1.3680043.8.498.11205802914533485705694502802275967349,32,3.3,1,True
1.2.826.0.1.3680043.8.498.76545468257774231281618306952011717992,lat_centre,108.796,4.483,1.283,0.1077,0.656,1.2.826.0.1.3680043.8.498.51739586316158926618857346297753474089,22,4.0,1,True
1.2.826.0.1.3680043.8.498.76620177268652814425535081607587091903,lat_centre,-97.453,-26.844,-4.379,0.0861,0.626,1.2.826.0.1.3680043.8.498.74823939047322081829939926948389169790,30,3.5,1,True
1.2.826.0.1.3680043.8.498.76651080491383110752977286124044311636,lat_centre,-140.908,-34.887,-22.335,0.1008,0.648,1.2.826.0.1.3680043.8.498.58796258958395957900139131459076958147,29,3.3,1,True
1.2.826.0.1.3680043.8.498.76662146598924492573212477881527658730,lat_centre,-97.329,-12.578,-16.945,0.104,0.872,1.2.826.0.1.3680043.8.498.76487655894053113886333242080214101651,34,3.0,1,True
1.2.826.0.1.3680043.8.498.76680092665218514711300086707222109323,lat_centre,106.438,-26.753,-17.776,0.107,1.533,1.2.826.0.1.3680043.8.498.68825239703133336208215056873500277222,34,3.0,1,True
1.2.826.0.1.3680043.8.498.76742750470853901575934097885382242952,lat_centre,-135.665,38.278,-9.844,0.0824,2.268,1.2.826.0.1.3680043.8.498.64206509253670872568366460891964871107,30,3.85,1,True
1.2.826.0.1.3680043.8.498.76757251008849492985513280752011229119,lat_centre,-111.252,-11.621,-23.413,0.1137,1.75,1.2.826.0.1.3680043.8.498.11547407456161106069356660473620261730,36,0.89,4,True
1.2.826.0.1.3680043.8.498.76772148369531098768751348676329945789,lat_centre,92.373,-38.401,-0.41,0.094,1.212,1.2.826.0.1.3680043.8.498.72665234300357370378327513257915742353,29,3.6,1,True
1.2.826.0.1.3680043.8.498.76841077743272729415666709641073096909,lat_centre,-103.002,-42.01,-35.466,0.0994,0.652,1.2.826.0.1.3680043.8.498.11600323297983556995214492122864341502,32,3.3,1,True
1.2.826.0.1.3680043.8.498.76862911430418639277808760660745763387,lat_centre,-99.238,-9.958,6.133,0.0871,0.985,1.2.826.0.1.3680043.8.498.12034997945035092597086684404071936315,34,3.0,1,True
1.2.826.0.1.3680043.8.498.76903562636417038907113894538863784737,lat_centre,-128.726,16.5,-17.348,0.0962,0.643,1.2.826.0.1.3680043.8.498.90029678755590747568910788840665176415,25,4.5,1,True
1.2.826.0.1.3680043.8.498.76909970028125318280995002129970165723,lat_centre,-112.436,-6.886,-28.786,0.0952,1.708,1.2.826.0.1.3680043.8.498.12873607961255672617573093985275367042,26,4.52,1,True
1.2.826.0.1.3680043.8.498.76914908131203373740345988718674850939,lat_centre,103.433,-11.954,-14.591,0.0917,0.896,1.2.826.0.1.3680043.8.498.12083509548115293078424637372319468202,45,2.2,1,True
1.2.826.0.1.3680043.8.498.76950154099427419631807259601983648254,lat_centre,-110.112,-4.854,-39.426,0.092,1.316,1.2.826.0.1.3680043.8.498.13202565015386789094497408996847699261,31,3.6,1,True
1.2.826.0.1.3680043.8.498.76993922254007307143291254174266755701,lat_centre,138.797,-38.013,-17.981,0.0827,1.603,1.2.826.0.1.3680043.8.498.11929681063596707829827616859736521793,31,3.3,1,True
1.2.826.0.1.3680043.8.498.77018355356797290743788712046815540223,lat_centre,-111.657,-24.216,-23.301,0.0999,1.679,1.2.826.0.1.3680043.8.498.84358452639216158557419821166596077639,40,3.3,1,True
1.2.826.0.1.3680043.8.498.77037121474756969001683126693104350509,lat_centre,102.661,-15.19,-21.945,0.0896,0.601,1.2.826.0.1.3680043.8.498.24823180421157623253115954570018126431,29,3.6,1,True
1.2.826.0.1.3680043.8.498.77058587552329832558354544874120592826,lat_centre,-67.218,-0.499,-36.124,0.028,22.219,1.2.826.0.1.3680043.8.498.67729194031700976279881809522508518766,26,3.5,1,True
1.2.826.0.1.3680043.8.498.77060858802024387619459645469871885412,lat_centre,147.872,-24.539,-72.001,0.1025,2.18,1.2.826.0.1.3680043.8.498.82630629865191944825575585635731723969,25,4.026,1,True
1.2.826.0.1.3680043.8.498.77061877382110597010150770981465581536,lat_centre,-108.744,1.407,-10.977,0.0897,0.618,1.2.826.0.1.3680043.8.498.11233515653100249977861545953174784117,31,3.6,1,True
1.2.826.0.1.3680043.8.498.77150650601457686196626648868552167695,lat_centre,107.1,-42.12,-56.085,0.0812,1.987,1.2.826.0.1.3680043.8.498.78287246621641846634551882259333874137,26,3.3,1,True
1.2.826.0.1.3680043.8.498.77155817997584903787597001328868124855,lat_centre,-115.002,-50.687,-22.566,0.0713,2.781,1.2.826.0.1.3680043.8.498.41967779045880377858903429545241222744,27,4.0,1,True
1.2.826.0.1.3680043.8.498.77164129615096222757740198026718214733,lat_centre,136.458,-45.987,-7.824,0.0845,0.66,1.2.826.0.1.3680043.8.498.22624750622791414062733220305686058640,24,4.209,1,True
1.2.826.0.1.3680043.8.498.77183368292104509335580564463404842046,lat_centre,101.631,-11.313,-18.189,0.0884,0.638,1.2.826.0.1.3680043.8.498.99436810570834680261801979132941597558,33,3.3,1,True
1.2.826.0.1.3680043.8.498.77215476384973989055525592556183934827,lat_centre,-117.28,6.051,5.592,0.1086,0.75,1.2.826.0.1.3680043.8.498.12749312316092572627358997299642713081,24,4.0,1,True
1.2.826.0.1.3680043.8.498.77244685031928454051409193776790348219,lat_centre,-132.058,-50.746,4.831,0.0593,0.665,1.2.826.0.1.3680043.8.498.11103752587330343546225167802723728708,40,0.4,8,True
1.2.826.0.1.3680043.8.498.77261014467268552758826551926128217025,lat_centre,121.73,-49.747,-68.408,0.0939,0.709,1.2.826.0.1.3680043.8.498.31170434578225866618575626131670969602,19,5.0,1,True
1.2.826.0.1.3680043.8.498.77274115607096351160296319533007121044,lat_centre,-121.76,-52.258,-26.35,0.1081,1.517,1.2.826.0.1.3680043.8.498.37638626090958159787991221364146474424,30,3.5,1,True
1.2.826.0.1.3680043.8.498.77283213969268676660453937180363826917,lat_centre,-105.332,1.813,-11.358,0.1161,1.608,1.2.826.0.1.3680043.8.498.93532039867332149733057145449301227864,26,4.0,1,True
1.2.826.0.1.3680043.8.498.77283634197289382453511269950488893300,lat_centre,-113.198,-8.114,-8.552,0.0866,0.499,1.2.826.0.1.3680043.8.498.20236709980801107866835573132627894999,48,2.2,1,True
1.2.826.0.1.3680043.8.498.77290477043075828139630734968573461136,lat_centre,-24.829,9.339,-29.063,0.0939,1.752,1.2.826.0.1.3680043.8.498.11766863910025714885289254628962736093,26,4.0,1,True
1.2.826.0.1.3680043.8.498.77299727102400166279263320763707637485,lat_centre,124.83,7.2,-21.989,0.0887,0.577,1.2.826.0.1.3680043.8.498.57256291943980087042481778455892980020,48,2.2,1,True
1.2.826.0.1.3680043.8.498.77306755058630855443644908572157134062,lat_centre,96.364,-14.502,-20.254,0.1117,0.475,1.2.826.0.1.3680043.8.498.37517630599795813273641482286641802629,22,4.5,1,True
1.2.826.0.1.3680043.8.498.77319661699409997424800377883567027839,lat_centre,107.361,-11.506,-15.318,0.1,1.371,1.2.826.0.1.3680043.8.498.11857305198558868450449700077444812865,36,3.3,1,True
1.2.826.0.1.3680043.8.498.77362718298550276679350855963451855003,lat_centre,-75.483,22.502,-17.798,0.1133,0.924,1.2.826.0.1.3680043.8.498.49091966385194517265009889541603216700,24,4.0,1,True
1.2.826.0.1.3680043.8.498.77370119801633353780677378448761665685,lat_centre,135.486,-53.143,45.936,0.0977,0.716,1.2.826.0.1.3680043.8.498.71149197179783144358569569626084091582,29,3.3,1,True
1.2.826.0.1.3680043.8.498.77378803863827312829317008636359414012,lat_centre,89.219,11.944,-38.05,0.1144,1.45,1.2.826.0.1.3680043.8.498.91644878751298032382231294243084436743,35,3.3,1,True
1.2.826.0.1.3680043.8.498.77391801789875882109036004511558148658,lat_centre,-136.167,1.051,-18.636,0.0922,1.801,1.2.826.0.1.3680043.8.498.89115047894747930772708315835100271372,22,5.0,1,True
1.2.826.0.1.3680043.8.498.77416382267531567401698555072875486512,lat_centre,-138.349,-10.488,-52.664,0.1082,1.167,1.2.826.0.1.3680043.8.498.53119762518487155707688493292171179331,21,4.5,1,True
1.2.826.0.1.3680043.8.498.77421709644087006134426085284321515809,lat_centre,106.042,-22.578,28.588,0.0883,0.726,1.2.826.0.1.3680043.8.498.17371650001680434225521518992657718103,34,3.0,1,True
1.2.826.0.1.3680043.8.498.77433065090757862487482575794398458402,lat_centre,-128.554,-42.128,3.752,0.0862,0.722,1.2.826.0.1.3680043.8.498.68197507127679407142312412117547159147,33,3.3,1,True
1.2.826.0.1.3680043.8.498.77442647074650043391818472068835112806,lat_centre,81.537,5.657,-0.55,0.1306,0.866,1.2.826.0.1.3680043.8.498.29974786594389732097421081566582449878,25,3.6,1,True
1.2.826.0.1.3680043.8.498.77498121906981512168120474112422492971,lat_centre,127.331,-5.421,-12.651,0.1011,0.797,1.2.826.0.1.3680043.8.498.28500225464005195330357793658890588068,48,2.2,1,True
1.2.826.0.1.3680043.8.498.77508762938574470575737016745357126587,lat_centre,131.614,-33.903,-47.967,0.1003,0.901,1.2.826.0.1.3680043.8.498.12933816065411170793131384601807893204,29,3.3,1,True
1.2.826.0.1.3680043.8.498.77513348456432770689938407624768928320,lat_centre,-130.171,-51.142,33.269,0.0959,1.829,1.2.826.0.1.3680043.8.498.13364138719412618459028916239206479044,19,4.5,1,True
1.2.826.0.1.3680043.8.498.77524507552350448792970399203131998592,lat_centre,110.591,-31.825,-12.544,0.1174,1.241,1.2.826.0.1.3680043.8.498.11402535474102797816150422611807813026,19,4.4,1,True
1.2.826.0.1.3680043.8.498.77541648519018799027301684184453151471,lat_centre,120.827,52.662,17.472,0.0719,1.479,1.2.826.0.1.3680043.8.498.65360808151261369003254707155445419521,25,4.0,1,True
1.2.826.0.1.3680043.8.498.77546769004367585830455474984769277713,lat_centre,-145.918,-32.379,-4.575,0.0953,0.519,1.2.826.0.1.3680043.8.498.15576758637798824773691030673453186535,28,4.0,1,True
1.2.826.0.1.3680043.8.498.77577135626047243581253857225991426727,lat_centre,-103.869,-22.119,-1.837,0.0999,0.759,1.2.826.0.1.3680043.8.498.65565123449647584104845343952853326627,33,3.3,1,True
1.2.826.0.1.3680043.8.498.77584925163022886785284486387921312146,lat_centre,110.772,-44.818,-57.5,0.111,0.777,1.2.826.0.1.3680043.8.498.46547966283908465505854784634981320162,30,3.3,1,True
1.2.826.0.1.3680043.8.498.77593859518024366170735307975173961777,lat_centre,-112.419,-21.048,6.057,0.076,1.768,1.2.826.0.1.3680043.8.498.72343351642409126098404951370593554962,48,2.2,1,True
1.2.826.0.1.3680043.8.498.77611073647079414772859496272387571059,lat_centre,-122.463,-5.087,22.83,0.1041,0.818,1.2.826.0.1.3680043.8.498.21499065257996154631340582415902196665,28,3.6,1,True
1.2.826.0.1.3680043.8.498.77626578713099735143745396709359607445,lat_centre,-88.868,1.323,-29.7,0.1153,1.215,1.2.826.0.1.3680043.8.498.79128104802182852834470932013347274466,30,3.3,1,True
1.2.826.0.1.3680043.8.498.77628479664122209492622263818114972176,lat_centre,-100.505,-3.21,-37.112,0.1074,0.865,1.2.826.0.1.3680043.8.498.90477640557049233745497205499082901854,34,3.0,1,True
1.2.826.0.1.3680043.8.498.77716260980321491689913730053309892120,lat_centre,82.503,25.343,-52.107,0.1175,1.11,1.2.826.0.1.3680043.8.498.12525026835187772263603381447869469281,30,3.3,1,True
1.2.826.0.1.3680043.8.498.77735690782343511872544703464260892488,lat_centre,-100.917,-1.863,-2.678,0.094,1.157,1.2.826.0.1.3680043.8.498.11877636295794159724380864024225680892,33,3.3,1,True
1.2.826.0.1.3680043.8.498.77740672313593763051900703940745812581,lat_centre,-131.909,-56.273,35.425,0.0868,0.756,1.2.826.0.1.3680043.8.498.10319202660527719709951654941970584352,30,3.3,1,True
1.2.826.0.1.3680043.8.498.77753753872601674668756777373761660873,lat_centre,139.22,-35.084,-43.021,0.0938,1.36,1.2.826.0.1.3680043.8.498.52590303443741088493131105971892966719,32,3.3,1,True
1.2.826.0.1.3680043.8.498.77760453966349959552328150395676117417,lat_centre,-113.705,-3.276,-9.815,0.1063,1.13,1.2.826.0.1.3680043.8.498.36633071235874264651358590427889895271,33,3.3,1,True
1.2.826.0.1.3680043.8.498.77800740811302686332282410929816056283,lat_centre,155.112,-50.537,-2.751,0.0839,3.1,1.2.826.0.1.3680043.8.498.10906271477167147785815634727765675076,26,4.0,1,True
1.2.826.0.1.3680043.8.498.77801860555102174958520570751272642387,lat_centre,-103.623,-11.806,24.816,0.0793,2.361,1.2.826.0.1.3680043.8.498.12257355353186245819327290720531169994,33,3.3,1,True
1.2.826.0.1.3680043.8.498.77823946901144772346251781172043480398,lat_centre,94.237,3.685,11.429,0.0853,0.627,1.2.826.0.1.3680043.8.498.65446571842218281758797691343556571026,29,3.6,1,True
1.2.826.0.1.3680043.8.498.77843765997593346714211135369376676497,lat_centre,-117.85,-31.793,24.149,0.0769,0.511,1.2.826.0.1.3680043.8.498.10029180059030247801090489398987423754,27,3.3,1,True
1.2.826.0.1.3680043.8.498.77889800516853576877948593628420228178,lat_centre,113.081,-36.645,-44.144,0.0916,1.09,1.2.826.0.1.3680043.8.498.98883309803403426274220973789638571924,36,3.3,1,True
1.2.826.0.1.3680043.8.498.77893704208186903913532950495036889026,lat_centre,-116.153,-31.365,37.029,0.0735,1.529,1.2.826.0.1.3680043.8.498.96748163620855535115615494938730211992,24,4.156,1,True
1.2.826.0.1.3680043.8.498.77911973519830915742655727368286737079,lat_centre,-129.482,-66.981,-14.079,0.0776,0.861,1.2.826.0.1.3680043.8.498.10381516266852869060729203694142371144,22,4.324,1,True
1.2.826.0.1.3680043.8.498.77933128806366660573360274958258917742,lat_centre,-92.227,15.022,-33.223,0.1068,1.535,1.2.826.0.1.3680043.8.498.41408856415906081137090766232761248215,24,4.0,1,True
1.2.826.0.1.3680043.8.498.78003548255041391467292087330671945247,lat_centre,-109.513,-9.723,-4.336,0.1299,2.108,1.2.826.0.1.3680043.8.498.21117895896829655013217427587931800885,21,4.4,1,True
1.2.826.0.1.3680043.8.498.78012314847102407375138809615977711653,lat_centre,96.753,-13.547,2.263,0.089,0.701,1.2.826.0.1.3680043.8.498.44625635971565103849461471134689247361,29,3.6,1,True
1.2.826.0.1.3680043.8.498.78072765790191594685273447833272737429,lat_centre,110.26,78.694,-10.322,0.0624,0.739,1.2.826.0.1.3680043.8.498.48390665005258578548353960308420960860,26,4.0,1,True
1.2.826.0.1.3680043.8.498.78079900750417018394321006978343945239,lat_centre,100.954,-50.718,-11.361,0.1041,0.795,1.2.826.0.1.3680043.8.498.21759382156656850684165687448485563830,36,3.3,1,True
1.2.826.0.1.3680043.8.498.78083057157844664959843364584162587026,lat_centre,-52.302,6.538,-19.717,0.1228,1.459,1.2.826.0.1.3680043.8.498.21893789792855968893520644819255897402,15,4.4,1,True
1.2.826.0.1.3680043.8.498.78084594560404633421210837175859618437,lat_centre,-128.637,-46.468,-13.13,0.0706,0.832,1.2.826.0.1.3680043.8.498.12539477742557379336731626349795112670,33,3.9,1,True
1.2.826.0.1.3680043.8.498.78119223228067919465880137763593966456,lat_centre,-137.308,-41.154,-20.257,0.0769,1.552,1.2.826.0.1.3680043.8.498.49589416877737982954473491237653687100,33,3.9,1,True
1.2.826.0.1.3680043.8.498.78188863861812651079751164964756388411,lat_centre,129.206,-34.477,-23.123,0.0879,1.109,1.2.826.0.1.3680043.8.498.11247153284812327269043986976308353516,29,3.3,1,True
1.2.826.0.1.3680043.8.498.78198993378521219839327914679211902952,lat_centre,132.433,-59.423,18.938,0.0768,0.776,1.2.826.0.1.3680043.8.498.10019265093415632205581075997655789250,30,3.3,1,True
1.2.826.0.1.3680043.8.498.78236036694398253902871510456985685293,lat_centre,-115.06,-50.529,-1.845,0.069,1.201,1.2.826.0.1.3680043.8.498.12032234383257584173258835242906031958,25,3.773,1,True
1.2.826.0.1.3680043.8.498.78238394512811614973689011297363399053,lat_centre,104.644,-44.594,-18.204,0.0841,1.126,1.2.826.0.1.3680043.8.498.46866434814627734312041468298138007877,31,3.3,1,True
1.2.826.0.1.3680043.8.498.78282552802075313852355443512555224586,lat_centre,-117.248,2.395,7.594,0.0866,1.087,1.2.826.0.1.3680043.8.498.78181317637477969377334702318909327167,28,4.52,1,True
1.2.826.0.1.3680043.8.498.78286395605671977872377352305890466464,lat_centre,-98.194,8.959,-41.912,0.1123,1.133,1.2.826.0.1.3680043.8.498.11075482269567949878811069137829939607,26,4.0,1,True
1.2.826.0.1.3680043.8.498.78296478954955171036523274995555716268,lat_centre,100.906,-2.664,-16.643,0.0863,0.924,1.2.826.0.1.3680043.8.498.36341344904769640106588471249976309082,34,3.0,1,True
1.2.826.0.1.3680043.8.498.78420763928408680447797586163977368190,lat_centre,102.854,-6.146,-13.47,0.1161,1.42,1.2.826.0.1.3680043.8.498.34155853566233321122789194875024803059,34,3.0,1,True
1.2.826.0.1.3680043.8.498.78465765647012043478539489340002371960,lat_centre,19.76,5.567,-46.499,0.1183,1.25,1.2.826.0.1.3680043.8.498.79417918800716436378346979507499399707,24,3.9,1,True
1.2.826.0.1.3680043.8.498.78475145549489837635803968565380247517,lat_centre,-104.069,-58.23,-13.05,0.1113,1.032,1.2.826.0.1.3680043.8.498.56606402062863213762797399362334540752,19,4.8,1,True
1.2.826.0.1.3680043.8.498.78476873086705419136436170130940915568,lat_centre,-134.116,-36.024,-18.222,0.1197,1.066,1.2.826.0.1.3680043.8.498.10030972446008853822472209216602063972,26,3.553,1,True
1.2.826.0.1.3680043.8.498.78512215519177850923279235346968676828,lat_centre,-93.881,-12.207,-21.083,0.0952,0.684,1.2.826.0.1.3680043.8.498.92631810116127614014780193051312108215,33,3.3,1,True
1.2.826.0.1.3680043.8.498.78521396404736679127326025240279747196,lat_centre,129.93,-36.901,-5.284,0.0926,1.683,1.2.826.0.1.3680043.8.498.12041425747633242534661825969925803771,25,3.85,1,True
1.2.826.0.1.3680043.8.498.78574437345603052437892513165832297960,lat_centre,87.714,6.104,-55.398,0.0874,0.578,1.2.826.0.1.3680043.8.498.12984100461844299299126160979121635428,34,3.0,1,True
1.2.826.0.1.3680043.8.498.78646473961447523033955716877524794707,lat_centre,125.193,-26.203,-38.135,0.0913,0.452,1.2.826.0.1.3680043.8.498.35075507587015938414313962250575617849,31,3.3,1,True
1.2.826.0.1.3680043.8.498.78657055734742806687703707756153505756,lat_centre,-138.702,-18.782,-23.09,0.1224,1.243,1.2.826.0.1.3680043.8.498.10083122843267350812887063988960514349,23,4.5,1,True
1.2.826.0.1.3680043.8.498.78667999747216717251638754803697959701,lat_centre,125.118,-37.826,3.363,0.094,1.064,1.2.826.0.1.3680043.8.498.94248068833019519450340076215148444953,29,3.3,1,True
1.2.826.0.1.3680043.8.498.78674598286586525734293563394409166190,lat_centre,98.748,36.138,-5.682,0.1032,0.822,1.2.826.0.1.3680043.8.498.97231708962369715276414468850402358303,25,4.0,1,True
1.2.826.0.1.3680043.8.498.78685661415919658264222803849222055515,lat_centre,115.77,11.146,-27.425,0.0834,1.222,1.2.826.0.1.3680043.8.498.71091880550684161536107556239035095669,48,2.2,1,True
1.2.826.0.1.3680043.8.498.78757011872917563830995996191850541453,lat_centre,-137.024,-26.08,-33.482,0.1046,0.769,1.2.826.0.1.3680043.8.498.47130775219503863126532343882629782365,22,4.5,1,True
1.2.826.0.1.3680043.8.498.78765525474890094481249498938657540052,lat_centre,113.329,-7.424,-14.042,0.0862,1.123,1.2.826.0.1.3680043.8.498.96774432369146343605363225083230594593,34,3.0,1,True
1.2.826.0.1.3680043.8.498.78800983923143929298359366572020370031,lat_centre,-107.779,-27.978,-18.036,0.0966,0.461,1.2.826.0.1.3680043.8.498.11618086813746276690171702849313901601,30,3.3,1,True
1.2.826.0.1.3680043.8.498.78808320605816811006382053060951793555,lat_centre,-141.865,-23.496,-9.165,0.1195,1.488,1.2.826.0.1.3680043.8.498.12212874616452345928819640525320387131,20,4.876,1,True
1.2.826.0.1.3680043.8.498.78812661021494224637586904573732040856,lat_centre,129.376,-53.971,-29.198,0.1188,0.468,1.2.826.0.1.3680043.8.498.89240427498659264185023617810117177572,27,3.848,1,True
1.2.826.0.1.3680043.8.498.78853931928960361455025737444267199231,lat_centre,-108.085,-52.67,-9.306,0.0855,0.773,1.2.826.0.1.3680043.8.498.26711982445287508097725662891362625857,32,3.3,1,True
1.2.826.0.1.3680043.8.498.78968420394708302953391711477016139949,lat_centre,-111.774,-23.507,-29.728,0.1265,2.297,1.2.826.0.1.3680043.8.498.63032214662108564869992168801402428741,20,4.876,1,True
1.2.826.0.1.3680043.8.498.78972123731732056524948076388825106061,lat_centre,138.009,45.453,-1.726,0.0916,0.676,1.2.826.0.1.3680043.8.498.45065970727796935121009926772956288889,30,3.3,1,True
1.2.826.0.1.3680043.8.498.79021499290691125513421477204330532755,lat_centre,97.736,-10.983,-18.808,0.094,1.162,1.2.826.0.1.3680043.8.498.17501240733105756252678544296563592659,33,3.3,1,True
1.2.826.0.1.3680043.8.498.79038153803632889185429988483097161887,lat_centre,-131.117,-43.466,5.82,0.0992,1.171,1.2.826.0.1.3680043.8.498.87930421056325896753428289713088695886,27,3.308,1,True
1.2.826.0.1.3680043.8.498.79077219037094025366585138112899760966,lat_centre,-93.382,6.731,1.127,0.102,1.152,1.2.826.0.1.3680043.8.498.10985772276689253392309698046726542896,36,3.0,1,True
1.2.826.0.1.3680043.8.498.79080521163097116147379189510104170611,lat_centre,144.76,-31.515,-38.811,0.11,1.259,1.2.826.0.1.3680043.8.498.50349517242667053869620794254932671651,29,3.3,1,True
1.2.826.0.1.3680043.8.498.79087227780630716132147615846840128474,lat_centre,125.278,-65.746,13.131,0.0907,1.005,1.2.826.0.1.3680043.8.498.70308429783838754326143554815706486727,22,4.429,1,True
1.2.826.0.1.3680043.8.498.79117047831806895544174734229992359986,lat_centre,85.962,-43.976,-17.758,0.1091,1.198,1.2.826.0.1.3680043.8.498.41264372771525617120086989530114799719,19,5.0,1,True
1.2.826.0.1.3680043.8.498.79122189963582241618519333445055548347,lat_centre,145.729,-40.36,-2.237,0.0955,1.297,1.2.826.0.1.3680043.8.498.10747597510837331028563090319082969570,34,3.3,1,True
1.2.826.0.1.3680043.8.498.79165531588966776246377098630025444815,lat_centre,110.395,-25.691,-30.817,0.0726,1.69,1.2.826.0.1.3680043.8.498.76417901644611690107485690371100296898,30,3.3,1,True
1.2.826.0.1.3680043.8.498.79224785668205420138951103045759609475,lat_centre,-100.366,-54.759,-15.221,0.1204,0.877,1.2.826.0.1.3680043.8.498.34601146480564906959832648056452110568,19,5.0,1,True
1.2.826.0.1.3680043.8.498.79225094031423353857449795712402404317,lat_centre,98.392,-4.651,-52.353,0.0874,1.735,1.2.826.0.1.3680043.8.498.11619806721910516093822150765740881128,33,3.3,1,True
1.2.826.0.1.3680043.8.498.79245771997885598399203314109623928718,lat_centre,-113.541,-45.508,-8.293,0.0978,0.9,1.2.826.0.1.3680043.8.498.41843400630292937764767648503526807261,37,3.3,1,True
1.2.826.0.1.3680043.8.498.79247871688929479411597859576284194165,lat_centre,-148.28,-71.7,18.119,0.1239,0.582,1.2.826.0.1.3680043.8.498.85703980753816571484340720998427564896,22,4.35,1,True
1.2.826.0.1.3680043.8.498.79258497507223824227830886693749460348,lat_centre,133.802,-48.935,-10.102,0.1055,1.276,1.2.826.0.1.3680043.8.498.31513439208721624768338510064569761243,35,3.3,1,True
1.2.826.0.1.3680043.8.498.79267465462008228906382361587050826784,lat_centre,-134.81,-2.829,-6.067,0.1006,0.967,1.2.826.0.1.3680043.8.498.48337862714240178292811025027436824962,35,3.3,1,True
1.2.826.0.1.3680043.8.498.79274948549030940175536603063980168192,lat_centre,86.045,49.83,-32.699,0.0967,0.955,1.2.826.0.1.3680043.8.498.82413659097712234500785808135596323322,22,5.0,1,True
1.2.826.0.1.3680043.8.498.79290157182784080975822485697879660942,lat_centre,125.084,-44.279,5.674,0.1065,1.267,1.2.826.0.1.3680043.8.498.52109094824690547661426695460284054254,32,3.3,1,True
1.2.826.0.1.3680043.8.498.79292862882980756453890778996691993351,lat_centre,108.583,-13.674,-23.201,0.1302,1.598,1.2.826.0.1.3680043.8.498.53932479537683080674857728300167263629,28,3.6,1,True
1.2.826.0.1.3680043.8.498.79326627674334637493320764205397279674,lat_centre,137.333,-40.114,6.346,0.094,0.619,1.2.826.0.1.3680043.8.498.12727775635901093202102368153501046089,31,3.3,1,True
1.2.826.0.1.3680043.8.498.79341955397030543255969676347554165142,lat_centre,-128.626,-53.335,-14.976,0.1105,1.597,1.2.826.0.1.3680043.8.498.12806100301143525879172973084948648255,25,4.214,1,True
1.2.826.0.1.3680043.8.498.79505118958475739396320647697583979079,lat_centre,-123.709,-38.354,18.213,0.1134,0.638,1.2.826.0.1.3680043.8.498.63054781020704108913619191209987134828,26,4.156,1,True
1.2.826.0.1.3680043.8.498.79524312100988116256514335064057385347,lat_centre,86.541,46.322,-14.914,0.0883,1.009,1.2.826.0.1.3680043.8.498.11640161656443664000880402953724668830,20,5.0,1,True
1.2.826.0.1.3680043.8.498.79551456190098389081551755482042135791,lat_centre,-124.331,-45.177,-6.794,0.0794,1.388,1.2.826.0.1.3680043.8.498.46297495675016978936408645711926516232,24,4.209,1,True
1.2.826.0.1.3680043.8.498.79560170727391465844958390474997798803,lat_centre,-108.508,-29.158,-34.159,0.1092,2.176,1.2.826.0.1.3680043.8.498.36816044530187439559184091528261146422,40,3.3,1,True
1.2.826.0.1.3680043.8.498.79565393323323007178523850093527250842,lat_centre,112.053,-53.748,-7.006,0.0826,1.254,1.2.826.0.1.3680043.8.498.24370456519764002841561390995439205373,26,3.3,1,True
1.2.826.0.1.3680043.8.498.79582457162604674356422857305405255763,lat_centre,-124.166,-29.448,-51.776,0.0955,0.701,1.2.826.0.1.3680043.8.498.12899714781546661734875961552788394015,30,3.3,1,True
1.2.826.0.1.3680043.8.498.79609204436595306110253502961172135807,lat_centre,129.892,-47.647,2.669,0.0978,0.718,1.2.826.0.1.3680043.8.498.22931869662151323094708929338186135578,31,2.75,1,True
1.2.826.0.1.3680043.8.498.79636443202100988025435536780567446582,lat_centre,-118.619,-14.184,-3.155,0.0965,1.042,1.2.826.0.1.3680043.8.498.12476716683737332319462982244374557979,48,2.2,1,True
1.2.826.0.1.3680043.8.498.79648517065511897282938523065537768426,lat_centre,-110.196,-3.815,-50.896,0.0907,0.75,1.2.826.0.1.3680043.8.498.63720738890620729873709883481495018613,33,3.3,1,True
1.2.826.0.1.3680043.8.498.79672421957132993896448375311641998688,lat_centre,-120.653,-49.039,-14.917,0.0988,1.125,1.2.826.0.1.3680043.8.498.76867591169736790211097631216692457884,24,4.0,1,True
1.2.826.0.1.3680043.8.498.79725520325008084984331823107016254775,lat_centre,145.445,-57.027,-11.665,0.0991,0.983,1.2.826.0.1.3680043.8.498.87565201875385962233584381961959494496,25,4.262,1,True
1.2.826.0.1.3680043.8.498.79741629769872115526056483024289600492,lat_centre,-116.484,-17.167,0.308,0.0976,1.908,1.2.826.0.1.3680043.8.498.11268175773650872982106552618964857562,35,3.3,1,True
1.2.826.0.1.3680043.8.498.79798779812052605703861699094268016306,lat_centre,54.931,35.35,-28.356,0.0766,1.291,1.2.826.0.1.3680043.8.498.21945820627480795359359992533758361813,28,4.5,1,True
1.2.826.0.1.3680043.8.498.79829033430619597320769579608450393290,lat_centre,-108.624,-22.152,-18.23,0.0909,0.801,1.2.826.0.1.3680043.8.498.12719682076531989948068038041779850577,36,0.89,4,True
1.2.826.0.1.3680043.8.498.79977436705480715175480363175316375576,lat_centre,-131.541,-48.605,-8.822,0.1089,0.663,1.2.826.0.1.3680043.8.498.25550822983519136385602595070736494736,34,3.3,1,True
1.2.826.0.1.3680043.8.498.79991838737793096019496013540529642900,lat_centre,-132.305,-55.275,-5.652,0.104,1.53,1.2.826.0.1.3680043.8.498.63004732459250600880737730101084208761,28,4.156,1,True
1.2.826.0.1.3680043.8.498.80058869639900582578987760750483296668,lat_centre,-102.418,-0.698,-34.437,0.0994,1.314,1.2.826.0.1.3680043.8.498.10588917377939566997586643267371828699,34,3.0,1,True
1.2.826.0.1.3680043.8.498.80100785345864355815698147663964005920,lat_centre,-133.042,-15.484,-5.874,0.1179,0.706,1.2.826.0.1.3680043.8.498.99323638971171814093049789501463100892,20,4.5,1,True
1.2.826.0.1.3680043.8.498.80146250663015309456767479960653638934,lat_centre,146.734,-38.711,-3.647,0.101,0.476,1.2.826.0.1.3680043.8.498.11389753140320030640841487532486233046,30,3.5,1,True
1.2.826.0.1.3680043.8.498.80161127293548940216292842707683784128,lat_centre,-106.193,15.339,-1.488,0.1304,0.703,1.2.826.0.1.3680043.8.498.47798047231427994744312211340332482960,24,4.0,1,True
1.2.826.0.1.3680043.8.498.80180578697901833764761405542790185180,lat_centre,155.314,39.32,-36.91,0.1217,1.676,1.2.826.0.1.3680043.8.498.36479567505871682810355401482029719420,30,3.85,1,True
1.2.826.0.1.3680043.8.498.80192355832283305029770183988436644845,lat_centre,138.446,32.167,-13.55,0.0996,1.374,1.2.826.0.1.3680043.8.498.12482592639458698046283084140023909908,23,5.0,1,True
1.2.826.0.1.3680043.8.498.80207056225476761432712249807198836187,lat_centre,146.354,-28.637,-33.66,0.09,0.56,1.2.826.0.1.3680043.8.498.42545927862387406950511580573656170451,30,3.5,1,True
1.2.826.0.1.3680043.8.498.80247974926646352443043954025450139721,lat_centre,-90.665,13.036,-14.719,0.1016,2.52,1.2.826.0.1.3680043.8.498.85598321689332837285129687162668045187,24,4.0,1,True
1.2.826.0.1.3680043.8.498.80275294885165896124489476449616436102,lat_centre,-117.342,-8.005,-44.777,0.0836,0.702,1.2.826.0.1.3680043.8.498.85796252806425670445507148103074147138,30,3.3,1,True
1.2.826.0.1.3680043.8.498.80284846390295834578273590480193235798,lat_centre,-100.856,-13.093,-96.551,0.1018,0.979,1.2.826.0.1.3680043.8.498.54839179993338654309602878708733193076,30,3.3,1,True
1.2.826.0.1.3680043.8.498.80290749690597272632725356393056746299,lat_centre,-137.184,55.562,-34.715,0.0765,1.719,1.2.826.0.1.3680043.8.498.22930037120877087401534640632387668521,35,3.3,1,True
1.2.826.0.1.3680043.8.498.80292580287849976694993628109721422478,lat_centre,109.093,-31.07,5.06,0.0986,1.56,1.2.826.0.1.3680043.8.498.30730551313623314158110057665146594650,24,4.156,1,True
1.2.826.0.1.3680043.8.498.80312559977515578735238310472949287111,lat_centre,132.96,-40.339,-26.87,0.1193,1.3,1.2.826.0.1.3680043.8.498.97613229375072738225083940556401337954,30,3.3,1,True
1.2.826.0.1.3680043.8.498.80313580693550912024103221258669390487,lat_centre,93.452,-0.873,-39.241,0.1079,0.779,1.2.826.0.1.3680043.8.498.97501099064339742244022958164545170496,32,3.3,1,True
1.2.826.0.1.3680043.8.498.80319546205646617603546887163539306146,lat_centre,95.392,44.728,-9.802,0.1043,0.637,1.2.826.0.1.3680043.8.498.11723989359712735249724602745578200098,25,4.0,1,True
1.2.826.0.1.3680043.8.498.80325205657974094483016625702390834774,lat_centre,-102.34,-1.561,13.842,0.1007,0.853,1.2.826.0.1.3680043.8.498.96767735518297598123780275858181006284,48,2.2,1,True
1.2.826.0.1.3680043.8.498.80391378873630377472192017862302619947,lat_centre,99.353,9.608,-18.559,0.1096,1.172,1.2.826.0.1.3680043.8.498.84184427111740960124940422935353479489,33,3.3,1,True
1.2.826.0.1.3680043.8.498.80433141990021472112645841723991584182,lat_centre,-119.862,-24.143,-7.163,0.0949,1.893,1.2.826.0.1.3680043.8.498.71849341004542235180016355418333716051,33,3.9,1,True
1.2.826.0.1.3680043.8.498.80458507774711142534182397228254444268,lat_centre,-104.353,16.899,-39.549,0.1158,2.813,1.2.826.0.1.3680043.8.498.12469889792738163627740372409201276089,26,4.0,1,True
1.2.826.0.1.3680043.8.498.80492324225032367918842505447056622561,lat_centre,106.938,45.565,8.195,0.0944,0.268,1.2.826.0.1.3680043.8.498.41981435082793748982017432010696610394,26,4.5,1,True
1.2.826.0.1.3680043.8.498.80514754572353458107286859773300865138,lat_centre,139.946,-48.782,-35.536,0.0667,0.671,1.2.826.0.1.3680043.8.498.92460782379645841709740457742862937768,40,0.4,8,True
1.2.826.0.1.3680043.8.498.80556515221794602430701573588498144286,lat_centre,-97.212,-49.039,-14.562,0.065,1.33,1.2.826.0.1.3680043.8.498.28205207786933309777978554820637175193,40,0.4,8,True
1.2.826.0.1.3680043.8.498.80557835452734362083552169469427388003,lat_centre,-101.125,-37.169,-16.922,0.0876,0.957,1.2.826.0.1.3680043.8.498.10123028195479555309802959914688757346,34,2.75,1,True
1.2.826.0.1.3680043.8.498.80589796918823112368758999678369292754,lat_centre,-91.235,-47.935,-5.471,0.0549,3.489,1.2.826.0.1.3680043.8.498.55711637064780371051050208348381478595,19,4.6,1,True
1.2.826.0.1.3680043.8.498.80612964209397056653334784776523875647,lat_centre,-100.566,-11.045,-20.11,0.0765,1.683,1.2.826.0.1.3680043.8.498.12499539522086650833052747489273176428,33,3.3,1,True
1.2.826.0.1.3680043.8.498.80627605463642274852766102874822833365,lat_centre,69.257,16.686,-33.531,0.1209,2.131,1.2.826.0.1.3680043.8.498.25023486423727646639568227572805447997,30,3.3,1,True
1.2.826.0.1.3680043.8.498.80629565747112614845746475820152813307,lat_centre,137.411,-50.403,6.401,0.1183,0.862,1.2.826.0.1.3680043.8.498.10477354259025413804386522880281985968,22,4.5,1,True
1.2.826.0.1.3680043.8.498.80642348849062865125509773837278900750,lat_centre,-133.427,-26.309,-52.354,0.0847,1.003,1.2.826.0.1.3680043.8.498.50294070369230764267516502770601902355,24,4.1,1,True
1.2.826.0.1.3680043.8.498.80643480554795312280333659144941545925,lat_centre,-109.746,-37.926,-0.953,0.1032,1.55,1.2.826.0.1.3680043.8.498.29013428747777778112006935210105261345,37,2.75,1,True
1.2.826.0.1.3680043.8.498.80651977424179089141346174053751183506,lat_centre,-104.797,-74.515,23.868,0.0851,0.68,1.2.826.0.1.3680043.8.498.95155647407446664678051679256346553623,21,5.0,1,True
1.2.826.0.1.3680043.8.498.80661392139668653552110941896475066204,lat_centre,108.829,-3.015,-34.929,0.0502,0.811,1.2.826.0.1.3680043.8.498.30298134786899685387838512603649529774,31,4.5,1,True
1.2.826.0.1.3680043.8.498.80671597537348112977780954910198682272,lat_centre,-107.867,-27.838,5.147,0.0945,1.393,1.2.826.0.1.3680043.8.498.11592973573082501000010288573305859218,36,3.3,1,True
1.2.826.0.1.3680043.8.498.80698510014594772882040509716764819716,lat_centre,107.515,-55.448,-31.067,0.0861,0.595,1.2.826.0.1.3680043.8.498.42427493639391840212067860637127380227,32,3.3,1,True
1.2.826.0.1.3680043.8.498.80726797831040227285328789648680519664,lat_centre,-102.077,-16.879,-17.543,0.0993,0.851,1.2.826.0.1.3680043.8.498.44324972524014279490754731266472011904,35,3.3,1,True
1.2.826.0.1.3680043.8.498.80735285867775404153100236162962472952,lat_centre,105.472,-7.052,-15.759,0.0994,0.796,1.2.826.0.1.3680043.8.498.80640222593377212440703793080712213187,33,3.3,1,True
1.2.826.0.1.3680043.8.498.80741358365199721720335324482078866565,lat_centre,95.485,-40.793,-14.881,0.0886,1.186,1.2.826.0.1.3680043.8.498.91474513799929233448330566506979978407,28,3.5,1,True
1.2.826.0.1.3680043.8.498.80758336123908522542787716219939751704,lat_centre,-111.705,-49.11,-21.473,0.1302,1.753,1.2.826.0.1.3680043.8.498.92727678135443834505983274544767298650,19,4.4,1,True
1.2.826.0.1.3680043.8.498.80851365368114686105558347899990395309,lat_centre,-85.18,-9.403,-24.871,0.091,0.943,1.2.826.0.1.3680043.8.498.11978168513445758338850076607701656221,48,2.2,1,True
1.2.826.0.1.3680043.8.498.80861108320341696163987804408524915999,lat_centre,98.12,12.46,-27.715,0.0985,1.085,1.2.826.0.1.3680043.8.498.93139468516191732600953070231674414982,30,3.3,1,True
1.2.826.0.1.3680043.8.498.80876235930771882271600826613593202364,lat_centre,-135.82,-39.94,-19.646,0.1076,0.884,1.2.826.0.1.3680043.8.498.59483495479137263600573536895545950200,30,3.3,1,True
1.2.826.0.1.3680043.8.498.80878057166752747059190481131529937715,lat_centre,101.225,-12.424,-10.309,0.0898,1.6,1.2.826.0.1.3680043.8.498.76744579049961398688591923476744717329,34,3.3,1,True
1.2.826.0.1.3680043.8.498.80886525412417948114478368374120704834,lat_centre,97.078,3.666,-29.799,0.1313,0.753,1.2.826.0.1.3680043.8.498.10954084090299627221819379393795336577,27,4.0,1,True
1.2.826.0.1.3680043.8.498.80931292574057303692838531323879513417,lat_centre,96.521,-55.67,-47.054,0.1386,1.129,1.2.826.0.1.3680043.8.498.85290420872524751575936539984396200173,19,4.4,1,True
1.2.826.0.1.3680043.8.498.81012548926053584036386949658594985125,lat_centre,-118.002,-41.684,-26.489,0.0978,1.09,1.2.826.0.1.3680043.8.498.31984394771429029900535822163102973711,34,3.3,1,True
1.2.826.0.1.3680043.8.498.81018911907787774214591206085583545057,lat_centre,117.002,-15.835,-29.029,0.1092,1.413,1.2.826.0.1.3680043.8.498.10285700314227499870878223073238087144,27,4.0,1,True
1.2.826.0.1.3680043.8.498.81024897463656728358703040759074583549,lat_centre,-89.899,11.09,-52.997,0.1284,0.774,1.2.826.0.1.3680043.8.498.22867523073088024569797963519830813605,30,3.3,1,True
1.2.826.0.1.3680043.8.498.81031057654953109295788159826841315360,lat_centre,116.922,-40.942,-27.442,0.0927,0.725,1.2.826.0.1.3680043.8.498.73276210989115985431949558876171649881,32,3.3,1,True
1.2.826.0.1.3680043.8.498.81096597169632636454986988944050298701,lat_centre,110.805,-49.223,10.99,0.0754,1.635,1.2.826.0.1.3680043.8.498.46655028409163498946698317825352557601,29,3.3,1,True
1.2.826.0.1.3680043.8.498.81103809943451790668501089584752866199,lat_centre,-100.303,40.526,-55.171,0.0815,1.345,1.2.826.0.1.3680043.8.498.55156729103258607655507426510295084154,23,4.5,1,True
1.2.826.0.1.3680043.8.498.81109405367395078564887780335570099673,lat_centre,-158.858,-8.481,-8.135,0.09,0.815,1.2.826.0.1.3680043.8.498.61919096350110482046866623422951548669,36,3.3,1,True
1.2.826.0.1.3680043.8.498.81142440700884513521007992957945568924,lat_centre,-98.802,-1.129,-32.004,0.0723,1.692,1.2.826.0.1.3680043.8.498.49418228016389465086283707762818739263,34,3.0,1,True
1.2.826.0.1.3680043.8.498.81248820934296461385324385812581970340,lat_centre,-110.542,-42.113,-35.633,0.1006,1.078,1.2.826.0.1.3680043.8.498.35494623811913472807119379726515197978,30,3.5,1,True
1.2.826.0.1.3680043.8.498.81269884425000228604280521306949721859,lat_centre,92.73,-15.815,-11.838,0.0902,1.828,1.2.826.0.1.3680043.8.498.17720807121493490206896861136705780212,34,3.0,1,True
1.2.826.0.1.3680043.8.498.81327951282145199298572980264557740321,lat_centre,133.307,-54.634,-8.492,0.0959,0.681,1.2.826.0.1.3680043.8.498.40269546008002648800929538803647044112,33,3.3,1,True
1.2.826.0.1.3680043.8.498.81342416992724702402763591633702802359,lat_centre,-100.04,-7.365,5.839,0.0815,0.814,1.2.826.0.1.3680043.8.498.64718967974843443331053403229591742131,27,3.6,1,True
1.2.826.0.1.3680043.8.498.81347841116019279082226143308588516787,lat_centre,-119.586,-7.484,-10.063,0.1089,0.855,1.2.826.0.1.3680043.8.498.10264273651141823496127762043131445004,48,2.2,1,True
1.2.826.0.1.3680043.8.498.81351574724227319632426427855692606694,lat_centre,112.391,-2.304,-64.734,0.0743,1.475,1.2.826.0.1.3680043.8.498.85440216839347574898352312539890973147,46,3.3,1,True
1.2.826.0.1.3680043.8.498.81407504276375197122586620633759174421,lat_centre,113.248,-61.105,-11.702,0.1081,0.934,1.2.826.0.1.3680043.8.498.41304593297071364232329613400920871784,21,4.8,1,True
1.2.826.0.1.3680043.8.498.81462603621780919719466264356289554669,lat_centre,-98.389,-18.923,-42.509,0.0829,1.168,1.2.826.0.1.3680043.8.498.69425974909468840320269111919216436479,26,3.3,1,True
1.2.826.0.1.3680043.8.498.81464322239381998685473520085495957135,lat_centre,144.23,-29.492,-46.218,0.0664,0.79,1.2.826.0.1.3680043.8.498.54861646142150193732169466388665817717,30,3.5,1,True
1.2.826.0.1.3680043.8.498.81466575994184158172641823163654418018,lat_centre,-117.932,-17.938,-7.163,0.0738,0.636,1.2.826.0.1.3680043.8.498.67856873324260940777918960278854858840,35,3.3,1,True
1.2.826.0.1.3680043.8.498.81475058647553697318837239968139077272,lat_centre,143.336,-42.166,3.751,0.1005,0.974,1.2.826.0.1.3680043.8.498.35141551134973678980109740417044236693,29,3.3,1,True
1.2.826.0.1.3680043.8.498.81495303185504163367736663647489556517,lat_centre,140.094,-51.711,-21.788,0.0689,0.45,1.2.826.0.1.3680043.8.498.78036487512048515187944324628335336007,40,0.4,8,True
1.2.826.0.1.3680043.8.498.81540134120507822899514611863725372563,lat_centre,141.315,-36.44,-1.391,0.1083,2.432,1.2.826.0.1.3680043.8.498.82844793591978671980982988716722535811,29,3.3,1,True
1.2.826.0.1.3680043.8.498.81567030584250750745410094870790052181,lat_centre,-110.325,-6.33,-14.109,0.0996,0.973,1.2.826.0.1.3680043.8.498.10170191940901303824605512849639499467,26,3.9,1,True
1.2.826.0.1.3680043.8.498.81590494282169434250974061642267472166,lat_centre,109.29,-7.21,-2.489,0.1028,1.188,1.2.826.0.1.3680043.8.498.10131476627692785270610024227964258831,36,3.0,1,True
1.2.826.0.1.3680043.8.498.81629704995225424568187579791704967233,lat_centre,-108.031,-45.0,-36.436,0.0907,0.513,1.2.826.0.1.3680043.8.498.11803382369827350266456786973715571246,30,3.5,1,True
1.2.826.0.1.3680043.8.498.81631925197682464058124413934958934086,lat_centre,-107.058,14.109,-50.905,0.1088,0.687,1.2.826.0.1.3680043.8.498.99092959945231263703177652833904772966,30,3.3,1,True
1.2.826.0.1.3680043.8.498.81651132686162360431299931833372141617,lat_centre,135.064,-35.669,13.523,0.1161,0.575,1.2.826.0.1.3680043.8.498.11402234998850102751676684059555869671,28,3.3,1,True
1.2.826.0.1.3680043.8.498.81651455914141365028015556083080638757,lat_centre,111.503,-46.751,-9.434,0.0897,0.769,1.2.826.0.1.3680043.8.498.73505520713184654292992801942859148971,30,3.5,1,True
1.2.826.0.1.3680043.8.498.81692996137620934043276253858381812472,lat_centre,-120.568,-44.93,-7.234,0.092,0.928,1.2.826.0.1.3680043.8.498.10901891109906104104279616676584971617,29,3.3,1,True
1.2.826.0.1.3680043.8.498.81698411330214788362326470979160431674,lat_centre,-25.752,15.41,-34.792,0.0836,0.679,1.2.826.0.1.3680043.8.498.11959340270217248689602636988135162049,29,4.5,1,True
1.2.826.0.1.3680043.8.498.81738571920712657790861120957086010772,lat_centre,106.954,-53.456,8.582,0.1103,1.147,1.2.826.0.1.3680043.8.498.12275778125606185076128074386672339659,19,4.4,1,True
1.2.826.0.1.3680043.8.498.81740348974208459068937862799489495782,lat_centre,135.453,-35.675,-7.487,0.0864,1.051,1.2.826.0.1.3680043.8.498.11065631349837233439681144705455411467,36,2.875,1,True
1.2.826.0.1.3680043.8.498.81790990482142045640192729399175106255,lat_centre,-102.632,-17.639,-8.529,0.1092,0.839,1.2.826.0.1.3680043.8.498.62563822862762087357381720635024141573,33,3.3,1,True
1.2.826.0.1.3680043.8.498.81793454171031578492222004629265937656,lat_centre,-107.643,-40.698,-30.333,0.0912,0.512,1.2.826.0.1.3680043.8.498.12361443632100370540041561454219631943,34,3.3,1,True
1.2.826.0.1.3680043.8.498.81796385087779065457668769443782458844,lat_centre,-67.662,-1.513,25.063,0.0949,1.982,1.2.826.0.1.3680043.8.498.62908586318660487955104770487688529382,26,4.5,1,True
1.2.826.0.1.3680043.8.498.81797437102217585216278133168092577952,lat_centre,102.861,-7.77,-13.709,0.0818,0.753,1.2.826.0.1.3680043.8.498.73301420630287456703160224414420919389,32,3.6,1,True
1.2.826.0.1.3680043.8.498.81819209302731920404237374320026807282,lat_centre,-102.51,-57.534,-34.267,0.0928,1.128,1.2.826.0.1.3680043.8.498.30994061234555977690110131716979749201,32,3.3,1,True
1.2.826.0.1.3680043.8.498.81822709772232914298414700148454511661,lat_centre,-133.624,-16.428,-50.18,0.1046,0.755,1.2.826.0.1.3680043.8.498.26038324734295957107691023969158263998,23,4.876,1,True
1.2.826.0.1.3680043.8.498.81832287065207835637503039077685315236,lat_centre,-123.439,-53.083,14.795,0.0836,0.953,1.2.826.0.1.3680043.8.498.40676829279101764896145178293441368165,34,3.3,1,True
1.2.826.0.1.3680043.8.498.81892104897856100357169774214718573167,lat_centre,-111.824,-25.143,-24.484,0.0697,1.549,1.2.826.0.1.3680043.8.498.11719158633000815940504709553111190459,33,3.9,1,True
1.2.826.0.1.3680043.8.498.81927409938015158663782061022054347955,lat_centre,93.092,-5.615,-28.629,0.0922,1.391,1.2.826.0.1.3680043.8.498.75246292585761236295055436966284015992,33,3.3,1,True
1.2.826.0.1.3680043.8.498.81957447654112577010261210572986132211,lat_centre,-106.683,-35.278,6.352,0.0747,0.731,1.2.826.0.1.3680043.8.498.12563600350439437585185471305734998251,40,3.3,1,True
1.2.826.0.1.3680043.8.498.81964000393640770822199916465038759069,lat_centre,-115.809,-18.716,-4.472,0.1075,1.403,1.2.826.0.1.3680043.8.498.24946957930623312723336630036422224993,33,3.3,1,True
1.2.826.0.1.3680043.8.498.81974732979506931694079719601760393277,lat_centre,-97.463,1.431,-31.202,0.094,1.652,1.2.826.0.1.3680043.8.498.55918779092413231278856196503563791619,24,4.0,1,True
1.2.826.0.1.3680043.8.498.81981151447274200345866874172324295172,lat_centre,-107.081,-13.709,-12.46,0.0849,0.833,1.2.826.0.1.3680043.8.498.11166039692943608546313783574423080657,33,3.3,1,True
1.2.826.0.1.3680043.8.498.81984200870681776955493738987078746894,lat_centre,-110.001,-36.855,-30.611,0.0963,0.687,1.2.826.0.1.3680043.8.498.11720870217690580774976340577760783783,27,3.3,1,True
1.2.826.0.1.3680043.8.498.82012532783011843175172575198326783678,lat_centre,-136.224,-7.53,12.783,0.1156,1.548,1.2.826.0.1.3680043.8.498.45873455409596223197041469624301442283,22,4.5,1,True
1.2.826.0.1.3680043.8.498.82053853036886620816821481139413594407,lat_centre,-118.641,-5.883,-31.283,0.1011,1.851,1.2.826.0.1.3680043.8.498.98623547060573183858325841715013398154,33,3.3,1,True
1.2.826.0.1.3680043.8.498.82074883987134049971242727164506046476,lat_centre,-101.994,-14.69,14.134,0.1135,0.532,1.2.826.0.1.3680043.8.498.11976340953635825738438115308660676178,30,3.0,1,True
1.2.826.0.1.3680043.8.498.82143276307898132314496735515204481508,lat_centre,150.864,-59.192,-9.37,0.0633,1.205,1.2.826.0.1.3680043.8.498.36547692707069600409188767497119216659,21,4.5,1,True
1.2.826.0.1.3680043.8.498.82144602300666174450721045102799681426,lat_centre,152.921,-36.624,0.471,0.095,1.068,1.2.826.0.1.3680043.8.498.10124696712778542687961602116738150466,24,4.209,1,True
1.2.826.0.1.3680043.8.498.82157293611630605740641187215639204974,lat_centre,99.45,-55.885,-16.283,0.0891,0.724,1.2.826.0.1.3680043.8.498.86517895006392259407872634218546422483,19,4.4,1,True
1.2.826.0.1.3680043.8.498.82166943552764439138333504456139890254,lat_centre,-124.482,-36.148,-8.12,0.092,0.977,1.2.826.0.1.3680043.8.498.41453776462847737420755793667519107493,29,3.3,1,True
1.2.826.0.1.3680043.8.498.82169173362972793731001247413129649263,lat_centre,-118.822,-33.898,-5.182,0.075,0.648,1.2.826.0.1.3680043.8.498.12207353112594306203854158037956331830,33,3.9,1,True
1.2.826.0.1.3680043.8.498.82272793832748838882752586678639564181,lat_centre,-139.226,-13.881,2.418,0.0914,2.004,1.2.826.0.1.3680043.8.498.10568996911457291723691785963888054957,24,5.0,1,True
1.2.826.0.1.3680043.8.498.82355456395534835058857499033494900716,lat_centre,-115.047,-43.998,2.316,0.0947,0.427,1.2.826.0.1.3680043.8.498.95667526686739103965076668643878820045,34,3.3,1,True
1.2.826.0.1.3680043.8.498.82414828460683289235183375457850096746,lat_centre,-116.654,-53.306,-2.175,0.1116,1.429,1.2.826.0.1.3680043.8.498.26970293255364970290562906399126709994,29,3.3,1,True
1.2.826.0.1.3680043.8.498.82440268452598207215458064865523988222,lat_centre,-100.161,-2.427,-13.869,0.1011,0.658,1.2.826.0.1.3680043.8.498.52255852827183589749116947120527933202,48,2.2,1,True
1.2.826.0.1.3680043.8.498.82447100001417065190678617013741085481,lat_centre,-126.874,-16.954,-35.965,0.0851,0.44,1.2.826.0.1.3680043.8.498.21363990322152610951063263101794906540,30,3.3,1,True
1.2.826.0.1.3680043.8.498.82481056562260046738834822905709207128,lat_centre,-134.515,-52.646,-29.087,0.0727,0.901,1.2.826.0.1.3680043.8.498.21520027227776614414321574221608288237,40,0.4,8,True
1.2.826.0.1.3680043.8.498.82498616123349854719801627024073383874,lat_centre,-120.061,59.123,-31.873,0.1003,1.012,1.2.826.0.1.3680043.8.498.53360034480580898382944769185737392175,20,5.0,1,True
1.2.826.0.1.3680043.8.498.82523073559792523830827952754346276051,lat_centre,121.027,-49.861,-4.723,0.1269,2.286,1.2.826.0.1.3680043.8.498.76648307949296969230596102878131749279,19,4.8,1,True
1.2.826.0.1.3680043.8.498.82548251499640077572026404183402934330,lat_centre,51.276,-15.506,-28.619,0.1217,1.089,1.2.826.0.1.3680043.8.498.29899465726532858804525475828486744345,25,3.3,1,True
1.2.826.0.1.3680043.8.498.82548952153746644951736669119607083230,lat_centre,-102.72,-44.722,-27.494,0.0858,1.036,1.2.826.0.1.3680043.8.498.19132992504842639903904619846141323411,34,3.3,1,True
1.2.826.0.1.3680043.8.498.82579118531566493365068788437906656162,lat_centre,-128.734,-52.694,-11.697,0.0936,1.47,1.2.826.0.1.3680043.8.498.33646824303433278299040293185014867638,29,3.3,1,True
1.2.826.0.1.3680043.8.498.82582558624896662901163827145277490232,lat_centre,134.356,-42.492,2.677,0.0856,0.494,1.2.826.0.1.3680043.8.498.75877669925357107017900878786996798478,28,3.3,1,True
1.2.826.0.1.3680043.8.498.82587763533601760002619014353812074700,lat_centre,-12.889,14.569,-41.164,0.0913,0.608,1.2.826.0.1.3680043.8.498.76236088339442749600524534855737615848,24,3.9,1,True
1.2.826.0.1.3680043.8.498.82591599611540849522609405219902904134,lat_centre,-119.255,-57.331,-65.592,0.1101,1.105,1.2.826.0.1.3680043.8.498.80852770262079004404910815519982262611,19,4.4,1,True
1.2.826.0.1.3680043.8.498.82655005222804459605894403147145992714,lat_centre,87.913,-40.032,-15.126,0.087,0.765,1.2.826.0.1.3680043.8.498.83142196748118741695328772598724606278,35,3.3,1,True
1.2.826.0.1.3680043.8.498.82731606763525898032678680051515732914,lat_centre,113.918,-47.428,-5.234,0.1096,0.757,1.2.826.0.1.3680043.8.498.44510117843291479798041896388308327149,32,3.3,1,True
1.2.826.0.1.3680043.8.498.82744514729782879778828512295184306538,lat_centre,109.913,-1.905,-16.832,0.1047,1.741,1.2.826.0.1.3680043.8.498.65064301086839674297861376201579157258,33,3.3,1,True
1.2.826.0.1.3680043.8.498.82757616216788919181323176147396770758,lat_centre,-130.671,-16.725,-48.575,0.0913,0.595,1.2.826.0.1.3680043.8.498.10447944757767343865622995625234511082,22,4.5,1,True
1.2.826.0.1.3680043.8.498.82858981777405241601610241542173548956,lat_centre,-102.453,0.112,-47.688,0.1242,0.843,1.2.826.0.1.3680043.8.498.11285259492189746245631828623127976787,24,4.0,1,True
1.2.826.0.1.3680043.8.498.82902769135373284012762237744774967400,lat_centre,92.091,-68.055,-14.286,0.0742,1.285,1.2.826.0.1.3680043.8.498.26327921072813517273596905408835438004,21,4.7,1,True
1.2.826.0.1.3680043.8.498.82925474533853765570570726554869886925,lat_centre,-106.933,-24.886,-33.366,0.0908,0.403,1.2.826.0.1.3680043.8.498.58177959005902972223809723217788007880,28,3.6,1,True
1.2.826.0.1.3680043.8.498.82967086493280898295669930903240677729,lat_centre,-140.626,-72.517,-1.289,0.0967,1.0,1.2.826.0.1.3680043.8.498.40768004389812241063040009905672738092,22,5.353,1,True
1.2.826.0.1.3680043.8.498.83000639623679673469640458882929412717,lat_centre,-108.126,-1.978,12.454,0.0852,1.239,1.2.826.0.1.3680043.8.498.89362389282240595724350466654433776041,32,3.3,1,True
1.2.826.0.1.3680043.8.498.83028939839767027342482365275441078777,lat_centre,-106.577,8.713,-41.392,0.0816,1.325,1.2.826.0.1.3680043.8.498.79356857167205549309691631478131407949,34,3.0,1,True
1.2.826.0.1.3680043.8.498.83030371526667747898709613600825477966,lat_centre,-82.192,31.176,5.544,0.0602,0.869,1.2.826.0.1.3680043.8.498.11585512279007848034089048644945121778,30,3.5,1,True
1.2.826.0.1.3680043.8.498.83054899303871276184985881638619543362,lat_centre,-109.389,-15.391,5.038,0.1035,1.323,1.2.826.0.1.3680043.8.498.19228362518329494810933394899177839922,33,3.3,1,True
1.2.826.0.1.3680043.8.498.83055401642066749019091368358783700783,lat_centre,-19.663,-1.628,-34.535,0.1045,0.748,1.2.826.0.1.3680043.8.498.87479039227833235067282648937072801058,25,3.3,1,True
1.2.826.0.1.3680043.8.498.83061811791652434833797599835671351097,lat_centre,134.911,-72.877,-2.864,0.1114,1.299,1.2.826.0.1.3680043.8.498.84025684521731697747175654055615533009,19,5.0,1,True
1.2.826.0.1.3680043.8.498.83108474538388106770920972885900596508,lat_centre,99.205,0.707,-51.08,0.1114,1.066,1.2.826.0.1.3680043.8.498.13041923658224282265573316676798175869,34,3.0,1,True
1.2.826.0.1.3680043.8.498.83121378128521985713113311344685112825,lat_centre,89.801,-7.963,-19.086,0.0919,0.96,1.2.826.0.1.3680043.8.498.21503298417260679629197694085962818403,37,3.3,1,True
1.2.826.0.1.3680043.8.498.83152040259754415849193046299744699239,lat_centre,-110.502,-31.547,-23.552,0.0997,0.731,1.2.826.0.1.3680043.8.498.79773529880216309944022387700972336724,28,3.3,1,True
1.2.826.0.1.3680043.8.498.83220896521302064187926748035734200732,lat_centre,96.463,-45.471,-48.101,0.1034,0.757,1.2.826.0.1.3680043.8.498.80228517401239896656692709089929562360,19,4.4,1,True
1.2.826.0.1.3680043.8.498.83235374118671754689663732057314083332,lat_centre,90.807,-2.999,-16.312,0.0914,0.737,1.2.826.0.1.3680043.8.498.75672663977365791127295385136090814940,34,3.0,1,True
1.2.826.0.1.3680043.8.498.83237706274929081175032033288272528919,lat_centre,-133.189,-40.488,12.195,0.0872,1.045,1.2.826.0.1.3680043.8.498.72009143853219762873024941491737381268,30,3.553,1,True
1.2.826.0.1.3680043.8.498.83253778356746892201320443660102495790,lat_centre,131.877,-55.589,-39.384,0.112,0.791,1.2.826.0.1.3680043.8.498.27116331186729444306434454746854926036,30,3.3,1,True
1.2.826.0.1.3680043.8.498.83271280040777227673434567660749430744,lat_centre,-109.798,-14.563,-21.311,0.0901,0.498,1.2.826.0.1.3680043.8.498.64953540258530461194043983346688690327,33,3.3,1,True
1.2.826.0.1.3680043.8.498.83376388091077619281568190257019735638,lat_centre,121.001,-44.516,-25.954,0.0959,1.002,1.2.826.0.1.3680043.8.498.75464730124822592001672091064241788521,28,3.3,1,True
1.2.826.0.1.3680043.8.498.83384018761005700404957421316476952190,lat_centre,-92.73,-2.77,-12.582,0.0827,1.394,1.2.826.0.1.3680043.8.498.46573941398927675458397919238703080717,36,0.89,4,True
1.2.826.0.1.3680043.8.498.83456649088980869429062498344457162631,lat_centre,-105.697,-35.937,-40.829,0.097,0.831,1.2.826.0.1.3680043.8.498.11868139917915383063349758092604065686,28,3.3,1,True
1.2.826.0.1.3680043.8.498.83465081013175989426506371406463660936,lat_centre,105.302,-31.785,-10.732,0.0984,1.364,1.2.826.0.1.3680043.8.498.52227505793537367140316536974787503170,30,2.875,1,True
1.2.826.0.1.3680043.8.498.83495448827553002152296206085110883602,lat_centre,-122.259,-94.285,-51.814,0.0989,1.509,1.2.826.0.1.3680043.8.498.10944340202361378325569067262421989952,26,4.5,1,True
1.2.826.0.1.3680043.8.498.83509478059288902959149676250911654986,lat_centre,-108.858,3.898,-8.586,0.0936,0.845,1.2.826.0.1.3680043.8.498.89116126151068379633097459199866156428,32,3.3,1,True
1.2.826.0.1.3680043.8.498.83569065014916050100714967945484998462,lat_centre,119.307,3.015,-24.989,0.0802,1.873,1.2.826.0.1.3680043.8.498.33035205420990272141669016507007177795,48,2.2,1,True
1.2.826.0.1.3680043.8.498.83602205818477323486169938182117122488,lat_centre,142.777,41.369,-57.443,0.1318,1.472,1.2.826.0.1.3680043.8.498.12258709458724372070339877561870438167,32,3.85,1,True
1.2.826.0.1.3680043.8.498.83691358175810149975084604975065122220,lat_centre,136.545,-44.091,-1.931,0.074,0.78,1.2.826.0.1.3680043.8.498.11578522679373187583521914739453475497,29,3.3,1,True
1.2.826.0.1.3680043.8.498.83740112248863750162633901687556705057,lat_centre,109.936,-54.046,-23.518,0.0887,0.684,1.2.826.0.1.3680043.8.498.54798376956940265712217125126507108306,32,3.3,1,True
1.2.826.0.1.3680043.8.498.83747418172021065605877274971789603771,lat_centre,-135.314,-47.439,-6.587,0.1039,1.619,1.2.826.0.1.3680043.8.498.16392686695686624447568905179918267839,27,4.0,1,True
1.2.826.0.1.3680043.8.498.83847285247209768917850605454140194088,lat_centre,95.431,-6.91,-30.143,0.0869,1.157,1.2.826.0.1.3680043.8.498.12942976515779894448618196251090530408,34,3.0,1,True
1.2.826.0.1.3680043.8.498.83956129905762530953192730040209719910,lat_centre,95.859,10.297,-25.83,0.0982,0.752,1.2.826.0.1.3680043.8.498.99500653389160477538089966598156853288,33,3.3,1,True
1.2.826.0.1.3680043.8.498.84007436672323587547274248257117331532,lat_centre,-101.166,13.185,-26.411,0.118,1.424,1.2.826.0.1.3680043.8.498.49399931156350465212168524202838649156,24,4.0,1,True
1.2.826.0.1.3680043.8.498.84047134932018909998648460546980598926,lat_centre,-142.107,54.232,-19.965,0.0856,1.84,1.2.826.0.1.3680043.8.498.55422884995119816156004547416446996878,25,4.5,1,True
1.2.826.0.1.3680043.8.498.84059077072076289248966490696872414783,lat_centre,100.512,-10.074,-12.164,0.0901,1.453,1.2.826.0.1.3680043.8.498.25033463089205457544110405812828284734,29,3.6,1,True
1.2.826.0.1.3680043.8.498.84062602050757262792437893691591415560,lat_centre,112.479,-0.047,-5.728,0.0967,0.723,1.2.826.0.1.3680043.8.498.10068759518307928574955716960374794324,48,2.2,1,True
1.2.826.0.1.3680043.8.498.84062980592611347665739105270731842220,lat_centre,139.228,-57.092,-2.532,0.1016,1.46,1.2.826.0.1.3680043.8.498.10335368334126589533721241021848077908,30,3.3,1,True
1.2.826.0.1.3680043.8.498.84069767112794890061709127671908414399,lat_centre,-134.743,-36.646,-20.704,0.0962,0.484,1.2.826.0.1.3680043.8.498.11375931132496139520084866560721844218,20,4.5,1,True
1.2.826.0.1.3680043.8.498.84123495463663584148839831457665741488,lat_centre,-136.646,-29.533,-26.965,0.1111,0.813,1.2.826.0.1.3680043.8.498.17417139243766922187077317601963670620,29,3.3,1,True
1.2.826.0.1.3680043.8.498.84230432137191939390680841389370206819,lat_centre,101.262,-27.973,26.81,0.0913,0.639,1.2.826.0.1.3680043.8.498.12483690641119555080569923159138303263,29,3.6,1,True
1.2.826.0.1.3680043.8.498.84238814030979264404768702945290704724,lat_centre,-115.906,-38.102,-10.033,0.096,1.028,1.2.826.0.1.3680043.8.498.76489574455843059179586804208900808193,34,2.75,1,True
1.2.826.0.1.3680043.8.498.84292569246911697141902796190329671261,lat_centre,139.084,-32.631,7.29,0.0762,0.466,1.2.826.0.1.3680043.8.498.68284641334682068423589624395177717566,30,3.5,1,True
1.2.826.0.1.3680043.8.498.84347051904829814300575579670995018991,lat_centre,140.66,-28.159,-24.172,0.0932,0.786,1.2.826.0.1.3680043.8.498.30354177631707295535053629853896904252,35,3.3,1,True
1.2.826.0.1.3680043.8.498.84419297518873367123595080276985526259,lat_centre,107.516,-46.512,-39.229,0.0815,0.959,1.2.826.0.1.3680043.8.498.72437754237895522563325655849519151488,30,3.3,1,True
1.2.826.0.1.3680043.8.498.84477198486144701928775090913243250655,lat_centre,-113.928,-7.649,-46.114,0.096,1.486,1.2.826.0.1.3680043.8.498.13288456733889635687837672989228024641,28,3.9,1,True
1.2.826.0.1.3680043.8.498.84483080389344581106129884869678629612,lat_centre,141.591,-53.671,33.33,0.0754,0.647,1.2.826.0.1.3680043.8.498.28334461853763977328452819111358915986,23,4.5,1,True
1.2.826.0.1.3680043.8.498.84486787871353595019134028899317143475,lat_centre,-120.07,-34.276,-19.034,0.0735,1.043,1.2.826.0.1.3680043.8.498.86819799480832826059064448723439145740,30,3.3,1,True
1.2.826.0.1.3680043.8.498.84612593835203397696029057940345763682,lat_centre,112.163,-48.685,-18.167,0.111,0.776,1.2.826.0.1.3680043.8.498.77436296258471961003881520725298917372,26,3.3,1,True
1.2.826.0.1.3680043.8.498.84630493975910180537831353884518764364,lat_centre,-107.22,-61.364,-2.657,0.0815,0.424,1.2.826.0.1.3680043.8.498.10679748410982165210695509901216372079,32,3.3,1,True
1.2.826.0.1.3680043.8.498.84646554968523210021448483220679710652,lat_centre,-93.16,-0.63,-20.477,0.1164,1.522,1.2.826.0.1.3680043.8.498.12041597969553853082988349987560832529,30,3.3,1,True
1.2.826.0.1.3680043.8.498.84661341697154104963062177064495044195,lat_centre,-127.422,8.874,14.766,0.0849,1.599,1.2.826.0.1.3680043.8.498.10384735195657086082856589318374515404,25,4.5,1,True
1.2.826.0.1.3680043.8.498.84709539128629951937294117586370340042,lat_centre,-108.763,-26.807,-45.56,0.0851,0.688,1.2.826.0.1.3680043.8.498.32061923366127653957808174362414899492,36,3.45,1,True
1.2.826.0.1.3680043.8.498.84720476187201404764508451536959273676,lat_centre,-119.72,58.291,-63.45,0.0595,0.921,1.2.826.0.1.3680043.8.498.90989008257337682331934177908300819844,30,3.3,1,True
1.2.826.0.1.3680043.8.498.84748479740284893375192048321707057482,lat_centre,-107.502,-36.831,-29.841,0.096,0.955,1.2.826.0.1.3680043.8.498.18731737284379400023038810339092491053,24,4.0,1,True
1.2.826.0.1.3680043.8.498.84827027113422423894439539536275453132,lat_centre,-132.632,-50.065,-31.533,0.1038,1.058,1.2.826.0.1.3680043.8.498.22510106959775324133556985118007172626,29,3.3,1,True
1.2.826.0.1.3680043.8.498.84855341377363129926967387137216814518,lat_centre,-119.891,-0.362,-82.536,0.0764,1.238,1.2.826.0.1.3680043.8.498.28805127462509331733817972009907867606,36,3.3,1,True
1.2.826.0.1.3680043.8.498.84857368518703570476541203284655412396,lat_centre,123.139,-6.416,13.902,0.1078,0.631,1.2.826.0.1.3680043.8.498.31266754394232630758755039677470285931,45,2.2,1,True
1.2.826.0.1.3680043.8.498.84896756080952941537556818257863912066,lat_centre,-130.339,-44.884,24.128,0.0797,0.812,1.2.826.0.1.3680043.8.498.11570014931048528586446059636628173885,30,3.3,1,True
1.2.826.0.1.3680043.8.498.84982310626395569925821771375535259394,lat_centre,87.58,-11.445,-96.597,0.0895,2.034,1.2.826.0.1.3680043.8.498.67285243018425564002851909179067097008,33,3.3,1,True
1.2.826.0.1.3680043.8.498.85004373913191467860228868467924401547,lat_centre,108.588,11.91,-32.847,0.1032,0.719,1.2.826.0.1.3680043.8.498.68725701861319800818467043279957544680,43,2.2,1,True
1.2.826.0.1.3680043.8.498.85031127696558971105465423134104223548,lat_centre,-138.39,-50.305,-45.285,0.0882,0.68,1.2.826.0.1.3680043.8.498.76907418313676155021855671454670188870,30,3.3,1,True
1.2.826.0.1.3680043.8.498.85036616529391787087213173897728060798,lat_centre,108.081,-59.963,-56.926,0.0853,0.827,1.2.826.0.1.3680043.8.498.84763160784210691125836634783404929092,19,4.4,1,True
1.2.826.0.1.3680043.8.498.85095389649021071892478435298763928925,lat_centre,-110.241,8.48,15.516,0.1027,1.789,1.2.826.0.1.3680043.8.498.50577589194754166963938938542568937863,24,3.9,1,True
1.2.826.0.1.3680043.8.498.85108719393967663738580518985514195538,lat_centre,-113.778,-0.748,-38.424,0.1456,0.518,1.2.826.0.1.3680043.8.498.96722287350274129921096603633786586778,26,4.0,1,True
1.2.826.0.1.3680043.8.498.85137704768728261642637391657270006448,lat_centre,-141.703,-48.567,7.49,0.0629,1.45,1.2.826.0.1.3680043.8.498.79380868105359858408664610704122401024,40,0.4,8,True
1.2.826.0.1.3680043.8.498.85194002080793317087210934629814349622,lat_centre,-89.571,41.26,-14.573,0.0867,1.68,1.2.826.0.1.3680043.8.498.15933268726194960283072482223202587078,28,4.5,1,True
1.2.826.0.1.3680043.8.498.85212353344613461454490252928274988058,lat_centre,-119.852,-25.483,-20.647,0.0815,1.203,1.2.826.0.1.3680043.8.498.82863786625674075025942039024138875585,24,5.0,1,True
1.2.826.0.1.3680043.8.498.85294435004325211584698794441083866921,lat_centre,-100.986,-2.513,-12.309,0.0934,1.037,1.2.826.0.1.3680043.8.498.66851781898540959962369172532854214180,34,3.0,1,True
1.2.826.0.1.3680043.8.498.85326542895076582985200613540648336047,lat_centre,-127.146,-54.545,54.183,0.086,1.32,1.2.826.0.1.3680043.8.498.10117149485828956978712834545182567722,27,4.0,1,True
1.2.826.0.1.3680043.8.498.85333821516157983299252782678788406019,lat_centre,-111.451,-46.1,-30.323,0.0835,0.737,1.2.826.0.1.3680043.8.498.14434786799957322425595376932205260258,30,3.3,1,True
1.2.826.0.1.3680043.8.498.85341019006931436802294963713199308935,lat_centre,-143.746,-68.815,-44.669,0.1152,0.678,1.2.826.0.1.3680043.8.498.18293419629429929059810817796216118645,19,4.4,1,True
1.2.826.0.1.3680043.8.498.85347263026430684291021533170619978114,lat_centre,104.016,-60.101,-15.322,0.1047,1.087,1.2.826.0.1.3680043.8.498.46122248741301297285174724205213104389,21,5.0,1,True
1.2.826.0.1.3680043.8.498.85391052076760686301971262244561025345,lat_centre,88.779,31.47,-14.39,0.0861,0.702,1.2.826.0.1.3680043.8.498.55150022779097980970708067277621466906,24,4.5,1,True
1.2.826.0.1.3680043.8.498.85397267100597758920280635204297906286,lat_centre,132.681,-24.136,-27.964,0.1348,0.874,1.2.826.0.1.3680043.8.498.68084125463875671695513009042787301415,19,4.5,1,True
1.2.826.0.1.3680043.8.498.85416107585703628549041626609272707431,lat_centre,-110.623,-47.033,6.25,0.0925,0.809,1.2.826.0.1.3680043.8.498.83220999489977215221294519339762508279,35,2.75,1,True
1.2.826.0.1.3680043.8.498.85431902914673414035492907270636012892,lat_centre,-99.852,-16.486,2.489,0.0812,0.473,1.2.826.0.1.3680043.8.498.90141615921223620640426184829064758844,33,3.3,1,True
1.2.826.0.1.3680043.8.498.85454884397223412543050876117416146750,lat_centre,-106.882,6.999,-16.776,0.115,0.526,1.2.826.0.1.3680043.8.498.33387027540258760784802716799464670504,30,3.3,1,True
1.2.826.0.1.3680043.8.498.85464150757448712711832350617010924327,lat_centre,121.567,19.131,-31.107,0.1265,0.915,1.2.826.0.1.3680043.8.498.26324802569335008623303574195574167369,30,3.3,1,True
1.2.826.0.1.3680043.8.498.85475892602877115812059264719695919613,lat_centre,89.703,12.393,-22.304,0.0883,1.812,1.2.826.0.1.3680043.8.498.18455026283868130134431137564260104125,34,3.0,1,True
1.2.826.0.1.3680043.8.498.85499036441349866810703945289793057098,lat_centre,-112.066,-9.431,-15.806,0.0869,2.686,1.2.826.0.1.3680043.8.498.68044827767799081572937527001298118252,32,3.3,1,True
1.2.826.0.1.3680043.8.498.85545102350084131396266710667808696561,lat_centre,110.145,-50.174,-38.936,0.124,0.871,1.2.826.0.1.3680043.8.498.59787211561887265947777331819963593246,19,4.4,1,True
1.2.826.0.1.3680043.8.498.85566900782101872452970957532250214590,lat_centre,-107.02,-62.732,-42.479,0.133,0.462,1.2.826.0.1.3680043.8.498.11734923746026999880120015997997863788,19,4.4,1,True
1.2.826.0.1.3680043.8.498.85602291032341007550376696695283794665,lat_centre,-76.124,-52.388,1.739,0.0979,2.141,1.2.826.0.1.3680043.8.498.18527120983837724164991370978745713021,19,4.8,1,True
1.2.826.0.1.3680043.8.498.85624441072689653093363046226467141762,lat_centre,35.561,3.937,-20.68,0.0928,0.445,1.2.826.0.1.3680043.8.498.23264327834381853551150516832788847474,26,4.0,1,True
1.2.826.0.1.3680043.8.498.85646781189339988389190891868001374533,lat_centre,-102.992,38.368,-7.55,0.0828,1.328,1.2.826.0.1.3680043.8.498.11570035849725280318667755964077048776,26,4.5,1,True
1.2.826.0.1.3680043.8.498.85649172620970194090967653766415467836,lat_centre,-95.355,-3.522,-18.185,0.0788,1.562,1.2.826.0.1.3680043.8.498.35679460518494535168091409217621778213,28,3.6,1,True
1.2.826.0.1.3680043.8.498.85663162480758065951465617999516770647,lat_centre,107.209,-5.635,-16.735,0.0909,2.132,1.2.826.0.1.3680043.8.498.10747898597201019814030625651700528351,32,3.5,1,True
1.2.826.0.1.3680043.8.498.85687351346612079711706269264454944647,lat_centre,-101.107,3.876,-18.628,0.1189,1.693,1.2.826.0.1.3680043.8.498.12698853399386548258651993757315356080,26,4.0,1,True
1.2.826.0.1.3680043.8.498.85715956158218184426400151797364834203,lat_centre,-124.918,-24.966,-31.307,0.0666,0.716,1.2.826.0.1.3680043.8.498.12917936255671669542682732390945100438,26,3.3,1,True
1.2.826.0.1.3680043.8.498.85719235937472088594405415004352845221,lat_centre,-131.007,-66.761,27.144,0.0996,2.458,1.2.826.0.1.3680043.8.498.65674958163967297710698966278194805045,20,6.043,1,True
1.2.826.0.1.3680043.8.498.85728170022176096748897349447671687164,lat_centre,-117.025,9.047,-25.153,0.0948,1.412,1.2.826.0.1.3680043.8.498.13014503548576510228771044250205967856,45,2.2,1,True
1.2.826.0.1.3680043.8.498.85735729179216019275685564112535593988,lat_centre,-93.039,-1.713,29.529,0.0881,0.949,1.2.826.0.1.3680043.8.498.48635603031405692168974485905052039947,34,3.0,1,True
1.2.826.0.1.3680043.8.498.85748882309364598407865143890978767674,lat_centre,-105.15,-16.106,-8.014,0.0982,0.869,1.2.826.0.1.3680043.8.498.54744613804795343221499848700999797573,36,3.0,1,True
1.2.826.0.1.3680043.8.498.85760360279564672425828346507309104394,lat_centre,119.891,-47.946,1.787,0.1005,1.67,1.2.826.0.1.3680043.8.498.10214781581257650224955276676736459489,35,3.3,1,True
1.2.826.0.1.3680043.8.498.85849908712977285006159496192673293501,lat_centre,-125.035,-47.026,-41.27,0.0776,0.546,1.2.826.0.1.3680043.8.498.41198028731243247341332859373802016711,27,4.156,1,True
1.2.826.0.1.3680043.8.498.85870577082315172424837183881210532800,lat_centre,-125.365,-13.711,21.665,0.0942,0.343,1.2.826.0.1.3680043.8.498.43932483228843304528846462790335476125,48,2.2,1,True
1.2.826.0.1.3680043.8.498.85879572979834912642178551098379145607,lat_centre,109.773,-52.743,6.197,0.0919,2.14,1.2.826.0.1.3680043.8.498.36329657359205140854463659396278515440,34,3.3,1,True
1.2.826.0.1.3680043.8.498.85882078780717905717989373451578844863,lat_centre,137.54,-48.357,-4.785,0.0616,1.198,1.2.826.0.1.3680043.8.498.57312018519229090936756940697874532790,35,3.3,1,True
1.2.826.0.1.3680043.8.498.85883562680953255833567595509408888410,lat_centre,-106.501,-42.096,-54.272,0.0757,0.634,1.2.826.0.1.3680043.8.498.66797079735807945620168854958327950427,30,3.3,1,True
1.2.826.0.1.3680043.8.498.85890890545815190189345870912381925290,lat_centre,127.442,-55.922,-4.929,0.1131,0.853,1.2.826.0.1.3680043.8.498.31284104894238188776923947684630239260,22,4.75,1,True
1.2.826.0.1.3680043.8.498.85932495800565018166769303205378781707,lat_centre,-94.318,7.592,-21.37,0.0834,1.077,1.2.826.0.1.3680043.8.498.57385785817020792811946704088395937443,33,3.0,1,True
1.2.826.0.1.3680043.8.498.85943737587102032370951456635167782343,lat_centre,-105.358,-42.942,-29.378,0.0832,0.677,1.2.826.0.1.3680043.8.498.55252596630956387584991909049074228063,30,3.3,1,True
1.2.826.0.1.3680043.8.498.85970222049966384156120176704985355996,lat_centre,74.275,26.096,-38.382,0.0889,1.662,1.2.826.0.1.3680043.8.498.12132203832510335890075701356592816662,30,3.3,1,True
1.2.826.0.1.3680043.8.498.85976668143927055109184433855426232055,lat_centre,-123.829,-42.507,-36.015,0.1041,1.509,1.2.826.0.1.3680043.8.498.71573711328236728033819270797545787597,30,3.5,1,True
1.2.826.0.1.3680043.8.498.85992037603186775437749979929724514304,lat_centre,141.527,-16.175,-41.742,0.1034,0.601,1.2.826.0.1.3680043.8.498.15127037221336345050633580968945630256,23,4.5,1,True
1.2.826.0.1.3680043.8.498.85992651772359515416050249463715355943,lat_centre,-155.501,-29.344,-48.923,0.0921,1.562,1.2.826.0.1.3680043.8.498.10031610669956278421454348392501437134,35,3.3,1,True
1.2.826.0.1.3680043.8.498.86020966816754359840982061252012700091,lat_centre,-103.831,9.446,-17.513,0.1155,1.415,1.2.826.0.1.3680043.8.498.12581104722758394442748165850384663894,24,4.0,1,True
1.2.826.0.1.3680043.8.498.86029947807373604003071651721618330827,lat_centre,-109.747,-15.422,-33.354,0.0687,1.176,1.2.826.0.1.3680043.8.498.82817641536887601175394055856334201667,24,5.0,1,True
1.2.826.0.1.3680043.8.498.86042942187650835661744645315369706668,lat_centre,-134.25,-27.012,-48.628,0.1134,1.813,1.2.826.0.1.3680043.8.498.85339241854355273939031164265419688659,25,5.0,1,True
1.2.826.0.1.3680043.8.498.86067849233330188988240710585112183308,lat_centre,101.927,-29.894,-6.514,0.0977,0.572,1.2.826.0.1.3680043.8.498.11816049407038575014030672113651350128,28,3.3,1,True
1.2.826.0.1.3680043.8.498.86082522186055358984181640226529351801,lat_centre,125.038,-48.76,-8.615,0.1097,1.337,1.2.826.0.1.3680043.8.498.12172958033272250287591857229746945938,28,3.3,1,True
1.2.826.0.1.3680043.8.498.86117639434986594266345773277419881144,lat_centre,116.377,53.945,-32.775,0.0729,0.601,1.2.826.0.1.3680043.8.498.27345669850863000632540945591644469932,26,4.0,1,True
1.2.826.0.1.3680043.8.498.86142930956005716169649168306759482915,lat_centre,-97.437,55.23,-2.311,0.1092,2.049,1.2.826.0.1.3680043.8.498.83794030371944605025920254095076202966,26,4.5,1,True
1.2.826.0.1.3680043.8.498.86216155858324761845740646421500394797,lat_centre,-28.932,-2.025,-41.08,0.1071,0.733,1.2.826.0.1.3680043.8.498.45057566907213916756772964485395030611,26,3.9,1,True
1.2.826.0.1.3680043.8.498.86239793008693746155478763153154040128,lat_centre,-104.384,-12.171,-25.621,0.1201,1.118,1.2.826.0.1.3680043.8.498.28734032347562465141142921312219116808,22,4.0,1,True
1.2.826.0.1.3680043.8.498.86251314013737658351649446042801810374,lat_centre,57.552,59.096,-50.026,0.0804,0.637,1.2.826.0.1.3680043.8.498.27947262440678262377796455558231902580,25,4.5,1,True
1.2.826.0.1.3680043.8.498.86263264208309369957750915520115390972,lat_centre,132.639,-42.339,-13.94,0.0958,0.769,1.2.826.0.1.3680043.8.498.35678983825270161568571775637603247919,29,3.3,1,True
1.2.826.0.1.3680043.8.498.86273853115722509980053190345047859057,lat_centre,-44.116,12.968,-31.757,0.0623,3.848,1.2.826.0.1.3680043.8.498.60232258552003608819097593215182087494,32,4.0,1,True
1.2.826.0.1.3680043.8.498.86280033511814602594654628677479528508,lat_centre,-91.328,21.499,-44.804,0.1309,1.806,1.2.826.0.1.3680043.8.498.92831160101233309784561836469873233259,23,4.52,1,True
1.2.826.0.1.3680043.8.498.86285715293767810771609523819042157072,lat_centre,-101.825,-22.563,-9.487,0.095,2.235,1.2.826.0.1.3680043.8.498.15194074121584753000927052341852297869,35,3.3,1,True
1.2.826.0.1.3680043.8.498.86315835011470465506843590014408831373,lat_centre,-126.52,-27.9,-14.332,0.0765,0.686,1.2.826.0.1.3680043.8.498.79707942557460952993435145081113760883,43,3.3,1,True
1.2.826.0.1.3680043.8.498.86332035495941070455209594003499488889,lat_centre,-102.589,-31.111,-4.099,0.111,1.521,1.2.826.0.1.3680043.8.498.13185765408907664317369177846060333082,26,3.6,1,True
1.2.826.0.1.3680043.8.498.86341139705884690862568425859303870601,lat_centre,-77.026,7.897,-12.176,0.0983,1.811,1.2.826.0.1.3680043.8.498.10754074000520390911746317600900273675,30,3.3,1,True
1.2.826.0.1.3680043.8.498.86351141114604781108401133410934252655,lat_centre,-107.547,-37.796,2.096,0.091,0.53,1.2.826.0.1.3680043.8.498.12354366406581143968052286357439756518,38,2.75,1,True
1.2.826.0.1.3680043.8.498.86405969333062807387894608315897106350,lat_centre,-128.33,-66.84,-10.38,0.1152,0.639,1.2.826.0.1.3680043.8.498.17527290973280363045583523023345587173,22,4.494,1,True
1.2.826.0.1.3680043.8.498.86409878732405036646840908998274047391,lat_centre,-139.605,-21.308,-28.858,0.1072,0.735,1.2.826.0.1.3680043.8.498.10957583261250581175418093982875987837,20,4.5,1,True
1.2.826.0.1.3680043.8.498.86416984885007871128151024515780322767,lat_centre,90.488,7.742,-43.501,0.0992,1.789,1.2.826.0.1.3680043.8.498.43248899960023045794753360902147850124,33,3.3,1,True
1.2.826.0.1.3680043.8.498.86422343639522250286002195622435564347,lat_centre,-68.17,-5.978,2.607,0.0845,1.055,1.2.826.0.1.3680043.8.498.10260448143834221138804866455725415664,25,4.4,1,True
1.2.826.0.1.3680043.8.498.86435271359723045834079326733478538148,lat_centre,-150.322,-48.901,21.703,0.1091,1.044,1.2.826.0.1.3680043.8.498.82227261791488618583311950020108804045,27,3.354,1,True
1.2.826.0.1.3680043.8.498.86435890312227285216810145658548164773,lat_centre,103.14,-38.573,-22.712,0.0923,0.671,1.2.826.0.1.3680043.8.498.15557101642469816109240695337762281353,28,3.3,1,True
1.2.826.0.1.3680043.8.498.86516555757334047240474191101770683543,lat_centre,-90.034,15.432,-15.229,0.104,1.449,1.2.826.0.1.3680043.8.498.35885500666898662418874774213424152281,24,4.0,1,True
1.2.826.0.1.3680043.8.498.86532643576908316499388520854820002133,lat_centre,88.67,-13.118,-0.545,0.0793,0.795,1.2.826.0.1.3680043.8.498.92211960487474598848166482429925478035,34,3.0,1,True
1.2.826.0.1.3680043.8.498.86566584776908143877603164704838586097,lat_centre,121.394,-45.627,-39.612,0.089,1.282,1.2.826.0.1.3680043.8.498.86333985595868679389564964188968199074,40,3.3,1,True
1.2.826.0.1.3680043.8.498.86583531066383395270546012510184348251,lat_centre,78.288,-17.774,-4.263,0.0991,0.727,1.2.826.0.1.3680043.8.498.12558747818328091090010975566888438170,20,5.0,1,True
1.2.826.0.1.3680043.8.498.86625876521226465945114246972542881955,lat_centre,-137.801,-17.335,-17.788,0.0908,0.558,1.2.826.0.1.3680043.8.498.39147383008511362457857080353767559649,30,3.3,1,True
1.2.826.0.1.3680043.8.498.86651345701812229172985086531423369421,lat_centre,101.679,-24.63,-5.007,0.0835,0.894,1.2.826.0.1.3680043.8.498.36188366441272388314154367740839790973,32,3.3,1,True
1.2.826.0.1.3680043.8.498.86715997235054599024919893656486735623,lat_centre,-96.395,-12.986,-16.21,0.1142,1.393,1.2.826.0.1.3680043.8.498.96065538613520261350531162200293494075,28,3.6,1,True
1.2.826.0.1.3680043.8.498.86733565200815744326667230375642936291,lat_centre,99.85,-27.864,-13.931,0.1035,1.116,1.2.826.0.1.3680043.8.498.39500151308146897126791801855568456475,31,3.6,1,True
1.2.826.0.1.3680043.8.498.86876540394528304678398111135600894869,lat_centre,30.966,7.352,-76.456,0.0869,0.887,1.2.826.0.1.3680043.8.498.51014123950531366643053650953473460710,26,4.0,1,True
1.2.826.0.1.3680043.8.498.86881633316011036335786865282908198831,lat_centre,-121.469,-16.789,-43.905,0.1164,0.471,1.2.826.0.1.3680043.8.498.85447165276989551888061059601734140524,22,4.5,1,True
1.2.826.0.1.3680043.8.498.86968600239724310678905311244945464037,lat_centre,-44.381,-2.956,16.612,0.1413,1.066,1.2.826.0.1.3680043.8.498.31463492254420490144490278761538759216,15,5.0,1,True
1.2.826.0.1.3680043.8.498.86974853023888933977090539174537083409,lat_centre,-100.928,-1.245,-32.837,0.1151,2.268,1.2.826.0.1.3680043.8.498.71005486601352243975023540142548789506,30,3.3,1,True
1.2.826.0.1.3680043.8.498.87009029107490862793898457518597022930,lat_centre,92.987,-27.298,-15.966,0.095,0.782,1.2.826.0.1.3680043.8.498.13337512245838431504890036978158668940,27,3.5,1,True
1.2.826.0.1.3680043.8.498.87018440624359538250658207994111333051,lat_centre,96.626,-45.773,-33.379,0.0903,0.669,1.2.826.0.1.3680043.8.498.50860453608411420537497526494827726562,20,4.8,1,True
1.2.826.0.1.3680043.8.498.87046380372347615219261898797043742937,lat_centre,-118.841,-54.157,3.793,0.0955,1.123,1.2.826.0.1.3680043.8.498.21789120799125842983040971155713494549,27,3.629,1,True
1.2.826.0.1.3680043.8.498.87064372531225943854092598173945043861,lat_centre,115.556,-31.475,-133.662,0.0746,1.764,1.2.826.0.1.3680043.8.498.49000213622517773233919416858806591762,21,4.4,1,True
1.2.826.0.1.3680043.8.498.87101276883427329522365304528449003589,lat_centre,119.417,-2.44,-27.233,0.0996,1.919,1.2.826.0.1.3680043.8.498.94814108642837836489523030666201682817,36,3.3,1,True
1.2.826.0.1.3680043.8.498.87102698749288269439517333660896096520,lat_centre,105.474,0.442,1.844,0.1189,1.027,1.2.826.0.1.3680043.8.498.87742509536111919236036677919158562478,33,3.3,1,True
1.2.826.0.1.3680043.8.498.87185817772180109135714642184874643715,lat_centre,76.44,73.394,-51.826,0.0674,0.87,1.2.826.0.1.3680043.8.498.58048760348142840012238552190557667666,35,3.3,1,True
1.2.826.0.1.3680043.8.498.87198191797585172912979594638355685739,lat_centre,-103.323,-20.535,-13.479,0.0882,0.888,1.2.826.0.1.3680043.8.498.13092087597366305016387951094011982229,34,3.0,1,True
1.2.826.0.1.3680043.8.498.87208714421237491643915928765740747633,lat_centre,-107.24,2.242,-33.172,0.109,0.692,1.2.826.0.1.3680043.8.498.12962374538604904686763588468307061483,29,3.6,1,True
1.2.826.0.1.3680043.8.498.87214831397290763080243320084625847148,lat_centre,113.916,-47.83,-4.394,0.0893,0.857,1.2.826.0.1.3680043.8.498.20141496751615304080047044578660894691,31,3.3,1,True
1.2.826.0.1.3680043.8.498.87222653734797522858506220026427900177,lat_centre,-130.049,-41.405,-11.184,0.0664,1.023,1.2.826.0.1.3680043.8.498.26967550529865516342285645586729127963,33,3.9,1,True
1.2.826.0.1.3680043.8.498.87223930502803944549504594723314220105,lat_centre,112.312,-11.919,-33.464,0.0832,0.605,1.2.826.0.1.3680043.8.498.64415604709403043101203388403446817631,36,0.89,4,True
1.2.826.0.1.3680043.8.498.87241650441242408799533998101943024283,lat_centre,127.523,-31.832,-21.001,0.0931,0.863,1.2.826.0.1.3680043.8.498.50550535683621716865662203550772608204,29,3.3,1,True
1.2.826.0.1.3680043.8.498.87253761427012478584873622994909841751,lat_centre,-112.588,18.765,-4.162,0.1101,2.345,1.2.826.0.1.3680043.8.498.12655813364018273608146684382367463358,24,4.0,1,True
1.2.826.0.1.3680043.8.498.87262205711949358943515326577886508585,lat_centre,110.983,-39.442,-21.232,0.1206,1.418,1.2.826.0.1.3680043.8.498.72810320791793032751175801806804561287,28,3.3,1,True
1.2.826.0.1.3680043.8.498.87267658933515453963224923798100651549,lat_centre,-139.956,-5.776,1.326,0.0721,0.889,1.2.826.0.1.3680043.8.498.45336250215728878387549358309926427853,33,3.3,1,True
1.2.826.0.1.3680043.8.498.87338030934656808032044071206920470285,lat_centre,99.419,-31.699,15.482,0.1063,1.722,1.2.826.0.1.3680043.8.498.11633090710349603725369588069694791182,30,3.6,1,True
1.2.826.0.1.3680043.8.498.87404730020015145302086817782843205171,lat_centre,-110.857,-2.595,-41.033,0.1306,0.962,1.2.826.0.1.3680043.8.498.68272292264218910396961856501685863847,28,4.0,1,True
1.2.826.0.1.3680043.8.498.87413924318793242918916384453755054267,lat_centre,122.175,29.765,-6.843,0.0994,0.607,1.2.826.0.1.3680043.8.498.21213931178430617126624737498227066645,28,4.5,1,True
1.2.826.0.1.3680043.8.498.87415625824966124550466651648244553892,lat_centre,147.27,-28.705,-27.834,0.0806,1.737,1.2.826.0.1.3680043.8.498.39766681665625592984082313440091963461,35,3.3,1,True
1.2.826.0.1.3680043.8.498.87465202523430400780596885230492167155,lat_centre,-71.898,50.502,-20.013,0.0829,0.61,1.2.826.0.1.3680043.8.498.36079241456672240673181877639874309852,31,3.3,1,True
1.2.826.0.1.3680043.8.498.87476514600989622078259281213313867927,lat_centre,107.285,-8.857,9.126,0.0865,0.606,1.2.826.0.1.3680043.8.498.11726084125554030356720246241581721718,36,0.89,4,True
1.2.826.0.1.3680043.8.498.87516159856486535118712846576943170757,lat_centre,-131.71,-43.891,-5.638,0.077,1.087,1.2.826.0.1.3680043.8.498.14983083009268847851717415059479781670,33,3.9,1,True
1.2.826.0.1.3680043.8.498.87550037046735743504446944390018580426,lat_centre,-121.019,-35.538,-3.986,0.0845,0.975,1.2.826.0.1.3680043.8.498.67073549406703197783747523382502256759,28,3.3,1,True
1.2.826.0.1.3680043.8.498.87560916423885591029120178291827033868,lat_centre,25.685,24.172,-60.81,0.0922,1.68,1.2.826.0.1.3680043.8.498.11943900250842666704550057813255762090,22,4.0,1,True
1.2.826.0.1.3680043.8.498.87563449504927531224663601218159863518,lat_centre,-129.434,-53.113,5.31,0.1018,0.492,1.2.826.0.1.3680043.8.498.40336504505247359541042231515974255730,30,3.3,1,True
1.2.826.0.1.3680043.8.498.87645071186049036230936726742129446188,lat_centre,105.25,-58.973,-17.416,0.0979,1.119,1.2.826.0.1.3680043.8.498.46954409707922528566053615608493213629,27,4.0,1,True
1.2.826.0.1.3680043.8.498.87650297321648368205324227429768256110,lat_centre,-109.792,-15.146,-24.94,0.1056,0.604,1.2.826.0.1.3680043.8.498.41800979442160513913985927157065260502,33,3.3,1,True
1.2.826.0.1.3680043.8.498.87679606849449562627719676100773778015,lat_centre,-137.26,-51.724,15.332,0.0927,0.757,1.2.826.0.1.3680043.8.498.12123357274662206610238365099419747853,22,4.5,1,True
1.2.826.0.1.3680043.8.498.87680825247567493080163504511649789348,lat_centre,137.322,-35.33,-9.355,0.1036,0.95,1.2.826.0.1.3680043.8.498.11211913216545394450725197091282862155,36,2.875,1,True
1.2.826.0.1.3680043.8.498.87742737485142445536023876862256284839,lat_centre,96.656,4.174,-6.087,0.1276,1.236,1.2.826.0.1.3680043.8.498.50622431833598861830670428705173255308,26,4.0,1,True
1.2.826.0.1.3680043.8.498.87761573479019057997334508266888503487,lat_centre,-101.539,-13.588,-19.636,0.0656,0.698,1.2.826.0.1.3680043.8.498.11593657581716220244445985417722685883,26,4.52,1,True
1.2.826.0.1.3680043.8.498.87769640167791104899516835133527936885,lat_centre,130.859,-25.251,-11.533,0.097,1.255,1.2.826.0.1.3680043.8.498.81743164005311638273377586096457122103,28,3.6,1,True
1.2.826.0.1.3680043.8.498.87797202230328868466634480198668365648,lat_centre,130.669,-49.808,-26.767,0.0999,0.78,1.2.826.0.1.3680043.8.498.11642693958580472754149852864334916948,22,4.83,1,True
1.2.826.0.1.3680043.8.498.87799106106199445436621174506197684035,lat_centre,-110.981,-2.175,-33.115,0.1018,0.992,1.2.826.0.1.3680043.8.498.86196392058942692678111396182845916219,33,3.3,1,True
1.2.826.0.1.3680043.8.498.87845297884497964690686366000533570840,lat_centre,-94.987,-41.156,0.163,0.0983,1.14,1.2.826.0.1.3680043.8.498.56099044038304164818628808659863979474,40,2.75,1,True
1.2.826.0.1.3680043.8.498.87876800169766592603600598167358214111,lat_centre,-132.031,-44.954,-23.456,0.1221,0.893,1.2.826.0.1.3680043.8.498.11818628183363456674948937482326731288,29,3.3,1,True
1.2.826.0.1.3680043.8.498.87900330305833722536121052961334699743,lat_centre,-110.489,-2.054,-44.064,0.1019,1.031,1.2.826.0.1.3680043.8.498.13350716120719232722603842586700733195,33,3.3,1,True
1.2.826.0.1.3680043.8.498.87998832540756872371878613339628615880,lat_centre,-109.432,18.241,-40.543,0.1114,1.361,1.2.826.0.1.3680043.8.498.10138640439765890680554771248717201849,30,3.3,1,True
1.2.826.0.1.3680043.8.498.88022456207467042544403752144674777523,lat_centre,99.699,15.846,-24.286,0.1155,0.649,1.2.826.0.1.3680043.8.498.73074532803989915022495035908684507719,30,3.3,1,True
1.2.826.0.1.3680043.8.498.88064086448060280325724227239585797761,lat_centre,98.887,9.739,-46.564,0.1079,0.753,1.2.826.0.1.3680043.8.498.88198803157602501711969251735008580913,30,3.3,1,True
1.2.826.0.1.3680043.8.498.88070896604159829163161019117970440189,lat_centre,-129.291,-23.738,-29.761,0.1277,1.504,1.2.826.0.1.3680043.8.498.10421802825459555793784795464011645540,19,4.4,1,True
1.2.826.0.1.3680043.8.498.88074618626471004030644935418777151905,lat_centre,-104.312,9.658,-0.349,0.0891,1.498,1.2.826.0.1.3680043.8.498.90748258187827318940466571803245668808,29,4.0,1,True
1.2.826.0.1.3680043.8.498.88077418639301174409926781329613570435,lat_centre,109.766,-3.195,-30.205,0.0726,2.081,1.2.826.0.1.3680043.8.498.47557209523522148400991976782250698479,33,3.3,1,True
1.2.826.0.1.3680043.8.498.88114918358665488269761388157480523350,lat_centre,-106.835,-34.858,10.108,0.0976,0.492,1.2.826.0.1.3680043.8.498.11349248352396670247514150745011086712,37,2.75,1,True
1.2.826.0.1.3680043.8.498.88189503151202366936330411627291827689,lat_centre,-60.138,-6.791,8.303,0.0856,0.956,1.2.826.0.1.3680043.8.498.12629073278185303288693271257044865047,25,3.3,1,True
1.2.826.0.1.3680043.8.498.88211355128040927831407007101167868685,lat_centre,67.525,-27.129,-7.385,0.0873,0.619,1.2.826.0.1.3680043.8.498.86424377002945448890561156480430598873,28,3.5,1,True
1.2.826.0.1.3680043.8.498.88274753211076645976496220746740420894,lat_centre,-130.872,-59.866,4.071,0.1207,0.971,1.2.826.0.1.3680043.8.498.50191931812608080101949655870885221037,21,4.4,1,True
1.2.826.0.1.3680043.8.498.88368930449171804348215887291291274615,lat_centre,96.77,-12.347,3.051,0.0947,0.786,1.2.826.0.1.3680043.8.498.97614516343707857416927166626523895037,34,3.0,1,True
1.2.826.0.1.3680043.8.498.88439732365857773633852840383740478214,lat_centre,95.2,-17.093,-18.124,0.0746,0.545,1.2.826.0.1.3680043.8.498.26678829351257395861043014601284097540,33,3.3,1,True
1.2.826.0.1.3680043.8.498.88457076333783710706782784856816112502,lat_centre,104.572,-56.256,-22.755,0.079,0.439,1.2.826.0.1.3680043.8.498.70058899484059877368499397190540325499,28,3.3,1,True
1.2.826.0.1.3680043.8.498.88466268868654468582661984391239692466,lat_centre,-117.386,7.361,-26.222,0.1303,1.089,1.2.826.0.1.3680043.8.498.49331402471599556512629771187035191770,29,4.0,1,True
1.2.826.0.1.3680043.8.498.88480827968231439729532202780922145132,lat_centre,-102.674,43.31,-41.485,0.0753,2.116,1.2.826.0.1.3680043.8.498.99485201781626960465166910972383150690,29,4.5,1,True
1.2.826.0.1.3680043.8.498.88505044370271842163477475980178015566,lat_centre,131.908,6.578,-51.306,0.1349,1.245,1.2.826.0.1.3680043.8.498.14878681561452470407658295505447303806,21,4.5,1,True
1.2.826.0.1.3680043.8.498.88523737187772411911621088333701306485,lat_centre,120.274,31.709,-32.779,0.1207,1.561,1.2.826.0.1.3680043.8.498.12738437102971023129353335979355648934,21,4.5,1,True
1.2.826.0.1.3680043.8.498.88565389747258713872180859306907392080,lat_centre,-113.58,-14.019,-8.715,0.114,0.499,1.2.826.0.1.3680043.8.498.48204754230019311789665661073810174188,33,3.3,1,True
1.2.826.0.1.3680043.8.498.88570871026022705696415758052703394453,lat_centre,-95.628,13.582,-23.224,0.1071,1.192,1.2.826.0.1.3680043.8.498.12734129454980675297475318073101281021,24,3.9,1,True
1.2.826.0.1.3680043.8.498.88571985843649843469694556575325271560,lat_centre,-118.339,-5.318,-12.652,0.0805,0.721,1.2.826.0.1.3680043.8.498.63621080065680832688612443789936383905,33,3.3,1,True
1.2.826.0.1.3680043.8.498.88574487918084130981335189023288704909,lat_centre,121.008,-3.735,-23.795,0.0855,0.85,1.2.826.0.1.3680043.8.498.62286553916211428353506141704567925357,44,2.2,1,True
1.2.826.0.1.3680043.8.498.88609906210780568637209291182572648571,lat_centre,130.508,-41.388,45.447,0.0935,0.778,1.2.826.0.1.3680043.8.498.68827391182309035591381442363291587059,29,3.3,1,True
1.2.826.0.1.3680043.8.498.88620225126852321191690360547272730103,lat_centre,-114.0,-53.086,10.247,0.1322,0.647,1.2.826.0.1.3680043.8.498.48857541578619241026758216784813245494,19,4.8,1,True
1.2.826.0.1.3680043.8.498.88653085234639096911379842849193874077,lat_centre,122.361,-56.883,6.864,0.1005,1.743,1.2.826.0.1.3680043.8.498.58224234075116053048907690289786633445,22,5.036,1,True
1.2.826.0.1.3680043.8.498.88655485247489827200671636011965281184,lat_centre,99.116,-3.836,-11.658,0.1162,0.926,1.2.826.0.1.3680043.8.498.75477656343823932223480824434657238724,30,3.3,1,True
1.2.826.0.1.3680043.8.498.88679328523895187500714090963655363787,lat_centre,-113.382,-62.614,-21.259,0.1032,0.624,1.2.826.0.1.3680043.8.498.11324892745208824905414088535430058090,19,4.8,1,True
1.2.826.0.1.3680043.8.498.88682169866098509464628948503453852928,lat_centre,145.769,-43.221,-23.394,0.0824,1.134,1.2.826.0.1.3680043.8.498.54081078940214468239870188606365216723,33,3.3,1,True
1.2.826.0.1.3680043.8.498.88687994744258163246685527273559741656,lat_centre,99.851,-4.738,-15.926,0.0989,0.757,1.2.826.0.1.3680043.8.498.10178277458944454091733905645794121030,34,3.0,1,True
1.2.826.0.1.3680043.8.498.88711356400820562340756013729440417015,lat_centre,101.174,-12.118,-44.146,0.0864,1.43,1.2.826.0.1.3680043.8.498.70282109130987037598004570915152213420,40,3.3,1,True
1.2.826.0.1.3680043.8.498.88726804476694411363564819498296119763,lat_centre,98.29,15.597,-6.306,0.1151,0.642,1.2.826.0.1.3680043.8.498.34522078659120324661350905839068548239,30,3.3,1,True
1.2.826.0.1.3680043.8.498.88752039058074948027322975455607258941,lat_centre,-105.079,-58.415,15.259,0.0888,0.761,1.2.826.0.1.3680043.8.498.25144031130465716271421752500481849064,23,4.4,1,True
1.2.826.0.1.3680043.8.498.88753415430913291809543943690942744997,lat_centre,124.082,-51.836,-25.116,0.1002,1.548,1.2.826.0.1.3680043.8.498.68693625313866118434356556638774004302,35,3.3,1,True
1.2.826.0.1.3680043.8.498.88801151487634957068752641200383474212,lat_centre,87.807,-48.85,-35.058,0.0736,2.121,1.2.826.0.1.3680043.8.498.30792472047678219072403064273622604542,19,4.8,1,True
1.2.826.0.1.3680043.8.498.88827276474694165071267273766912871459,lat_centre,-82.476,-54.351,6.49,0.1124,0.796,1.2.826.0.1.3680043.8.498.66427415874153904376899117809231959725,30,3.3,1,True
1.2.826.0.1.3680043.8.498.88845193477394064535233691626377077328,lat_centre,-87.001,0.912,-20.81,0.1405,2.804,1.2.826.0.1.3680043.8.498.45441486034819608613762447172474961876,24,4.0,1,True
1.2.826.0.1.3680043.8.498.88872155446935518174304990308380906112,lat_centre,-114.002,-7.438,-42.998,0.1051,1.116,1.2.826.0.1.3680043.8.498.11003675176649164764507101076971043214,33,3.3,1,True
1.2.826.0.1.3680043.8.498.88874647535130028956725641820977918615,lat_centre,95.204,-37.463,11.703,0.1029,1.448,1.2.826.0.1.3680043.8.498.13254261695759851118126436877001013858,37,2.75,1,True
1.2.826.0.1.3680043.8.498.88896246957673838955012057210098034177,lat_centre,-108.246,-5.878,-22.081,0.1001,0.595,1.2.826.0.1.3680043.8.498.11537926880976933410994516920880793130,33,3.3,1,True
1.2.826.0.1.3680043.8.498.88899519473612920868099376939780201067,lat_centre,141.488,-48.451,-28.175,0.1129,1.268,1.2.826.0.1.3680043.8.498.95474611783956714637201589490936171709,29,3.3,1,True
1.2.826.0.1.3680043.8.498.88962401400598535739494671683916272476,lat_centre,-54.042,7.813,-19.915,0.1038,1.365,1.2.826.0.1.3680043.8.498.69675642746444173909869028399170932259,17,5.0,1,True
1.2.826.0.1.3680043.8.498.88964371740619947193957393682095448256,lat_centre,-101.74,-20.882,-6.741,0.0714,1.883,1.2.826.0.1.3680043.8.498.68882604445131075261623868374797431243,33,3.3,1,True
1.2.826.0.1.3680043.8.498.89026102874017923932934673207699042800,lat_centre,-101.766,-26.508,-10.737,0.0751,0.471,1.2.826.0.1.3680043.8.498.42541439085750309818649256662108405662,29,3.6,1,True
1.2.826.0.1.3680043.8.498.89045629523485194086986785222960864883,lat_centre,-100.409,-64.986,-21.461,0.1329,0.912,1.2.826.0.1.3680043.8.498.10738615554495651969273840697101997866,19,5.2,1,True
1.2.826.0.1.3680043.8.498.89048907638162719840222508855779172366,lat_centre,-116.081,-53.54,-0.702,0.1046,1.1,1.2.826.0.1.3680043.8.498.18518449639016386818141771375036994885,30,3.5,1,True
1.2.826.0.1.3680043.8.498.89074359486713340585710357399403393294,lat_centre,99.558,58.003,13.197,0.0926,1.189,1.2.826.0.1.3680043.8.498.12251357981901236972978462462010487796,27,4.52,1,True
1.2.826.0.1.3680043.8.498.89110271437785174288044757208973128908,lat_centre,-112.782,-30.089,15.311,0.0844,0.557,1.2.826.0.1.3680043.8.498.16265225217392865998588897948688158975,29,3.3,1,True
1.2.826.0.1.3680043.8.498.89123035099342878362576960682354791116,lat_centre,-99.467,-26.955,-16.962,0.0861,1.227,1.2.826.0.1.3680043.8.498.74653789526712956876618578678038942097,28,3.7,1,True
1.2.826.0.1.3680043.8.498.89190511197564127079697151213577962649,lat_centre,-146.024,-51.479,-12.094,0.1134,1.67,1.2.826.0.1.3680043.8.498.98018485122832897038407961215385262568,24,4.324,1,True
1.2.826.0.1.3680043.8.498.89204062904097086723738217311755833877,lat_centre,-152.766,-62.935,-4.309,0.1041,0.648,1.2.826.0.1.3680043.8.498.50876750268274095980916073996376665675,20,4.5,1,True
1.2.826.0.1.3680043.8.498.89240184178186399632216878563608101260,lat_centre,-86.604,11.061,-42.573,0.1407,1.136,1.2.826.0.1.3680043.8.498.12502614539784980038999452822651388719,19,5.0,1,True
1.2.826.0.1.3680043.8.498.89247482662611898098489676481780144186,lat_centre,-139.83,-58.519,-9.361,0.1206,2.187,1.2.826.0.1.3680043.8.498.38238576165806717141425022462844311975,22,5.176,1,True
1.2.826.0.1.3680043.8.498.89302191571937190529967168726521003428,lat_centre,124.712,-46.498,-44.126,0.0854,0.896,1.2.826.0.1.3680043.8.498.51118140251581704111284469054454531194,25,4.604,1,True
1.2.826.0.1.3680043.8.498.89307235192406983202868051697765144920,lat_centre,-67.201,-19.757,-0.571,0.0907,0.781,1.2.826.0.1.3680043.8.498.89941050220559808389137071158056654337,28,3.5,1,True
1.2.826.0.1.3680043.8.498.89326347774248795083360112232993521530,lat_centre,-100.823,-42.383,-6.29,0.1115,1.141,1.2.826.0.1.3680043.8.498.41012501818143710788582191761619967997,39,2.75,1,True
1.2.826.0.1.3680043.8.498.89332108074590559691047812196991368746,lat_centre,-136.045,-48.219,-19.365,0.0811,0.747,1.2.826.0.1.3680043.8.498.62587060935153132124869762200728811294,40,0.4,8,True
1.2.826.0.1.3680043.8.498.89346975863478164334871204856160071946,lat_centre,-129.447,-37.648,3.401,0.1087,0.901,1.2.826.0.1.3680043.8.498.93771350695620962039711731848975140246,22,4.1,1,True
1.2.826.0.1.3680043.8.498.89350648596674998203116057439419132072,lat_centre,-108.085,10.384,-32.891,0.1086,1.786,1.2.826.0.1.3680043.8.498.92763071696479537983605675869403856134,28,4.0,1,True
1.2.826.0.1.3680043.8.498.89357823844365374776758395347764601030,lat_centre,-19.773,17.313,-40.098,0.0889,1.253,1.2.826.0.1.3680043.8.498.97341504612171875413174894909749801756,26,4.0,1,True
1.2.826.0.1.3680043.8.498.89416235692252764852783739140428958560,lat_centre,99.154,-10.675,-5.627,0.1057,0.744,1.2.826.0.1.3680043.8.498.11418544320352995631696830390308301312,32,3.3,1,True
1.2.826.0.1.3680043.8.498.89423600201830685256510321877396547497,lat_centre,-131.982,-44.706,11.274,0.108,0.99,1.2.826.0.1.3680043.8.498.11244404913868331637421697086402685108,29,3.3,1,True
1.2.826.0.1.3680043.8.498.89445342796957655182687412965056270903,lat_centre,89.51,-6.289,-5.269,0.1225,1.193,1.2.826.0.1.3680043.8.498.45089018893284677200306667180950692591,25,3.6,1,True
1.2.826.0.1.3680043.8.498.89464179959474561696319051639748844244,lat_centre,132.402,-40.41,-4.188,0.0955,1.827,1.2.826.0.1.3680043.8.498.12015477547983192542037004053325577056,37,2.875,1,True
1.2.826.0.1.3680043.8.498.89569762088162031469299314053759758927,lat_centre,107.849,-21.65,-2.483,0.0908,0.744,1.2.826.0.1.3680043.8.498.49036660895744379288188509432278545687,33,3.3,1,True
1.2.826.0.1.3680043.8.498.89576499383950909889665633610791093334,lat_centre,104.853,-35.346,10.054,0.1064,0.529,1.2.826.0.1.3680043.8.498.10968891303104749055226988798403237586,22,4.368,1,True
1.2.826.0.1.3680043.8.498.89584627944947813918297925813120247226,lat_centre,-85.477,-44.526,-35.194,0.0924,1.256,1.2.826.0.1.3680043.8.498.66630406195954582045816162515081870149,28,3.85,1,True
1.2.826.0.1.3680043.8.498.89590880980421560369495600204866789646,lat_centre,-125.293,-46.577,-34.048,0.0848,1.704,1.2.826.0.1.3680043.8.498.67611298231637908727513625216922003388,25,4.5,1,True
1.2.826.0.1.3680043.8.498.89720428711655200442262503508409163392,lat_centre,-102.151,-44.546,-30.141,0.1019,0.609,1.2.826.0.1.3680043.8.498.50888617151315847228192334012755793236,28,3.3,1,True
1.2.826.0.1.3680043.8.498.89729486637365590877469535082675069395,lat_centre,-133.314,-51.498,-42.201,0.1039,1.082,1.2.826.0.1.3680043.8.498.11722935498100841256374399254450479991,20,5.2,1,True
1.2.826.0.1.3680043.8.498.89746004948304570186940283501211828475,lat_centre,-79.286,-35.07,-15.775,0.0897,1.001,1.2.826.0.1.3680043.8.498.11213522210610443287675690959795701868,28,3.5,1,True
1.2.826.0.1.3680043.8.498.89829843399218627892046362324057240535,lat_centre,-104.222,16.497,-37.705,0.0775,1.838,1.2.826.0.1.3680043.8.498.12193614395246345038022771337107697028,26,4.52,1,True
1.2.826.0.1.3680043.8.498.89842390998700046088751402253903762827,lat_centre,-133.558,-21.989,1.593,0.069,6.992,1.2.826.0.1.3680043.8.498.63434560813332624492472815004173345615,48,2.2,1,True
1.2.826.0.1.3680043.8.498.89857801102910604766959864464865910585,lat_centre,-138.556,-47.267,-5.937,0.1167,1.066,1.2.826.0.1.3680043.8.498.15691359843868808510087320561768874925,29,3.3,1,True
1.2.826.0.1.3680043.8.498.89935384074170571164295050203650829722,lat_centre,-104.689,7.842,-34.972,0.0976,2.563,1.2.826.0.1.3680043.8.498.13386579724675773020342929098138893284,33,3.3,1,True
1.2.826.0.1.3680043.8.498.89943815722422273305517145510644432987,lat_centre,78.565,5.964,-39.432,0.1145,1.981,1.2.826.0.1.3680043.8.498.69244495149899861200528630466005928309,16,5.0,1,True
1.2.826.0.1.3680043.8.498.89953731420879076053772747816096629231,lat_centre,109.716,-60.088,-14.854,0.0924,1.687,1.2.826.0.1.3680043.8.498.71823485538908357429956892406039459236,20,4.8,1,True
1.2.826.0.1.3680043.8.498.89967772422936726289461201791871771011,lat_centre,-105.453,7.168,-27.028,0.0816,2.164,1.2.826.0.1.3680043.8.498.26880821424155747731239615119071500102,26,4.52,1,True
1.2.826.0.1.3680043.8.498.89987866402625167201267936974120824712,lat_centre,-101.269,-25.617,-24.49,0.0962,1.488,1.2.826.0.1.3680043.8.498.12855615115406461383509135158499651324,32,3.3,1,True
1.2.826.0.1.3680043.8.498.90003472003278237920648198243464374280,lat_centre,101.432,0.064,-7.816,0.1401,1.289,1.2.826.0.1.3680043.8.498.14959447845105368561302643209824643285,25,3.6,1,True
1.2.826.0.1.3680043.8.498.90037507233074511524602897439257102032,lat_centre,113.552,-14.071,-23.584,0.093,2.063,1.2.826.0.1.3680043.8.498.40067434011026199339239205594745973862,24,5.0,1,True
1.2.826.0.1.3680043.8.498.90057130466053377217652879986591534745,lat_centre,140.891,-28.071,-38.818,0.0944,1.229,1.2.826.0.1.3680043.8.498.30105810453417909350614749183924561771,33,3.3,1,True
1.2.826.0.1.3680043.8.498.90103210546658057701715546323552886913,lat_centre,11.97,16.562,-22.896,0.0922,0.638,1.2.826.0.1.3680043.8.498.12799211814512492453352821040357224974,26,4.0,1,True
1.2.826.0.1.3680043.8.498.90159195278632080234412316065469499332,lat_centre,129.457,-37.114,-7.123,0.101,1.046,1.2.826.0.1.3680043.8.498.51837408137639317109865779797766657045,33,3.3,1,True
1.2.826.0.1.3680043.8.498.90170179734833731758923964833173536172,lat_centre,-106.99,-2.176,-33.096,0.0769,1.184,1.2.826.0.1.3680043.8.498.50798747652881186498535545605055003627,32,3.3,1,True
1.2.826.0.1.3680043.8.498.90172333170788218623219231170360850947,lat_centre,-61.296,14.157,-28.071,0.0964,0.828,1.2.826.0.1.3680043.8.498.12166348384512337444583493025151585800,23,5.0,1,True
1.2.826.0.1.3680043.8.498.90193654806390401129887447441469319421,lat_centre,110.216,-3.172,-28.028,0.0998,0.787,1.2.826.0.1.3680043.8.498.46415444395779464864169049464237681130,48,2.2,1,True
1.2.826.0.1.3680043.8.498.90206716031776606956011363950625953310,lat_centre,-37.487,-1.939,-13.833,0.1314,1.833,1.2.826.0.1.3680043.8.498.70955652140272898610854781932570073506,19,4.4,1,True
1.2.826.0.1.3680043.8.498.90223492515368389331845681759355261030,lat_centre,-96.158,-48.358,-25.664,0.0915,2.273,1.2.826.0.1.3680043.8.498.28774766327349854162021165446752150805,19,5.2,1,True
1.2.826.0.1.3680043.8.498.90227414485305096825508911050013279704,lat_centre,146.573,-34.01,-21.509,0.107,0.923,1.2.826.0.1.3680043.8.498.25683286594782661132291696701214661713,30,3.5,1,True
1.2.826.0.1.3680043.8.498.90251533154603802045666102095577144628,lat_centre,106.371,-3.9,-27.442,0.1025,1.228,1.2.826.0.1.3680043.8.498.12350649463900546412746618008596652073,28,3.6,1,True
1.2.826.0.1.3680043.8.498.90264300606047579088362539636050224478,lat_centre,97.908,4.14,-45.609,0.0951,1.395,1.2.826.0.1.3680043.8.498.67745666979610364851537354592320926623,33,3.3,1,True
1.2.826.0.1.3680043.8.498.90268709354762000249148795667759483876,lat_centre,-138.651,-25.184,-20.971,0.0891,2.207,1.2.826.0.1.3680043.8.498.56811705399384489508796159015088828467,21,4.5,1,True
1.2.826.0.1.3680043.8.498.90274711315692820326973277297753398634,lat_centre,-134.419,-50.079,-8.376,0.1259,1.386,1.2.826.0.1.3680043.8.498.10911422560395830655919010595908000495,29,3.3,1,True
1.2.826.0.1.3680043.8.498.90283565381042081768587894596970552767,lat_centre,102.209,-52.781,4.201,0.0988,0.728,1.2.826.0.1.3680043.8.498.40976673889922888495356759133819064735,23,4.561,1,True
1.2.826.0.1.3680043.8.498.90288598546566291188788375261370919222,lat_centre,106.27,-64.772,-9.886,0.1352,1.094,1.2.826.0.1.3680043.8.498.78249252106150931941211333779870910563,19,4.4,1,True
1.2.826.0.1.3680043.8.498.90299615112155255774026824400461236845,lat_centre,-96.298,-41.522,-26.768,0.1019,1.02,1.2.826.0.1.3680043.8.498.28428685234464628259777886212827217421,30,3.6,1,True
1.2.826.0.1.3680043.8.498.90313529150165069133283531436628039942,lat_centre,-104.782,-10.288,-21.896,0.0834,0.62,1.2.826.0.1.3680043.8.498.49680594506558707006548569435033987911,33,3.3,1,True
1.2.826.0.1.3680043.8.498.90331082101665002495739626395247831768,lat_centre,-107.136,8.586,7.097,0.0747,3.189,1.2.826.0.1.3680043.8.498.30464654634310403073026464882168769693,24,3.9,1,True
1.2.826.0.1.3680043.8.498.90340114291852810896219650388952790164,lat_centre,-91.609,44.895,-6.302,0.0954,2.407,1.2.826.0.1.3680043.8.498.77281832621160517188133985399849159385,26,4.5,1,True
1.2.826.0.1.3680043.8.498.90342120331229511020327052213821820086,lat_centre,-107.329,4.418,17.105,0.0728,1.139,1.2.826.0.1.3680043.8.498.86067300507219294766468173357833051598,22,4.0,1,True
1.2.826.0.1.3680043.8.498.90433488790413321102007716267340900056,lat_centre,111.738,-69.24,-18.802,0.1101,0.735,1.2.826.0.1.3680043.8.498.73640658235740510019302210736110539669,19,4.4,1,True
1.2.826.0.1.3680043.8.498.90446842983860370183814559926724769347,lat_centre,117.453,-11.913,-28.544,0.0982,1.011,1.2.826.0.1.3680043.8.498.30265542868485822496910093647979074773,40,3.3,1,True
1.2.826.0.1.3680043.8.498.90466423642678253933409966898120881010,lat_centre,-41.087,-31.546,-8.603,0.1017,0.834,1.2.826.0.1.3680043.8.498.75922104335340369590052580723581001902,30,3.8,1,True
1.2.826.0.1.3680043.8.498.90483774039833567637730989859822082272,lat_centre,-76.201,18.077,0.211,0.1123,1.0,1.2.826.0.1.3680043.8.498.11570587382386087812865546262588679696,25,3.3,1,True
1.2.826.0.1.3680043.8.498.90490891782778285565462083536468192410,lat_centre,-130.669,-42.263,-2.218,0.0966,0.774,1.2.826.0.1.3680043.8.498.51238116107389153779560110640327706172,36,2.75,1,True
1.2.826.0.1.3680043.8.498.90508461713737190527021531642732695353,lat_centre,-136.767,-13.784,-4.667,0.1118,0.701,1.2.826.0.1.3680043.8.498.65945634411752672869721594730325966765,23,4.5,1,True
1.2.826.0.1.3680043.8.498.90514150380296346197442897381548735293,lat_centre,-133.317,-39.383,-12.366,0.1213,0.858,1.2.826.0.1.3680043.8.498.61046014331439327102985075358088121432,29,3.3,1,True
1.2.826.0.1.3680043.8.498.90551187439998209641370107095424494085,lat_centre,129.442,-30.091,-10.606,0.1089,0.819,1.2.826.0.1.3680043.8.498.13092633807955913618703377046465649122,29,3.3,1,True
1.2.826.0.1.3680043.8.498.90573769367031841574114648773801425781,lat_centre,92.869,-11.769,-53.14,0.0883,0.875,1.2.826.0.1.3680043.8.498.93134319033742687879363128441345815551,34,3.0,1,True
1.2.826.0.1.3680043.8.498.90629760164319310375909187696899268080,lat_centre,-114.18,-54.716,-5.883,0.0957,0.999,1.2.826.0.1.3680043.8.498.89271542740740140178465940260136110908,26,4.156,1,True
1.2.826.0.1.3680043.8.498.90668646188784648688693620159738574680,lat_centre,131.804,-49.072,-1.733,0.108,0.79,1.2.826.0.1.3680043.8.498.63482963825995204726134297820392991232,29,3.3,1,True
1.2.826.0.1.3680043.8.498.90679199017361780574384378857945322240,lat_centre,106.897,-45.81,-16.115,0.1004,1.467,1.2.826.0.1.3680043.8.498.66046249012207619685469994081232368704,36,3.3,1,True
1.2.826.0.1.3680043.8.498.90751504670572401790063555695835439317,lat_centre,93.368,-8.981,-9.756,0.1003,0.96,1.2.826.0.1.3680043.8.498.23580036786525362145347010286747656939,20,4.527,1,True
1.2.826.0.1.3680043.8.498.90758414832541790868268922794274257839,lat_centre,-84.332,18.515,-18.469,0.1252,2.14,1.2.826.0.1.3680043.8.498.97171532594035373898534676709283631659,24,4.0,1,True
1.2.826.0.1.3680043.8.498.90764713690393618577990540005126771712,lat_centre,124.063,-0.315,-13.623,0.1076,0.639,1.2.826.0.1.3680043.8.498.55699851854079148212842906508381094797,35,3.0,1,True
1.2.826.0.1.3680043.8.498.90771070773751767226565553195436971014,lat_centre,117.953,-10.784,16.426,0.0692,1.408,1.2.826.0.1.3680043.8.498.75770182493207907384924113279958877776,31,3.3,1,True
1.2.826.0.1.3680043.8.498.90858397443821905121918628339486070979,lat_centre,109.209,-32.016,-13.076,0.0689,0.828,1.2.826.0.1.3680043.8.498.79639741846128585852300005985981995719,32,3.3,1,True
1.2.826.0.1.3680043.8.498.90893882071188409362296099956462540506,lat_centre,-138.557,-32.174,6.06,0.1059,0.608,1.2.826.0.1.3680043.8.498.66509580531621408840798779175878218369,29,3.3,1,True
1.2.826.0.1.3680043.8.498.90976227335921831531105845602655777296,lat_centre,-112.972,4.661,-0.98,0.0804,2.02,1.2.826.0.1.3680043.8.498.10147445232019973091373874316712623382,22,5.0,1,True
1.2.826.0.1.3680043.8.498.90985037792656682958281230441654772668,lat_centre,116.26,-49.232,-8.537,0.0928,0.755,1.2.826.0.1.3680043.8.498.95462829446207462791057782977879099883,19,4.4,1,True
1.2.826.0.1.3680043.8.498.91064647744940506223536204418057554573,lat_centre,150.861,47.364,-46.315,0.0559,1.772,1.2.826.0.1.3680043.8.498.21116469024684068166622500169234030998,27,4.5,1,True
1.2.826.0.1.3680043.8.498.91106275065657355304239097295699332135,lat_centre,130.284,-48.807,-24.509,0.0765,0.563,1.2.826.0.1.3680043.8.498.34240568295613109154073649943868060464,30,3.3,1,True
1.2.826.0.1.3680043.8.498.91122873808284731048016330734204992698,lat_centre,-132.934,60.255,-12.411,0.0864,2.279,1.2.826.0.1.3680043.8.498.41832713334397391238535772998980062045,24,4.5,1,True
1.2.826.0.1.3680043.8.498.91124979914013108948829704350601987380,lat_centre,-93.976,-72.38,-57.655,0.0899,0.835,1.2.826.0.1.3680043.8.498.10351344245367186705243607443808109543,19,4.4,1,True
1.2.826.0.1.3680043.8.498.91125742927944703615970502025043944089,lat_centre,138.415,-53.395,-21.231,0.1172,1.071,1.2.826.0.1.3680043.8.498.90913540948969581132463718870717332410,23,4.4,1,True
1.2.826.0.1.3680043.8.498.91139126799820974665417903552066103454,lat_centre,120.977,-38.215,-44.305,0.1105,1.688,1.2.826.0.1.3680043.8.498.87107878819082392079610782027147022109,30,3.3,1,True
1.2.826.0.1.3680043.8.498.91168270990167204047014161851340054645,lat_centre,-95.901,-34.601,0.544,0.0893,1.79,1.2.826.0.1.3680043.8.498.93999576120450815553804137726345495467,22,4.5,1,True
1.2.826.0.1.3680043.8.498.91206973544724011503639050238118945528,lat_centre,127.195,-42.318,-22.531,0.0901,1.623,1.2.826.0.1.3680043.8.498.98349989687034340694145529838922342775,25,3.85,1,True
1.2.826.0.1.3680043.8.498.91220255464004258635083940797356822178,lat_centre,109.226,-38.619,-25.265,0.0757,0.738,1.2.826.0.1.3680043.8.498.11331030925683328530131264199274511998,36,2.875,1,True
1.2.826.0.1.3680043.8.498.91230059913252604666971822137553690811,lat_centre,-100.672,-20.092,2.955,0.0951,1.388,1.2.826.0.1.3680043.8.498.51898352210738833278421662278178219804,34,3.0,1,True
1.2.826.0.1.3680043.8.498.91237082716839283641165609666644466929,lat_centre,-120.105,-33.951,-16.307,0.0638,0.574,1.2.826.0.1.3680043.8.498.85379909208662201549710633899974392990,35,3.3,1,True
1.2.826.0.1.3680043.8.498.91262503278090288446189575519187653125,lat_centre,-74.649,-7.993,-43.606,0.1142,0.869,1.2.826.0.1.3680043.8.498.38141608677489807965831924162966738118,19,5.0,1,True
1.2.826.0.1.3680043.8.498.91323765268136520804399328350809179765,lat_centre,135.521,12.328,-10.03,0.0802,1.149,1.2.826.0.1.3680043.8.498.41604581243869963814779875511939289555,45,2.2,1,True
1.2.826.0.1.3680043.8.498.91328985601265188961626433080766431089,lat_centre,110.015,-41.6,-20.764,0.1092,1.405,1.2.826.0.1.3680043.8.498.47216529209319239766049015244210287898,30,3.5,1,True
1.2.826.0.1.3680043.8.498.91346221361264140052760282748336176394,lat_centre,116.021,1.765,-15.443,0.1214,1.278,1.2.826.0.1.3680043.8.498.84069077419405185904543802217599084367,25,3.6,1,True
1.2.826.0.1.3680043.8.498.91361379904133499492465873800011777365,lat_centre,-114.391,-4.857,-31.249,0.1037,1.149,1.2.826.0.1.3680043.8.498.11435161521929192543149412670580143466,28,3.6,1,True
1.2.826.0.1.3680043.8.498.91380337141071062166571333367919885984,lat_centre,133.894,-32.75,24.193,0.0971,1.328,1.2.826.0.1.3680043.8.498.86032361659667055392608606647765095501,26,4.156,1,True
1.2.826.0.1.3680043.8.498.91385694666101904780012335954322545042,lat_centre,-91.915,22.8,-23.81,0.0883,1.347,1.2.826.0.1.3680043.8.498.69810513871734635256892439443116413838,24,4.52,1,True
1.2.826.0.1.3680043.8.498.91391446167553025113367459399831345295,lat_centre,108.194,-5.219,-21.302,0.0785,0.597,1.2.826.0.1.3680043.8.498.89321926457354850989714297931537221686,40,3.3,1,True
1.2.826.0.1.3680043.8.498.91431012289716035498822977054491790785,lat_centre,-129.613,-9.459,-16.178,0.0882,0.506,1.2.826.0.1.3680043.8.498.11348837319065726293868690642830360104,44,2.2,1,True
1.2.826.0.1.3680043.8.498.91468214041781427810665883790357021637,lat_centre,122.318,-53.046,1.326,0.1035,1.159,1.2.826.0.1.3680043.8.498.13216954773180942494384925295101991672,31,3.3,1,True
1.2.826.0.1.3680043.8.498.91497176426480836856097456438014037999,lat_centre,-103.059,-45.154,-14.302,0.0966,0.501,1.2.826.0.1.3680043.8.498.12921968613937351294073112536012728234,30,3.3,1,True
1.2.826.0.1.3680043.8.498.91499489440453244654238202136675083579,lat_centre,-150.47,-38.281,-12.965,0.0908,2.077,1.2.826.0.1.3680043.8.498.54465200225249126737330535826782296602,20,5.0,1,True
1.2.826.0.1.3680043.8.498.91581717063042044543371480238854954692,lat_centre,-102.334,-66.198,-15.751,0.0559,2.618,1.2.826.0.1.3680043.8.498.66710002167764379168595820005561732878,32,3.3,1,True
1.2.826.0.1.3680043.8.498.91606395836371290680039618164703651751,lat_centre,96.478,-4.883,-20.649,0.0696,0.319,1.2.826.0.1.3680043.8.498.46073135324872132536004366772116050252,36,0.89,4,True
1.2.826.0.1.3680043.8.498.91611403539216247154562810076063878924,lat_centre,91.343,2.169,10.353,0.0842,1.629,1.2.826.0.1.3680043.8.498.11266937963725614921546729553121742165,36,0.89,4,True
1.2.826.0.1.3680043.8.498.91660278231317256353374962767408532443,lat_centre,134.818,-39.458,-5.885,0.0988,1.892,1.2.826.0.1.3680043.8.498.12734201828126354649570141613860909097,30,3.3,1,True
1.2.826.0.1.3680043.8.498.91686669332744972709173289374472094988,lat_centre,18.443,20.701,-44.274,0.0858,0.794,1.2.826.0.1.3680043.8.498.10108369068950896749966333655444975836,20,4.0,1,True
1.2.826.0.1.3680043.8.498.91727248305411866145131034915485728037,lat_centre,-136.621,-44.618,-13.741,0.0796,0.894,1.2.826.0.1.3680043.8.498.11419252392993469962489494636073049989,25,4.0,1,True
1.2.826.0.1.3680043.8.498.91742054227008690570256869200116133922,lat_centre,101.798,-3.21,-20.116,0.1047,1.091,1.2.826.0.1.3680043.8.498.93851717829876032875761313694505707070,32,3.3,1,True
1.2.826.0.1.3680043.8.498.91744384920314309659802891351055961910,lat_centre,87.026,1.347,-21.416,0.1169,0.506,1.2.826.0.1.3680043.8.498.22818076835530158713895810622870365568,21,4.4,1,True
1.2.826.0.1.3680043.8.498.91839696756303525362262251587171486273,lat_centre,-105.047,-2.099,5.051,0.1093,1.46,1.2.826.0.1.3680043.8.498.64997099716692916669828034427569871893,24,4.0,1,True
1.2.826.0.1.3680043.8.498.91860013313252950044036077977399321593,lat_centre,-128.871,-17.23,-40.658,0.097,0.444,1.2.826.0.1.3680043.8.498.93774557287685087912999084216491076266,35,3.3,1,True
1.2.826.0.1.3680043.8.498.91883829404782805058767342767479130421,lat_centre,-116.652,-16.687,1.345,0.0859,1.229,1.2.826.0.1.3680043.8.498.45596264959713117306665854340586903629,35,3.3,1,True
1.2.826.0.1.3680043.8.498.91897419008563027309752122760214275182,lat_centre,-105.13,-5.477,-43.085,0.1152,1.073,1.2.826.0.1.3680043.8.498.93577622165138039547391958680744231193,35,3.0,1,True
1.2.826.0.1.3680043.8.498.91910585599088493175245713843727208369,lat_centre,131.967,-5.829,-26.948,0.0764,0.576,1.2.826.0.1.3680043.8.498.79075676383576510914842871394992902598,44,2.2,1,True
1.2.826.0.1.3680043.8.498.91913894091933783677568170210064807665,lat_centre,-133.621,-54.253,-14.437,0.0983,1.591,1.2.826.0.1.3680043.8.498.74652557512986684749617610981252007258,22,4.52,1,True
1.2.826.0.1.3680043.8.498.91940000162714863613139612302783091395,lat_centre,-128.848,-31.565,-18.923,0.1079,0.609,1.2.826.0.1.3680043.8.498.53011417147975357848070408165456235193,34,2.875,1,True
1.2.826.0.1.3680043.8.498.91979363712708769014277114061159398016,lat_centre,127.663,-51.039,46.151,0.0831,0.767,1.2.826.0.1.3680043.8.498.17618679740113802741266818645008823120,30,3.3,1,True
1.2.826.0.1.3680043.8.498.91991985280680856830060431668414014465,lat_centre,-106.607,-53.789,-12.22,0.0859,0.467,1.2.826.0.1.3680043.8.498.75641273081924454933866890948865697233,36,3.45,1,True
1.2.826.0.1.3680043.8.498.92030581934838097812004394123949263069,lat_centre,-141.677,-14.938,-9.562,0.1032,0.586,1.2.826.0.1.3680043.8.498.95606761382746416238097454783170097184,35,3.3,1,True
1.2.826.0.1.3680043.8.498.92063841381005962285592592672311044745,lat_centre,-106.005,-5.855,-16.619,0.0788,0.493,1.2.826.0.1.3680043.8.498.21761965181505591413483190011170317901,36,0.89,4,True
1.2.826.0.1.3680043.8.498.92071199603599654827155753204585082303,lat_centre,100.641,-18.636,14.569,0.081,1.393,1.2.826.0.1.3680043.8.498.13405446726346802090202898935773602145,35,3.0,1,True
1.2.826.0.1.3680043.8.498.92126358259118823397932994812520542494,lat_centre,-118.758,3.019,-20.07,0.1029,1.078,1.2.826.0.1.3680043.8.498.12740237429980297594826142966106138743,30,3.3,1,True
1.2.826.0.1.3680043.8.498.92127426417720107708158713612888411025,lat_centre,108.853,-12.21,-16.446,0.1003,1.796,1.2.826.0.1.3680043.8.498.85123538825980697283443119345161511734,27,4.5,1,True
1.2.826.0.1.3680043.8.498.92222956609345084635188178384706987675,lat_centre,-130.3,-54.622,9.655,0.0777,0.72,1.2.826.0.1.3680043.8.498.73758050659621838380657253423368695892,36,3.3,1,True
1.2.826.0.1.3680043.8.498.92249560662718438332916289759028859881,lat_centre,-107.379,-11.201,-21.895,0.1012,1.668,1.2.826.0.1.3680043.8.498.27303206044807053743821762845888513946,31,3.3,1,True
1.2.826.0.1.3680043.8.498.92285140961160393284537044926797259671,lat_centre,-103.581,-6.223,-16.613,0.1038,2.994,1.2.826.0.1.3680043.8.498.11076642878926679164357669484812526965,26,4.0,1,True
1.2.826.0.1.3680043.8.498.92301915122994899889226415477164044164,lat_centre,105.213,-54.67,-0.077,0.096,1.15,1.2.826.0.1.3680043.8.498.12773426231277574465922750367362162705,19,4.4,1,True
1.2.826.0.1.3680043.8.498.92326467051364762529119362944559591665,lat_centre,-100.802,-49.762,-29.908,0.0824,1.749,1.2.826.0.1.3680043.8.498.72221254096582024026943543519167294543,34,3.3,1,True
1.2.826.0.1.3680043.8.498.92386519544130078776672685639580497728,lat_centre,-77.533,13.225,-39.935,0.0959,0.582,1.2.826.0.1.3680043.8.498.27005705020830064815083485408789201150,30,3.3,1,True
1.2.826.0.1.3680043.8.498.92407834172018110142589158281575319154,lat_centre,-137.028,21.336,-14.028,0.088,2.787,1.2.826.0.1.3680043.8.498.74710621315092692503836367485070708751,32,3.5,1,True
1.2.826.0.1.3680043.8.498.92410537691481397330646029810090178745,lat_centre,-75.517,19.49,-9.3,0.0688,2.083,1.2.826.0.1.3680043.8.498.50585227199111320610431572162392627017,30,3.5,1,True
1.2.826.0.1.3680043.8.498.92445779773398371452908052305534240654,lat_centre,111.747,-57.664,0.072,0.0939,1.079,1.2.826.0.1.3680043.8.498.10860239975665863403901480567858158955,36,3.3,1,True
1.2.826.0.1.3680043.8.498.92449204325697143336618138322280397765,lat_centre,112.811,-9.83,-33.446,0.0996,1.421,1.2.826.0.1.3680043.8.498.20695658650032740007370032378614938514,32,3.3,1,True
1.2.826.0.1.3680043.8.498.92455257597708674644536154732642099964,lat_centre,-111.343,-50.162,-24.278,0.1056,1.749,1.2.826.0.1.3680043.8.498.89898738490417307292682809805992053501,25,3.85,1,True
1.2.826.0.1.3680043.8.498.92581137608969847756039955144478716506,lat_centre,108.67,-2.753,-31.929,0.1027,1.097,1.2.826.0.1.3680043.8.498.65606634471674348800906629085846649923,34,3.0,1,True
1.2.826.0.1.3680043.8.498.92597065276819676534178545455668171085,lat_centre,-112.252,-34.971,-25.765,0.095,0.827,1.2.826.0.1.3680043.8.498.11809871210135789320915306474615393979,36,3.45,1,True
1.2.826.0.1.3680043.8.498.92602515666185999130675702469977883616,lat_centre,134.474,-25.859,-34.551,0.075,1.329,1.2.826.0.1.3680043.8.498.11489584221246893603110740314867605171,35,3.3,1,True
1.2.826.0.1.3680043.8.498.92621720172216795135762712303124932801,lat_centre,-131.102,-33.187,-42.683,0.0828,2.094,1.2.826.0.1.3680043.8.498.10601904997268302114806430517578049330,20,5.39,1,True
1.2.826.0.1.3680043.8.498.92626490033376759309712417622692944095,lat_centre,90.496,1.555,-55.344,0.0947,0.949,1.2.826.0.1.3680043.8.498.32826570265757908114204411617223658662,33,3.3,1,True
1.2.826.0.1.3680043.8.498.92650426727723557280117118587545413917,lat_centre,-112.095,-27.68,-39.864,0.1,1.233,1.2.826.0.1.3680043.8.498.11754928391125387454556677525657641157,20,4.424,1,True
1.2.826.0.1.3680043.8.498.92655291659311409459093330375014445330,lat_centre,-129.675,-55.528,-12.249,0.1051,1.764,1.2.826.0.1.3680043.8.498.99198191456957743037623873366015118798,22,4.521,1,True
1.2.826.0.1.3680043.8.498.92682287574388138675492893420192905780,lat_centre,141.051,-33.704,-1.313,0.089,0.269,1.2.826.0.1.3680043.8.498.96633209981873608197483492142226418637,30,3.5,1,True
1.2.826.0.1.3680043.8.498.92715232057122971236003034574127234433,lat_centre,110.925,-50.247,-43.07,0.1087,0.995,1.2.826.0.1.3680043.8.498.97071267990965754415204354781516664088,19,4.8,1,True
1.2.826.0.1.3680043.8.498.92722393862174380736027353110424417588,lat_centre,114.393,-43.46,-36.381,0.0797,0.666,1.2.826.0.1.3680043.8.498.31696196908278178946151455093414679833,30,3.3,1,True
1.2.826.0.1.3680043.8.498.92758635328468215409701857842011454608,lat_centre,140.166,-23.178,-31.76,0.1098,1.352,1.2.826.0.1.3680043.8.498.96880994689129267608778107193580452694,22,4.5,1,True
1.2.826.0.1.3680043.8.498.92839397144213404004277739877191283401,lat_centre,-112.74,-70.849,-9.364,0.1159,1.034,1.2.826.0.1.3680043.8.498.11640514548652905370048889699927922381,19,4.4,1,True
1.2.826.0.1.3680043.8.498.92854445271746966212168817610305595078,lat_centre,91.132,-50.654,-42.254,0.0756,1.188,1.2.826.0.1.3680043.8.498.35477216210067572642453181115440044332,19,4.4,1,True
1.2.826.0.1.3680043.8.498.92902692647544828045768164058889405369,lat_centre,129.298,-58.214,-4.315,0.0886,1.329,1.2.826.0.1.3680043.8.498.10642965759110860280654205173748389373,22,4.635,1,True
1.2.826.0.1.3680043.8.498.92925901047699000727725798824992891055,lat_centre,126.302,-67.448,-12.289,0.0768,0.521,1.2.826.0.1.3680043.8.498.42956330769567762540384918288427995560,25,4.16,1,True
1.2.826.0.1.3680043.8.498.93026010065162534828966791702007067882,lat_centre,110.26,-52.871,-7.519,0.1036,1.441,1.2.826.0.1.3680043.8.498.69796242803634543793290450097767290971,30,3.3,1,True
1.2.826.0.1.3680043.8.498.93054327536380380487760790221613186305,lat_centre,111.88,-52.094,6.321,0.1001,1.21,1.2.826.0.1.3680043.8.498.56482490390794502723505130344542315295,32,3.3,1,True
1.2.826.0.1.3680043.8.498.93062749017302143105207135454940053142,lat_centre,65.962,-57.37,-34.491,0.0988,0.351,1.2.826.0.1.3680043.8.498.24895941280742799881956481667940052661,19,4.4,1,True
1.2.826.0.1.3680043.8.498.93096918345463865518663434763610016449,lat_centre,-27.524,2.359,-12.143,0.1006,1.826,1.2.826.0.1.3680043.8.498.17406000632496904587414645546858349874,24,3.9,1,True
1.2.826.0.1.3680043.8.498.93104685852024334015651558514195715956,lat_centre,-66.137,39.104,-24.695,0.0727,2.484,1.2.826.0.1.3680043.8.498.23018397931728158376889231807046167421,24,4.5,1,True
1.2.826.0.1.3680043.8.498.93141871723058796160969424330424882014,lat_centre,145.492,-56.422,-1.154,0.0756,3.198,1.2.826.0.1.3680043.8.498.17387702716052444502960188001983671593,39,2.75,1,True
1.2.826.0.1.3680043.8.498.93177444420568709574758402836371200945,lat_centre,-112.445,6.867,-47.054,0.0876,1.304,1.2.826.0.1.3680043.8.498.22783580283484824925167187725047582409,33,3.3,1,True
1.2.826.0.1.3680043.8.498.93182602591865019295859776146674822677,lat_centre,-101.104,-28.454,-1.332,0.0917,1.159,1.2.826.0.1.3680043.8.498.12350719286613120139321272394734015815,34,3.0,1,True
1.2.826.0.1.3680043.8.498.93188773180403601524488403580611534053,lat_centre,-122.468,-53.372,-27.379,0.1085,2.084,1.2.826.0.1.3680043.8.498.10824226251314333299736755919432419690,30,3.5,1,True
1.2.826.0.1.3680043.8.498.93222021909191248270818335069738080963,lat_centre,110.056,-8.676,-10.759,0.1078,1.011,1.2.826.0.1.3680043.8.498.76419718114353661735706755958302065971,44,2.2,1,True
1.2.826.0.1.3680043.8.498.93230313557251171119475173996942942855,lat_centre,-19.792,16.689,-6.572,0.0971,2.023,1.2.826.0.1.3680043.8.498.51611137538319854326864290108043801788,26,4.3,1,True
1.2.826.0.1.3680043.8.498.93301337627536436086612556500687157032,lat_centre,120.072,32.183,-45.509,0.0966,1.372,1.2.826.0.1.3680043.8.498.39855136730627536152470660830936110758,30,3.3,1,True
1.2.826.0.1.3680043.8.498.93318293884671598055223778443354732793,lat_centre,-121.307,-58.782,56.219,0.1039,0.961,1.2.826.0.1.3680043.8.498.74351734149892909946193381827191043868,31,3.3,1,True
1.2.826.0.1.3680043.8.498.93344237572402384894445814841725878706,lat_centre,-74.434,9.173,-37.614,0.1078,0.664,1.2.826.0.1.3680043.8.498.27033225577979713520233371899744051398,30,3.3,1,True
1.2.826.0.1.3680043.8.498.93359387652821116106937882388838959209,lat_centre,-96.067,-59.41,-18.818,0.1006,0.472,1.2.826.0.1.3680043.8.498.19174327913447654473467030690670547756,19,4.8,1,True
1.2.826.0.1.3680043.8.498.93385433312281352893457225415812880948,lat_centre,129.944,-60.539,-2.22,0.1035,1.787,1.2.826.0.1.3680043.8.498.31290427729728472257614568042102115039,22,4.5,1,True
1.2.826.0.1.3680043.8.498.93478919245462741704531324128061533679,lat_centre,-101.337,-10.295,-14.2,0.0976,1.143,1.2.826.0.1.3680043.8.498.15110105565875395767324671061324093089,30,3.0,1,True
1.2.826.0.1.3680043.8.498.93555726419626687118723083838655757151,lat_centre,101.606,-36.705,2.344,0.0833,0.729,1.2.826.0.1.3680043.8.498.53215791983841335496130129585789849157,38,3.3,1,True
1.2.826.0.1.3680043.8.498.93623421864452751381778712192879121271,lat_centre,-118.77,-10.949,5.448,0.1162,0.824,1.2.826.0.1.3680043.8.498.25009101199631613178689502301306527097,21,4.4,1,True
1.2.826.0.1.3680043.8.498.93653421810951484288813767943453706233,lat_centre,141.831,-36.335,-32.962,0.1101,1.818,1.2.826.0.1.3680043.8.498.65833189236206859970047858193804699848,24,3.8,1,True
1.2.826.0.1.3680043.8.498.93655619137163635289231840294252859840,lat_centre,26.582,-10.759,-5.59,0.1329,1.051,1.2.826.0.1.3680043.8.498.78234908617503619252796500351457791209,24,3.9,1,True
1.2.826.0.1.3680043.8.498.93718451128867963123946970296603639068,lat_centre,108.179,-10.58,-23.697,0.0839,1.657,1.2.826.0.1.3680043.8.498.10980920712746219305359095743550414185,36,0.89,4,True
1.2.826.0.1.3680043.8.498.93719148934772792523193842156217224487,lat_centre,-96.46,9.437,-8.186,0.0608,1.825,1.2.826.0.1.3680043.8.498.11419810567998799174831630274393000772,24,3.9,1,True
1.2.826.0.1.3680043.8.498.93722352425168280299901366261374293722,lat_centre,-130.378,-56.531,-25.346,0.0889,1.062,1.2.826.0.1.3680043.8.498.51601288960315474687762408438152276425,27,4.0,1,True
1.2.826.0.1.3680043.8.498.93728117237268000947508816107096388086,lat_centre,-101.854,-43.476,-20.063,0.0939,0.819,1.2.826.0.1.3680043.8.498.21019285569066037405691124338811870024,30,3.3,1,True
1.2.826.0.1.3680043.8.498.93747304211180517979657679136059719120,lat_centre,116.785,-71.913,8.374,0.0924,0.446,1.2.826.0.1.3680043.8.498.24712146038044826209016234398325378320,22,4.278,1,True
1.2.826.0.1.3680043.8.498.93774667493652492119129601342627338680,lat_centre,-138.311,-33.515,-56.87,0.1051,0.759,1.2.826.0.1.3680043.8.498.11788331906742866755360949121016518067,26,4.0,1,True
1.2.826.0.1.3680043.8.498.93848205752465320137433228658870667418,lat_centre,126.412,-20.86,-55.123,0.0901,0.849,1.2.826.0.1.3680043.8.498.61743573001292487676235759113800028712,25,4.5,1,True
1.2.826.0.1.3680043.8.498.93902628119199416703899320994283313812,lat_centre,-94.821,5.524,-20.035,0.1066,0.446,1.2.826.0.1.3680043.8.498.24102017688909975022720775192704531985,32,3.3,1,True
1.2.826.0.1.3680043.8.498.93921993164883084178408030385007465064,lat_centre,-116.695,11.185,-43.709,0.0903,1.244,1.2.826.0.1.3680043.8.498.35848921178565317155494721569992420225,30,3.3,1,True
1.2.826.0.1.3680043.8.498.93976819306514730278115540117878688308,lat_centre,114.292,-44.142,-35.849,0.1181,1.941,1.2.826.0.1.3680043.8.498.13101021265730830411276321209559451351,20,4.8,1,True
1.2.826.0.1.3680043.8.498.93985093305024344873337249433396141838,lat_centre,-101.731,-12.035,-55.414,0.0896,1.196,1.2.826.0.1.3680043.8.498.80545508275343304166170345566827463199,34,3.0,1,True
1.2.826.0.1.3680043.8.498.94002633501154835018549300667479350401,lat_centre,-107.113,-11.799,-0.143,0.09,0.455,1.2.826.0.1.3680043.8.498.18807015785231287979898742161747900498,40,3.3,1,True
1.2.826.0.1.3680043.8.498.94027547274004055924993074754507802303,lat_centre,-97.418,-18.161,-40.626,0.076,0.651,1.2.826.0.1.3680043.8.498.12941934310659148721298156261745030373,28,3.51,1,True
1.2.826.0.1.3680043.8.498.94030816415316308210133175314873817171,lat_centre,135.915,-21.23,-31.327,0.0738,1.054,1.2.826.0.1.3680043.8.498.27613905917808587834942798487157462597,35,3.3,1,True
1.2.826.0.1.3680043.8.498.94069670011071682445520414370532541612,lat_centre,-92.018,-42.744,-32.539,0.1074,0.497,1.2.826.0.1.3680043.8.498.67524381948129254117605770433004257369,19,4.4,1,True
1.2.826.0.1.3680043.8.498.94117540970936035429846288243624086693,lat_centre,-31.059,11.437,-15.069,0.1191,0.472,1.2.826.0.1.3680043.8.498.13000971437803044171437101949736546955,24,3.9,1,True
1.2.826.0.1.3680043.8.498.94244885518758327449236878653096161475,lat_centre,109.037,-38.721,-12.921,0.1026,0.644,1.2.826.0.1.3680043.8.498.44035916311415963049207961172282027673,30,3.3,1,True
1.2.826.0.1.3680043.8.498.94252884278314596961426629318911909075,lat_centre,-124.095,6.702,-10.257,0.0891,0.764,1.2.826.0.1.3680043.8.498.23415925035403567554553505576588518338,42,2.2,1,True
1.2.826.0.1.3680043.8.498.94255124739558547668304022649099251744,lat_centre,-103.806,-7.924,-17.232,0.0908,0.785,1.2.826.0.1.3680043.8.498.59444261913652793996207921616839286716,32,3.3,1,True
1.2.826.0.1.3680043.8.498.94274898137310893945218731717226819541,lat_centre,-126.725,-48.934,-1.541,0.1026,1.244,1.2.826.0.1.3680043.8.498.97021433364468673150298035320637751406,29,3.3,1,True
1.2.826.0.1.3680043.8.498.94296943940827583101208235208463322140,lat_centre,141.096,-40.115,-10.015,0.0715,1.66,1.2.826.0.1.3680043.8.498.90884457443016070007373451697144487628,23,4.5,1,True
1.2.826.0.1.3680043.8.498.94328216642444410827846344286227627425,lat_centre,-142.5,-44.252,-15.007,0.1167,0.901,1.2.826.0.1.3680043.8.498.84420115376825978347075234927792475548,29,3.3,1,True
1.2.826.0.1.3680043.8.498.94335780236370744781443631231792792083,lat_centre,114.396,10.043,-34.307,0.0855,2.147,1.2.826.0.1.3680043.8.498.59240970341534630559382903344275997828,26,4.52,1,True
1.2.826.0.1.3680043.8.498.94381282809153270156987123429739805206,lat_centre,-112.891,-15.765,-17.434,0.094,0.9,1.2.826.0.1.3680043.8.498.17413421904431497952087005536054741358,33,3.3,1,True
1.2.826.0.1.3680043.8.498.94393348753936295687030819683853459606,lat_centre,-103.843,-17.212,-12.269,0.0751,5.896,1.2.826.0.1.3680043.8.498.67029675860913660398466256068985219212,36,3.0,1,True
1.2.826.0.1.3680043.8.498.94433753471890306108089557761231739312,lat_centre,169.995,36.613,5.613,0.0663,1.192,1.2.826.0.1.3680043.8.498.97920511515278513771772493032450247932,35,3.3,1,True
1.2.826.0.1.3680043.8.498.94447683257072169359896104855962933413,lat_centre,-110.031,-1.62,-13.107,0.1067,2.959,1.2.826.0.1.3680043.8.498.10929173664678258121496988752398800093,32,3.3,1,True
1.2.826.0.1.3680043.8.498.94448720962054029575571654250994769402,lat_centre,100.941,-15.613,-29.275,0.0851,1.877,1.2.826.0.1.3680043.8.498.12229855168400329501395017884593087134,32,3.3,1,True
1.2.826.0.1.3680043.8.498.94553664348118184200007654265863262684,lat_centre,-107.475,0.368,-27.194,0.0899,1.152,1.2.826.0.1.3680043.8.498.30126047399896475948336383754035346248,29,3.6,1,True
1.2.826.0.1.3680043.8.498.94590838906158914501563687877014778914,lat_centre,140.736,-32.54,-12.67,0.1043,0.481,1.2.826.0.1.3680043.8.498.10680239557451517008053471370329561924,35,3.3,1,True
1.2.826.0.1.3680043.8.498.94594009911808653224418094594012527944,lat_centre,-136.667,-54.047,-35.062,0.076,0.735,1.2.826.0.1.3680043.8.498.72853917567508253178471140127481396278,40,0.4,8,True
1.2.826.0.1.3680043.8.498.94601583997736688762302974573903982304,lat_centre,98.542,-8.591,-9.101,0.1157,1.405,1.2.826.0.1.3680043.8.498.24925908088493183988657039031208336533,26,3.3,1,True
1.2.826.0.1.3680043.8.498.94607524665407029611795868588964734480,lat_centre,106.737,-0.283,-19.95,0.0873,1.929,1.2.826.0.1.3680043.8.498.86323983109760288648631570588443443071,30,4.5,1,True
1.2.826.0.1.3680043.8.498.94625454484290996254750481989036812516,lat_centre,98.805,-3.803,-13.744,0.1175,0.721,1.2.826.0.1.3680043.8.498.80773570850173541776889835133157159953,34,3.0,1,True
1.2.826.0.1.3680043.8.498.94635110520016467882028406590905441740,lat_centre,-105.343,-49.899,18.949,0.1004,0.96,1.2.826.0.1.3680043.8.498.90072003701697367458275881154678876736,38,3.3,1,True
1.2.826.0.1.3680043.8.498.94658317716039594639343437780115140531,lat_centre,-107.017,-56.749,-37.166,0.0958,1.876,1.2.826.0.1.3680043.8.498.16065275067764981140442086001840140989,19,5.0,1,True
1.2.826.0.1.3680043.8.498.94677297888135961827159679484207792618,lat_centre,119.96,-16.615,-31.223,0.0878,1.143,1.2.826.0.1.3680043.8.498.91029752308447717295210194793157520571,28,4.5,1,True
1.2.826.0.1.3680043.8.498.94722363227977785887442194094888460046,lat_centre,-105.531,-6.783,-44.081,0.1054,0.44,1.2.826.0.1.3680043.8.498.80255358491007732464688896616990144000,34,3.0,1,True
1.2.826.0.1.3680043.8.498.94729634553835820944505159643192054175,lat_centre,103.637,-10.254,7.696,0.0941,0.654,1.2.826.0.1.3680043.8.498.15424914578429205535083915070547192733,34,3.0,1,True
1.2.826.0.1.3680043.8.498.94747403767627336827372096100476526821,lat_centre,-108.072,-26.422,-38.624,0.1135,0.811,1.2.826.0.1.3680043.8.498.77015805722767217224808101711142509525,30,3.3,1,True
1.2.826.0.1.3680043.8.498.94753144127920558221268610279343359449,lat_centre,-104.738,19.562,-24.891,0.0889,2.058,1.2.826.0.1.3680043.8.498.27048555178641734555167624386120715367,24,3.9,1,True
1.2.826.0.1.3680043.8.498.94761755148413531477206243804832613511,lat_centre,54.904,-62.935,28.515,0.0787,0.629,1.2.826.0.1.3680043.8.498.39620999095852288371302531027338894640,30,3.3,1,True
1.2.826.0.1.3680043.8.498.94774472240035721003264951868030913589,lat_centre,-116.59,-52.775,-45.417,0.0839,1.083,1.2.826.0.1.3680043.8.498.11401283718419698410748301132552933481,34,3.3,1,True
1.2.826.0.1.3680043.8.498.94798723424795346945893598929864335472,lat_centre,101.46,-6.899,-36.066,0.0981,0.676,1.2.826.0.1.3680043.8.498.65050546655149399589684997082097647811,25,4.5,1,True
1.2.826.0.1.3680043.8.498.94822220672465914426995315295921716764,lat_centre,-113.41,-41.719,2.371,0.0879,1.033,1.2.826.0.1.3680043.8.498.92357246629041917188951574293008348157,22,4.35,1,True
1.2.826.0.1.3680043.8.498.94921929374845793599006362190119159537,lat_centre,139.62,-40.351,-39.712,0.1014,1.231,1.2.826.0.1.3680043.8.498.21978189593939718765390300892765894419,29,3.3,1,True
1.2.826.0.1.3680043.8.498.94944218313788305917509271079443871442,lat_centre,115.314,-58.851,-27.085,0.1148,0.839,1.2.826.0.1.3680043.8.498.12578342887140291313223661299833897586,30,3.5,1,True
1.2.826.0.1.3680043.8.498.94945670991495145462605178471390637325,lat_centre,-88.309,-12.163,-29.232,0.103,1.05,1.2.826.0.1.3680043.8.498.47773230262935221719479755379297098362,33,3.3,1,True
1.2.826.0.1.3680043.8.498.94954489705497211843190734684710878341,lat_centre,106.028,-54.006,20.544,0.0977,0.692,1.2.826.0.1.3680043.8.498.10679603613099611876524439419734045533,32,3.3,1,True
1.2.826.0.1.3680043.8.498.94955017957653373798729896600270551224,lat_centre,-129.818,-31.575,-3.011,0.1144,1.185,1.2.826.0.1.3680043.8.498.87159653406138401833165972154176467671,20,5.001,1,True
1.2.826.0.1.3680043.8.498.95026524886584356226576936309513335214,lat_centre,140.85,-32.51,-33.798,0.0747,1.789,1.2.826.0.1.3680043.8.498.69003663852136905101579837043887607132,35,3.3,1,True
1.2.826.0.1.3680043.8.498.95030266788619257057351879256576338162,lat_centre,92.904,-5.428,-19.425,0.0794,0.578,1.2.826.0.1.3680043.8.498.15228082650758146979970012381023361974,26,4.52,1,True
1.2.826.0.1.3680043.8.498.95060380238431209646600378585422128745,lat_centre,83.34,-23.019,-17.258,0.0693,1.183,1.2.826.0.1.3680043.8.498.15869824661503109064032802372058154135,30,4.5,1,True
1.2.826.0.1.3680043.8.498.95080449640993916851075185393444497308,lat_centre,131.453,-71.42,-18.301,0.0961,0.971,1.2.826.0.1.3680043.8.498.61624370135980400072923118868070356709,30,3.3,1,True
1.2.826.0.1.3680043.8.498.95091624999382167943525022414631622532,lat_centre,137.166,-28.898,-54.433,0.0818,0.615,1.2.826.0.1.3680043.8.498.19868726934075737565640884939986466010,35,3.3,1,True
1.2.826.0.1.3680043.8.498.95113114010658169441709314948308683982,lat_centre,-19.35,10.441,-25.33,0.0505,0.856,1.2.826.0.1.3680043.8.498.11603598324893760667244502908827829816,26,4.0,1,True
1.2.826.0.1.3680043.8.498.95142886737239438773421088967802136318,lat_centre,-82.452,23.469,-16.017,0.1201,1.267,1.2.826.0.1.3680043.8.498.10254376833131008216082821079909208804,23,4.8,1,True
1.2.826.0.1.3680043.8.498.95193282490279394602564266574551123732,lat_centre,129.301,-57.596,1.812,0.0657,0.795,1.2.826.0.1.3680043.8.498.48784453866755145298489508587427686942,25,4.16,1,True
1.2.826.0.1.3680043.8.498.95196756237527666678816095708949563380,lat_centre,99.352,9.639,-4.872,0.0852,0.912,1.2.826.0.1.3680043.8.498.10006337896290853723104114832962427832,32,3.0,1,True
1.2.826.0.1.3680043.8.498.95223549428749744711279985897241419512,lat_centre,-128.447,6.383,-11.295,0.0764,1.085,1.2.826.0.1.3680043.8.498.30959452866959270588803086209736944844,48,2.2,1,True
1.2.826.0.1.3680043.8.498.95256518245659249144569318023469597946,lat_centre,-110.531,-57.438,-27.21,0.0848,0.582,1.2.826.0.1.3680043.8.498.11387127798614283781908639970771809919,32,3.3,1,True
1.2.826.0.1.3680043.8.498.95262231945171099723559613554350591139,lat_centre,132.342,19.719,9.472,0.0872,0.878,1.2.826.0.1.3680043.8.498.60630256675037930625027205978416899264,24,4.5,1,True
1.2.826.0.1.3680043.8.498.95321750682026667237717880394536750835,lat_centre,-144.889,-52.096,16.013,0.1026,0.78,1.2.826.0.1.3680043.8.498.64425868387574836405235962285499746234,38,2.75,1,True
1.2.826.0.1.3680043.8.498.95324318295506605557933083155792587297,lat_centre,144.584,-23.996,-23.616,0.087,1.379,1.2.826.0.1.3680043.8.498.24834951316493595040459969220994527902,36,2.875,1,True
1.2.826.0.1.3680043.8.498.95334149193711661424105715330320414755,lat_centre,136.413,-52.78,-33.876,0.0789,0.509,1.2.826.0.1.3680043.8.498.82889611098294347698306132219305455173,40,0.4,8,True
1.2.826.0.1.3680043.8.498.95351925765761617117057799846763403963,lat_centre,142.558,-8.944,-42.371,0.0939,1.106,1.2.826.0.1.3680043.8.498.72362992423581492090681531001941399611,35,3.3,1,True
1.2.826.0.1.3680043.8.498.95376417067109020835342111882595126109,lat_centre,-134.559,-34.715,-36.511,0.112,0.894,1.2.826.0.1.3680043.8.498.13181678008625403433285369618017095108,29,3.3,1,True
1.2.826.0.1.3680043.8.498.95433650759419050864053270236035947981,lat_centre,94.408,-7.138,-16.601,0.0996,0.914,1.2.826.0.1.3680043.8.498.82519158165250366203592637680886167025,36,3.0,1,True
1.2.826.0.1.3680043.8.498.95464807346156547985763374990661923815,lat_centre,103.928,-46.231,2.784,0.0866,1.073,1.2.826.0.1.3680043.8.498.12198710533514872571366919780751400133,31,3.3,1,True
1.2.826.0.1.3680043.8.498.95490888360439852685783476266753304657,lat_centre,-149.687,-30.593,-30.814,0.1143,0.406,1.2.826.0.1.3680043.8.498.47222452656072814082307594088031386016,30,3.3,1,True
1.2.826.0.1.3680043.8.498.95497572581157858069692837655072209020,lat_centre,99.759,-7.119,-27.245,0.0967,1.45,1.2.826.0.1.3680043.8.498.81751495875123015286302252708361708102,32,3.3,1,True
1.2.826.0.1.3680043.8.498.95500234888498554736637315199668317948,lat_centre,-128.59,-46.269,-15.28,0.1222,1.127,1.2.826.0.1.3680043.8.498.61460747123326739291416140748773135970,29,3.3,1,True
1.2.826.0.1.3680043.8.498.95555755747044090477918262640906805885,lat_centre,-109.197,-9.656,-15.203,0.0992,1.41,1.2.826.0.1.3680043.8.498.12889201896549497572311734352414665910,34,3.0,1,True
1.2.826.0.1.3680043.8.498.95560861705581165570145459410262387310,lat_centre,-103.482,8.592,-20.981,0.1058,1.424,1.2.826.0.1.3680043.8.498.81686033957801490188294303825951394421,27,4.0,1,True
1.2.826.0.1.3680043.8.498.95570207430778332247200880037915693375,lat_centre,-109.294,-11.001,-31.767,0.1052,0.759,1.2.826.0.1.3680043.8.498.31042418971246103590894755125103603759,34,3.0,1,True
1.2.826.0.1.3680043.8.498.95586477246200285088746818821808017494,lat_centre,-87.738,9.551,-27.649,0.1023,1.536,1.2.826.0.1.3680043.8.498.47890053152792137761128810340618418919,30,3.3,1,True
1.2.826.0.1.3680043.8.498.95588576819758266413765165887081039863,lat_centre,-132.322,-35.024,-1.782,0.0883,1.407,1.2.826.0.1.3680043.8.498.11202238555344588566235553942116609832,29,3.3,1,True
1.2.826.0.1.3680043.8.498.95601371640669355936785637162110963091,lat_centre,-121.678,64.529,-2.85,0.0647,2.403,1.2.826.0.1.3680043.8.498.36375391844995609714269271712170363026,34,3.3,1,True
1.2.826.0.1.3680043.8.498.95621693348567815920675804584086926261,lat_centre,-34.285,5.851,-19.463,0.0966,0.914,1.2.826.0.1.3680043.8.498.11771293638880155004283215395248649524,24,3.9,1,True
1.2.826.0.1.3680043.8.498.95638601079527306640829424921455011698,lat_centre,133.274,-36.856,-9.497,0.0856,2.284,1.2.826.0.1.3680043.8.498.52724725573185441368489078557707456000,35,3.3,1,True
1.2.826.0.1.3680043.8.498.95653228095828585867177997067051877351,lat_centre,-105.045,-11.632,-0.231,0.0948,1.669,1.2.826.0.1.3680043.8.498.47909343698113837871880603658739232349,35,3.3,1,True
1.2.826.0.1.3680043.8.498.95694598580744163428934772566469311180,lat_centre,103.603,-20.35,-11.844,0.1086,0.546,1.2.826.0.1.3680043.8.498.12360071282752382268132591041045036928,30,3.3,1,True
1.2.826.0.1.3680043.8.498.95705755527332814775935856896567782522,lat_centre,-107.268,-21.231,-18.366,0.1037,0.637,1.2.826.0.1.3680043.8.498.17838838322562066958793056051484755448,33,3.3,1,True
1.2.826.0.1.3680043.8.498.95720534093121754146413060811354489247,lat_centre,111.394,12.965,-6.022,0.1094,2.355,1.2.826.0.1.3680043.8.498.68071046982081347701568637623094202780,27,3.6,1,True
1.2.826.0.1.3680043.8.498.95727100148189624148200652225439854460,lat_centre,-11.685,22.104,-19.684,0.0951,1.134,1.2.826.0.1.3680043.8.498.83967136765203909953427489271526445908,26,4.0,1,True
1.2.826.0.1.3680043.8.498.95728724960383464194568391302477328450,lat_centre,-146.89,-35.067,-22.062,0.0835,1.55,1.2.826.0.1.3680043.8.498.50693358090017322689401496556310141013,30,3.5,1,True
1.2.826.0.1.3680043.8.498.95777611643095956714301310992151723603,lat_centre,-108.044,8.49,-60.442,0.0847,0.604,1.2.826.0.1.3680043.8.498.16038422738703098562775285351521853548,22,5.0,1,True
1.2.826.0.1.3680043.8.498.95796009319232592137564145023096016872,lat_centre,143.95,-48.453,-10.366,0.0932,1.675,1.2.826.0.1.3680043.8.498.91535539374765371519019778653044879605,36,3.3,1,True
1.2.826.0.1.3680043.8.498.95850844945129153291759207212815927078,lat_centre,104.53,-24.242,-19.883,0.0916,0.758,1.2.826.0.1.3680043.8.498.97791909868984001315293777437868532028,34,3.0,1,True
1.2.826.0.1.3680043.8.498.95864678405973312042815189771902289608,lat_centre,121.416,-65.253,4.314,0.121,0.799,1.2.826.0.1.3680043.8.498.66186372318043181447660758632742702302,22,4.349,1,True
1.2.826.0.1.3680043.8.498.95882731821729917461275694847968503951,lat_centre,-122.663,-43.987,-28.601,0.0622,0.635,1.2.826.0.1.3680043.8.498.94596794449423953090576739103260529071,40,0.4,8,True
1.2.826.0.1.3680043.8.498.95912798959818676102590029534562878721,lat_centre,132.238,-67.058,-9.098,0.1112,1.444,1.2.826.0.1.3680043.8.498.10813873122177068362271807875568066551,25,3.85,1,True
1.2.826.0.1.3680043.8.498.95918254432056542701730614049432316728,lat_centre,103.133,-42.456,-34.3,0.089,0.615,1.2.826.0.1.3680043.8.498.10649599094673397488976877225417313298,32,3.3,1,True
1.2.826.0.1.3680043.8.498.95984406324600336713471618620285270466,lat_centre,134.481,-38.619,-5.41,0.0704,0.388,1.2.826.0.1.3680043.8.498.62567007493538614107781700466460031956,40,0.4,8,True
1.2.826.0.1.3680043.8.498.96051765028927322365509303222455708654,lat_centre,113.259,58.503,-44.993,0.0724,1.201,1.2.826.0.1.3680043.8.498.49960744130960595446625388097526833309,35,3.3,1,True
1.2.826.0.1.3680043.8.498.96054287426681123062488435620352206601,lat_centre,-92.923,13.749,-46.718,0.1175,1.662,1.2.826.0.1.3680043.8.498.56753469150559675099965653226638037060,28,4.0,1,True
1.2.826.0.1.3680043.8.498.96094001324999448553107805455529187871,lat_centre,-141.527,-40.131,-40.482,0.1035,0.657,1.2.826.0.1.3680043.8.498.39473936481046129375289259739842510764,30,3.3,1,True
1.2.826.0.1.3680043.8.498.96117880374445894729658092255088269716,lat_centre,128.704,-19.957,-21.525,0.1361,0.657,1.2.826.0.1.3680043.8.498.33604439583801851533129833115328570650,20,4.5,1,True
1.2.826.0.1.3680043.8.498.96146854841734718524530740965296119916,lat_centre,-132.481,-45.347,-13.692,0.1063,0.43,1.2.826.0.1.3680043.8.498.11723643942399433530065452503853679042,29,3.3,1,True
1.2.826.0.1.3680043.8.498.96152894373838410779390571000523933753,lat_centre,102.395,-40.544,-38.625,0.0928,1.343,1.2.826.0.1.3680043.8.498.12524046139486476803740432065693520062,22,3.85,1,True
1.2.826.0.1.3680043.8.498.96158169859491339496094295508194547199,lat_centre,121.27,-52.45,-20.641,0.1101,1.187,1.2.826.0.1.3680043.8.498.99765592856949801390793066633934100749,30,3.5,1,True
1.2.826.0.1.3680043.8.498.96174494699876332875347380499122120925,lat_centre,138.71,6.603,-41.803,0.1001,0.961,1.2.826.0.1.3680043.8.498.76034035130281311630958146975501007765,22,4.5,1,True
1.2.826.0.1.3680043.8.498.96293531288862652713666056362328893428,lat_centre,-87.268,-66.003,-41.029,0.0811,1.013,1.2.826.0.1.3680043.8.498.12089436998657865214662796518812392299,19,4.4,1,True
1.2.826.0.1.3680043.8.498.96316229168827165128604998083731481211,lat_centre,104.791,-9.483,-44.191,0.1017,0.791,1.2.826.0.1.3680043.8.498.63382714178109685087485888957044651466,33,3.3,1,True
1.2.826.0.1.3680043.8.498.96323485839061204012967074568679195142,lat_centre,144.788,72.547,-68.277,0.0754,0.521,1.2.826.0.1.3680043.8.498.47632636948280424897305663813782501662,35,3.3,1,True
1.2.826.0.1.3680043.8.498.96425049974772570897047688166336162674,lat_centre,121.806,-44.482,-16.077,0.0794,2.029,1.2.826.0.1.3680043.8.498.11598672696827829517752117691491604543,40,0.4,8,True
1.2.826.0.1.3680043.8.498.96448229695053562621553132798380456420,lat_centre,111.151,5.104,19.53,0.1123,0.798,1.2.826.0.1.3680043.8.498.11899829239919162077380502856443304875,30,3.3,1,True
1.2.826.0.1.3680043.8.498.96483513352751590579274577125356217169,lat_centre,118.519,-2.538,-32.41,0.1053,1.024,1.2.826.0.1.3680043.8.498.23704487503074026760356291542562750203,34,3.0,1,True
1.2.826.0.1.3680043.8.498.96510621665552630060821422211995212854,lat_centre,99.203,-4.158,29.044,0.0786,0.462,1.2.826.0.1.3680043.8.498.20146609910587671256656776328801427826,32,3.3,1,True
1.2.826.0.1.3680043.8.498.96559819562317669526803257835398470484,lat_centre,103.033,-26.683,-23.155,0.1056,0.783,1.2.826.0.1.3680043.8.498.87074378250755913984616317844865860663,19,4.4,1,True
1.2.826.0.1.3680043.8.498.96561978771090020509310535265236331946,lat_centre,-121.46,-43.558,-44.385,0.1039,0.632,1.2.826.0.1.3680043.8.498.98729912204648617433792469292593860506,24,4.0,1,True
1.2.826.0.1.3680043.8.498.96562865861483086790615358719391771217,lat_centre,-126.495,-27.923,-23.416,0.0703,0.873,1.2.826.0.1.3680043.8.498.23073787898464876589751244295034841781,33,3.9,1,True
1.2.826.0.1.3680043.8.498.96564709711765982786409987515735443801,lat_centre,-96.242,-7.894,-25.277,0.0859,0.48,1.2.826.0.1.3680043.8.498.10809732956225758251379394970320187904,30,3.0,1,True
1.2.826.0.1.3680043.8.498.96587029379314618196381307882235433083,lat_centre,-89.161,8.635,-58.207,0.113,0.804,1.2.826.0.1.3680043.8.498.79818117085214291402480442516493655093,30,3.3,1,True
1.2.826.0.1.3680043.8.498.96614828054790815108190478795539254570,lat_centre,121.018,-22.269,-27.177,0.1048,0.701,1.2.826.0.1.3680043.8.498.13167306090169024759009039147449385106,25,4.5,1,True
1.2.826.0.1.3680043.8.498.96621557839848412555023112236627663339,lat_centre,67.619,-38.89,26.952,0.0576,2.524,1.2.826.0.1.3680043.8.498.12237747273148367452322201436765693941,36,3.3,1,True
1.2.826.0.1.3680043.8.498.96657465815875587552665111166265086308,lat_centre,-108.58,-46.324,-16.235,0.1078,0.638,1.2.826.0.1.3680043.8.498.52819770215626676291290353344702176711,28,3.3,1,True
1.2.826.0.1.3680043.8.498.96791010280967772394523567484937888186,lat_centre,-137.059,-56.055,-53.501,0.1054,1.607,1.2.826.0.1.3680043.8.498.12323183025850610308221798768964711661,23,4.5,1,True
1.2.826.0.1.3680043.8.498.96818533353374094273022322108861564926,lat_centre,-100.797,-13.953,19.467,0.0581,2.546,1.2.826.0.1.3680043.8.498.97590433610951159961402104386437871172,33,3.3,1,True
1.2.826.0.1.3680043.8.498.96846796615932368166905347054245013501,lat_centre,-109.616,-10.292,-40.281,0.086,1.64,1.2.826.0.1.3680043.8.498.42119828585289179040223023339804496479,36,0.89,4,True
1.2.826.0.1.3680043.8.498.96859317329616917022799512740280754327,lat_centre,129.217,-46.608,-36.748,0.0632,0.555,1.2.826.0.1.3680043.8.498.65542083359051612941576915063510097467,40,0.4,8,True
1.2.826.0.1.3680043.8.498.96943946564115188893954628924857155670,lat_centre,-86.316,-7.029,-12.263,0.0938,0.633,1.2.826.0.1.3680043.8.498.76439588221302155540685234775054864018,25,3.3,1,True
1.2.826.0.1.3680043.8.498.96944926470854551064948200936284887742,lat_centre,-111.92,-16.008,-16.015,0.0975,0.567,1.2.826.0.1.3680043.8.498.17089031015917282788228356171917995134,48,2.2,1,True
1.2.826.0.1.3680043.8.498.96947237995559790704304892745226362883,lat_centre,142.122,-28.171,-14.2,0.0802,0.64,1.2.826.0.1.3680043.8.498.13352092153956078212856706000855781398,30,3.5,1,True
1.2.826.0.1.3680043.8.498.96950011369238410949579095568317214261,lat_centre,35.549,13.974,-17.631,0.0713,1.076,1.2.826.0.1.3680043.8.498.12025446437137983545196258943902642476,26,4.0,1,True
1.2.826.0.1.3680043.8.498.97003157807630958179276831877591411623,lat_centre,65.005,4.624,-29.709,0.1037,1.421,1.2.826.0.1.3680043.8.498.11584511005857254882257309630898733616,33,3.3,1,True
1.2.826.0.1.3680043.8.498.97004483591331502283638578516018997228,lat_centre,131.316,-15.187,10.689,0.0891,0.867,1.2.826.0.1.3680043.8.498.59307871097483262911141691331276575852,19,4.4,1,True
1.2.826.0.1.3680043.8.498.97020520267554584684160936968569132254,lat_centre,114.901,-41.325,-36.284,0.0999,1.407,1.2.826.0.1.3680043.8.498.55257447526692761559371316787077701273,32,3.3,1,True
1.2.826.0.1.3680043.8.498.97042446513400958172996637321308032556,lat_centre,-129.9,-24.302,-18.216,0.0681,0.639,1.2.826.0.1.3680043.8.498.27475632477218177901184338471312925795,20,4.5,1,True
1.2.826.0.1.3680043.8.498.97055845147740306780908051236353219644,lat_centre,92.238,-56.608,-37.442,0.0736,1.966,1.2.826.0.1.3680043.8.498.12361209371067847850690323582671426428,19,4.8,1,True
1.2.826.0.1.3680043.8.498.97087958215554026148585108910609248523,lat_centre,135.547,24.072,65.843,0.0645,0.675,1.2.826.0.1.3680043.8.498.16788010914842515729536979717185551987,26,4.5,1,True
1.2.826.0.1.3680043.8.498.97107472223824971578324157203273471706,lat_centre,103.486,-8.774,-43.283,0.0867,1.042,1.2.826.0.1.3680043.8.498.12315475229150265212576423408888578018,34,3.0,1,True
1.2.826.0.1.3680043.8.498.97135552871905937467775630206570358085,lat_centre,106.579,-46.767,-52.178,0.0976,1.624,1.2.826.0.1.3680043.8.498.42370360164489905470833956383477117178,32,3.3,1,True
1.2.826.0.1.3680043.8.498.97156518925820521351080132062400795929,lat_centre,114.649,-55.518,0.643,0.1052,0.692,1.2.826.0.1.3680043.8.498.51041715661091745986913288320057074294,34,3.3,1,True
1.2.826.0.1.3680043.8.498.97220604868276521004168045790587997687,lat_centre,-138.747,-52.326,-12.503,0.1048,0.931,1.2.826.0.1.3680043.8.498.91179171332580278983735432117575961814,29,3.3,1,True
1.2.826.0.1.3680043.8.498.97234348688223610934999923021953923903,lat_centre,-102.409,20.862,-56.783,0.0912,0.786,1.2.826.0.1.3680043.8.498.43214986040350746563689131302991398555,30,3.3,1,True
1.2.826.0.1.3680043.8.498.97248397528214121944398119979516268902,lat_centre,-104.062,-48.074,-24.688,0.0717,0.74,1.2.826.0.1.3680043.8.498.59267093191174207879034244788553385376,30,3.5,1,True
1.2.826.0.1.3680043.8.498.97259766233250760343109933426776941754,lat_centre,106.906,-2.258,-25.906,0.0993,0.797,1.2.826.0.1.3680043.8.498.56706745060936296635447230672669540356,35,3.0,1,True
1.2.826.0.1.3680043.8.498.97259977321685658337087695233264517545,lat_centre,-112.14,-18.476,9.449,0.1049,1.429,1.2.826.0.1.3680043.8.498.66303995092659101989705513894652915374,35,3.3,1,True
1.2.826.0.1.3680043.8.498.97269744864161337523188705262974234442,lat_centre,-88.584,-21.21,-35.656,0.0878,1.2,1.2.826.0.1.3680043.8.498.10761918739479390353575232782957613119,31,3.3,1,True
1.2.826.0.1.3680043.8.498.97274720257634584071500649275217521662,lat_centre,-104.577,-44.38,5.931,0.0681,1.988,1.2.826.0.1.3680043.8.498.26303375425736222633996027764568407709,36,3.3,1,True
1.2.826.0.1.3680043.8.498.97274847570547462056218828853253311223,lat_centre,-125.253,-38.747,-19.809,0.0841,0.848,1.2.826.0.1.3680043.8.498.93148878122977282525884038282615509621,30,3.3,1,True
1.2.826.0.1.3680043.8.498.97296323335289879687414244774227160450,lat_centre,94.165,67.62,-20.38,0.0777,0.907,1.2.826.0.1.3680043.8.498.59488190402380900416396458909803499500,30,3.3,1,True
1.2.826.0.1.3680043.8.498.97303893645051596044169857585815133097,lat_centre,-137.306,-50.585,-8.796,0.1175,0.485,1.2.826.0.1.3680043.8.498.46110754392252165049326817387997687394,30,3.3,1,True
1.2.826.0.1.3680043.8.498.97348112008590316355392924312704081684,lat_centre,-124.661,-78.8,-38.374,0.0941,1.686,1.2.826.0.1.3680043.8.498.13230031280046555570733783115418187459,19,4.8,1,True
1.2.826.0.1.3680043.8.498.97353980946516912216109392482235435606,lat_centre,121.565,22.333,-54.21,0.0672,1.776,1.2.826.0.1.3680043.8.498.28558413399290447454378870118165835912,25,5.0,1,True
1.2.826.0.1.3680043.8.498.97400307568415006244714024769069514497,lat_centre,-113.045,2.315,22.83,0.1027,1.918,1.2.826.0.1.3680043.8.498.35905827546052100318954983290957675626,22,4.0,1,True
1.2.826.0.1.3680043.8.498.97464332941382646555656038793589898504,lat_centre,109.15,-49.65,-9.131,0.1113,0.544,1.2.826.0.1.3680043.8.498.13103281675074064345789464104609320178,19,5.0,1,True
1.2.826.0.1.3680043.8.498.97485476951995325021464683747847126869,lat_centre,-140.326,-3.488,-29.707,0.1068,1.095,1.2.826.0.1.3680043.8.498.77602249307980609671518391501178702118,30,3.3,1,True
1.2.826.0.1.3680043.8.498.97488501634729541923597957717971376373,lat_centre,97.09,-15.7,-3.726,0.1039,0.657,1.2.826.0.1.3680043.8.498.12765928118329448134601845051031663298,28,3.5,1,True
1.2.826.0.1.3680043.8.498.97496319463700021339637597270948309369,lat_centre,126.917,-59.387,23.513,0.1209,1.74,1.2.826.0.1.3680043.8.498.10213293600123722037956129949380958194,31,3.3,1,True
1.2.826.0.1.3680043.8.498.97500632594529766269369977508352975364,lat_centre,147.285,-41.686,-33.157,0.1078,0.854,1.2.826.0.1.3680043.8.498.53619594992091125169855932861198577223,29,3.3,1,True
1.2.826.0.1.3680043.8.498.97520184067825971918316082134210579391,lat_centre,-138.942,-51.706,-30.984,0.1054,1.025,1.2.826.0.1.3680043.8.498.10016548406124462214411986773755008009,29,3.3,1,True
1.2.826.0.1.3680043.8.498.97536230315600409983600607358927775480,lat_centre,141.91,-40.905,-25.912,0.0762,0.861,1.2.826.0.1.3680043.8.498.24848051499273874677843037512413445902,29,3.3,1,True
1.2.826.0.1.3680043.8.498.97564564380731258764291146761742841527,lat_centre,-138.702,-41.259,-30.539,0.1172,1.723,1.2.826.0.1.3680043.8.498.12779735820241684524084980174035673960,29,3.3,1,True
1.2.826.0.1.3680043.8.498.97579738268290461886850261405719501384,lat_centre,68.358,55.604,-39.142,0.077,0.868,1.2.826.0.1.3680043.8.498.86612978937797429850646575476186348723,28,4.5,1,True
1.2.826.0.1.3680043.8.498.97600121574703193898619052529830275028,lat_centre,-141.655,-48.254,-38.613,0.0868,1.286,1.2.826.0.1.3680043.8.498.38570888350478346700798869655183235809,40,0.4,8,True
1.2.826.0.1.3680043.8.498.97658595748192892503053963872409769829,lat_centre,-110.364,-39.834,-26.063,0.1047,1.151,1.2.826.0.1.3680043.8.498.46376039048482306312882374427669185509,20,4.563,1,True
1.2.826.0.1.3680043.8.498.97689748704772735695349883980413529091,lat_centre,108.53,-76.458,-41.949,0.1062,1.635,1.2.826.0.1.3680043.8.498.35387644207431109053936085316112446182,19,4.8,1,True
1.2.826.0.1.3680043.8.498.97694479664965569386338738579573728752,lat_centre,-111.727,67.005,6.24,0.0804,0.468,1.2.826.0.1.3680043.8.498.69428965420285281156788337232538334783,32,3.3,1,True
1.2.826.0.1.3680043.8.498.97696436660690920809826140686268769509,lat_centre,-95.739,-19.604,7.769,0.0756,1.375,1.2.826.0.1.3680043.8.498.11128433477299371553120073051575709292,34,3.0,1,True
1.2.826.0.1.3680043.8.498.97705920250069816684861966612302390614,lat_centre,-100.251,-10.252,-2.993,0.1294,0.951,1.2.826.0.1.3680043.8.498.88505980881210103366418806867355845861,30,3.3,1,True
1.2.826.0.1.3680043.8.498.97731968872354496470096174559789586056,lat_centre,-131.856,-46.373,2.14,0.1144,1.832,1.2.826.0.1.3680043.8.498.86503283580686559278139784635286543920,29,3.3,1,True
1.2.826.0.1.3680043.8.498.97759980486481979519068526243106370997,lat_centre,-89.852,0.724,-25.998,0.1162,0.63,1.2.826.0.1.3680043.8.498.47730761152818617620764059613661340802,27,3.6,1,True
1.2.826.0.1.3680043.8.498.97797693721516872008302328638374252668,lat_centre,-101.111,-51.182,-44.441,0.0989,0.951,1.2.826.0.1.3680043.8.498.71892990458821437644329480799108587871,30,3.3,1,True
1.2.826.0.1.3680043.8.498.97830923192341890652952842494018952920,lat_centre,117.666,-42.029,4.051,0.0867,1.025,1.2.826.0.1.3680043.8.498.36137185687973311062797739208571942333,28,3.602,1,True
1.2.826.0.1.3680043.8.498.97849030682292314880463675622456900933,lat_centre,106.362,-7.835,-15.353,0.0956,0.713,1.2.826.0.1.3680043.8.498.64905692565828457961323398047920752165,33,3.0,1,True
1.2.826.0.1.3680043.8.498.97909881548577311929907613359449243075,lat_centre,-110.823,-47.425,-24.81,0.0921,2.117,1.2.826.0.1.3680043.8.498.12065664986603104687920709985066923230,32,3.3,1,True
1.2.826.0.1.3680043.8.498.97944261713902372188894456162512065499,lat_centre,-150.303,-7.847,-16.289,0.0862,0.66,1.2.826.0.1.3680043.8.498.81609906023834118013609796699208856249,30,3.5,1,True
1.2.826.0.1.3680043.8.498.97964867333695657200856428936254426086,lat_centre,-134.562,-50.378,5.422,0.0962,1.31,1.2.826.0.1.3680043.8.498.26615630349827384167064411047173410153,25,4.156,1,True
1.2.826.0.1.3680043.8.498.98022738778461179495257509215244053198,lat_centre,-153.063,38.986,13.499,0.0894,2.18,1.2.826.0.1.3680043.8.498.47816739452823263381740586158393843099,30,3.3,1,True
1.2.826.0.1.3680043.8.498.98027050915885651900992366068887550187,lat_centre,102.294,14.382,8.78,0.0945,1.178,1.2.826.0.1.3680043.8.498.86499926227811126625192509769643998184,33,3.3,1,True
1.2.826.0.1.3680043.8.498.98028018520101798863795620289151810642,lat_centre,94.909,1.532,3.894,0.0956,0.717,1.2.826.0.1.3680043.8.498.10204616566061193502766688519962652177,32,3.0,1,True
1.2.826.0.1.3680043.8.498.98039072306618106705944452906395982381,lat_centre,91.245,-26.469,-3.721,0.0912,0.917,1.2.826.0.1.3680043.8.498.48433716860160536152933522698415135238,29,3.6,1,True
1.2.826.0.1.3680043.8.498.98064941971367073978404461105852658265,lat_centre,-174.952,-33.908,-20.366,0.1116,2.043,1.2.826.0.1.3680043.8.498.82563680182842672804030495784014077921,24,4.4,1,True
1.2.826.0.1.3680043.8.498.98081486779628580946589119341754353354,lat_centre,-121.818,-47.406,-4.296,0.0946,0.62,1.2.826.0.1.3680043.8.498.11709982339742116481737894108414837047,29,3.3,1,True
1.2.826.0.1.3680043.8.498.98102475310924339032647376491442498974,lat_centre,-133.567,-22.79,-57.529,0.0907,1.787,1.2.826.0.1.3680043.8.498.12011334525084157133095244936715573506,33,3.9,1,True
1.2.826.0.1.3680043.8.498.98107112397588450345153336193341117589,lat_centre,106.23,-14.131,-42.973,0.0802,1.224,1.2.826.0.1.3680043.8.498.12059819020529186254768447906836458060,33,3.3,1,True
1.2.826.0.1.3680043.8.498.98112373403331748422888362310572528002,lat_centre,140.105,-49.002,-38.645,0.0849,0.899,1.2.826.0.1.3680043.8.498.10869852919842692576102074148319508715,40,0.4,8,True
1.2.826.0.1.3680043.8.498.98143909986671737130865120569673002676,lat_centre,-149.115,-57.934,-47.995,0.0695,0.478,1.2.826.0.1.3680043.8.498.99043412277405562276525207561860054531,40,0.4,8,True
1.2.826.0.1.3680043.8.498.98146155044178593810385943365143374814,lat_centre,-124.889,-44.086,10.818,0.0799,0.688,1.2.826.0.1.3680043.8.498.32811399939595489548550698443205961760,27,4.0,1,True
1.2.826.0.1.3680043.8.498.98151095279541278201351784048265686573,lat_centre,-93.609,18.07,-10.313,0.128,0.92,1.2.826.0.1.3680043.8.498.16766651870143895830562493512646279680,30,3.3,1,True
1.2.826.0.1.3680043.8.498.98181040478767526925214101502401448074,lat_centre,105.915,35.871,-12.443,0.0873,0.826,1.2.826.0.1.3680043.8.498.64457114652703681523333998753910966868,20,5.0,1,True
1.2.826.0.1.3680043.8.498.98239758242192048511912905088391835938,lat_centre,-107.263,7.17,2.639,0.0918,0.86,1.2.826.0.1.3680043.8.498.12102751262102259677660554997061105824,29,3.6,1,True
1.2.826.0.1.3680043.8.498.98255454187594895604610283922744869720,lat_centre,-127.264,-18.373,-9.475,0.0847,0.671,1.2.826.0.1.3680043.8.498.26274478529928590950856115479174725836,30,3.3,1,True
1.2.826.0.1.3680043.8.498.98315778542448798493600485116505234132,lat_centre,71.466,-6.634,-30.935,0.1361,1.32,1.2.826.0.1.3680043.8.498.19036925019599855767946820948664672173,21,4.4,1,True
1.2.826.0.1.3680043.8.498.98333658788330318335997032513277632526,lat_centre,-126.78,-43.854,-18.681,0.1041,0.542,1.2.826.0.1.3680043.8.498.96662542884460241687380374571516918826,29,3.3,1,True
1.2.826.0.1.3680043.8.498.98343185597651455245996667389303915779,lat_centre,-137.339,-23.378,14.745,0.0969,1.026,1.2.826.0.1.3680043.8.498.10649946530349420302652320954747006492,32,3.51,1,True
1.2.826.0.1.3680043.8.498.98351891935507349137982199658103205287,lat_centre,-139.98,-42.386,-11.651,0.1171,0.474,1.2.826.0.1.3680043.8.498.82309568062395610787034771319388540225,29,3.3,1,True
1.2.826.0.1.3680043.8.498.98400072082366198211931728015692551635,lat_centre,-119.647,-3.187,-8.624,0.1065,0.736,1.2.826.0.1.3680043.8.498.10211064535249799311312481891082682039,45,2.2,1,True
1.2.826.0.1.3680043.8.498.98454206323401382140655387224146512225,lat_centre,96.968,30.549,-20.069,0.0766,1.299,1.2.826.0.1.3680043.8.498.87445804948007638518167922235063213155,20,5.0,1,True
1.2.826.0.1.3680043.8.498.98541661035340329000785741171799559104,lat_centre,101.448,-17.622,-15.441,0.097,2.069,1.2.826.0.1.3680043.8.498.73797141009521769231437354878512574685,29,3.6,1,True
1.2.826.0.1.3680043.8.498.98581537941208552065033680853629122764,lat_centre,122.834,-17.406,-35.087,0.0869,1.24,1.2.826.0.1.3680043.8.498.72964068698875321388975822271740051234,40,3.3,1,True
1.2.826.0.1.3680043.8.498.98599322992880180540967962062521615070,lat_centre,-116.498,-39.691,-4.424,0.0926,0.735,1.2.826.0.1.3680043.8.498.22105365422429735919285731188087132336,29,3.3,1,True
1.2.826.0.1.3680043.8.498.98676079331571304021387833410440136393,lat_centre,97.874,-47.904,-32.766,0.087,0.738,1.2.826.0.1.3680043.8.498.87027964012526866599209251864339753869,28,3.3,1,True
1.2.826.0.1.3680043.8.498.98752901295449528283322564256444025625,lat_centre,-121.332,-38.648,62.48,0.0624,1.187,1.2.826.0.1.3680043.8.498.97470135045231699348168165829089782328,29,3.3,1,True
1.2.826.0.1.3680043.8.498.98781117432577714521231232440503778261,lat_centre,133.776,-65.081,-14.339,0.0969,1.124,1.2.826.0.1.3680043.8.498.66084023290770478738058604331630822144,30,3.3,1,True
1.2.826.0.1.3680043.8.498.98795677271204502833293873138219040186,lat_centre,-99.644,12.528,-12.76,0.1242,1.286,1.2.826.0.1.3680043.8.498.12339833428853913860023612130205096424,26,4.0,1,True
1.2.826.0.1.3680043.8.498.98824066826946884510314135448574304233,lat_centre,116.099,-48.736,-12.415,0.0799,1.152,1.2.826.0.1.3680043.8.498.11064239783877942433784484527483674874,40,0.4,8,True
1.2.826.0.1.3680043.8.498.98828753472895685940998888332947119084,lat_centre,101.246,-3.444,-16.091,0.09,0.478,1.2.826.0.1.3680043.8.498.49215352028913324029897382774574696895,36,0.89,4,True
1.2.826.0.1.3680043.8.498.98871650330162988912501872031191530068,lat_centre,-126.787,-9.512,-25.112,0.0948,0.557,1.2.826.0.1.3680043.8.498.11299326677544333888730908551924094968,45,2.2,1,True
1.2.826.0.1.3680043.8.498.98883718766501717651651876978607853803,lat_centre,137.184,6.455,-35.858,0.0891,1.05,1.2.826.0.1.3680043.8.498.60484523065487917573691609919646339606,48,2.2,1,True
1.2.826.0.1.3680043.8.498.98890851347757949328159691828768030366,lat_centre,-106.027,-12.154,-5.338,0.1054,0.639,1.2.826.0.1.3680043.8.498.12299171993946928726459356548382901095,34,3.0,1,True
1.2.826.0.1.3680043.8.498.98914528123216365374152816424181510781,lat_centre,133.955,-33.817,-25.375,0.0918,1.138,1.2.826.0.1.3680043.8.498.11635002551691881354524444251146559471,29,3.3,1,True
1.2.826.0.1.3680043.8.498.98958651320983196982606333548522846934,lat_centre,-145.306,-49.651,-4.931,0.0963,1.136,1.2.826.0.1.3680043.8.498.23701403134050340053520057612299581333,22,4.716,1,True
1.2.826.0.1.3680043.8.498.99052905406751383674032587504235261874,lat_centre,-129.669,-55.676,-21.473,0.116,1.412,1.2.826.0.1.3680043.8.498.88885378327392424537627274974646887651,25,3.5,1,True
1.2.826.0.1.3680043.8.498.99077241529686301278201179461896593659,lat_centre,112.394,-41.633,-37.235,0.1006,1.076,1.2.826.0.1.3680043.8.498.14699563163949700199301059347317782523,24,4.0,1,True
1.2.826.0.1.3680043.8.498.99088247184917460283293617180083591028,lat_centre,112.759,-40.102,-16.57,0.1027,0.48,1.2.826.0.1.3680043.8.498.11255625476747910331487715520454187381,32,3.3,1,True
1.2.826.0.1.3680043.8.498.99108147913292332418681050058312852494,lat_centre,-101.611,-2.927,-5.209,0.1057,0.752,1.2.826.0.1.3680043.8.498.73471697634001716106178426613812784656,30,3.0,1,True
1.2.826.0.1.3680043.8.498.99155175553749543768821558247962844052,lat_centre,106.036,-47.895,-43.221,0.0876,1.395,1.2.826.0.1.3680043.8.498.76935021942064442947235829291758509169,38,3.3,1,True
1.2.826.0.1.3680043.8.498.99178010550062268668346041362629896201,lat_centre,-135.719,-44.864,-24.331,0.0762,0.965,1.2.826.0.1.3680043.8.498.83149428097255426179313290938644812070,40,0.4,8,True
1.2.826.0.1.3680043.8.498.99237666579371266866432031468578336182,lat_centre,119.855,-53.619,-19.202,0.0939,0.865,1.2.826.0.1.3680043.8.498.12824750952859106471476501092408411837,34,3.6,1,True
1.2.826.0.1.3680043.8.498.99243902497374852166139435719549686908,lat_centre,-137.654,-28.14,-5.565,0.0976,0.787,1.2.826.0.1.3680043.8.498.24297466937188030770025456540752395309,26,4.156,1,True
1.2.826.0.1.3680043.8.498.99257151613846084492342083136797222759,lat_centre,-99.91,-41.398,-33.382,0.1007,1.197,1.2.826.0.1.3680043.8.498.87944290939232050335327668649818301780,27,3.85,1,True
1.2.826.0.1.3680043.8.498.99303079292320085374389086609761974820,lat_centre,-77.075,-65.985,6.009,0.1172,2.012,1.2.826.0.1.3680043.8.498.34579698644644707733751955518347684439,19,4.8,1,True
1.2.826.0.1.3680043.8.498.99309981642816644502709148844743995902,lat_centre,-84.793,-18.286,10.128,0.0991,0.667,1.2.826.0.1.3680043.8.498.28386404633546706787232492629680540451,25,3.3,1,True
1.2.826.0.1.3680043.8.498.99413398303724030328059886749330413303,lat_centre,-122.591,5.08,-39.664,0.0962,0.989,1.2.826.0.1.3680043.8.498.34772992095182046715044153669988558859,24,3.9,1,True
1.2.826.0.1.3680043.8.498.99414163787650487720542840540379270468,lat_centre,116.438,-35.82,28.082,0.0988,0.892,1.2.826.0.1.3680043.8.498.11279388378589115855914406391620036839,30,3.6,1,True
1.2.826.0.1.3680043.8.498.99438805806853675793560604625783460513,lat_centre,129.96,-47.593,-32.123,0.0836,1.156,1.2.826.0.1.3680043.8.498.78812016946704454549478538673873554728,29,3.3,1,True
1.2.826.0.1.3680043.8.498.99441773159476751698123795913150660766,lat_centre,-118.201,5.85,-58.935,0.1012,0.509,1.2.826.0.1.3680043.8.498.12416352477144175733916009485252637740,24,3.9,1,True
1.2.826.0.1.3680043.8.498.99444110025206148999881196086066868280,lat_centre,-70.507,13.817,-11.583,0.0803,0.583,1.2.826.0.1.3680043.8.498.97300389935594808442293475219626385693,30,3.3,1,True
1.2.826.0.1.3680043.8.498.99448612525108835020450967944392129536,lat_centre,117.494,-17.487,-36.111,0.0939,1.553,1.2.826.0.1.3680043.8.498.63045660500409978193936897248497748366,45,3.3,1,True
1.2.826.0.1.3680043.8.498.99454657594216441037514296544803013407,lat_centre,100.693,-15.518,11.911,0.1034,0.84,1.2.826.0.1.3680043.8.498.82914395939851657368993919945583251102,30,3.0,1,True
1.2.826.0.1.3680043.8.498.99458163491875066451936719024359566928,lat_centre,-119.445,-16.039,-15.559,0.1102,2.849,1.2.826.0.1.3680043.8.498.11820254473623635640942895920851010315,20,5.092,1,True
1.2.826.0.1.3680043.8.498.99493257395588095270208592176887619190,lat_centre,-136.081,-52.659,-27.251,0.0946,0.652,1.2.826.0.1.3680043.8.498.30586916288184089949364224280112178476,31,3.3,1,True
1.2.826.0.1.3680043.8.498.99526998617163591447503530185291775961,lat_centre,-109.534,-14.511,37.277,0.0947,0.786,1.2.826.0.1.3680043.8.498.11794103524878338458957836242404585577,32,3.3,1,True
1.2.826.0.1.3680043.8.498.99577045720075471058329330051900767206,lat_centre,-89.913,28.872,-70.288,0.1145,1.196,1.2.826.0.1.3680043.8.498.38662302965772935816508932844745198212,24,4.0,1,True
1.2.826.0.1.3680043.8.498.99578894341571394220300473118855007095,lat_centre,-96.094,-14.281,-5.04,0.099,1.354,1.2.826.0.1.3680043.8.498.37923702957884362423359242882474114475,24,4.0,1,True
1.2.826.0.1.3680043.8.498.99635784824711754116112241806442235135,lat_centre,-107.635,-51.346,-43.277,0.1035,0.459,1.2.826.0.1.3680043.8.498.94086954753345948841387412499146658803,33,3.3,1,True
1.2.826.0.1.3680043.8.498.99651725851820083142440965238449655973,lat_centre,95.864,8.886,-62.368,0.0767,1.27,1.2.826.0.1.3680043.8.498.38135480996575725720494083119227716539,34,3.0,1,True
1.2.826.0.1.3680043.8.498.99708702196778120583644711299950439036,lat_centre,-113.382,-45.013,-7.537,0.1022,0.974,1.2.826.0.1.3680043.8.498.96578625824454484723823066955976307859,34,3.3,1,True
1.2.826.0.1.3680043.8.498.99710592666731203419714499168506345263,lat_centre,-144.056,-20.916,-48.367,0.0682,0.718,1.2.826.0.1.3680043.8.498.13335220307995571884694301831854539909,36,3.3,1,True
1.2.826.0.1.3680043.8.498.99725523560254732094432244556623376711,lat_centre,-111.492,-1.716,-9.92,0.1415,1.006,1.2.826.0.1.3680043.8.498.10218870855492400399063837700559036137,30,3.3,1,True
1.2.826.0.1.3680043.8.498.99726731706411379395165830480890405115,lat_centre,110.998,-16.399,9.026,0.0944,1.4,1.2.826.0.1.3680043.8.498.10731060894454049508761911820195549305,21,5.0,1,True
1.2.826.0.1.3680043.8.498.99768154649604643975127490783989114506,lat_centre,142.898,-32.356,-29.646,0.0982,0.812,1.2.826.0.1.3680043.8.498.81800282941562614453497560008259321921,33,3.3,1,True
1.2.826.0.1.3680043.8.498.99813269006669714758887909212386431934,lat_centre,147.245,-36.474,-31.736,0.1119,1.658,1.2.826.0.1.3680043.8.498.55075381196663522697202704870355310884,29,3.3,1,True
1.2.826.0.1.3680043.8.498.99826037216341310731701527407057049820,lat_centre,-115.635,-23.406,-44.092,0.1003,0.819,1.2.826.0.1.3680043.8.498.11921238913487093827347049836930662205,30,3.3,1,True
1.2.826.0.1.3680043.8.498.99827460918477409069820779642161448917,lat_centre,127.236,0.754,-14.778,0.0822,0.757,1.2.826.0.1.3680043.8.498.84111703816917031730631015620429748318,30,4.5,1,True
1.2.826.0.1.3680043.8.498.99864345386635409953374818045984558970,lat_centre,-115.696,-46.225,-17.505,0.0979,1.332,1.2.826.0.1.3680043.8.498.43363579967112312556839899968806909718,31,3.6,1,True
1.2.826.0.1.3680043.8.498.99864558747514747686151806909794288262,lat_centre,59.758,-6.495,1.189,0.0902,1.515,1.2.826.0.1.3680043.8.498.51298636925191348309051704222020365453,36,0.89,4,True
1.2.826.0.1.3680043.8.498.99880021280666757817587834481314366555,lat_centre,-100.376,17.05,13.363,0.0708,1.157,1.2.826.0.1.3680043.8.498.64324647689002382904014367598143788918,26,4.5,1,True
1.2.826.0.1.3680043.8.498.99881620336512626242732899010111041290,lat_centre,-95.184,-21.352,-26.907,0.0814,0.852,1.2.826.0.1.3680043.8.498.99238949500125352248111605622199971709,34,3.0,1,True
1.2.826.0.1.3680043.8.498.99926624968240681772735102303531613209,lat_centre,-111.492,-1.716,-9.92,0.1415,1.006,1.2.826.0.1.3680043.8.498.17200236650969779012824845263770515396,30,3.3,1,True
1.2.826.0.1.3680043.8.498.99939100657291954890286900729983287973,lat_centre,-10.905,13.348,-52.205,0.0767,1.246,1.2.826.0.1.3680043.8.498.77934560470535918882795591137715882820,24,3.9,1,True
1.2.826.0.1.3680043.8.498.99957611207313098696146908027229590966,lat_centre,107.147,-31.933,-17.086,0.1008,0.688,1.2.826.0.1.3680043.8.498.32916764040885408297619051929589831373,24,4.5,1,True
